0.01,1.79874e-05.
0.0100344,4.81549e-05.
0.010069,3.37388e-05.
0.0101036,5.71407e-05.
0.0101384,5.44509e-05.
0.0101733,5.57163e-05.
0.0102083,5.38834e-05.
0.0102435,7.46537e-05.
0.0102787,5.52324e-05.
0.0103141,4.55753e-05.
0.0103496,0.000115453.
0.0103852,6.77169e-05.
0.010421,8.47406e-05.
0.0104568,0.00011157.
0.0104928,0.000172361.
0.010529,0.000200497.
0.0105652,0.000185896.
0.0106016,0.000201723.
0.0106381,0.000185893.
0.0106747,0.000199524.
0.0107114,0.00022445.
0.0107483,0.000217308.
0.0107853,0.00023981.
0.0108224,0.000220461.
0.0108597,0.0002261.
0.0108971,0.000233233.
0.0109346,0.000345963.
0.0109722,0.000666113.
0.01101,0.00071773.
0.0110479,0.00079172.
0.0110859,0.00292638.
0.0111241,0.00404702.
0.0111624,0.00425861.
0.0112008,0.00415211.
0.0112393,0.00392026.
0.011278,0.00411804.
0.0113168,0.00424312.
0.0113558,0.00398656.
0.0113949,0.00398426.
0.0114341,0.00413099.
0.0114735,0.00404932.
0.011513,0.00382869.
0.0115526,0.00406853.
0.0115924,0.00410834.
0.0116323,0.00380703.
0.0116723,0.00389118.
0.0117125,0.00403527.
0.0117528,0.00396978.
0.0117933,0.00403652.
0.0118339,0.00372896.
0.0118746,0.00388689.
0.0119155,0.0040299.
0.0119565,0.00373159.
0.0119976,0.00371846.
0.0120389,0.00372193.
0.0120804,0.00378609.
0.012122,0.00360073.
0.0121637,0.00350787.
0.0122056,0.00365844.
0.0122476,0.00365371.
0.0122897,0.00413156.
0.012332,0.0036823.
0.0123745,0.00351926.
0.0124171,0.00362394.
0.0124598,0.00371615.
0.0125027,0.0035131.
0.0125458,0.00349502.
0.0125889,0.00366711.
0.0126323,0.00356902.
0.0126758,0.003507.
0.0127194,0.003477.
0.0127632,0.00342978.
0.0128071,0.00346683.
0.0128512,0.00343104.
0.0128954,0.00336631.
0.0129398,0.00323542.
0.0129844,0.00323221.
0.0130291,0.00333077.
0.0130739,0.00311891.
0.0131189,0.00299802.
0.0131641,0.00337803.
0.0132094,0.00333609.
0.0132548,0.00327851.
0.0133005,0.00322849.
0.0133463,0.00289064.
0.0133922,0.00296409.
0.0134383,0.0030898.
0.0134846,0.00305887.
0.013531,0.00304874.
0.0135775,0.00306164.
0.0136243,0.00299355.
0.0136712,0.0027837.
0.0137182,0.0029475.
0.0137655,0.00301101.
0.0138128,0.00295287.
0.0138604,0.00305156.
0.0139081,0.00309833.
0.013956,0.00291022.
0.014004,0.00285659.
0.0140522,0.00279158.
0.0141006,0.00279651.
0.0141491,0.00278964.
0.0141978,0.00284012.
0.0142467,0.00269379.
0.0142957,0.00273412.
0.014345,0.0027445.
0.0143943,0.0026854.
0.0144439,0.00274265.
0.0144936,0.00274245.
0.0145435,0.00262017.
0.0145936,0.0025574.
0.0146438,0.00273875.
0.0146942,0.00255247.
0.0147448,0.00260629.
0.0147955,0.00265197.
0.0148465,0.00280348.
0.0148976,0.00248613.
0.0149488,0.00345419.
0.0150003,0.00263236.
0.0150519,0.00259405.
0.0151038,0.0025906.
0.0151557,0.0025555.
0.0152079,0.00254309.
0.0152603,0.00247874.
0.0153128,0.0025175.
0.0153655,0.00234371.
0.0154184,0.00245375.
0.0154715,0.00239684.
0.0155247,0.00238626.
0.0155782,0.00248708.
0.0156318,0.00227103.
0.0156856,0.0024186.
0.0157396,0.00247305.
0.0157938,0.00257211.
0.0158481,0.00257239.
0.0159027,0.00246379.
0.0159574,0.00231232.
0.0160124,0.00249033.
0.0160675,0.00231553.
0.0161228,0.00235807.
0.0161783,0.0104622.
0.016234,0.00287701.
0.0162898,0.00326345.
0.0163459,0.00259275.
0.0164022,0.00263506.
0.0164586,0.0027286.
0.0165153,0.00256887.
0.0165722,0.00252897.
0.0166292,0.00252926.
0.0166864,0.00239729.
0.0167439,0.002358.
0.0168015,0.00268737.
0.0168593,0.00302884.
0.0169174,0.00240942.
0.0169756,0.00253487.
0.0170341,0.00252991.
0.0170927,0.00235942.
0.0171515,0.0022293.
0.0172106,0.00227184.
0.0172698,0.00216381.
0.0173293,0.00218331.
0.0173889,0.00205678.
0.0174488,0.00208077.
0.0175088,0.0020876.
0.0175691,0.00211933.
0.0176296,0.00199571.
0.0176903,0.00201125.
0.0177511,0.00201489.
0.0178123,0.00188747.
0.0178736,0.00180706.
0.0179351,0.00192838.
0.0179968,0.0016948.
0.0180588,0.00175031.
0.0181209,0.00180341.
0.0181833,0.00184697.
0.0182459,0.00192941.
0.0183087,0.00160666.
0.0183717,0.00190459.
0.018435,0.00169347.
0.0184984,0.00176456.
0.0185621,0.00183643.
0.018626,0.00177009.
0.0186901,0.00176513.
0.0187545,0.00174397.
0.018819,0.00179102.
0.0188838,0.00190464.
0.0189488,0.00169174.
0.019014,0.00187973.
0.0190795,0.00154133.
0.0191451,0.00155569.
0.019211,0.00158755.
0.0192772,0.00157467.
0.0193435,0.00144972.
0.0194101,0.00155349.
0.0194769,0.00139165.
0.019544,0.00143362.
0.0196112,0.00137947.
0.0196788,0.00150228.
0.0197465,0.00153786.
0.0198145,0.00146058.
0.0198827,0.00146656.
0.0199511,0.00131633.
0.0200198,0.00743421.
0.0200887,0.00167396.
0.0201579,0.00208922.
0.0202272,0.00162415.
0.0202969,0.0017265.
0.0203667,0.00167426.
0.0204368,0.00152817.
0.0205072,0.00162893.
0.0205778,0.00127823.
0.0206486,0.00194533.
0.0207197,0.00145001.
0.020791,0.00157777.
0.0208626,0.00160869.
0.0209344,0.00137527.
0.0210065,0.00142012.
0.0210788,0.00147979.
0.0211513,0.00138229.
0.0212241,0.00122183.
0.0212972,0.00127386.
0.0213705,0.00132989.
0.0214441,0.00131614.
0.0215179,0.0013827.
0.0215919,0.00111936.
0.0216663,0.0013218.
0.0217408,0.00113704.
0.0218157,0.00138136.
0.0218908,0.00135523.
0.0219661,0.00133117.
0.0220417,0.00112853.
0.0221176,0.00117749.
0.0221938,0.00129809.
0.0222701,0.00127468.
0.0223468,0.00123243.
0.0224237,0.00121301.
0.0225009,0.00136621.
0.0225784,0.00143411.
0.0226561,0.0012288.
0.0227341,0.00136797.
0.0228123,0.00125842.
0.0228909,0.00142846.
0.0229697,0.00132013.
0.0230487,0.00140913.
0.0231281,0.00127665.
0.0232077,0.00142864.
0.0232876,0.00151991.
0.0233677,0.00143255.
0.0234482,0.00159448.
0.0235289,0.00143066.
0.0236099,0.00161066.
0.0236911,0.00156772.
0.0237727,0.00146532.
0.0238545,0.00154891.
0.0239366,0.00163621.
0.024019,0.00501106.
0.0241017,0.00196875.
0.0241847,0.00206174.
0.0242679,0.00176059.
0.0243514,0.00162903.
0.0244353,0.00179521.
0.0245194,0.0016619.
0.0246038,0.00163018.
0.0246885,0.00178628.
0.0247735,0.00185585.
0.0248587,0.00170633.
0.0249443,0.00169536.
0.0250302,0.00168469.
0.0251163,0.00165935.
0.0252028,0.00168301.
0.0252895,0.0016552.
0.0253766,0.00167386.
0.0254639,0.00175322.
0.0255516,0.00174324.
0.0256396,0.0017278.
0.0257278,0.00166821.
0.0258164,0.0017382.
0.0259052,0.00190535.
0.0259944,0.00172117.
0.0260839,0.0015778.
0.0261737,0.00176389.
0.0262638,0.00167511.
0.0263542,0.00175467.
0.0264449,0.00166161.
0.0265359,0.00163353.
0.0266273,0.0016621.
0.0267189,0.00180388.
0.0268109,0.00179956.
0.0269032,0.00160514.
0.0269958,0.00160639.
0.0270887,0.00171228.
0.027182,0.00172893.
0.0272755,0.00183886.
0.0273694,0.00181976.
0.0274636,0.00178459.
0.0275582,0.00194626.
0.027653,0.00183329.
0.0277482,0.0018905.
0.0278437,0.00183864.
0.0279396,0.00192011.
0.0280357,0.0018324.
0.0281323,0.0019145.
0.0282291,0.00186255.
0.0283263,0.00180987.
0.0284238,0.00182943.
0.0285216,0.00172613.
0.0286198,0.00193465.
0.0287183,0.00178809.
0.0288172,0.00177088.
0.0289164,0.00177059.
0.0290159,0.00189882.
0.0291158,0.00187479.
0.029216,0.00179439.
0.0293166,0.00187823.
0.0294175,0.00197595.
0.0295187,0.00184666.
0.0296203,0.00171978.
0.0297223,0.00180747.
0.0298246,0.00173836.
0.0299273,0.0018872.
0.0300303,0.00165005.
0.0301337,0.00167441.
0.0302374,0.00190654.
0.0303415,0.00195639.
0.0304459,0.00178079.
0.0305507,0.00166792.
0.0306559,0.00178891.
0.0307614,0.00184247.
0.0308673,0.00185431.
0.0309735,0.00175185.
0.0310802,0.0017731.
0.0311872,0.00180701.
0.0312945,0.00170171.
0.0314022,0.00193005.
0.0315103,0.00181146.
0.0316188,0.00164981.
0.0317276,0.0017823.
0.0318368,0.00167084.
0.0319464,0.00187536.
0.0320564,0.00169685.
0.0321667,0.0017036.
0.0322775,0.001939.
0.0323886,0.00176407.
0.0325001,0.00171445.
0.0326119,0.00165934.
0.0327242,0.00162037.
0.0328368,0.00181778.
0.0329499,0.00174151.
0.0330633,0.0017875.
0.0331771,0.00181801.
0.0332913,0.00180818.
0.0334059,0.00168543.
0.0335209,0.0018203.
0.0336363,0.00167075.
0.0337521,0.00147162.
0.0338682,0.00168732.
0.0339848,0.00169286.
0.0341018,0.00156443.
0.0342192,0.0018009.
0.034337,0.00152716.
0.0344552,0.00167215.
0.0345738,0.00164523.
0.0346928,0.00148407.
0.0348122,0.00155561.
0.034932,0.00165198.
0.0350523,0.00182798.
0.035173,0.00156171.
0.035294,0.00169446.
0.0354155,0.0016449.
0.0355374,0.00177995.
0.0356597,0.00158872.
0.0357825,0.00171166.
0.0359057,0.00172435.
0.0360293,0.00165693.
0.0361533,0.00193177.
0.0362777,0.00183585.
0.0364026,0.00188614.
0.0365279,0.00167014.
0.0366537,0.00164499.
0.0367798,0.00180394.
0.0369064,0.00172165.
0.0370335,0.00175739.
0.0371609,0.00171096.
0.0372889,0.0016077.
0.0374172,0.00167086.
0.037546,0.00166725.
0.0376753,0.00170272.
0.0378049,0.00164732.
0.0379351,0.00168952.
0.0380657,0.00166693.
0.0381967,0.00155653.
0.0383282,0.00171597.
0.0384601,0.00181347.
0.0385925,0.00164539.
0.0387253,0.00159746.
0.0388586,0.00157078.
0.0389924,0.00185272.
0.0391266,0.00177441.
0.0392613,0.00172955.
0.0393965,0.00161057.
0.0395321,0.00171849.
0.0396681,0.001604.
0.0398047,0.00164448.
0.0399417,0.00184162.
0.0400792,0.00185398.
0.0402172,0.00203477.
0.0403556,0.00184741.
0.0404945,0.00165076.
0.0406339,0.00192734.
0.0407738,0.00183773.
0.0409141,0.00186525.
0.041055,0.00175551.
0.0411963,0.00168553.
0.0413381,0.0018522.
0.0414804,0.00170704.
0.0416232,0.00171206.
0.0417664,0.00185607.
0.0419102,0.00180144.
0.0420545,0.00173406.
0.0421992,0.00183964.
0.0423445,0.00171932.
0.0424903,0.0018281.
0.0426365,0.00153175.
0.0427833,0.00173324.
0.0429306,0.00175472.
0.0430783,0.00179249.
0.0432266,0.00169038.
0.0433754,0.00175668.
0.0435247,0.00170833.
0.0436745,0.00163522.
0.0438249,0.00178914.
0.0439757,0.00185077.
0.0441271,0.00192384.
0.044279,0.00174857.
0.0444314,0.00187867.
0.0445844,0.00183638.
0.0447378,0.00179821.
0.0448918,0.00190277.
0.0450464,0.00181918.
0.0452014,0.00181716.
0.045357,0.00199707.
0.0455131,0.00163094.
0.0456698,0.00167798.
0.045827,0.00164406.
0.0459848,0.00173431.
0.0461431,0.00171144.
0.0463019,0.00179235.
0.0464613,0.00177211.
0.0466212,0.00184343.
0.0467817,0.00185792.
0.0469427,0.00190266.
0.0471043,0.00192367.
0.0472664,0.00176952.
0.0474291,0.00175614.
0.0475924,0.00196852.
0.0477562,0.00173353.
0.0479206,0.00174906.
0.0480856,0.00189805.
0.0482511,0.00204946.
0.0484172,0.00322579.
0.0485839,0.00197808.
0.0487511,0.00178427.
0.0489189,0.00184652.
0.0490873,0.0017936.
0.0492563,0.00169655.
0.0494258,0.00192374.
0.0495959,0.0018401.
0.0497667,0.00172381.
0.049938,0.00179307.
0.0501099,0.00171198.
0.0502824,0.00174023.
0.0504554,0.00198641.
0.0506291,0.00180556.
0.0508034,0.00187202.
0.0509783,0.00181614.
0.0511538,0.00186662.
0.0513298,0.00188675.
0.0515065,0.00197458.
0.0516838,0.00176958.
0.0518617,0.00202657.
0.0520403,0.00196402.
0.0522194,0.00175465.
0.0523991,0.00188131.
0.0525795,0.00179144.
0.0527605,0.00176764.
0.0529421,0.00182301.
0.0531244,0.00195977.
0.0533072,0.00166296.
0.0534907,0.00190412.
0.0536748,0.00198796.
0.0538596,0.00185897.
0.054045,0.00182964.
0.054231,0.00177089.
0.0544177,0.00200577.
0.054605,0.00200571.
0.054793,0.00195148.
0.0549816,0.00202062.
0.0551709,0.001922.
0.0553608,0.001881.
0.0555513,0.00191158.
0.0557426,0.00168719.
0.0559344,0.00202441.
0.056127,0.00192012.
0.0563202,0.0020037.
0.056514,0.00203663.
0.0567086,0.00202304.
0.0569038,0.0019173.
0.0570997,0.00201779.
0.0572962,0.00205982.
0.0574934,0.00191927.
0.0576913,0.00196107.
0.0578899,0.00188127.
0.0580892,0.00217454.
0.0582892,0.00183398.
0.0584898,0.00201181.
0.0586911,0.00191708.
0.0588932,0.00197953.
0.0590959,0.00190587.
0.0592993,0.00205155.
0.0595034,0.00215697.
0.0597083,0.00207355.
0.0599138,0.00212416.
0.06012,0.00197941.
0.060327,0.00202912.
0.0605346,0.00225349.
0.060743,0.00218995.
0.0609521,0.00214159.
0.0611619,0.00216672.
0.0613724,0.00221307.
0.0615837,0.00216971.
0.0617957,0.0021049.
0.0620084,0.00201215.
0.0622218,0.00205051.
0.062436,0.00219372.
0.0626509,0.00196919.
0.0628666,0.00198573.
0.063083,0.00204102.
0.0633001,0.0020447.
0.063518,0.00218697.
0.0637367,0.00225879.
0.0639561,0.00205128.
0.0641762,0.00234722.
0.0643971,0.00226074.
0.0646188,0.00208024.
0.0648412,0.0021712.
0.0650644,0.00230736.
0.0652884,0.00221414.
0.0655131,0.00219905.
0.0657387,0.00232829.
0.0659649,0.0020089.
0.066192,0.00203286.
0.0664199,0.00221284.
0.0666485,0.00231333.
0.0668779,0.00214945.
0.0671081,0.00222081.
0.0673391,0.00239273.
0.0675709,0.00226163.
0.0678035,0.00229692.
0.0680369,0.00213491.
0.0682711,0.00222471.
0.0685061,0.00232429.
0.0687419,0.00226853.
0.0689785,0.00229513.
0.069216,0.00225493.
0.0694542,0.00225099.
0.0696933,0.00220124.
0.0699332,0.002194.
0.0701739,0.00233569.
0.0704155,0.00241475.
0.0706579,0.00224076.
0.0709011,0.00216416.
0.0711452,0.00245838.
0.0713901,0.00223884.
0.0716358,0.00239962.
0.0718824,0.00246384.
0.0721298,0.00236225.
0.0723781,0.00235195.
0.0726273,0.00236264.
0.0728773,0.00243564.
0.0731281,0.00246149.
0.0733798,0.00228579.
0.0736324,0.00245451.
0.0738859,0.00223863.
0.0741402,0.00233029.
0.0743954,0.00233074.
0.0746515,0.00250023.
0.0749085,0.00216708.
0.0751663,0.00239872.
0.0754251,0.00247293.
0.0756847,0.00253979.
0.0759452,0.00250796.
0.0762067,0.00241565.
0.076469,0.00232062.
0.0767322,0.00262707.
0.0769963,0.00249312.
0.0772614,0.00253893.
0.0775273,0.00268026.
0.0777942,0.00254606.
0.078062,0.00250117.
0.0783307,0.00255985.
0.0786003,0.0026016.
0.0788709,0.00229945.
0.0791424,0.00254194.
0.0794148,0.00264596.
0.0796882,0.00252581.
0.0799625,0.00264012.
0.0802377,0.00251234.
0.0805139,0.0025448.
0.080791,0.00261939.
0.0810692,0.00255885.
0.0813482,0.00264804.
0.0816282,0.00259874.
0.0819092,0.00256448.
0.0821912,0.00295413.
0.0824741,0.00253239.
0.082758,0.00258434.
0.0830428,0.00256921.
0.0833287,0.00261574.
0.0836155,0.00268448.
0.0839034,0.0027613.
0.0841922,0.0026094.
0.084482,0.00276469.
0.0847728,0.00276162.
0.0850646,0.00285624.
0.0853574,0.0025911.
0.0856512,0.00282076.
0.0859461,0.00280647.
0.0862419,0.00295319.
0.0865388,0.00275767.
0.0868367,0.00283138.
0.0871356,0.00284763.
0.0874355,0.0029338.
0.0877365,0.00278269.
0.0880385,0.00292293.
0.0883415,0.00277841.
0.0886456,0.00276678.
0.0889508,0.00281102.
0.089257,0.00286207.
0.0895642,0.00283909.
0.0898725,0.00288347.
0.0901819,0.00267667.
0.0904923,0.00277928.
0.0908038,0.00283499.
0.0911164,0.00286753.
0.09143,0.00290329.
0.0917447,0.002882.
0.0920605,0.00282445.
0.0923774,0.00309476.
0.0926954,0.00291226.
0.0930145,0.00274111.
0.0933347,0.00311448.
0.0936559,0.00299352.
0.0939783,0.00319987.
0.0943018,0.00310453.
0.0946264,0.00297585.
0.0949522,0.00307474.
0.095279,0.0030315.
0.095607,0.00301648.
0.0959361,0.00295837.
0.0962663,0.00311286.
0.0965977,0.00308839.
0.0969302,0.00299444.
0.0972638,0.00324737.
0.0975986,0.00314599.
0.0979346,0.00302669.
0.0982717,0.00313164.
0.09861,0.00323749.
0.0989494,0.00316527.
0.09929,0.00333499.
0.0996318,0.00320967.
0.0999748,0.00328602.
0.100319,0.00302977.
0.100664,0.00312977.
0.101011,0.00331817.
0.101358,0.00346626.
0.101707,0.00348212.
0.102057,0.00315909.
0.102409,0.00339817.
0.102761,0.00327147.
0.103115,0.00350372.
0.10347,0.0035316.
0.103826,0.00341134.
0.104183,0.00327723.
0.104542,0.00316128.
0.104902,0.00337103.
0.105263,0.00361734.
0.105625,0.00332394.
0.105989,0.00346192.
0.106354,0.00343569.
0.10672,0.00350445.
0.107087,0.00358072.
0.107456,0.00350224.
0.107826,0.0036818.
0.108197,0.00354221.
0.108569,0.00350364.
0.108943,0.0034339.
0.109318,0.00349878.
0.109694,0.00366814.
0.110072,0.00360988.
0.110451,0.00374208.
0.110831,0.00366202.
0.111213,0.00353497.
0.111595,0.00374409.
0.11198,0.00356355.
0.112365,0.00367183.
0.112752,0.00371014.
0.11314,0.0038008.
0.113529,0.00390052.
0.11392,0.00384308.
0.114312,0.00357573.
0.114706,0.0038742.
0.115101,0.00389567.
0.115497,0.00391913.
0.115894,0.00405056.
0.116293,0.00369478.
0.116694,0.00377455.
0.117095,0.00380441.
0.117498,0.00387606.
0.117903,0.00389338.
0.118309,0.00380774.
0.118716,0.0042019.
0.119125,0.00402879.
0.119535,0.00393555.
0.119946,0.0040402.
0.120359,0.00386435.
0.120773,0.00400028.
0.121189,0.00418449.
0.121606,0.00417629.
0.122025,0.0039948.
0.122445,0.0039529.
0.122866,0.00424057.
0.123289,0.00421616.
0.123714,0.00420057.
0.124139,0.00427117.
0.124567,0.00433659.
0.124996,0.00446468.
0.125426,0.00441638.
0.125858,0.00416818.
0.126291,0.00393857.
0.126726,0.00443978.
0.127162,0.00469013.
0.127599,0.00446019.
0.128039,0.00468481.
0.128479,0.00459006.
0.128922,0.00437989.
0.129365,0.00456307.
0.129811,0.00417918.
0.130258,0.0044037.
0.130706,0.00486317.
0.131156,0.00473228.
0.131607,0.0044249.
0.13206,0.004587.
0.132515,0.00460562.
0.132971,0.00458388.
0.133429,0.00481641.
0.133888,0.00452939.
0.134349,0.00479604.
0.134811,0.00462447.
0.135276,0.00475044.
0.135741,0.00487279.
0.136208,0.00483909.
0.136677,0.00475235.
0.137148,0.00491529.
0.13762,0.00495795.
0.138094,0.00462919.
0.138569,0.00484724.
0.139046,0.00492588.
0.139525,0.00478607.
0.140005,0.00473616.
0.140487,0.00476957.
0.14097,0.00520304.
0.141456,0.00504745.
0.141943,0.00502942.
0.142431,0.00535547.
0.142921,0.00497392.
0.143413,0.00493272.
0.143907,0.00510667.
0.144402,0.00523241.
0.144899,0.00547111.
0.145398,0.00501325.
0.145899,0.00508954.
0.146401,0.00538503.
0.146905,0.00536397.
0.147411,0.00564221.
0.147918,0.00537546.
0.148427,0.00553561.
0.148938,0.0049841.
0.149451,0.00535842.
0.149965,0.00528737.
0.150481,0.00538173.
0.150999,0.00545365.
0.151519,0.00537513.
0.152041,0.00556348.
0.152564,0.00570623.
0.153089,0.00523944.
0.153616,0.00576338.
0.154145,0.00526654.
0.154676,0.00551646.
0.155208,0.00578285.
0.155742,0.00574429.
0.156278,0.00578235.
0.156816,0.00597661.
0.157356,0.00550326.
0.157898,0.00567124.
0.158441,0.00574553.
0.158987,0.00611107.
0.159534,0.00597293.
0.160083,0.00597808.
0.160634,0.00618301.
0.161187,0.00607121.
0.161742,0.00603092.
0.162299,0.00596783.
0.162857,0.00610925.
0.163418,0.00598798.
0.163981,0.00590558.
0.164545,0.00616686.
0.165111,0.00600749.
0.16568,0.00614172.
0.16625,0.00665141.
0.166822,0.00644576.
0.167397,0.00636569.
0.167973,0.00636246.
0.168551,0.00628187.
0.169131,0.00633279.
0.169713,0.0064951.
0.170298,0.00638919.
0.170884,0.00648244.
0.171472,0.00657809.
0.172062,0.00662719.
0.172654,0.00647051.
0.173249,0.0066303.
0.173845,0.00636887.
0.174444,0.00690747.
0.175044,0.0066689.
0.175647,0.00662815.
0.176251,0.00694604.
0.176858,0.00673621.
0.177467,0.00695911.
0.178078,0.00650213.
0.178691,0.0065949.
0.179306,0.00691123.
0.179923,0.0069731.
0.180542,0.00687603.
0.181164,0.0073759.
0.181787,0.00722755.
0.182413,0.00721086.
0.183041,0.00704801.
0.183671,0.00697716.
0.184303,0.00728766.
0.184938,0.00709169.
0.185574,0.007617.
0.186213,0.0076108.
0.186854,0.0073719.
0.187497,0.00740236.
0.188143,0.00727053.
0.18879,0.00747873.
0.18944,0.00737741.
0.190092,0.00740736.
0.190747,0.00781436.
0.191403,0.00785244.
0.192062,0.00791055.
0.192723,0.00795069.
0.193387,0.00760655.
0.194052,0.00789482.
0.19472,0.00755215.
0.19539,0.00775634.
0.196063,0.00813124.
0.196738,0.00809528.
0.197415,0.00774946.
0.198095,0.00769883.
0.198777,0.00810033.
0.199461,0.00786618.
0.200147,0.00830869.
0.200836,0.00810977.
0.201528,0.00786424.
0.202221,0.00870605.
0.202917,0.008323.
0.203616,0.00841976.
0.204317,0.00834612.
0.20502,0.00850343.
0.205726,0.00872521.
0.206434,0.00839735.
0.207145,0.0089832.
0.207858,0.00853669.
0.208573,0.00840072.
0.209291,0.00874648.
0.210012,0.00863662.
0.210734,0.00865572.
0.21146,0.00889111.
0.212188,0.00889749.
0.212918,0.00867377.
0.213651,0.00903094.
0.214386,0.00897299.
0.215124,0.00875211.
0.215865,0.00890672.
0.216608,0.00931741.
0.217354,0.00911159.
0.218102,0.00890588.
0.218853,0.00955415.
0.219606,0.00930846.
0.220362,0.00923612.
0.22112,0.00903357.
0.221882,0.00937232.
0.222645,0.00978018.
0.223412,0.00950597.
0.224181,0.00939979.
0.224952,0.00991217.
0.225727,0.00980406.
0.226504,0.00963923.
0.227283,0.00969306.
0.228066,0.00949905.
0.228851,0.0101513.
0.229639,0.0100205.
0.230429,0.0102713.
0.231222,0.0101043.
0.232018,0.010147.
0.232817,0.0102049.
0.233618,0.0105266.
0.234422,0.0102793.
0.235229,0.0102396.
0.236039,0.0100716.
0.236852,0.0102459.
0.237667,0.0103386.
0.238485,0.0106448.
0.239306,0.0100282.
0.24013,0.0107303.
0.240956,0.0108421.
0.241786,0.0108602.
0.242618,0.0111706.
0.243453,0.0105784.
0.244291,0.0110169.
0.245132,0.0108669.
0.245976,0.0107052.
0.246822,0.0107095.
0.247672,0.0112799.
0.248525,0.010915.
0.24938,0.0110805.
0.250239,0.0116887.
0.2511,0.0113797.
0.251964,0.011212.
0.252832,0.0114702.
0.253702,0.0115398.
0.254575,0.0116007.
0.255452,0.0116969.
0.256331,0.0119293.
0.257213,0.0117654.
0.258099,0.0120254.
0.258987,0.0115019.
0.259878,0.0116369.
0.260773,0.0119241.
0.261671,0.0119043.
0.262571,0.0118339.
0.263475,0.0120913.
0.264382,0.0123638.
0.265292,0.0121395.
0.266205,0.011935.
0.267122,0.0126331.
0.268041,0.0125081.
0.268964,0.0125094.
0.26989,0.0126906.
0.270819,0.0127518.
0.271751,0.012651.
0.272686,0.0125335.
0.273625,0.0128145.
0.274567,0.0125961.
0.275512,0.013553.
0.27646,0.0129227.
0.277412,0.0129103.
0.278367,0.0130814.
0.279325,0.0132001.
0.280287,0.0138626.
0.281252,0.0131785.
0.28222,0.0132931.
0.283191,0.0134455.
0.284166,0.0131527.
0.285144,0.0136105.
0.286126,0.0135571.
0.287111,0.014065.
0.288099,0.0139721.
0.289091,0.0142589.
0.290086,0.0137293.
0.291084,0.0143443.
0.292086,0.0142661.
0.293092,0.0141869.
0.294101,0.0143163.
0.295113,0.0143996.
0.296129,0.0148116.
0.297148,0.0144075.
0.298171,0.0145998.
0.299197,0.0148053.
0.300227,0.014884.
0.301261,0.0147081.
0.302298,0.0152023.
0.303338,0.0148234.
0.304382,0.015307.
0.30543,0.0151898.
0.306482,0.0150897.
0.307536,0.0153413.
0.308595,0.0149933.
0.309657,0.0151953.
0.310723,0.0153122.
0.311793,0.0160636.
0.312866,0.015652.
0.313943,0.0159236.
0.315024,0.015998.
0.316108,0.0158941.
0.317196,0.0156959.
0.318288,0.0162053.
0.319384,0.0157669.
0.320483,0.0165098.
0.321586,0.0164352.
0.322693,0.0167072.
0.323804,0.0167922.
0.324919,0.0169477.
0.326037,0.0166435.
0.327159,0.0170498.
0.328286,0.0175047.
0.329416,0.0171355.
0.330549,0.0170599.
0.331687,0.0173129.
0.332829,0.0175291.
0.333975,0.0174741.
0.335124,0.0175.
0.336278,0.0176373.
0.337435,0.0180216.
0.338597,0.0181176.
0.339763,0.0181752.
0.340932,0.0182107.
0.342106,0.018377.
0.343283,0.0181414.
0.344465,0.0187011.
0.345651,0.0183627.
0.34684,0.0188452.
0.348034,0.0188573.
0.349232,0.0186398.
0.350434,0.0189517.
0.351641,0.0183092.
0.352851,0.0190515.
0.354066,0.0188444.
0.355285,0.0192202.
0.356508,0.0191093.
0.357735,0.0196633.
0.358966,0.0195928.
0.360202,0.0194789.
0.361442,0.019664.
0.362686,0.0200039.
0.363934,0.0208939.
0.365187,0.0203675.
0.366444,0.0199898.
0.367705,0.020272.
0.368971,0.020289.
0.370241,0.0205638.
0.371516,0.0206383.
0.372795,0.0210377.
0.374078,0.0208201.
0.375365,0.0211239.
0.376658,0.0211927.
0.377954,0.0219132.
0.379255,0.0213808.
0.380561,0.0214804.
0.381871,0.0213545.
0.383185,0.0221926.
0.384504,0.0217486.
0.385828,0.0220004.
0.387156,0.0214705.
0.388488,0.0224493.
0.389826,0.0226611.
0.391168,0.0222934.
0.392514,0.0221878.
0.393865,0.0228572.
0.395221,0.0219535.
0.396581,0.0231338.
0.397946,0.0226423.
0.399316,0.0231394.
0.400691,0.0234795.
0.40207,0.0235618.
0.403454,0.0238263.
0.404843,0.023446.
0.406236,0.023632.
0.407635,0.0233125.
0.409038,0.0239501.
0.410446,0.0239495.
0.411859,0.0242019.
0.413277,0.0246207.
0.414699,0.0244736.
0.416127,0.0247811.
0.417559,0.0245284.
0.418996,0.0242565.
0.420439,0.0249865.
0.421886,0.0247146.
0.423338,0.0250959.
0.424795,0.0253232.
0.426258,0.025233.
0.427725,0.0254569.
0.429197,0.0256468.
0.430675,0.0259405.
0.432157,0.0260395.
0.433645,0.0260915.
0.435137,0.0265301.
0.436635,0.0268676.
0.438138,0.0265473.
0.439646,0.0269121.
0.44116,0.0272335.
0.442678,0.0276498.
0.444202,0.0271869.
0.445731,0.0269667.
0.447265,0.0273664.
0.448805,0.0278203.
0.45035,0.028116.
0.4519,0.0281024.
0.453456,0.0288985.
0.455017,0.0281846.
0.456583,0.0286353.
0.458155,0.0286341.
0.459732,0.0288989.
0.461314,0.0290702.
0.462902,0.0292914.
0.464495,0.028784.
0.466094,0.0295987.
0.467699,0.0299263.
0.469309,0.0299949.
0.470924,0.0296274.
0.472545,0.0299399.
0.474172,0.0300773.
0.475804,0.0308882.
0.477442,0.0306293.
0.479085,0.0307193.
0.480734,0.030775.
0.482389,0.0315136.
0.48405,0.0310715.
0.485716,0.0311858.
0.487388,0.03173.
0.489066,0.0320071.
0.490749,0.0320263.
0.492438,0.031976.
0.494133,0.032588.
0.495834,0.0326195.
0.497541,0.0328913.
0.499254,0.0327629.
0.500972,0.0333778.
0.502697,0.0332993.
0.504427,0.033256.
0.506164,0.033665.
0.507906,0.0340751.
0.509654,0.0336122.
0.511409,0.0347691.
0.513169,0.0346254.
0.514935,0.0344651.
0.516708,0.0357377.
0.518486,0.0350126.
0.520271,0.0356413.
0.522062,0.0349904.
0.523859,0.0357649.
0.525662,0.0358189.
0.527472,0.0354202.
0.529288,0.0363245.
0.531109,0.036343.
0.532938,0.0367114.
0.534772,0.0361793.
0.536613,0.0363973.
0.53846,0.0375625.
0.540314,0.0374657.
0.542174,0.0368781.
0.54404,0.0376214.
0.545913,0.0380056.
0.547792,0.0382893.
0.549677,0.0376479.
0.551569,0.0387899.
0.553468,0.0381693.
0.555373,0.0379402.
0.557285,0.0391226.
0.559203,0.0395282.
0.561128,0.0398602.
0.56306,0.0390601.
0.564998,0.0400107.
0.566943,0.0402647.
0.568894,0.040776.
0.570853,0.040529.
0.572818,0.0419096.
0.574789,0.041025.
0.576768,0.041282.
0.578753,0.0409824.
0.580745,0.0418503.
0.582744,0.0424447.
0.58475,0.0422171.
0.586763,0.0423078.
0.588783,0.0424475.
0.59081,0.0434291.
0.592843,0.0428547.
0.594884,0.043463.
0.596932,0.044583.
0.598987,0.0442023.
0.601049,0.0447182.
0.603117,0.0449934.
0.605194,0.0444594.
0.607277,0.0452978.
0.609367,0.0453919.
0.611465,0.044634.
0.61357,0.0452838.
0.615682,0.0456125.
0.617801,0.0463709.
0.619927,0.045792.
0.622061,0.0469647.
0.624203,0.0471715.
0.626351,0.0477571.
0.628507,0.0473208.
0.630671,0.0464206.
0.632842,0.0468822.
0.63502,0.0475916.
0.637206,0.0479005.
0.639399,0.0489698.
0.6416,0.0486918.
0.643809,0.0491208.
0.646025,0.0494272.
0.648249,0.0496915.
0.65048,0.0497965.
0.652719,0.0503285.
0.654966,0.051182.
0.657221,0.0506715.
0.659483,0.0515259.
0.661753,0.0512288.
0.664031,0.0520352.
0.666317,0.0519928.
0.66861,0.0525275.
0.670912,0.0520914.
0.673221,0.0527622.
0.675539,0.0538217.
0.677864,0.0539938.
0.680197,0.0538036.
0.682539,0.0538446.
0.684888,0.0547336.
0.687246,0.054534.
0.689611,0.054772.
0.691985,0.0554572.
0.694367,0.0555956.
0.696757,0.0559391.
0.699156,0.0560056.
0.701562,0.0571248.
0.703977,0.0566421.
0.706401,0.0570884.
0.708832,0.0575647.
0.711272,0.0580335.
0.713721,0.0582593.
0.716177,0.0583369.
0.718643,0.0583343.
0.721116,0.0591544.
0.723599,0.0588292.
0.726089,0.060065.
0.728589,0.059451.
0.731097,0.0603678.
0.733613,0.0597362.
0.736139,0.061012.
0.738673,0.061813.
0.741215,0.0698953.
0.743767,0.0623362.
0.746327,0.062722.
0.748896,0.0619098.
0.751474,0.0630591.
0.754061,0.0633424.
0.756656,0.0630427.
0.759261,0.0631803.
0.761874,0.0667978.
0.764497,0.0640542.
0.767128,0.0655326.
0.769769,0.0656415.
0.772419,0.0670099.
0.775078,0.0659272.
0.777746,0.0664625.
0.780423,0.0661278.
0.783109,0.0681586.
0.785805,0.0674053.
0.78851,0.0686657.
0.791224,0.0683126.
0.793948,0.0698807.
0.79668,0.0695869.
0.799423,0.070514.
0.802175,0.0702109.
0.804936,0.0713646.
0.807707,0.0706674.
0.810487,0.0715005.
0.813277,0.0711612.
0.816076,0.0707383.
0.818885,0.0715429.
0.821704,0.0729786.
0.824533,0.0726718.
0.827371,0.0741364.
0.830219,0.073599.
0.833077,0.0742886.
0.835944,0.0743862.
0.838822,0.0754648.
0.841709,0.0750815.
0.844607,0.0773125.
0.847514,0.0759988.
0.850431,0.0777267.
0.853359,0.0764059.
0.856296,0.0773283.
0.859244,0.0776474.
0.862201,0.0776884.
0.865169,0.0788792.
0.868147,0.079623.
0.871136,0.0807554.
0.874135,0.0802872.
0.877143,0.0807686.
0.880163,0.0804353.
0.883193,0.0823438.
0.886233,0.0817631.
0.889283,0.0824991.
0.892344,0.0830249.
0.895416,0.0842191.
0.898498,0.0822833.
0.901591,0.0838438.
0.904695,0.0846023.
0.907809,0.0853707.
0.910934,0.0847317.
0.914069,0.0870764.
0.917216,0.0861315.
0.920373,0.0874017.
0.923541,0.0878726.
0.92672,0.0885763.
0.92991,0.0898566.
0.933111,0.0889628.
0.936323,0.0906789.
0.939546,0.0903417.
0.94278,0.0906689.
0.946026,0.0911457.
0.949282,0.0912007.
0.95255,0.091564.
0.955829,0.0922721.
0.959119,0.0936639.
0.96242,0.0937052.
0.965733,0.0950058.
0.969057,0.0943617.
0.972393,0.0943374.
0.97574,0.0955742.
0.979099,0.0964042.
0.982469,0.097008.
0.985851,0.0960238.
0.989245,0.0974674.
0.99265,0.0977692.
0.996067,0.0989563.
0.999495,0.099719.
1.00294,0.0995188.
1.00639,0.100831.
1.00985,0.101269.
1.01333,0.101827.
1.01682,0.103601.
1.02032,0.101318.
1.02383,0.102938.
1.02735,0.103619.
1.03089,0.104893.
1.03444,0.105504.
1.038,0.105929.
1.04157,0.106588.
1.04516,0.106272.
1.04876,0.108314.
1.05237,0.109146.
1.05599,0.109021.
1.05962,0.109052.
1.06327,0.109338.
1.06693,0.109432.
1.0706,0.109641.
1.07429,0.110679.
1.07799,0.113132.
1.0817,0.112339.
1.08542,0.114591.
1.08916,0.11276.
1.09291,0.116508.
1.09667,0.115528.
1.10044,0.115324.
1.10423,0.117597.
1.10803,0.117875.
1.11185,0.117344.
1.11567,0.117371.
1.11951,0.119848.
1.12337,0.118678.
1.12723,0.12046.
1.13111,0.12118.
1.13501,0.12066.
1.13891,0.122074.
1.14283,0.123895.
1.14677,0.122966.
1.15072,0.12394.
1.15468,0.125857.
1.15865,0.125605.
1.16264,0.126506.
1.16664,0.126338.
1.17066,0.127287.
1.17469,0.129158.
1.17873,0.126921.
1.18279,0.127262.
1.18686,0.131253.
1.19095,0.129157.
1.19505,0.131163.
1.19916,0.131429.
1.20329,0.132557.
1.20743,0.133157.
1.21158,0.133738.
1.21576,0.137567.
1.21994,0.135907.
1.22414,0.135772.
1.22835,0.137121.
1.23258,0.139831.
1.23682,0.139569.
1.24108,0.138942.
1.24535,0.138663.
1.24964,0.142332.
1.25394,0.140089.
1.25826,0.14111.
1.26259,0.143465.
1.26694,0.142994.
1.2713,0.146625.
1.27567,0.147043.
1.28006,0.146888.
1.28447,0.147293.
1.28889,0.148901.
1.29333,0.147739.
1.29778,0.149342.
1.30225,0.151409.
1.30673,0.152639.
1.31123,0.152506.
1.31574,0.151383.
1.32027,0.15256.
1.32482,0.154376.
1.32938,0.154122.
1.33395,0.155217.
1.33854,0.155056.
1.34315,0.156955.
1.34777,0.158211.
1.35241,0.159868.
1.35707,0.159657.
1.36174,0.159213.
1.36643,0.158855.
1.37113,0.161327.
1.37585,0.162354.
1.38059,0.162873.
1.38534,0.162237.
1.39011,0.165032.
1.39489,0.164746.
1.3997,0.166393.
1.40451,0.167385.
1.40935,0.166877.
1.4142,0.166876.
1.41907,0.168253.
1.42395,0.170592.
1.42885,0.170886.
1.43377,0.171182.
1.43871,0.173432.
1.44366,0.173996.
1.44863,0.172742.
1.45362,0.174599.
1.45862,0.174757.
1.46364,0.175545.
1.46868,0.176297.
1.47373,0.179415.
1.47881,0.178748.
1.4839,0.179436.
1.48901,0.180246.
1.49413,0.181166.
1.49927,0.180884.
1.50443,0.183104.
1.50961,0.184318.
1.51481,0.185054.
1.52002,0.185714.
1.52526,0.185827.
1.53051,0.185143.
1.53577,0.187475.
1.54106,0.189326.
1.54637,0.189442.
1.55169,0.190167.
1.55703,0.191278.
1.56239,0.192498.
1.56777,0.192697.
1.57316,0.191851.
1.57858,0.193266.
1.58401,0.194376.
1.58947,0.19666.
1.59494,0.19559.
1.60043,0.195808.
1.60594,0.196851.
1.61146,0.19861.
1.61701,0.198698.
1.62258,0.199478.
1.62816,0.200523.
1.63377,0.199775.
1.63939,0.201433.
1.64503,0.202684.
1.6507,0.202163.
1.65638,0.204628.
1.66208,0.205346.
1.6678,0.204419.
1.67354,0.205144.
1.6793,0.20743.
1.68508,0.208042.
1.69088,0.208261.
1.69671,0.21105.
1.70255,0.209021.
1.70841,0.210732.
1.71429,0.210655.
1.72019,0.212689.
1.72611,0.212563.
1.73205,0.213578.
1.73801,0.213001.
1.744,0.215718.
1.75,0.215387.
1.75602,0.215632.
1.76207,0.217951.
1.76813,0.216111.
1.77422,0.216746.
1.78033,0.219157.
1.78645,0.218918.
1.7926,0.218789.
1.79877,0.220202.
1.80497,0.219943.
1.81118,0.22151.
1.81741,0.222476.
1.82367,0.222273.
1.82995,0.22155.
1.83625,0.223015.
1.84257,0.22548.
1.84891,0.223933.
1.85527,0.224124.
1.86166,0.225914.
1.86807,0.22674.
1.8745,0.225513.
1.88095,0.228433.
1.88743,0.226495.
1.89392,0.227555.
1.90044,0.228948.
1.90698,0.22823.
1.91355,0.227563.
1.92014,0.230474.
1.92674,0.231244.
1.93338,0.229849.
1.94003,0.232658.
1.94671,0.230333.
1.95341,0.233336.
1.96014,0.229709.
1.96688,0.231542.
1.97365,0.232575.
1.98045,0.232007.
1.98726,0.232174.
1.9941,0.231886.
2.00097,0.235171.
2.00786,0.23403.
2.01477,0.234327.
2.0217,0.236175.
2.02866,0.236017.
2.03565,0.233454.
2.04265,0.23491.
2.04968,0.235759.
2.05674,0.23694.
2.06382,0.237129.
2.07092,0.235111.
2.07805,0.238325.
2.08521,0.238188.
2.09238,0.237972.
2.09959,0.237692.
2.10681,0.236147.
2.11406,0.237601.
2.12134,0.238254.
2.12864,0.237651.
2.13597,0.237902.
2.14332,0.23711.
2.1507,0.238661.
2.1581,0.237125.
2.16553,0.237038.
2.17299,0.238884.
2.18047,0.238314.
2.18797,0.240627.
2.19551,0.240173.
2.20306,0.239035.
2.21065,0.239692.
2.21826,0.239923.
2.22589,0.239733.
2.23355,0.241112.
2.24124,0.239384.
2.24896,0.237022.
2.2567,0.239396.
2.26447,0.237075.
2.27226,0.239335.
2.28008,0.241873.
2.28793,0.238524.
2.29581,0.237941.
2.30371,0.238705.
2.31164,0.238588.
2.3196,0.238533.
2.32758,0.235233.
2.33559,0.236755.
2.34363,0.235959.
2.3517,0.234762.
2.3598,0.238865.
2.36792,0.235527.
2.37607,0.237379.
2.38425,0.234826.
2.39245,0.23578.
2.40069,0.237473.
2.40895,0.235066.
2.41725,0.237653.
2.42557,0.236388.
2.43392,0.236432.
2.44229,0.236485.
2.4507,0.232674.
2.45914,0.23522.
2.4676,0.236367.
2.4761,0.23202.
2.48462,0.233855.
2.49317,0.233001.
2.50175,0.233289.
2.51037,0.234868.
2.51901,0.23184.
2.52768,0.230294.
2.53638,0.232335.
2.54511,0.232406.
2.55387,0.229863.
2.56266,0.229841.
2.57148,0.228158.
2.58033,0.22948.
2.58922,0.229224.
2.59813,0.229369.
2.60707,0.228082.
2.61605,0.229714.
2.62505,0.225335.
2.63409,0.227172.
2.64315,0.226408.
2.65225,0.22609.
2.66138,0.224916.
2.67054,0.224594.
2.67974,0.225333.
2.68896,0.224138.
2.69822,0.221125.
2.7075,0.222165.
2.71682,0.221021.
2.72618,0.222643.
2.73556,0.22134.
2.74498,0.21977.
2.75443,0.219064.
2.76391,0.221727.
2.77342,0.218554.
2.78297,0.218615.
2.79255,0.217821.
2.80216,0.218046.
2.81181,0.218306.
2.82148,0.215788.
2.8312,0.214973.
2.84094,0.215105.
2.85072,0.214789.
2.86053,0.214793.
2.87038,0.211595.
2.88026,0.213878.
2.89018,0.210625.
2.90012,0.211954.
2.91011,0.211663.
2.92013,0.209219.
2.93018,0.206968.
2.94026,0.209682.
2.95038,0.206805.
2.96054,0.207899.
2.97073,0.205939.
2.98096,0.205753.
2.99122,0.204891.
3.00151,0.202976.
3.01185,0.203351.
3.02221,0.203698.
3.03262,0.20258.
3.04306,0.202523.
3.05353,0.201047.
3.06404,0.201376.
3.07459,0.197897.
3.08517,0.198633.
3.09579,0.197313.
3.10645,0.198014.
3.11714,0.194593.
3.12787,0.196151.
3.13864,0.193741.
3.14944,0.194847.
3.16028,0.193674.
3.17116,0.192714.
3.18208,0.193956.
3.19303,0.191611.
3.20402,0.191598.
3.21505,0.189238.
3.22612,0.189269.
3.23722,0.188686.
3.24837,0.187375.
3.25955,0.186882.
3.27077,0.186833.
3.28203,0.185693.
3.29332,0.183608.
3.30466,0.185405.
3.31604,0.184308.
3.32745,0.180996.
3.3389,0.182532.
3.3504,0.182283.
3.36193,0.178847.
3.3735,0.181056.
3.38512,0.178536.
3.39677,0.180029.
3.40846,0.180321.
3.42019,0.177749.
3.43197,0.177114.
3.44378,0.174992.
3.45563,0.175072.
3.46753,0.173437.
3.47947,0.17367.
3.49144,0.17249.
3.50346,0.17015.
3.51552,0.170647.
3.52762,0.170579.
3.53976,0.170325.
3.55195,0.169888.
3.56418,0.165789.
3.57644,0.166173.
3.58876,0.167652.
3.60111,0.165153.
3.6135,0.165239.
3.62594,0.164383.
3.63842,0.163021.
3.65095,0.1636.
3.66352,0.161311.
3.67613,0.16073.
3.68878,0.160923.
3.70148,0.160052.
3.71422,0.159355.
3.72701,0.157186.
3.73983,0.156328.
3.75271,0.157156.
3.76563,0.155749.
3.77859,0.155369.
3.79159,0.154016.
3.80465,0.154431.
3.81774,0.151413.
3.83088,0.151256.
3.84407,0.14994.
3.8573,0.149429.
3.87058,0.151349.
3.8839,0.147069.
3.89727,0.148252.
3.91069,0.146502.
3.92415,0.145459.
3.93766,0.145079.
3.95121,0.144803.
3.96481,0.142807.
3.97846,0.143083.
3.99216,0.143314.
4.0059,0.14109.
4.01969,0.140414.
4.03352,0.139227.
4.04741,0.138789.
4.06134,0.13762.
4.07532,0.137487.
4.08935,0.135903.
4.10342,0.137371.
4.11755,0.135699.
4.13172,0.135166.
4.14595,0.133801.
4.16022,0.135651.
4.17454,0.133642.
4.18891,0.131692.
4.20333,0.130825.
4.21779,0.130372.
4.23231,0.130873.
4.24688,0.128085.
4.2615,0.127404.
4.27617,0.125588.
4.29089,0.126063.
4.30566,0.126833.
4.32048,0.125252.
4.33535,0.125819.
4.35028,0.12304.
4.36525,0.124748.
4.38028,0.121432.
4.39535,0.122239.
4.41048,0.120181.
4.42567,0.120031.
4.4409,0.120514.
4.45619,0.118259.
4.47153,0.118788.
4.48692,0.117153.
4.50236,0.11644.
4.51786,0.116635.
4.53341,0.114565.
4.54902,0.115745.
4.56468,0.114188.
4.58039,0.114805.
4.59616,0.113454.
4.61198,0.111822.
4.62785,0.11194.
4.64378,0.110625.
4.65977,0.111075.
4.67581,0.108725.
4.6919,0.107744.
4.70805,0.107878.
4.72426,0.109605.
4.74052,0.107776.
4.75684,0.106244.
4.77321,0.105466.
4.78964,0.105991.
4.80613,0.104973.
4.82268,0.105074.
4.83928,0.103349.
4.85593,0.102425.
4.87265,0.102318.
4.88942,0.101285.
4.90625,0.101566.
4.92314,0.0998884.
4.94009,0.100753.
4.95709,0.0982063.
4.97416,0.0980075.
4.99128,0.0977243.
5.00846,0.0962357.
5.0257,0.0953435.
5.043,0.0949269.
5.06036,0.0952801.
5.07778,0.0934867.
5.09526,0.0935682.
5.11279,0.0928383.
5.13039,0.0918824.
5.14805,0.0917233.
5.16578,0.0905149.
5.18356,0.0903584.
5.2014,0.0905532.
5.2193,0.0887535.
5.23727,0.0892129.
5.2553,0.0897016.
5.27339,0.0879753.
5.29154,0.088151.
5.30976,0.0853664.
5.32803,0.0859051.
5.34637,0.0858278.
5.36478,0.0854679.
5.38324,0.0846103.
5.40177,0.0827278.
5.42037,0.0841127.
5.43903,0.082935.
5.45775,0.0812307.
5.47653,0.0822007.
5.49539,0.0818296.
5.5143,0.0800011.
5.53328,0.0806948.
5.55233,0.0790054.
5.57144,0.0790902.
5.59062,0.0786317.
5.60987,0.0782715.
5.62918,0.0769033.
5.64855,0.0774736.
5.668,0.0759852.
5.68751,0.0767703.
5.70708,0.0749595.
5.72673,0.0744328.
5.74644,0.0732834.
5.76622,0.073738.
5.78607,0.0732479.
5.80599,0.0730326.
5.82597,0.0724572.
5.84603,0.0718609.
5.86615,0.0705579.
5.88634,0.0711783.
5.90661,0.0698899.
5.92694,0.069701.
5.94734,0.0694426.
5.96781,0.0690636.
5.98836,0.0687181.
6.00897,0.0673802.
6.02965,0.0668506.
6.05041,0.066663.
6.07124,0.0659677.
6.09213,0.0653591.
6.1131,0.0649597.
6.13415,0.0649879.
6.15526,0.0643128.
6.17645,0.0645421.
6.19771,0.0635946.
6.21904,0.0621615.
6.24045,0.0615921.
6.26193,0.061982.
6.28349,0.061349.
6.30512,0.0617134.
6.32682,0.0612387.
6.3486,0.0596447.
6.37045,0.0596138.
6.39238,0.0592913.
6.41439,0.0583216.
6.43647,0.0587217.
6.45862,0.0575944.
6.48085,0.0566792.
6.50316,0.0568845.
6.52555,0.0559984.
6.54801,0.0570021.
6.57055,0.056548.
6.59317,0.0551101.
6.61586,0.0551246.
6.63863,0.0550987.
6.66149,0.053281.
6.68442,0.0533762.
6.70743,0.0527969.
6.73051,0.0527256.
6.75368,0.0534037.
6.77693,0.0526236.
6.80026,0.0510673.
6.82367,0.051126.
6.84715,0.0504771.
6.87072,0.0501724.
6.89437,0.0502423.
6.91811,0.0498293.
6.94192,0.048697.
6.96582,0.0478131.
6.98979,0.0476474.
7.01385,0.0483573.
7.038,0.0466949.
7.06222,0.0471544.
7.08653,0.0467109.
7.11093,0.0466849.
7.13541,0.0445741.
7.15997,0.0449056.
7.18461,0.04523.
7.20934,0.0445623.
7.23416,0.0439263.
7.25906,0.0436419.
7.28405,0.0436647.
7.30912,0.0421384.
7.33428,0.0425772.
7.35953,0.0423821.
7.38486,0.042179.
7.41028,0.0418649.
7.43579,0.0407256.
7.46139,0.0402897.
7.48707,0.0403997.
7.51284,0.0404802.
7.5387,0.0388433.
7.56465,0.0397473.
7.59069,0.0397555.
7.61682,0.0388518.
7.64304,0.0381244.
7.66935,0.0373094.
7.69575,0.0373403.
7.72224,0.0371614.
7.74882,0.0368587.
7.77549,0.0363264.
7.80226,0.0352957.
7.82912,0.0350198.
7.85607,0.0354476.
7.88311,0.0348069.
7.91024,0.0349685.
7.93747,0.034172.
7.96479,0.0337315.
7.99221,0.0331721.
8.01972,0.032676.
8.04733,0.0328328.
8.07503,0.0323452.
8.10283,0.0322323.
8.13072,0.0311926.
8.1587,0.0319499.
8.18679,0.0314855.
8.21497,0.0308718.
8.24325,0.0305123.
8.27162,0.0299276.
8.3001,0.0299448.
8.32867,0.0293199.
8.35734,0.0294353.
8.3861,0.0287495.
8.41497,0.0286346.
8.44394,0.028392.
8.473,0.0278687.
8.50217,0.0280841.
8.53143,0.0276083.
8.5608,0.0273359.
8.59027,0.027017.
8.61984,0.0263719.
8.64951,0.0259212.
8.67928,0.0250296.
8.70916,0.0253651.
8.73914,0.024932.
8.76922,0.0245207.
8.79941,0.0242784.
8.8297,0.0249428.
8.86009,0.0237996.
8.89059,0.023109.
8.92119,0.0237974.
8.9519,0.0228631.
8.98272,0.0224852.
9.01364,0.0220653.
9.04466,0.0227741.
9.0758,0.0220364.
9.10704,0.0213088.
9.13839,0.0210921.
9.16984,0.0207588.
9.20141,0.0209549.
9.23308,0.0205119.
9.26486,0.019989.
9.29676,0.0203414.
9.32876,0.0200991.
9.36087,0.0195322.
9.39309,0.0188168.
9.42542,0.0188622.
9.45787,0.0182194.
9.49042,0.018747.
9.52309,0.0184298.
9.55587,0.0180074.
9.58877,0.0178005.
9.62177,0.017721.
9.65489,0.0170139.
9.68813,0.0169376.
9.72148,0.0166521.
9.75494,0.0168239.
9.78852,0.0164006.
9.82221,0.0162051.
9.85602,0.0158128.
9.88995,0.0150599.
9.92399,0.0150357.
9.95816,0.0150245.
9.99243,0.0142565.
10.0268,0.0147129.
10.0613,0.0141793.
10.096,0.0136994.
10.1307,0.0137815.
10.1656,0.0141058.
10.2006,0.0138624.
10.2357,0.0132789.
10.2709,0.0131077.
10.3063,0.0125494.
10.3418,0.0129252.
10.3774,0.0124736.
10.4131,0.0124604.
10.4489,0.0117145.
10.4849,0.012352.
10.521,0.0116139.
10.5572,0.0115807.
10.5936,0.0111819.
10.63,0.0110004.
10.6666,0.0110622.
10.7033,0.0107874.
10.7402,0.0105153.
10.7771,0.0106629.
10.8142,0.0101029.
10.8515,0.0101213.
10.8888,0.00998923.
10.9263,0.00976007.
10.9639,0.00967768.
11.0016,0.00959761.
11.0395,0.00883796.
11.0775,0.00892487.
11.1156,0.00881784.
11.1539,0.008772.
11.1923,0.00895296.
11.2308,0.00848864.
11.2695,0.00820102.
11.3083,0.00808213.
11.3472,0.00793734.
11.3863,0.00804339.
11.4255,0.00759104.
11.4648,0.00773965.
11.5043,0.0076981.
11.5439,0.00782002.
11.5836,0.00705267.
11.6235,0.00700999.
11.6635,0.00701064.
11.7036,0.00707522.
11.7439,0.00674568.
11.7843,0.00666088.
11.8249,0.006586.
11.8656,0.00613471.
11.9065,0.00636646.
11.9474,0.00609772.
11.9886,0.00616956.
12.0298,0.00586651.
12.0712,0.00581746.
12.1128,0.00562085.
12.1545,0.00567951.
12.1963,0.00551682.
12.2383,0.0053938.
12.2804,0.00530496.
12.3227,0.00520638.
12.3651,0.00485116.
12.4077,0.00466954.
12.4504,0.00476882.
12.4933,0.00479799.
12.5363,0.0046772.
12.5794,0.00493634.
12.6227,0.00474531.
12.6662,0.00455966.
12.7098,0.00435696.
12.7535,0.00426469.
12.7974,0.00417453.
12.8415,0.00391944.
12.8857,0.00411975.
12.93,0.00377935.
12.9745,0.00390573.
13.0192,0.00356393.
13.064,0.00373883.
13.109,0.003809.
13.1541,0.00347768.
13.1994,0.00349276.
13.2448,0.0034875.
13.2904,0.00346686.
13.3362,0.00330295.
13.3821,0.00317717.
13.4281,0.00319817.
13.4743,0.00315338.
13.5207,0.00317532.
13.5673,0.00316194.
13.614,0.00300664.
13.6608,0.00307482.
13.7079,0.00277261.
13.755,0.00280245.
13.8024,0.00266035.
13.8499,0.00255422.
13.8976,0.00247794.
13.9454,0.00252801.
13.9934,0.00251369.
14.0416,0.00250366.
14.0899,0.00230493.
14.1384,0.00236802.
14.1871,0.00237461.
14.2359,0.00219883.
14.2849,0.00206462.
14.3341,0.00218967.
14.3834,0.00215316.
14.433,0.00220325.
14.4826,0.00208463.
14.5325,0.00207796.
14.5825,0.00196938.
14.6327,0.00192437.
14.6831,0.00195111.
14.7336,0.0018176.
14.7843,0.00176356.
14.8352,0.00177788.
14.8863,0.00165981.
14.9375,0.00170195.
14.989,0.00161603.
15.0406,0.00164794.
15.0923,0.00158217.
15.1443,0.00158535.
15.1964,0.00145825.
15.2487,0.00154733.
15.3012,0.00153963.
15.3539,0.00150695.
15.4067,0.00141412.
15.4598,0.00134632.
15.513,0.0013477.
15.5664,0.00140294.
15.62,0.00132328.
15.6737,0.0012833.
15.7277,0.00121224.
15.7818,0.0013157.
15.8361,0.00121518.
15.8907,0.00120653.
15.9454,0.00116834.
16.0002,0.00117786.
16.0553,0.00121196.
16.1106,0.00115913.
16.166,0.00108646.
16.2217,0.00110386.
16.2775,0.00104449.
16.3336,0.00104138.
16.3898,0.00101755.
16.4462,0.00103535.
16.5028,0.000982037.
16.5596,0.00105504.
16.6166,0.000966994.
16.6738,0.00091407.
16.7312,0.000951142.
16.7888,0.000927636.
16.8466,0.000864547.
16.9046,0.00096866.
16.9628,0.000875296.
17.0212,0.00086597.
17.0798,0.000804771.
17.1385,0.000788338.
17.1975,0.000814255.
17.2567,0.000787145.
17.3161,0.000725976.
17.3757,0.00078279.
17.4356,0.00069377.
17.4956,0.000766054.
17.5558,0.000729651.
17.6162,0.000741968.
17.6769,0.000804011.
17.7377,0.000685048.
17.7988,0.00069048.
17.86,0.000717152.
17.9215,0.000670164.
17.9832,0.000691108.
18.0451,0.000671714.
18.1072,0.00065757.
18.1696,0.000607388.
18.2321,0.000582817.
18.2949,0.000638681.
18.3578,0.000618264.
18.421,0.000593511.
18.4844,0.000621717.
18.5481,0.000548206.
18.6119,0.000566589.
18.676,0.00055964.
18.7403,0.000545634.
18.8048,0.000538516.
18.8695,0.00053732.
18.9345,0.000524231.
18.9996,0.000576305.
19.065,0.00049528.
19.1307,0.000469717.
19.1965,0.000525052.
19.2626,0.000495931.
19.3289,0.000478107.
19.3954,0.000461016.
19.4622,0.000448943.
19.5292,0.000458833.
19.5964,0.000489585.
19.6639,0.000501909.
19.7316,0.000477697.
19.7995,0.000421124.
19.8676,0.000442847.
19.936,0.000462557.
20.0046,0.00043388.
20.0735,0.000430074.
20.1426,0.000428853.
20.2119,0.000432533.
20.2815,0.000401129.
20.3513,0.00040602.
20.4214,0.00037817.
20.4917,0.000386283.
20.5622,0.000383544.
20.633,0.000387468.
20.704,0.000396495.
20.7753,0.000379871.
20.8468,0.000380084.
20.9186,0.000370776.
20.9906,0.000374723.
21.0628,0.000352383.
21.1353,0.000353449.
21.2081,0.000360679.
21.2811,0.000340708.
21.3543,0.000369121.
21.4278,0.000357651.
21.5016,0.000339229.
21.5756,0.000336957.
21.6499,0.000335255.
21.7244,0.000321108.
21.7992,0.000334917.
21.8742,0.000329891.
21.9495,0.000317098.
22.0251,0.000322625.
22.1009,0.000312972.
22.177,0.000327667.
22.2533,0.000311464.
22.3299,0.000302574.
22.4068,0.000309544.
22.4839,0.000304721.
22.5613,0.000287721.
22.6389,0.000293259.
22.7169,0.000280579.
22.7951,0.000288757.
22.8735,0.000279109.
22.9523,0.000290104.
23.0313,0.000271457.
23.1106,0.000275407.
23.1901,0.000266615.
23.2699,0.000276843.
23.35,0.000270931.
23.4304,0.000276887.
23.5111,0.000260762.
23.592,0.000258125.
23.6732,0.000255425.
23.7547,0.00025271.
23.8365,0.000257616.
23.9185,0.000249999.
24.0008,0.000259833.
24.0835,0.000243401.
24.1664,0.000243561.
24.2496,0.000242429.
24.333,0.00024173.
24.4168,0.000240415.
24.5008,0.000234159.
24.5852,0.000233537.
24.6698,0.000231081.
24.7547,0.000236775.
24.8399,0.00023062.
24.9254,0.00022763.
25.0112,0.000225712.
25.0973,0.000222831.
25.1837,0.000222851.
25.2704,0.000218556.
25.3574,0.000216796.
25.4447,0.0002169.
25.5323,0.000215849.
25.6202,0.000210244.
25.7083,0.000209254.
25.7968,0.000209298.
25.8856,0.000206924.
25.9747,0.000212459.
26.0641,0.000204466.
26.1539,0.000203111.
26.2439,0.000198992.
26.3342,0.000202853.
26.4249,0.000195639.
26.5158,0.000198349.
26.6071,0.000194438.
26.6987,0.000192189.
26.7906,0.000191863.
26.8828,0.000190557.
26.9754,0.00018713.
27.0682,0.000186808.
27.1614,0.000185436.
27.2549,0.000186276.
27.3487,0.000184291.
27.4428,0.000184067.
27.5373,0.000181969.
27.6321,0.000179471.
27.7272,0.000175613.
27.8227,0.000175548.
27.9184,0.000175954.
28.0145,0.000174072.
28.111,0.000172095.
28.2077,0.000170514.
28.3048,0.000171336.
28.4023,0.000168493.
28.5,0.00016581.
28.5981,0.000165035.
28.6966,0.000163614.
28.7954,0.000163222.
28.8945,0.000163459.
28.9939,0.000160976.
29.0937,0.000159336.
29.1939,0.000160424.
29.2944,0.000157517.
29.3952,0.000157987.
29.4964,0.000153984.
29.5979,0.000154521.
29.6998,0.000151352.
29.802,0.000152882.
29.9046,0.000150726.
30.0076,0.000149993.
30.1109,0.000147525.
30.2145,0.000147371.
30.3185,0.000147931.
30.4229,0.000145078.
30.5276,0.000142542.
30.6327,0.000143618.
30.7381,0.000141292.
30.8439,0.000138288.
30.9501,0.000140985.
31.0566,0.000136795.
31.1636,0.000137655.
31.2708,0.000134863.
31.3785,0.000135575.
31.4865,0.00013406.
31.5949,0.000133623.
31.7036,0.000132673.
31.8128,0.000130729.
31.9223,0.000130392.
32.0321,0.000129011.
32.1424,0.000128027.
32.253,0.000127214.
32.3641,0.000125628.
32.4755,0.000125849.
32.5873,0.000124458.
32.6994,0.000123835.
32.812,0.000119786.
32.9249,0.000121428.
33.0383,0.00011965.
33.152,0.000121978.
33.2661,0.000117898.
33.3806,0.000117144.
33.4955,0.000117527.
33.6108,0.000114707.
33.7265,0.000114062.
33.8426,0.000113248.
33.9591,0.000114023.
34.076,0.000112888.
34.1933,0.000111949.
34.311,0.000108843.
34.4291,0.000107701.
34.5476,0.000106319.
34.6665,0.000108055.
34.7859,0.000105467.
34.9056,0.000105674.
35.0258,0.000103262.
35.1463,0.000103828.
35.2673,0.000102373.
35.3887,0.000102036.
35.5105,0.000101474.
35.6328,0.000101363.
35.7554,0.000100029.
35.8785,9.86074e-05.
36.002,9.66271e-05.
36.1259,9.89587e-05.
36.2503,9.67185e-05.
36.3751,9.49361e-05.
36.5003,9.53277e-05.
36.6259,9.47397e-05.
36.752,9.22092e-05.
36.8785,9.3725e-05.
37.0054,9.16143e-05.
37.1328,9.07799e-05.
37.2606,9.08326e-05.
37.3889,8.91318e-05.
37.5176,8.84316e-05.
37.6468,8.87841e-05.
37.7763,8.80238e-05.
37.9064,8.52592e-05.
38.0369,8.47349e-05.
38.1678,8.56068e-05.
38.2992,8.44178e-05.
38.431,8.28454e-05.
38.5633,8.19605e-05.
38.696,8.03319e-05.
38.8292,8.0188e-05.
38.9629,8.00499e-05.
39.097,8.0883e-05.
39.2316,7.87896e-05.
39.3666,7.76503e-05.
39.5022,7.68157e-05.
39.6381,7.68541e-05.
39.7746,7.57141e-05.
39.9115,7.53466e-05.
40.0489,7.55377e-05.
40.1867,7.36894e-05.
40.3251,7.27657e-05.
40.4639,7.21305e-05.
40.6032,7.20977e-05.
40.7429,7.12777e-05.
40.8832,7.0956e-05.
41.0239,7.00354e-05.
41.1651,7.01297e-05.
41.3068,6.85438e-05.
41.449,6.75946e-05.
41.5917,6.72431e-05.
41.7348,6.67885e-05.
41.8785,6.77221e-05.
42.0227,6.53973e-05.
42.1673,6.6298e-05.
42.3125,6.46642e-05.
42.4581,6.42389e-05.
42.6043,6.26916e-05.
42.7509,6.34219e-05.
42.8981,6.25243e-05.
43.0457,6.12155e-05.
43.1939,6.11879e-05.
43.3426,6.00692e-05.
43.4918,6.07713e-05.
43.6415,5.90271e-05.
43.7917,5.87067e-05.
43.9425,5.96469e-05.
44.0937,5.87924e-05.
44.2455,5.7332e-05.
44.3978,5.78048e-05.
44.5506,5.74918e-05.
44.704,5.64648e-05.
44.8579,5.65602e-05.
45.0123,5.49131e-05.
45.1672,5.49189e-05.
45.3227,5.42408e-05.
45.4787,5.38988e-05.
45.6353,5.26789e-05.
45.7923,5.40141e-05.
45.95,5.34479e-05.
46.1081,5.08357e-05.
46.2669,5.24024e-05.
46.4261,5.21879e-05.
46.5859,5.06215e-05.
46.7463,5.00715e-05.
46.9072,5.07628e-05.
47.0687,5.09449e-05.
47.2307,4.84143e-05.
47.3933,4.88654e-05.
47.5564,4.88793e-05.
47.7201,4.75934e-05.
47.8844,4.85339e-05.
48.0492,4.7755e-05.
48.2146,4.71219e-05.
48.3806,4.62501e-05.
48.5471,4.78767e-05.
48.7142,4.5625e-05.
48.8819,4.63444e-05.
49.0501,4.59658e-05.
49.219,4.53507e-05.
49.3884,4.48122e-05.
49.5584,4.38256e-05.
49.729,4.44417e-05.
49.9002,4.40836e-05.
50.072,4.36235e-05.
50.2443,4.31239e-05.
50.4173,4.27815e-05.
50.5908,4.20376e-05.
50.765,4.16942e-05.
50.9397,4.16865e-05.
51.1151,4.09455e-05.
51.291,4.19946e-05.
51.4676,4.12435e-05.
51.6447,4.0098e-05.
51.8225,4.03652e-05.
52.0009,4.01993e-05.
52.1799,3.8996e-05.
52.3595,3.92808e-05.
52.5397,3.8552e-05.
52.7206,3.83239e-05.
52.9021,3.86605e-05.
53.0842,3.77879e-05.
53.2669,3.73378e-05.
53.4502,3.76654e-05.
53.6342,3.68164e-05.
53.8188,3.7364e-05.
54.0041,3.70569e-05.
54.19,3.6717e-05.
54.3765,3.62335e-05.
54.5637,3.56781e-05.
54.7515,3.57259e-05.
54.94,3.51871e-05.
55.1291,3.47486e-05.
55.3189,3.40727e-05.
55.5093,3.46913e-05.
55.7004,3.43485e-05.
55.8921,3.41294e-05.
56.0845,3.42216e-05.
56.2776,3.33884e-05.
56.4713,3.31792e-05.
56.6657,3.25333e-05.
56.8607,3.24162e-05.
57.0565,3.24994e-05.
57.2529,3.20067e-05.
57.4499,3.14227e-05.
57.6477,3.16728e-05.
57.8461,3.1269e-05.
58.0452,3.17844e-05.
58.245,3.10912e-05.
58.4455,3.01914e-05.
58.6467,2.96797e-05.
58.8486,3.00202e-05.
59.0512,2.96887e-05.
59.2544,2.92163e-05.
59.4584,2.9445e-05.
59.6631,2.92263e-05.
59.8684,2.89433e-05.
60.0745,2.84845e-05.
60.2813,2.80088e-05.
60.4888,2.82795e-05.
60.697,2.82473e-05.
60.906,2.76589e-05.
61.1156,2.76103e-05.
61.326,2.68163e-05.
61.5371,2.71121e-05.
61.7489,2.62806e-05.
61.9615,2.67319e-05.
62.1748,2.60956e-05.
62.3888,2.65088e-05.
62.6035,2.61016e-05.
62.819,2.60507e-05.
63.0353,2.49611e-05.
63.2522,2.52934e-05.
63.47,2.49609e-05.
63.6885,2.47219e-05.
63.9077,2.43523e-05.
64.1277,2.47037e-05.
64.3484,2.36706e-05.
64.5699,2.34663e-05.
64.7922,2.33663e-05.
65.0152,2.32897e-05.
65.239,2.33105e-05.
65.4636,2.26134e-05.
65.6889,2.23452e-05.
65.915,2.27518e-05.
66.1419,2.25109e-05.
66.3696,2.21e-05.
66.5981,2.18306e-05.
66.8273,2.17965e-05.
67.0573,2.17253e-05.
67.2882,2.12613e-05.
67.5198,2.05497e-05.
67.7522,2.05978e-05.
67.9854,2.03998e-05.
68.2194,2.02221e-05.
68.4543,2.01863e-05.
68.6899,1.9926e-05.
68.9264,1.96268e-05.
69.1636,2.03645e-05.
69.4017,1.98075e-05.
69.6406,1.9687e-05.
69.8803,1.95613e-05.
70.1209,1.93299e-05.
70.3622,1.88744e-05.
70.6044,1.92349e-05.
70.8475,1.84387e-05.
71.0913,1.87403e-05.
71.336,1.83259e-05.
71.5816,1.80122e-05.
71.828,1.81288e-05.
72.0753,1.78979e-05.
72.3234,1.72981e-05.
72.5723,1.77629e-05.
72.8221,1.79201e-05.
73.0728,1.7593e-05.
73.3243,1.70529e-05.
73.5767,1.73783e-05.
73.83,1.72861e-05.
74.0841,1.68971e-05.
74.3391,1.69925e-05.
74.595,1.65392e-05.
74.8518,1.63873e-05.
75.1095,1.65267e-05.
75.368,1.63244e-05.
75.6274,1.58654e-05.
75.8878,1.61967e-05.
76.149,1.5927e-05.
76.4111,1.59806e-05.
76.6741,1.57694e-05.
76.9381,1.58591e-05.
77.2029,1.53696e-05.
77.4687,1.53966e-05.
77.7353,1.54972e-05.
78.0029,1.50164e-05.
78.2714,1.45485e-05.
78.5408,1.52314e-05.
78.8112,1.49037e-05.
79.0825,1.47403e-05.
79.3547,1.43182e-05.
79.6279,1.44183e-05.
79.902,1.44161e-05.
80.177,1.47261e-05.
80.453,1.45471e-05.
80.7299,1.44131e-05.
81.0078,1.42136e-05.
81.2867,1.34438e-05.
81.5665,1.38071e-05.
81.8472,1.38478e-05.
82.129,1.37162e-05.
82.4117,1.35753e-05.
82.6954,1.3177e-05.
82.98,1.32914e-05.
83.2656,1.30945e-05.
83.5523,1.30893e-05.
83.8399,1.31603e-05.
84.1285,1.28426e-05.
84.4181,1.27717e-05.
84.7086,1.24252e-05.
85.0002,1.27679e-05.
85.2928,1.23151e-05.
85.5864,1.24532e-05.
85.881,1.19058e-05.
86.1767,1.24812e-05.
86.4733,1.19553e-05.
86.771,1.18235e-05.
87.0696,1.15083e-05.
87.3693,1.16972e-05.
87.6701,1.19752e-05.
87.9719,1.13883e-05.
88.2747,1.15299e-05.
88.5786,1.11401e-05.
88.8835,1.14581e-05.
89.1894,1.13054e-05.
89.4964,1.0975e-05.
89.8045,1.1269e-05.
90.1136,1.08355e-05.
90.4238,1.10408e-05.
90.7351,1.05811e-05.
91.0474,1.04936e-05.
91.3608,1.04829e-05.
91.6753,1.09334e-05.
91.9909,1.03447e-05.
92.3075,1.03626e-05.
92.6253,1.00835e-05.
92.9441,1.04046e-05.
93.264,9.96613e-06.
93.5851,1.00077e-05.
93.9072,9.93954e-06.
94.2305,9.76228e-06.
94.5548,9.58558e-06.
94.8803,9.80726e-06.
95.2069,9.4314e-06.
95.5346,9.63594e-06.
95.8635,9.16197e-06.
96.1935,8.94253e-06.
96.5246,9.03451e-06.
96.8568,8.87824e-06.
97.1902,9.12515e-06.
97.5248,8.70781e-06.
97.8605,8.55839e-06.
98.1974,8.67143e-06.
98.5354,8.52676e-06.
98.8746,8.31826e-06.
99.2149,8.21751e-06.
99.5564,8.26702e-06.
99.8991,8.53238e-06.
100.243,7.8603e-06.
100.588,7.83099e-06.
100.934,8.00417e-06.
101.282,7.81683e-06.
101.63,7.94862e-06.
101.98,7.81769e-06.
102.331,7.4707e-06.
102.684,7.49791e-06.
103.037,6.99912e-06.
103.392,7.36512e-06.
103.748,7.07044e-06.
104.105,7.05838e-06.
104.463,6.95227e-06.
104.823,6.84525e-06.
105.183,6.76111e-06.
105.545,6.78356e-06.
105.909,6.5802e-06.
106.273,6.49228e-06.
106.639,6.51283e-06.
107.006,6.57257e-06.
107.375,6.15211e-06.
107.744,6.05968e-06.
108.115,5.91079e-06.
108.487,5.66038e-06.
108.861,6.05259e-06.
109.235,5.65595e-06.
109.611,5.7424e-06.
109.989,5.54751e-06.
110.367,5.30435e-06.
110.747,5.54414e-06.
111.128,5.08322e-06.
111.511,4.92692e-06.
111.895,4.99807e-06.
112.28,4.57004e-06.
112.666,4.84614e-06.
113.054,4.26043e-06.
113.443,4.51529e-06.
113.834,4.18253e-06.
114.226,4.17429e-06.
114.619,3.8549e-06.
115.014,3.61209e-06.
115.409,3.48053e-06.
115.807,3.30368e-06.
116.205,3.3919e-06.
116.605,3.14804e-06.
117.007,2.89077e-06.
117.41,2.76516e-06.
117.814,2.40365e-06.
118.219,2.22454e-06.
118.626,1.97633e-06.
119.034,2.01728e-06.
119.444,1.64515e-06.
119.855,1.39025e-06.
120.268,1.40123e-06.
120.682,1.18215e-06.
121.097,1.08185e-06.
121.514,9.09123e-07.
121.932,8.22078e-07.
122.352,7.5367e-07.
122.773,5.72994e-07.
123.196,5.13209e-07.
123.62,3.65766e-07.
124.046,3.53553e-07.
124.473,2.73549e-07.
124.901,1.86581e-07.
125.331,1.87816e-07.
125.762,1.64572e-07.
126.195,1.28459e-07.
126.63,1.23449e-07.
127.066,1.10764e-07.
127.503,8.94402e-08.
127.942,7.49299e-08.
128.382,6.25195e-08.
128.824,4.75378e-08.
129.268,4.48637e-08.
129.713,4.77949e-08.
130.159,4.47608e-08.
130.607,4.15939e-08.
131.057,3.87613e-08.
131.508,3.74843e-08.
131.961,3.24575e-08.
132.415,4.38652e-08.
132.871,3.53973e-08.
133.328,1.886e-08.
133.787,2.54038e-08.
134.247,1.78615e-08.
134.709,2.67494e-08.
135.173,2.10627e-08.
135.638,2.24683e-08.
136.105,2.14183e-08.
136.574,1.76986e-08.
137.044,9.27786e-09.
137.516,3.11119e-08.
137.989,1.87186e-08.
138.464,2.12041e-08.
138.941,1.58431e-08.
139.419,1.58216e-08.
139.899,1.844e-08.
140.38,9.60355e-09.
140.864,1.45446e-08.
141.349,1.33833e-08.
141.835,4.41395e-09.
142.323,1.98542e-08.
142.813,6.07667e-09.
143.305,1.52903e-08.
143.798,2.18126e-09.
144.293,1.80543e-08.
144.79,1.1622e-08.
145.288,8.56648e-09.
145.788,8.72933e-09.
146.29,1.66144e-08.
146.794,9.27786e-09.
147.299,6.59521e-09.
147.806,5.38244e-09.
148.315,9.4407e-09.
148.825,3.20118e-09.
149.338,1.78615e-08.
149.852,8.42078e-09.
150.368,5.2196e-09.
150.885,2.22583e-08.
151.405,1.07477e-08.
151.926,9.27786e-09.
152.449,9.4407e-09.
152.973,1.77329e-08.
153.5,0
154.028,6.98089e-09.
154.559,6.23952e-09.
155.091,2.18126e-09.
155.624,0
156.16,2.18126e-09.
156.698,6.40236e-09.
157.237,0
157.778,3.03834e-09.
158.321,6.59521e-09.
158.866,1.31433e-08.
159.413,8.56648e-09.
159.962,0
160.513,0
161.065,8.42078e-09.
161.62,0
162.176,4.79963e-09.
162.734,5.52815e-09.
163.294,5.52815e-09.
163.856,8.72933e-09.
164.42,5.38244e-09.
164.986,6.23952e-09.
165.554,0
166.124,0
166.696,0
167.27,0
167.846,3.03834e-09.
168.423,5.52815e-09.
169.003,0
169.585,4.79963e-09.
170.169,1.30918e-08.
170.754,5.52815e-09.
171.342,0
171.932,2.18126e-09.
172.524,4.36252e-09.
173.118,0
173.714,0
174.312,5.52815e-09.
174.912,5.52815e-09.
175.514,0
176.118,0
176.724,0
177.332,5.52815e-09.
177.943,5.52815e-09.
178.555,5.52815e-09.
179.17,0
179.787,0
180.406,2.18126e-09.
181.027,0
181.65,0
182.275,5.52815e-09.
182.902,0
183.532,0
184.164,0
184.798,0
185.434,0
186.072,0
186.713,0
187.355,0
188,0
188.647,0
189.297,0
189.948,0
190.602,0
191.258,5.52815e-09.
191.917,0
192.577,0
193.24,0
193.905,0
194.573,0
195.243,0
195.915,0
196.589,0
197.266,0
197.945,0
198.626,0
199.31,0
199.996,5.52815e-09.
200.684,0
201.375,0
202.068,0
202.764,0
203.462,6.38522e-09.
204.162,6.38522e-09.
204.865,0
205.57,0
206.278,0
206.988,0
207.7,0
208.415,5.52815e-09.
209.133,0
209.853,5.52815e-09.
210.575,0
211.3,6.38522e-09.
212.027,0
212.757,0
213.489,0
214.224,0
214.962,0
215.702,5.52815e-09.
216.444,0
217.189,0
217.937,0
218.687,0
219.44,5.52815e-09.
220.195,6.38522e-09.
220.953,0
221.714,0
222.477,6.85661e-09.
223.243,0
224.011,0
224.782,0
225.556,6.38522e-09.
226.332,6.38522e-09.
227.111,0
227.893,6.38522e-09.
228.678,0
229.465,0
230.255,0
231.047,0
231.843,6.85661e-09.
232.641,0
233.441,0
234.245,0
235.051,0
235.86,0
236.672,0
237.487,6.85661e-09.
238.304,0
239.125,0
239.948,0
240.774,0
241.603,0
242.434,0
243.269,0
244.106,0
244.946,0
245.79,0
246.636,6.85661e-09.
247.485,0
248.337,0
249.191,0
250.049,0
250.91,0
251.774,0
252.64,0
253.51,0
254.383,0
255.258,0
256.137,0
257.019,0
257.903,6.85661e-09.
258.791,0
259.682,0
260.576,0
261.473,0
262.373,0
263.276,0
264.182,0
265.092,0
266.004,0
266.92,0
267.838,0
268.76,0
269.686,0
270.614,0
271.545,0
272.48,0
273.418,0
274.359,0
275.304,0
276.251,0
277.202,0
278.156,0
279.114,0
280.075,0
281.039,0
282.006,0
282.977,0
283.951,0
284.928,0
285.909,0
286.893,0
287.881,0
288.872,0
289.866,0
290.864,0
291.865,0
292.87,0
293.878,0
294.89,0
295.905,0
296.923,0
297.945,0
298.971,0
300,
