0.01,0.000134868.
0.0100344,2.02843e-05.
0.010069,3.72331e-05.
0.0101036,4.92973e-05.
0.0101384,4.79146e-05.
0.0101733,9.09914e-05.
0.0102083,4.71468e-05.
0.0102435,7.29058e-05.
0.0102787,4.75684e-05.
0.0103141,0.000118359.
0.0103496,8.80965e-05.
0.0103852,7.98792e-05.
0.010421,7.53903e-05.
0.0104568,0.00010893.
0.0104928,0.000245728.
0.010529,0.000235923.
0.0105652,0.0002022.
0.0106016,0.000228049.
0.0106381,0.000216251.
0.0106747,0.000219555.
0.0107114,0.000226537.
0.0107483,0.00031044.
0.0107853,0.000231511.
0.0108224,0.000431618.
0.0108597,0.000353591.
0.0108971,0.000328699.
0.0109346,0.000428997.
0.0109722,0.000700296.
0.01101,0.000815145.
0.0110479,0.00104901.
0.0110859,0.00377194.
0.0111241,0.00516981.
0.0111624,0.00494846.
0.0112008,0.00482767.
0.0112393,0.00504699.
0.011278,0.00500908.
0.0113168,0.0052534.
0.0113558,0.00463176.
0.0113949,0.00462075.
0.0114341,0.00461539.
0.0114735,0.00459109.
0.011513,0.00471308.
0.0115526,0.00468504.
0.0115924,0.0048272.
0.0116323,0.00455327.
0.0116723,0.00450391.
0.0117125,0.00464875.
0.0117528,0.0046454.
0.0117933,0.00462144.
0.0118339,0.00490779.
0.0118746,0.00437616.
0.0119155,0.0045811.
0.0119565,0.00463805.
0.0119976,0.00468789.
0.0120389,0.00428165.
0.0120804,0.00397533.
0.012122,0.00434375.
0.0121637,0.00476149.
0.0122056,0.00444505.
0.0122476,0.00465676.
0.0122897,0.00518292.
0.012332,0.00437373.
0.0123745,0.00423617.
0.0124171,0.00423553.
0.0124598,0.00429365.
0.0125027,0.00423113.
0.0125458,0.00414312.
0.0125889,0.00396991.
0.0126323,0.00421976.
0.0126758,0.00430317.
0.0127194,0.00390946.
0.0127632,0.00416053.
0.0128071,0.00404247.
0.0128512,0.00387358.
0.0128954,0.00392597.
0.0129398,0.00397346.
0.0129844,0.00392589.
0.0130291,0.003851.
0.0130739,0.00375066.
0.0131189,0.0040079.
0.0131641,0.00394459.
0.0132094,0.0039051.
0.0132548,0.00370297.
0.0133005,0.00365405.
0.0133463,0.003477.
0.0133922,0.00362234.
0.0134383,0.00387242.
0.0134846,0.00376018.
0.013531,0.00344321.
0.0135775,0.00352055.
0.0136243,0.00388398.
0.0136712,0.00356851.
0.0137182,0.00339143.
0.0137655,0.00352929.
0.0138128,0.00355697.
0.0138604,0.003679.
0.0139081,0.00365911.
0.013956,0.00342301.
0.014004,0.00338914.
0.0140522,0.00352574.
0.0141006,0.00339587.
0.0141491,0.00354545.
0.0141978,0.00332871.
0.0142467,0.00340041.
0.0142957,0.00330156.
0.014345,0.0035235.
0.0143943,0.00289123.
0.0144439,0.00309066.
0.0144936,0.00325522.
0.0145435,0.00322706.
0.0145936,0.00326401.
0.0146438,0.0033585.
0.0146942,0.00309232.
0.0147448,0.00312541.
0.0147955,0.0032588.
0.0148465,0.00335514.
0.0148976,0.00308277.
0.0149488,0.00434545.
0.0150003,0.00323345.
0.0150519,0.00297151.
0.0151038,0.00299568.
0.0151557,0.00295392.
0.0152079,0.00320484.
0.0152603,0.00306997.
0.0153128,0.00286008.
0.0153655,0.00288671.
0.0154184,0.00301412.
0.0154715,0.00288389.
0.0155247,0.00274078.
0.0155782,0.00321546.
0.0156318,0.00313504.
0.0156856,0.00292969.
0.0157396,0.00288844.
0.0157938,0.00291517.
0.0158481,0.00283987.
0.0159027,0.00282385.
0.0159574,0.00291343.
0.0160124,0.00284971.
0.0160675,0.00267256.
0.0161228,0.00279897.
0.0161783,0.0177434.
0.016234,0.00353884.
0.0162898,0.00419864.
0.0163459,0.00331079.
0.0164022,0.00321271.
0.0164586,0.0035744.
0.0165153,0.00296726.
0.0165722,0.00314727.
0.0166292,0.00282875.
0.0166864,0.00311796.
0.0167439,0.00307196.
0.0168015,0.00322762.
0.0168593,0.00429445.
0.0169174,0.00289936.
0.0169756,0.00287792.
0.0170341,0.00296443.
0.0170927,0.00289911.
0.0171515,0.00266811.
0.0172106,0.00251719.
0.0172698,0.00258945.
0.0173293,0.00264856.
0.0173889,0.00272187.
0.0174488,0.00248536.
0.0175088,0.0028084.
0.0175691,0.00238061.
0.0176296,0.00266804.
0.0176903,0.00257657.
0.0177511,0.00240851.
0.0178123,0.00241969.
0.0178736,0.00240979.
0.0179351,0.00246334.
0.0179968,0.00217745.
0.0180588,0.00242517.
0.0181209,0.00209149.
0.0181833,0.00229247.
0.0182459,0.00232415.
0.0183087,0.00226244.
0.0183717,0.00228373.
0.018435,0.00213103.
0.0184984,0.00217027.
0.0185621,0.00220714.
0.018626,0.00227914.
0.0186901,0.00210191.
0.0187545,0.00204953.
0.018819,0.00205396.
0.0188838,0.00297011.
0.0189488,0.00229562.
0.019014,0.00217855.
0.0190795,0.00203204.
0.0191451,0.00168933.
0.019211,0.00198216.
0.0192772,0.00192744.
0.0193435,0.00193739.
0.0194101,0.0020014.
0.0194769,0.00207424.
0.019544,0.00189182.
0.0196112,0.00187703.
0.0196788,0.00195797.
0.0197465,0.00201687.
0.0198145,0.00204989.
0.0198827,0.00173803.
0.0199511,0.00187238.
0.0200198,0.0133433.
0.0200887,0.00234062.
0.0201579,0.00306907.
0.0202272,0.00214072.
0.0202969,0.0026356.
0.0203667,0.00221087.
0.0204368,0.00212982.
0.0205072,0.00192151.
0.0205778,0.00196049.
0.0206486,0.00311382.
0.0207197,0.00206044.
0.020791,0.0024723.
0.0208626,0.00203065.
0.0209344,0.00205183.
0.0210065,0.00198146.
0.0210788,0.00188034.
0.0211513,0.00186614.
0.0212241,0.00191265.
0.0212972,0.00165221.
0.0213705,0.00195283.
0.0214441,0.00181269.
0.0215179,0.00180588.
0.0215919,0.00182689.
0.0216663,0.00180639.
0.0217408,0.0016392.
0.0218157,0.00166209.
0.0218908,0.00172469.
0.0219661,0.00170382.
0.0220417,0.00157185.
0.0221176,0.00175148.
0.0221938,0.00170149.
0.0222701,0.00172851.
0.0223468,0.00165761.
0.0224237,0.00181962.
0.0225009,0.00169546.
0.0225784,0.00195298.
0.0226561,0.00183144.
0.0227341,0.00185781.
0.0228123,0.00185824.
0.0228909,0.00189576.
0.0229697,0.00189764.
0.0230487,0.00187704.
0.0231281,0.00190017.
0.0232077,0.00203982.
0.0232876,0.00178348.
0.0233677,0.0018166.
0.0234482,0.00189254.
0.0235289,0.00184113.
0.0236099,0.00196474.
0.0236911,0.00208683.
0.0237727,0.00222142.
0.0238545,0.00223743.
0.0239366,0.00221796.
0.024019,0.0103659.
0.0241017,0.00277615.
0.0241847,0.00294974.
0.0242679,0.00235643.
0.0243514,0.00240308.
0.0244353,0.00240397.
0.0245194,0.00239926.
0.0246038,0.00242667.
0.0246885,0.00230968.
0.0247735,0.00254507.
0.0248587,0.00249033.
0.0249443,0.00235017.
0.0250302,0.00254428.
0.0251163,0.00261214.
0.0252028,0.00253744.
0.0252895,0.00243957.
0.0253766,0.00256338.
0.0254639,0.00253862.
0.0255516,0.00241575.
0.0256396,0.00233577.
0.0257278,0.00230323.
0.0258164,0.00210967.
0.0259052,0.00211669.
0.0259944,0.00233004.
0.0260839,0.00222563.
0.0261737,0.00239425.
0.0262638,0.00231184.
0.0263542,0.00238718.
0.0264449,0.00234781.
0.0265359,0.00249688.
0.0266273,0.0022516.
0.0267189,0.00241662.
0.0268109,0.0024332.
0.0269032,0.00249181.
0.0269958,0.00229215.
0.0270887,0.00217353.
0.027182,0.00238944.
0.0272755,0.00269498.
0.0273694,0.00218157.
0.0274636,0.00244985.
0.0275582,0.0025791.
0.027653,0.00247226.
0.0277482,0.00230997.
0.0278437,0.00254911.
0.0279396,0.0025127.
0.0280357,0.00244546.
0.0281323,0.00263704.
0.0282291,0.00249704.
0.0283263,0.00256655.
0.0284238,0.0025013.
0.0285216,0.00234193.
0.0286198,0.00277536.
0.0287183,0.00250811.
0.0288172,0.00240236.
0.0289164,0.00268388.
0.0290159,0.00251331.
0.0291158,0.00250382.
0.029216,0.00243044.
0.0293166,0.00217838.
0.0294175,0.00254176.
0.0295187,0.00279952.
0.0296203,0.00242186.
0.0297223,0.0022544.
0.0298246,0.00240582.
0.0299273,0.00238203.
0.0300303,0.00220413.
0.0301337,0.00228727.
0.0302374,0.00249878.
0.0303415,0.0025236.
0.0304459,0.00249941.
0.0305507,0.00218833.
0.0306559,0.0023905.
0.0307614,0.00251311.
0.0308673,0.00218336.
0.0309735,0.00258235.
0.0310802,0.00256589.
0.0311872,0.00254438.
0.0312945,0.00257674.
0.0314022,0.00239543.
0.0315103,0.0025951.
0.0316188,0.00256155.
0.0317276,0.00223063.
0.0318368,0.00245445.
0.0319464,0.00263883.
0.0320564,0.00247631.
0.0321667,0.00240345.
0.0322775,0.00281975.
0.0323886,0.00288892.
0.0325001,0.00268379.
0.0326119,0.00268244.
0.0327242,0.00256866.
0.0328368,0.00236742.
0.0329499,0.00255459.
0.0330633,0.00266953.
0.0331771,0.00251307.
0.0332913,0.0026045.
0.0334059,0.00246115.
0.0335209,0.00230306.
0.0336363,0.00239149.
0.0337521,0.00245691.
0.0338682,0.00224875.
0.0339848,0.0023948.
0.0341018,0.0025946.
0.0342192,0.00264636.
0.034337,0.00252476.
0.0344552,0.0023618.
0.0345738,0.00223157.
0.0346928,0.00244919.
0.0348122,0.00215731.
0.034932,0.00225351.
0.0350523,0.00295465.
0.035173,0.00222256.
0.035294,0.00246218.
0.0354155,0.00249096.
0.0355374,0.00247454.
0.0356597,0.00234802.
0.0357825,0.00268211.
0.0359057,0.00234596.
0.0360293,0.00233403.
0.0361533,0.00281401.
0.0362777,0.0028006.
0.0364026,0.00271477.
0.0365279,0.00246735.
0.0366537,0.00239747.
0.0367798,0.00304308.
0.0369064,0.00258149.
0.0370335,0.00291112.
0.0371609,0.00272.
0.0372889,0.00243367.
0.0374172,0.00269317.
0.037546,0.00268053.
0.0376753,0.0025723.
0.0378049,0.00245367.
0.0379351,0.00250798.
0.0380657,0.00268417.
0.0381967,0.00241394.
0.0383282,0.00259506.
0.0384601,0.0027546.
0.0385925,0.00258246.
0.0387253,0.00250435.
0.0388586,0.00237447.
0.0389924,0.00312333.
0.0391266,0.00259916.
0.0392613,0.00261174.
0.0393965,0.00243505.
0.0395321,0.00280734.
0.0396681,0.00245951.
0.0398047,0.00244089.
0.0399417,0.00264516.
0.0400792,0.00274013.
0.0402172,0.00297183.
0.0403556,0.00267479.
0.0404945,0.00267368.
0.0406339,0.00303868.
0.0407738,0.00262421.
0.0409141,0.00300738.
0.041055,0.00253024.
0.0411963,0.00241876.
0.0413381,0.00263571.
0.0414804,0.00275616.
0.0416232,0.00265327.
0.0417664,0.00281915.
0.0419102,0.00243131.
0.0420545,0.00258641.
0.0421992,0.00274075.
0.0423445,0.0024763.
0.0424903,0.00260195.
0.0426365,0.00246535.
0.0427833,0.00250262.
0.0429306,0.00300472.
0.0430783,0.00255466.
0.0432266,0.00286183.
0.0433754,0.00303053.
0.0435247,0.00259291.
0.0436745,0.00265434.
0.0438249,0.00252278.
0.0439757,0.00257071.
0.0441271,0.00304873.
0.044279,0.0030712.
0.0444314,0.00265486.
0.0445844,0.0028398.
0.0447378,0.00279716.
0.0448918,0.00290527.
0.0450464,0.00288874.
0.0452014,0.00275064.
0.045357,0.00298326.
0.0455131,0.0026642.
0.0456698,0.00257903.
0.045827,0.0026726.
0.0459848,0.00302121.
0.0461431,0.00277723.
0.0463019,0.00289127.
0.0464613,0.00300845.
0.0466212,0.00273442.
0.0467817,0.00287181.
0.0469427,0.00288345.
0.0471043,0.00295715.
0.0472664,0.00292172.
0.0474291,0.00315428.
0.0475924,0.00272785.
0.0477562,0.00280896.
0.0479206,0.00288724.
0.0480856,0.00302773.
0.0482511,0.00309308.
0.0484172,0.00550293.
0.0485839,0.00339906.
0.0487511,0.00315851.
0.0489189,0.00335934.
0.0490873,0.00300223.
0.0492563,0.0031131.
0.0494258,0.00307825.
0.0495959,0.00292798.
0.0497667,0.00301357.
0.049938,0.00289468.
0.0501099,0.00303488.
0.0502824,0.00293315.
0.0504554,0.00310814.
0.0506291,0.0033152.
0.0508034,0.00313603.
0.0509783,0.00297408.
0.0511538,0.00314822.
0.0513298,0.00314628.
0.0515065,0.00303819.
0.0516838,0.00303817.
0.0518617,0.00322522.
0.0520403,0.00328911.
0.0522194,0.00325413.
0.0523991,0.00320512.
0.0525795,0.00329662.
0.0527605,0.00307314.
0.0529421,0.00340621.
0.0531244,0.00311557.
0.0533072,0.0027733.
0.0534907,0.0032187.
0.0536748,0.00316984.
0.0538596,0.00307478.
0.054045,0.00339164.
0.054231,0.00318466.
0.0544177,0.00313142.
0.054605,0.00329301.
0.054793,0.00308459.
0.0549816,0.00303019.
0.0551709,0.00335859.
0.0553608,0.00339572.
0.0555513,0.00358592.
0.0557426,0.0033446.
0.0559344,0.00321404.
0.056127,0.00346325.
0.0563202,0.00328175.
0.056514,0.00338122.
0.0567086,0.00319264.
0.0569038,0.00346423.
0.0570997,0.0033941.
0.0572962,0.00321847.
0.0574934,0.00347698.
0.0576913,0.0035249.
0.0578899,0.00321744.
0.0580892,0.00325273.
0.0582892,0.00341563.
0.0584898,0.00341948.
0.0586911,0.00351818.
0.0588932,0.00335041.
0.0590959,0.00359291.
0.0592993,0.00339365.
0.0595034,0.0034921.
0.0597083,0.00346059.
0.0599138,0.00328854.
0.06012,0.00357462.
0.060327,0.00355039.
0.0605346,0.00377909.
0.060743,0.00353906.
0.0609521,0.00339602.
0.0611619,0.00330627.
0.0613724,0.00366003.
0.0615837,0.00366429.
0.0617957,0.00330495.
0.0620084,0.00375622.
0.0622218,0.00383594.
0.062436,0.00379997.
0.0626509,0.00365257.
0.0628666,0.00344241.
0.063083,0.00356073.
0.0633001,0.00386745.
0.063518,0.00362259.
0.0637367,0.00366158.
0.0639561,0.00389148.
0.0641762,0.00392404.
0.0643971,0.00414768.
0.0646188,0.00386315.
0.0648412,0.00402622.
0.0650644,0.00397529.
0.0652884,0.00398471.
0.0655131,0.003647.
0.0657387,0.00387494.
0.0659649,0.00417775.
0.066192,0.00341886.
0.0664199,0.00398339.
0.0666485,0.00416233.
0.0668779,0.00423902.
0.0671081,0.00389496.
0.0673391,0.00396669.
0.0675709,0.00415604.
0.0678035,0.0043708.
0.0680369,0.00437712.
0.0682711,0.00403651.
0.0685061,0.00404951.
0.0687419,0.004096.
0.0689785,0.00415411.
0.069216,0.00387718.
0.0694542,0.00412481.
0.0696933,0.00413331.
0.0699332,0.00420784.
0.0701739,0.00418427.
0.0704155,0.00433364.
0.0706579,0.00440346.
0.0709011,0.00429103.
0.0711452,0.00425214.
0.0713901,0.00430219.
0.0716358,0.00441223.
0.0718824,0.00429877.
0.0721298,0.0043992.
0.0723781,0.00424481.
0.0726273,0.00413031.
0.0728773,0.0047287.
0.0731281,0.00444639.
0.0733798,0.00454761.
0.0736324,0.00421529.
0.0738859,0.00415096.
0.0741402,0.00423233.
0.0743954,0.0043336.
0.0746515,0.00434111.
0.0749085,0.00445376.
0.0751663,0.00461399.
0.0754251,0.00466683.
0.0756847,0.00479551.
0.0759452,0.00467664.
0.0762067,0.00460317.
0.076469,0.00453684.
0.0767322,0.00449439.
0.0769963,0.00461329.
0.0772614,0.0044715.
0.0775273,0.00488638.
0.0777942,0.00463937.
0.078062,0.00471784.
0.0783307,0.00490457.
0.0786003,0.00440635.
0.0788709,0.00493233.
0.0791424,0.00448311.
0.0794148,0.00487388.
0.0796882,0.00477279.
0.0799625,0.0048124.
0.0802377,0.00471224.
0.0805139,0.00442682.
0.080791,0.00497043.
0.0810692,0.00539413.
0.0813482,0.00507063.
0.0816282,0.00490747.
0.0819092,0.00470456.
0.0821912,0.00490604.
0.0824741,0.00510367.
0.082758,0.00488886.
0.0830428,0.00491359.
0.0833287,0.0051773.
0.0836155,0.00484121.
0.0839034,0.00479577.
0.0841922,0.00477762.
0.084482,0.00490483.
0.0847728,0.0054662.
0.0850646,0.00507448.
0.0853574,0.00491217.
0.0856512,0.00530035.
0.0859461,0.00512605.
0.0862419,0.00509612.
0.0865388,0.00504957.
0.0868367,0.00522023.
0.0871356,0.00544299.
0.0874355,0.00508418.
0.0877365,0.00526634.
0.0880385,0.0052509.
0.0883415,0.00533285.
0.0886456,0.00550387.
0.0889508,0.00571522.
0.089257,0.00519474.
0.0895642,0.00538401.
0.0898725,0.00514735.
0.0901819,0.00529942.
0.0904923,0.00532821.
0.0908038,0.00531586.
0.0911164,0.00568282.
0.09143,0.00567648.
0.0917447,0.00578209.
0.0920605,0.00524582.
0.0923774,0.00609566.
0.0926954,0.00566111.
0.0930145,0.00564525.
0.0933347,0.00556163.
0.0936559,0.00539369.
0.0939783,0.00553116.
0.0943018,0.00561771.
0.0946264,0.0058861.
0.0949522,0.00594804.
0.095279,0.0057262.
0.095607,0.00602472.
0.0959361,0.00596863.
0.0962663,0.00560951.
0.0965977,0.00597572.
0.0969302,0.00592349.
0.0972638,0.00580589.
0.0975986,0.00570054.
0.0979346,0.00608638.
0.0982717,0.006148.
0.09861,0.00604966.
0.0989494,0.00615367.
0.09929,0.00655852.
0.0996318,0.00683067.
0.0999748,0.00599535.
0.100319,0.00632007.
0.100664,0.00622831.
0.101011,0.00601911.
0.101358,0.00644838.
0.101707,0.00628225.
0.102057,0.00692407.
0.102409,0.00664923.
0.102761,0.00651298.
0.103115,0.00650227.
0.10347,0.00636581.
0.103826,0.00656338.
0.104183,0.0065362.
0.104542,0.00652015.
0.104902,0.00681757.
0.105263,0.00644294.
0.105625,0.00661249.
0.105989,0.00680708.
0.106354,0.00691668.
0.10672,0.00680019.
0.107087,0.00718734.
0.107456,0.00710407.
0.107826,0.00697878.
0.108197,0.00710356.
0.108569,0.00702415.
0.108943,0.00695497.
0.109318,0.00644212.
0.109694,0.0066781.
0.110072,0.00703931.
0.110451,0.00737194.
0.110831,0.00761548.
0.111213,0.00725759.
0.111595,0.00722439.
0.11198,0.00676979.
0.112365,0.00724822.
0.112752,0.00763408.
0.11314,0.00717351.
0.113529,0.00725334.
0.11392,0.0073864.
0.114312,0.00728571.
0.114706,0.00730273.
0.115101,0.00740577.
0.115497,0.00741241.
0.115894,0.0076185.
0.116293,0.00757829.
0.116694,0.00766342.
0.117095,0.00759728.
0.117498,0.00837126.
0.117903,0.00746965.
0.118309,0.00773097.
0.118716,0.00769169.
0.119125,0.00816.
0.119535,0.00798947.
0.119946,0.00797407.
0.120359,0.007808.
0.120773,0.00801692.
0.121189,0.00782082.
0.121606,0.00792964.
0.122025,0.00774618.
0.122445,0.00865005.
0.122866,0.0081563.
0.123289,0.0085222.
0.123714,0.00844553.
0.124139,0.00798086.
0.124567,0.00820991.
0.124996,0.00840592.
0.125426,0.00856042.
0.125858,0.00878287.
0.126291,0.00854139.
0.126726,0.00896109.
0.127162,0.00848724.
0.127599,0.00874835.
0.128039,0.00938692.
0.128479,0.00866549.
0.128922,0.00891499.
0.129365,0.00890903.
0.129811,0.00899127.
0.130258,0.0089463.
0.130706,0.00935534.
0.131156,0.00895713.
0.131607,0.00854258.
0.13206,0.00877087.
0.132515,0.00873943.
0.132971,0.00905487.
0.133429,0.00958375.
0.133888,0.00938705.
0.134349,0.00903124.
0.134811,0.00894155.
0.135276,0.0093247.
0.135741,0.00966462.
0.136208,0.00974425.
0.136677,0.00919041.
0.137148,0.00980311.
0.13762,0.00956594.
0.138094,0.00979443.
0.138569,0.00977259.
0.139046,0.0102063.
0.139525,0.0101322.
0.140005,0.00984054.
0.140487,0.0100729.
0.14097,0.0106661.
0.141456,0.0100271.
0.141943,0.0102136.
0.142431,0.0102811.
0.142921,0.0102051.
0.143413,0.0100485.
0.143907,0.0107593.
0.144402,0.0102726.
0.144899,0.0104332.
0.145398,0.010126.
0.145899,0.0106167.
0.146401,0.010534.
0.146905,0.0109181.
0.147411,0.0104676.
0.147918,0.0109592.
0.148427,0.0109611.
0.148938,0.0103501.
0.149451,0.0110322.
0.149965,0.0109394.
0.150481,0.0110417.
0.150999,0.0109483.
0.151519,0.0108651.
0.152041,0.0111629.
0.152564,0.0109738.
0.153089,0.0112457.
0.153616,0.0114254.
0.154145,0.0114564.
0.154676,0.0116133.
0.155208,0.0115274.
0.155742,0.0113408.
0.156278,0.0120727.
0.156816,0.0117877.
0.157356,0.0118708.
0.157898,0.011204.
0.158441,0.0113847.
0.158987,0.0121007.
0.159534,0.0117557.
0.160083,0.0112636.
0.160634,0.0119177.
0.161187,0.0124208.
0.161742,0.013231.
0.162299,0.01191.
0.162857,0.0127333.
0.163418,0.0117863.
0.163981,0.0125983.
0.164545,0.012237.
0.165111,0.0126857.
0.16568,0.0128534.
0.16625,0.0122161.
0.166822,0.0127923.
0.167397,0.0127409.
0.167973,0.0125326.
0.168551,0.0125555.
0.169131,0.0133732.
0.169713,0.0131159.
0.170298,0.013537.
0.170884,0.013887.
0.171472,0.0132973.
0.172062,0.012914.
0.172654,0.0133789.
0.173249,0.0135408.
0.173845,0.0137413.
0.174444,0.0138071.
0.175044,0.0140728.
0.175647,0.0130232.
0.176251,0.013377.
0.176858,0.0137286.
0.177467,0.0141622.
0.178078,0.0136734.
0.178691,0.013871.
0.179306,0.0141247.
0.179923,0.0142287.
0.180542,0.0141395.
0.181164,0.0136048.
0.181787,0.0145161.
0.182413,0.0139006.
0.183041,0.0146492.
0.183671,0.0150754.
0.184303,0.0140427.
0.184938,0.0147057.
0.185574,0.0147197.
0.186213,0.0151552.
0.186854,0.0152323.
0.187497,0.0151156.
0.188143,0.0156825.
0.18879,0.0153278.
0.18944,0.0154708.
0.190092,0.0156824.
0.190747,0.0157551.
0.191403,0.0153304.
0.192062,0.0155331.
0.192723,0.0154736.
0.193387,0.0151723.
0.194052,0.0155825.
0.19472,0.0155813.
0.19539,0.0159765.
0.196063,0.0167592.
0.196738,0.0159434.
0.197415,0.0161839.
0.198095,0.0158898.
0.198777,0.0164408.
0.199461,0.0161187.
0.200147,0.0160934.
0.200836,0.0173233.
0.201528,0.016882.
0.202221,0.0170046.
0.202917,0.0164106.
0.203616,0.0178793.
0.204317,0.0168262.
0.20502,0.0175245.
0.205726,0.017258.
0.206434,0.0169233.
0.207145,0.0176544.
0.207858,0.0176669.
0.208573,0.0176881.
0.209291,0.0179764.
0.210012,0.0180245.
0.210734,0.0182895.
0.21146,0.017424.
0.212188,0.017851.
0.212918,0.0183744.
0.213651,0.0182526.
0.214386,0.0188019.
0.215124,0.0187767.
0.215865,0.0182872.
0.216608,0.0188852.
0.217354,0.0183264.
0.218102,0.0189009.
0.218853,0.0184564.
0.219606,0.0192868.
0.220362,0.0190382.
0.22112,0.0194207.
0.221882,0.0193552.
0.222645,0.019343.
0.223412,0.0197394.
0.224181,0.0199686.
0.224952,0.0200977.
0.225727,0.0199207.
0.226504,0.0200409.
0.227283,0.0200883.
0.228066,0.0195165.
0.228851,0.0196484.
0.229639,0.020063.
0.230429,0.0209795.
0.231222,0.0210252.
0.232018,0.020506.
0.232817,0.0212974.
0.233618,0.020856.
0.234422,0.0212207.
0.235229,0.0210137.
0.236039,0.021455.
0.236852,0.021659.
0.237667,0.0215266.
0.238485,0.0219893.
0.239306,0.0217767.
0.24013,0.0217553.
0.240956,0.0215755.
0.241786,0.0222112.
0.242618,0.0223585.
0.243453,0.0221974.
0.244291,0.0220105.
0.245132,0.0224725.
0.245976,0.022476.
0.246822,0.0229001.
0.247672,0.0231474.
0.248525,0.0227004.
0.24938,0.0224297.
0.250239,0.0236193.
0.2511,0.0234517.
0.251964,0.0242151.
0.252832,0.0243282.
0.253702,0.0238674.
0.254575,0.0235608.
0.255452,0.0233762.
0.256331,0.0242673.
0.257213,0.0240714.
0.258099,0.024496.
0.258987,0.024548.
0.259878,0.0246248.
0.260773,0.0249603.
0.261671,0.0254418.
0.262571,0.0245952.
0.263475,0.0255499.
0.264382,0.0254037.
0.265292,0.0253985.
0.266205,0.025421.
0.267122,0.0257646.
0.268041,0.0251968.
0.268964,0.0266352.
0.26989,0.0264566.
0.270819,0.0267636.
0.271751,0.0259915.
0.272686,0.026013.
0.273625,0.0261359.
0.274567,0.0258806.
0.275512,0.0271531.
0.27646,0.0268743.
0.277412,0.0276428.
0.278367,0.0274831.
0.279325,0.0278881.
0.280287,0.0275306.
0.281252,0.0286492.
0.28222,0.0271566.
0.283191,0.0283145.
0.284166,0.0281404.
0.285144,0.0288905.
0.286126,0.0285205.
0.287111,0.0288494.
0.288099,0.0281229.
0.289091,0.0290679.
0.290086,0.029657.
0.291084,0.0293211.
0.292086,0.0296555.
0.293092,0.0297491.
0.294101,0.0306992.
0.295113,0.030881.
0.296129,0.0299531.
0.297148,0.0294911.
0.298171,0.0307203.
0.299197,0.0300145.
0.300227,0.0319622.
0.301261,0.0324077.
0.302298,0.0302925.
0.303338,0.0321012.
0.304382,0.030299.
0.30543,0.0308762.
0.306482,0.03252.
0.307536,0.0320087.
0.308595,0.032121.
0.309657,0.0320067.
0.310723,0.033025.
0.311793,0.0330853.
0.312866,0.0332054.
0.313943,0.0333901.
0.315024,0.0336406.
0.316108,0.034274.
0.317196,0.0338583.
0.318288,0.0342658.
0.319384,0.0342439.
0.320483,0.0343158.
0.321586,0.033832.
0.322693,0.0350097.
0.323804,0.03538.
0.324919,0.0351767.
0.326037,0.0342701.
0.327159,0.0355949.
0.328286,0.0357588.
0.329416,0.0350969.
0.330549,0.0357684.
0.331687,0.0361808.
0.332829,0.0370492.
0.333975,0.0360211.
0.335124,0.0369199.
0.336278,0.0370759.
0.337435,0.0370685.
0.338597,0.036805.
0.339763,0.0377803.
0.340932,0.0377183.
0.342106,0.0378381.
0.343283,0.0378423.
0.344465,0.0382339.
0.345651,0.0378223.
0.34684,0.0385561.
0.348034,0.0395889.
0.349232,0.0396164.
0.350434,0.0393109.
0.351641,0.0392732.
0.352851,0.0412797.
0.354066,0.0383151.
0.355285,0.0401215.
0.356508,0.0408714.
0.357735,0.0399119.
0.358966,0.0402231.
0.360202,0.0410686.
0.361442,0.0420329.
0.362686,0.0418875.
0.363934,0.0421466.
0.365187,0.0417651.
0.366444,0.0423946.
0.367705,0.0417773.
0.368971,0.0440364.
0.370241,0.0416422.
0.371516,0.0429114.
0.372795,0.0426698.
0.374078,0.0439252.
0.375365,0.0426933.
0.376658,0.0440452.
0.377954,0.0448159.
0.379255,0.0453225.
0.380561,0.0458776.
0.381871,0.0454754.
0.383185,0.0445692.
0.384504,0.0453914.
0.385828,0.0463699.
0.387156,0.0454544.
0.388488,0.0456298.
0.389826,0.0462308.
0.391168,0.0462988.
0.392514,0.0469482.
0.393865,0.0467586.
0.395221,0.0473968.
0.396581,0.0486753.
0.397946,0.0491166.
0.399316,0.0481549.
0.400691,0.047987.
0.40207,0.0488661.
0.403454,0.0477166.
0.404843,0.0485425.
0.406236,0.0500681.
0.407635,0.0505968.
0.409038,0.0506149.
0.410446,0.0500675.
0.411859,0.0511948.
0.413277,0.0506497.
0.414699,0.0512778.
0.416127,0.0501431.
0.417559,0.0512245.
0.418996,0.0520847.
0.420439,0.0531624.
0.421886,0.0530096.
0.423338,0.0530724.
0.424795,0.0526072.
0.426258,0.0531421.
0.427725,0.0546596.
0.429197,0.053907.
0.430675,0.0542083.
0.432157,0.0547735.
0.433645,0.0550768.
0.435137,0.0543295.
0.436635,0.0552427.
0.438138,0.0546442.
0.439646,0.0561588.
0.44116,0.0570761.
0.442678,0.0569233.
0.444202,0.0579728.
0.445731,0.0568336.
0.447265,0.0578881.
0.448805,0.058319.
0.45035,0.058442.
0.4519,0.0580088.
0.453456,0.0594359.
0.455017,0.0591117.
0.456583,0.0591141.
0.458155,0.0613706.
0.459732,0.0603728.
0.461314,0.0606227.
0.462902,0.0623503.
0.464495,0.0612902.
0.466094,0.0621874.
0.467699,0.0623951.
0.469309,0.0628598.
0.470924,0.06314.
0.472545,0.063077.
0.474172,0.0624402.
0.475804,0.0625497.
0.477442,0.0635924.
0.479085,0.064697.
0.480734,0.0648939.
0.482389,0.0658847.
0.48405,0.0637912.
0.485716,0.0663897.
0.487388,0.0673548.
0.489066,0.067442.
0.490749,0.0674281.
0.492438,0.0672934.
0.494133,0.0678098.
0.495834,0.0690936.
0.497541,0.0689816.
0.499254,0.0693527.
0.500972,0.0692022.
0.502697,0.0700386.
0.504427,0.0691552.
0.506164,0.0693905.
0.507906,0.0704429.
0.509654,0.0714669.
0.511409,0.073069.
0.513169,0.0716228.
0.514935,0.0729512.
0.516708,0.0727911.
0.518486,0.0736953.
0.520271,0.072928.
0.522062,0.0743279.
0.523859,0.0745152.
0.525662,0.0751139.
0.527472,0.075081.
0.529288,0.0768094.
0.531109,0.077973.
0.532938,0.0773255.
0.534772,0.0768676.
0.536613,0.0774175.
0.53846,0.0782265.
0.540314,0.0786325.
0.542174,0.0787052.
0.54404,0.0807024.
0.545913,0.0792648.
0.547792,0.0802753.
0.549677,0.0806829.
0.551569,0.0801017.
0.553468,0.0825085.
0.555373,0.081784.
0.557285,0.0822781.
0.559203,0.0809286.
0.561128,0.0835539.
0.56306,0.0844839.
0.564998,0.084895.
0.566943,0.0841167.
0.568894,0.0868218.
0.570853,0.0846165.
0.572818,0.0874393.
0.574789,0.0865391.
0.576768,0.0887603.
0.578753,0.0873365.
0.580745,0.0877738.
0.582744,0.0881884.
0.58475,0.0886959.
0.586763,0.090083.
0.588783,0.0895934.
0.59081,0.0909458.
0.592843,0.0913529.
0.594884,0.0914786.
0.596932,0.0903664.
0.598987,0.0930589.
0.601049,0.0919661.
0.603117,0.0931911.
0.605194,0.0946876.
0.607277,0.0940414.
0.609367,0.0949229.
0.611465,0.0962961.
0.61357,0.0967986.
0.615682,0.0963787.
0.617801,0.0979341.
0.619927,0.0966587.
0.622061,0.0982013.
0.624203,0.0989249.
0.626351,0.0999012.
0.628507,0.0992777.
0.630671,0.100494.
0.632842,0.10145.
0.63502,0.101307.
0.637206,0.103243.
0.639399,0.102071.
0.6416,0.103667.
0.643809,0.10453.
0.646025,0.104355.
0.648249,0.105798.
0.65048,0.105933.
0.652719,0.105189.
0.654966,0.107602.
0.657221,0.107046.
0.659483,0.107643.
0.661753,0.108018.
0.664031,0.11188.
0.666317,0.1099.
0.66861,0.110303.
0.670912,0.109967.
0.673221,0.111629.
0.675539,0.111413.
0.677864,0.114285.
0.680197,0.113372.
0.682539,0.113843.
0.684888,0.115917.
0.687246,0.114394.
0.689611,0.117503.
0.691985,0.115841.
0.694367,0.11847.
0.696757,0.118096.
0.699156,0.118789.
0.701562,0.11981.
0.703977,0.119658.
0.706401,0.120154.
0.708832,0.12365.
0.711272,0.122687.
0.713721,0.123666.
0.716177,0.122688.
0.718643,0.124911.
0.721116,0.124281.
0.723599,0.122996.
0.726089,0.127161.
0.728589,0.125733.
0.731097,0.128303.
0.733613,0.127625.
0.736139,0.13.
0.738673,0.129864.
0.741215,0.141082.
0.743767,0.131819.
0.746327,0.132354.
0.748896,0.133932.
0.751474,0.133347.
0.754061,0.135142.
0.756656,0.133404.
0.759261,0.13486.
0.761874,0.140492.
0.764497,0.136621.
0.767128,0.137378.
0.769769,0.13789.
0.772419,0.139199.
0.775078,0.138376.
0.777746,0.142884.
0.780423,0.139856.
0.783109,0.141819.
0.785805,0.14223.
0.78851,0.143828.
0.791224,0.143412.
0.793948,0.145679.
0.79668,0.146215.
0.799423,0.14597.
0.802175,0.146074.
0.804936,0.147228.
0.807707,0.150159.
0.810487,0.15015.
0.813277,0.150333.
0.816076,0.149232.
0.818885,0.147647.
0.821704,0.15403.
0.824533,0.152774.
0.827371,0.154836.
0.830219,0.153543.
0.833077,0.159782.
0.835944,0.159055.
0.838822,0.156176.
0.841709,0.157771.
0.844607,0.161884.
0.847514,0.160567.
0.850431,0.159677.
0.853359,0.164189.
0.856296,0.16299.
0.859244,0.163115.
0.862201,0.164962.
0.865169,0.163527.
0.868147,0.167685.
0.871136,0.168192.
0.874135,0.167919.
0.877143,0.169628.
0.880163,0.169256.
0.883193,0.173357.
0.886233,0.171808.
0.889283,0.172867.
0.892344,0.169699.
0.895416,0.174749.
0.898498,0.175461.
0.901591,0.176625.
0.904695,0.178708.
0.907809,0.178506.
0.910934,0.179077.
0.914069,0.179827.
0.917216,0.18259.
0.920373,0.180776.
0.923541,0.180993.
0.92672,0.183411.
0.92991,0.185991.
0.933111,0.184142.
0.936323,0.187115.
0.939546,0.185523.
0.94278,0.188964.
0.946026,0.189542.
0.949282,0.190757.
0.95255,0.192506.
0.955829,0.191867.
0.959119,0.19225.
0.96242,0.195153.
0.965733,0.194919.
0.969057,0.19676.
0.972393,0.198389.
0.97574,0.198825.
0.979099,0.200946.
0.982469,0.200503.
0.985851,0.199652.
0.989245,0.200605.
0.99265,0.201006.
0.996067,0.203454.
0.999495,0.20635.
1.00294,0.20593.
1.00639,0.206872.
1.00985,0.207042.
1.01333,0.209557.
1.01682,0.209844.
1.02032,0.21317.
1.02383,0.213136.
1.02735,0.212549.
1.03089,0.215516.
1.03444,0.21344.
1.038,0.2136.
1.04157,0.217324.
1.04516,0.220657.
1.04876,0.218544.
1.05237,0.222439.
1.05599,0.223124.
1.05962,0.219186.
1.06327,0.223264.
1.06693,0.226352.
1.0706,0.224345.
1.07429,0.226889.
1.07799,0.22643.
1.0817,0.226775.
1.08542,0.231756.
1.08916,0.231121.
1.09291,0.229733.
1.09667,0.232.
1.10044,0.233953.
1.10423,0.234533.
1.10803,0.234564.
1.11185,0.232676.
1.11567,0.236344.
1.11951,0.236362.
1.12337,0.238753.
1.12723,0.238584.
1.13111,0.241858.
1.13501,0.24017.
1.13891,0.239452.
1.14283,0.245044.
1.14677,0.243199.
1.15072,0.244736.
1.15468,0.248698.
1.15865,0.246332.
1.16264,0.249789.
1.16664,0.249083.
1.17066,0.2507.
1.17469,0.251475.
1.17873,0.251568.
1.18279,0.252359.
1.18686,0.251324.
1.19095,0.253361.
1.19505,0.255228.
1.19916,0.258535.
1.20329,0.258274.
1.20743,0.261628.
1.21158,0.261301.
1.21576,0.257333.
1.21994,0.261518.
1.22414,0.264275.
1.22835,0.266687.
1.23258,0.265758.
1.23682,0.268312.
1.24108,0.26603.
1.24535,0.266837.
1.24964,0.268328.
1.25394,0.265868.
1.25826,0.27096.
1.26259,0.266163.
1.26694,0.269302.
1.2713,0.270653.
1.27567,0.270956.
1.28006,0.275549.
1.28447,0.273851.
1.28889,0.274268.
1.29333,0.276399.
1.29778,0.278481.
1.30225,0.274395.
1.30673,0.277697.
1.31123,0.278707.
1.31574,0.281763.
1.32027,0.280318.
1.32482,0.279436.
1.32938,0.28007.
1.33395,0.282331.
1.33854,0.283783.
1.34315,0.279944.
1.34777,0.284903.
1.35241,0.284194.
1.35707,0.282443.
1.36174,0.285947.
1.36643,0.286947.
1.37113,0.285955.
1.37585,0.285086.
1.38059,0.287654.
1.38534,0.288977.
1.39011,0.289241.
1.39489,0.29126.
1.3997,0.294441.
1.40451,0.286943.
1.40935,0.29032.
1.4142,0.293876.
1.41907,0.294798.
1.42395,0.291626.
1.42885,0.294664.
1.43377,0.295999.
1.43871,0.296522.
1.44366,0.296169.
1.44863,0.297317.
1.45362,0.297548.
1.45862,0.293818.
1.46364,0.297015.
1.46868,0.297353.
1.47373,0.297539.
1.47881,0.299296.
1.4839,0.296682.
1.48901,0.297856.
1.49413,0.300818.
1.49927,0.296462.
1.50443,0.299901.
1.50961,0.300209.
1.51481,0.297393.
1.52002,0.30193.
1.52526,0.299202.
1.53051,0.300717.
1.53577,0.301597.
1.54106,0.303588.
1.54637,0.303101.
1.55169,0.301949.
1.55703,0.302595.
1.56239,0.301382.
1.56777,0.301545.
1.57316,0.304287.
1.57858,0.301584.
1.58401,0.302207.
1.58947,0.302436.
1.59494,0.302128.
1.60043,0.301435.
1.60594,0.301325.
1.61146,0.301833.
1.61701,0.307251.
1.62258,0.303229.
1.62816,0.299494.
1.63377,0.301583.
1.63939,0.301413.
1.64503,0.302574.
1.6507,0.302507.
1.65638,0.305565.
1.66208,0.300713.
1.6678,0.302177.
1.67354,0.301954.
1.6793,0.29961.
1.68508,0.300696.
1.69088,0.300088.
1.69671,0.297071.
1.70255,0.301208.
1.70841,0.300883.
1.71429,0.30019.
1.72019,0.297185.
1.72611,0.296163.
1.73205,0.299282.
1.73801,0.298388.
1.744,0.300442.
1.75,0.29466.
1.75602,0.293943.
1.76207,0.299568.
1.76813,0.295327.
1.77422,0.292304.
1.78033,0.294794.
1.78645,0.296464.
1.7926,0.295665.
1.79877,0.2953.
1.80497,0.292932.
1.81118,0.294957.
1.81741,0.294086.
1.82367,0.293817.
1.82995,0.294404.
1.83625,0.291033.
1.84257,0.29264.
1.84891,0.291268.
1.85527,0.291483.
1.86166,0.290026.
1.86807,0.288488.
1.8745,0.287341.
1.88095,0.288663.
1.88743,0.292044.
1.89392,0.284062.
1.90044,0.285321.
1.90698,0.283629.
1.91355,0.287722.
1.92014,0.289375.
1.92674,0.283131.
1.93338,0.283974.
1.94003,0.283444.
1.94671,0.283325.
1.95341,0.283651.
1.96014,0.281185.
1.96688,0.280953.
1.97365,0.279839.
1.98045,0.27551.
1.98726,0.281318.
1.9941,0.278569.
2.00097,0.278124.
2.00786,0.275828.
2.01477,0.276197.
2.0217,0.275029.
2.02866,0.275701.
2.03565,0.271723.
2.04265,0.271271.
2.04968,0.272243.
2.05674,0.273108.
2.06382,0.269499.
2.07092,0.268506.
2.07805,0.271154.
2.08521,0.267719.
2.09238,0.266434.
2.09959,0.267043.
2.10681,0.262094.
2.11406,0.264109.
2.12134,0.266295.
2.12864,0.264998.
2.13597,0.263562.
2.14332,0.264328.
2.1507,0.260539.
2.1581,0.261263.
2.16553,0.259558.
2.17299,0.262439.
2.18047,0.256547.
2.18797,0.259432.
2.19551,0.259596.
2.20306,0.255999.
2.21065,0.251808.
2.21826,0.253279.
2.22589,0.251141.
2.23355,0.251532.
2.24124,0.252866.
2.24896,0.248634.
2.2567,0.24985.
2.26447,0.24866.
2.27226,0.245876.
2.28008,0.244652.
2.28793,0.244469.
2.29581,0.242586.
2.30371,0.242916.
2.31164,0.242812.
2.3196,0.240948.
2.32758,0.239877.
2.33559,0.239808.
2.34363,0.237968.
2.3517,0.237049.
2.3598,0.241311.
2.36792,0.23443.
2.37607,0.236131.
2.38425,0.233311.
2.39245,0.233232.
2.40069,0.231898.
2.40895,0.232793.
2.41725,0.233715.
2.42557,0.230077.
2.43392,0.232305.
2.44229,0.230878.
2.4507,0.22639.
2.45914,0.227153.
2.4676,0.226466.
2.4761,0.225548.
2.48462,0.22563.
2.49317,0.221995.
2.50175,0.221825.
2.51037,0.222807.
2.51901,0.21787.
2.52768,0.218927.
2.53638,0.217847.
2.54511,0.217789.
2.55387,0.218379.
2.56266,0.216872.
2.57148,0.213357.
2.58033,0.213697.
2.58922,0.212498.
2.59813,0.213.
2.60707,0.212654.
2.61605,0.210936.
2.62505,0.209712.
2.63409,0.209016.
2.64315,0.20802.
2.65225,0.207127.
2.66138,0.206273.
2.67054,0.206045.
2.67974,0.205296.
2.68896,0.202081.
2.69822,0.203196.
2.7075,0.201935.
2.71682,0.199175.
2.72618,0.200207.
2.73556,0.199738.
2.74498,0.197921.
2.75443,0.195374.
2.76391,0.192828.
2.77342,0.195409.
2.78297,0.193022.
2.79255,0.192239.
2.80216,0.192639.
2.81181,0.190478.
2.82148,0.188787.
2.8312,0.189313.
2.84094,0.18809.
2.85072,0.185655.
2.86053,0.187537.
2.87038,0.184923.
2.88026,0.184456.
2.89018,0.184467.
2.90012,0.185035.
2.91011,0.182635.
2.92013,0.181645.
2.93018,0.180421.
2.94026,0.17803.
2.95038,0.178828.
2.96054,0.177434.
2.97073,0.176597.
2.98096,0.175569.
2.99122,0.176813.
3.00151,0.172103.
3.01185,0.17527.
3.02221,0.174875.
3.03262,0.171871.
3.04306,0.171927.
3.05353,0.170863.
3.06404,0.169761.
3.07459,0.168754.
3.08517,0.169374.
3.09579,0.166235.
3.10645,0.166425.
3.11714,0.166103.
3.12787,0.165407.
3.13864,0.160959.
3.14944,0.164594.
3.16028,0.162326.
3.17116,0.160244.
3.18208,0.158381.
3.19303,0.15828.
3.20402,0.158647.
3.21505,0.157992.
3.22612,0.156396.
3.23722,0.154132.
3.24837,0.154179.
3.25955,0.152995.
3.27077,0.154038.
3.28203,0.151998.
3.29332,0.151559.
3.30466,0.151886.
3.31604,0.151254.
3.32745,0.148299.
3.3389,0.147928.
3.3504,0.146594.
3.36193,0.144535.
3.3735,0.144091.
3.38512,0.140715.
3.39677,0.14437.
3.40846,0.143546.
3.42019,0.143039.
3.43197,0.1428.
3.44378,0.141934.
3.45563,0.140147.
3.46753,0.139433.
3.47947,0.135303.
3.49144,0.135945.
3.50346,0.136277.
3.51552,0.135466.
3.52762,0.137172.
3.53976,0.133526.
3.55195,0.135704.
3.56418,0.135133.
3.57644,0.132644.
3.58876,0.130858.
3.60111,0.131157.
3.6135,0.130723.
3.62594,0.129953.
3.63842,0.128833.
3.65095,0.128028.
3.66352,0.12697.
3.67613,0.126255.
3.68878,0.126916.
3.70148,0.125359.
3.71422,0.125086.
3.72701,0.122567.
3.73983,0.122831.
3.75271,0.121639.
3.76563,0.123036.
3.77859,0.12149.
3.79159,0.12091.
3.80465,0.120705.
3.81774,0.119509.
3.83088,0.119816.
3.84407,0.11815.
3.8573,0.116595.
3.87058,0.117855.
3.8839,0.114878.
3.89727,0.114153.
3.91069,0.113896.
3.92415,0.114194.
3.93766,0.112394.
3.95121,0.112873.
3.96481,0.11184.
3.97846,0.112072.
3.99216,0.110431.
4.0059,0.108833.
4.01969,0.108025.
4.03352,0.10626.
4.04741,0.108935.
4.06134,0.107269.
4.07532,0.106465.
4.08935,0.104781.
4.10342,0.105266.
4.11755,0.103157.
4.13172,0.102958.
4.14595,0.103307.
4.16022,0.102671.
4.17454,0.101256.
4.18891,0.102078.
4.20333,0.0991927.
4.21779,0.0996371.
4.23231,0.0988604.
4.24688,0.0998373.
4.2615,0.0987895.
4.27617,0.0990191.
4.29089,0.0962813.
4.30566,0.0975103.
4.32048,0.0956764.
4.33535,0.0936614.
4.35028,0.0946365.
4.36525,0.0939383.
4.38028,0.0927001.
4.39535,0.0922428.
4.41048,0.092751.
4.42567,0.0916071.
4.4409,0.0921964.
4.45619,0.0907768.
4.47153,0.0903205.
4.48692,0.089859.
4.50236,0.089332.
4.51786,0.0877986.
4.53341,0.0875164.
4.54902,0.0877925.
4.56468,0.0859318.
4.58039,0.0853507.
4.59616,0.0852802.
4.61198,0.0842771.
4.62785,0.0846682.
4.64378,0.0843464.
4.65977,0.0844093.
4.67581,0.0841457.
4.6919,0.08096.
4.70805,0.0813753.
4.72426,0.0817028.
4.74052,0.0791103.
4.75684,0.0799424.
4.77321,0.0805422.
4.78964,0.0784805.
4.80613,0.0783861.
4.82268,0.0803952.
4.83928,0.0782947.
4.85593,0.0766116.
4.87265,0.0770036.
4.88942,0.0763825.
4.90625,0.0756396.
4.92314,0.0763268.
4.94009,0.0748096.
4.95709,0.0745315.
4.97416,0.0733218.
4.99128,0.0740697.
5.00846,0.0718895.
5.0257,0.0734393.
5.043,0.0740168.
5.06036,0.0720931.
5.07778,0.073092.
5.09526,0.0714482.
5.11279,0.0694898.
5.13039,0.0697163.
5.14805,0.0692072.
5.16578,0.0694011.
5.18356,0.0681563.
5.2014,0.0668572.
5.2193,0.0670359.
5.23727,0.0652714.
5.2553,0.0672064.
5.27339,0.0662828.
5.29154,0.066593.
5.30976,0.0652928.
5.32803,0.065176.
5.34637,0.0634082.
5.36478,0.0629649.
5.38324,0.0632613.
5.40177,0.0629734.
5.42037,0.061278.
5.43903,0.0618799.
5.45775,0.0632142.
5.47653,0.0607828.
5.49539,0.0603216.
5.5143,0.060822.
5.53328,0.0591124.
5.55233,0.0606573.
5.57144,0.0593256.
5.59062,0.0583545.
5.60987,0.0568766.
5.62918,0.0561017.
5.64855,0.0572284.
5.668,0.056338.
5.68751,0.0569273.
5.70708,0.0563822.
5.72673,0.0562551.
5.74644,0.0553987.
5.76622,0.0559354.
5.78607,0.0537522.
5.80599,0.0546458.
5.82597,0.0536331.
5.84603,0.053194.
5.86615,0.0526547.
5.88634,0.0514849.
5.90661,0.0511218.
5.92694,0.0519601.
5.94734,0.0510706.
5.96781,0.0502475.
5.98836,0.0501655.
6.00897,0.0495421.
6.02965,0.0495556.
6.05041,0.0503373.
6.07124,0.0496633.
6.09213,0.0490262.
6.1131,0.048427.
6.13415,0.0498791.
6.15526,0.0488047.
6.17645,0.0473476.
6.19771,0.0475413.
6.21904,0.0466951.
6.24045,0.0468109.
6.26193,0.0470203.
6.28349,0.0454106.
6.30512,0.0447663.
6.32682,0.0448122.
6.3486,0.0441746.
6.37045,0.0439389.
6.39238,0.0443995.
6.41439,0.0433483.
6.43647,0.0425817.
6.45862,0.0422599.
6.48085,0.0421994.
6.50316,0.0417299.
6.52555,0.0423302.
6.54801,0.0424131.
6.57055,0.0416377.
6.59317,0.0412498.
6.61586,0.0401411.
6.63863,0.0399128.
6.66149,0.0402055.
6.68442,0.0392214.
6.70743,0.0379408.
6.73051,0.0388142.
6.75368,0.0386996.
6.77693,0.0383508.
6.80026,0.0381078.
6.82367,0.0376231.
6.84715,0.0364287.
6.87072,0.0361838.
6.89437,0.0371102.
6.91811,0.0360967.
6.94192,0.0359994.
6.96582,0.0365658.
6.98979,0.0353046.
7.01385,0.0353107.
7.038,0.0343042.
7.06222,0.0348868.
7.08653,0.0341535.
7.11093,0.0342825.
7.13541,0.0337896.
7.15997,0.0327009.
7.18461,0.032536.
7.20934,0.0321062.
7.23416,0.0319033.
7.25906,0.0319233.
7.28405,0.0317193.
7.30912,0.0311271.
7.33428,0.0312894.
7.35953,0.0295585.
7.38486,0.0307273.
7.41028,0.0304536.
7.43579,0.0294251.
7.46139,0.029682.
7.48707,0.0290503.
7.51284,0.0292987.
7.5387,0.0283822.
7.56465,0.0290566.
7.59069,0.0290585.
7.61682,0.0281067.
7.64304,0.0277052.
7.66935,0.0268782.
7.69575,0.0275336.
7.72224,0.0268237.
7.74882,0.0267202.
7.77549,0.0258753.
7.80226,0.026432.
7.82912,0.0251209.
7.85607,0.0248325.
7.88311,0.0251792.
7.91024,0.0244944.
7.93747,0.0242612.
7.96479,0.0237884.
7.99221,0.0237319.
8.01972,0.0234344.
8.04733,0.0243696.
8.07503,0.0233171.
8.10283,0.0229335.
8.13072,0.0226329.
8.1587,0.0231653.
8.18679,0.0228994.
8.21497,0.0216039.
8.24325,0.0220857.
8.27162,0.0212458.
8.3001,0.0215452.
8.32867,0.0211885.
8.35734,0.0207729.
8.3861,0.0202303.
8.41497,0.019814.
8.44394,0.0202088.
8.473,0.0194611.
8.50217,0.0195171.
8.53143,0.0192244.
8.5608,0.0192453.
8.59027,0.018548.
8.61984,0.0189124.
8.64951,0.0176264.
8.67928,0.0177632.
8.70916,0.0178849.
8.73914,0.0171489.
8.76922,0.0173993.
8.79941,0.0166192.
8.8297,0.016927.
8.86009,0.0164496.
8.89059,0.0168977.
8.92119,0.0156529.
8.9519,0.0163556.
8.98272,0.0161423.
9.01364,0.0157511.
9.04466,0.0151712.
9.0758,0.014843.
9.10704,0.0144843.
9.13839,0.0145805.
9.16984,0.0146372.
9.20141,0.0142901.
9.23308,0.0146552.
9.26486,0.0136518.
9.29676,0.0134476.
9.32876,0.0140583.
9.36087,0.0131116.
9.39309,0.0132002.
9.42542,0.0131567.
9.45787,0.0127878.
9.49042,0.0125015.
9.52309,0.0122278.
9.55587,0.0124801.
9.58877,0.0120971.
9.62177,0.0116537.
9.65489,0.0118825.
9.68813,0.0108914.
9.72148,0.0111497.
9.75494,0.011064.
9.78852,0.0103007.
9.82221,0.0105312.
9.85602,0.0108709.
9.88995,0.00960656.
9.92399,0.00984109.
9.95816,0.00994683.
9.99243,0.00896725.
10.0268,0.00953496.
10.0613,0.00895805.
10.096,0.00889813.
10.1307,0.0091631.
10.1656,0.0084923.
10.2006,0.00848535.
10.2357,0.00845594.
10.2709,0.00862534.
10.3063,0.00818122.
10.3418,0.00801186.
10.3774,0.00800523.
10.4131,0.00804437.
10.4489,0.00806699.
10.4849,0.00794823.
10.521,0.00734667.
10.5572,0.00738877.
10.5936,0.00667385.
10.63,0.00679693.
10.6666,0.00659452.
10.7033,0.0061408.
10.7402,0.00665997.
10.7771,0.0064599.
10.8142,0.00633941.
10.8515,0.00600947.
10.8888,0.00601211.
10.9263,0.00617023.
10.9639,0.005925.
11.0016,0.00581791.
11.0395,0.00533122.
11.0775,0.00537017.
11.1156,0.00514747.
11.1539,0.005347.
11.1923,0.00520087.
11.2308,0.00498754.
11.2695,0.0049381.
11.3083,0.00511212.
11.3472,0.00463429.
11.3863,0.00491272.
11.4255,0.0046954.
11.4648,0.0046109.
11.5043,0.00415587.
11.5439,0.00411892.
11.5836,0.00430221.
11.6235,0.00393923.
11.6635,0.00404819.
11.7036,0.00371405.
11.7439,0.00380187.
11.7843,0.00394106.
11.8249,0.00381342.
11.8656,0.00367937.
11.9065,0.003768.
11.9474,0.00329538.
11.9886,0.00342473.
12.0298,0.00335212.
12.0712,0.00339585.
12.1128,0.00340156.
12.1545,0.00311775.
12.1963,0.00320968.
12.2383,0.00303036.
12.2804,0.00279754.
12.3227,0.00306092.
12.3651,0.00260268.
12.4077,0.00269396.
12.4504,0.00271583.
12.4933,0.00279425.
12.5363,0.00260929.
12.5794,0.00257237.
12.6227,0.00269629.
12.6662,0.00234284.
12.7098,0.00246303.
12.7535,0.00244967.
12.7974,0.00229213.
12.8415,0.00236728.
12.8857,0.0020961.
12.93,0.00199333.
12.9745,0.00193816.
13.0192,0.00180001.
13.064,0.00183565.
13.109,0.00199858.
13.1541,0.00187482.
13.1994,0.00178093.
13.2448,0.00181868.
13.2904,0.00180586.
13.3362,0.00189852.
13.3821,0.00169316.
13.4281,0.00163928.
13.4743,0.00173458.
13.5207,0.0015316.
13.5673,0.00168852.
13.614,0.0014444.
13.6608,0.00153906.
13.7079,0.00123699.
13.755,0.00150476.
13.8024,0.00123144.
13.8499,0.00134894.
13.8976,0.00123862.
13.9454,0.00133816.
13.9934,0.00128175.
14.0416,0.00133213.
14.0899,0.0011358.
14.1384,0.00117598.
14.1871,0.00107237.
14.2359,0.00116245.
14.2849,0.0010474.
14.3341,0.000983688.
14.3834,0.00120223.
14.433,0.000974146.
14.4826,0.000978464.
14.5325,0.000989268.
14.5825,0.000868253.
14.6327,0.0010637.
14.6831,0.00101877.
14.7336,0.000862204.
14.7843,0.000890984.
14.8352,0.000847274.
14.8863,0.000847558.
14.9375,0.000872106.
14.989,0.000787047.
15.0406,0.0008275.
15.0923,0.000814256.
15.1443,0.000758268.
15.1964,0.000751726.
15.2487,0.000600194.
15.3012,0.000757347.
15.3539,0.000735067.
15.4067,0.000613055.
15.4598,0.000716682.
15.513,0.00063916.
15.5664,0.000602351.
15.62,0.000728249.
15.6737,0.000592727.
15.7277,0.000606161.
15.7818,0.000682048.
15.8361,0.000615852.
15.8907,0.000611779.
15.9454,0.000554051.
16.0002,0.000559047.
16.0553,0.000543054.
16.1106,0.000551004.
16.166,0.000551792.
16.2217,0.000580908.
16.2775,0.000498562.
16.3336,0.000517423.
16.3898,0.000459102.
16.4462,0.000488907.
16.5028,0.000465818.
16.5596,0.000439421.
16.6166,0.000428594.
16.6738,0.000372137.
16.7312,0.000417899.
16.7888,0.000382694.
16.8466,0.000397094.
16.9046,0.000436699.
16.9628,0.000390785.
17.0212,0.000450001.
17.0798,0.000395585.
17.1385,0.000376778.
17.1975,0.000335211.
17.2567,0.000436894.
17.3161,0.000397353.
17.3757,0.000387649.
17.4356,0.000394598.
17.4956,0.000353191.
17.5558,0.000331561.
17.6162,0.000349242.
17.6769,0.000342066.
17.7377,0.000351381.
17.7988,0.00031709.
17.86,0.000333164.
17.9215,0.000291866.
17.9832,0.000292862.
18.0451,0.000286158.
18.1072,0.000307854.
18.1696,0.000307097.
18.2321,0.000288895.
18.2949,0.000282301.
18.3578,0.000283753.
18.421,0.000241813.
18.4844,0.000292228.
18.5481,0.000251231.
18.6119,0.000261712.
18.676,0.000241626.
18.7403,0.000270331.
18.8048,0.000255725.
18.8695,0.000253886.
18.9345,0.000232228.
18.9996,0.000215468.
19.065,0.00021269.
19.1307,0.000235585.
19.1965,0.000245756.
19.2626,0.000227882.
19.3289,0.000209648.
19.3954,0.000229373.
19.4622,0.000234441.
19.5292,0.000221575.
19.5964,0.000207661.
19.6639,0.0002033.
19.7316,0.000210556.
19.7995,0.000186305.
19.8676,0.000201212.
19.936,0.000228002.
20.0046,0.000194133.
20.0735,0.000188964.
20.1426,0.000191106.
20.2119,0.000192509.
20.2815,0.000184967.
20.3513,0.000206729.
20.4214,0.000195749.
20.4917,0.000173257.
20.5622,0.000170214.
20.633,0.000185305.
20.704,0.000197113.
20.7753,0.000184712.
20.8468,0.000166419.
20.9186,0.000178338.
20.9906,0.000182464.
21.0628,0.000177063.
21.1353,0.000171016.
21.2081,0.000160788.
21.2811,0.000165764.
21.3543,0.000157238.
21.4278,0.000172793.
21.5016,0.000162491.
21.5756,0.000154373.
21.6499,0.000156903.
21.7244,0.000148925.
21.7992,0.000158698.
21.8742,0.000146625.
21.9495,0.000145023.
22.0251,0.000146636.
22.1009,0.000153058.
22.177,0.00014349.
22.2533,0.000145021.
22.3299,0.000154092.
22.4068,0.00013802.
22.4839,0.000137051.
22.5613,0.000135809.
22.6389,0.000134331.
22.7169,0.000133038.
22.7951,0.000132068.
22.8735,0.000135009.
22.9523,0.000131046.
23.0313,0.000128349.
23.1106,0.000127382.
23.1901,0.000129812.
23.2699,0.000125737.
23.35,0.000133358.
23.4304,0.000125238.
23.5111,0.000122315.
23.592,0.000122244.
23.6732,0.000121216.
23.7547,0.000119259.
23.8365,0.000119524.
23.9185,0.000118476.
24.0008,0.000118202.
24.0835,0.0001154.
24.1664,0.000114843.
24.2496,0.000114981.
24.333,0.00011245.
24.4168,0.00011402.
24.5008,0.000111059.
24.5852,0.000118387.
24.6698,0.000109209.
24.7547,0.000108607.
24.8399,0.000108486.
24.9254,0.000107658.
25.0112,0.000107018.
25.0973,0.00010558.
25.1837,0.000105543.
25.2704,0.000103552.
25.3574,0.000102788.
25.4447,0.000102093.
25.5323,0.000102282.
25.6202,9.95863e-05.
25.7083,9.91353e-05.
25.7968,9.8998e-05.
25.8856,9.77174e-05.
25.9747,9.79931e-05.
26.0641,9.72575e-05.
26.1539,9.61789e-05.
26.2439,9.424e-05.
26.3342,9.54748e-05.
26.4249,9.26185e-05.
26.5158,9.38043e-05.
26.6071,9.19166e-05.
26.6987,9.09896e-05.
26.7906,9.07381e-05.
26.8828,8.95287e-05.
26.9754,8.85312e-05.
27.0682,8.84093e-05.
27.1614,8.77573e-05.
27.2549,8.74795e-05.
27.3487,8.72023e-05.
27.4428,8.71138e-05.
27.5373,8.61123e-05.
27.6321,8.49236e-05.
27.7272,8.3075e-05.
27.8227,8.30255e-05.
27.9184,8.32595e-05.
28.0145,8.20764e-05.
28.111,8.14212e-05.
28.2077,8.06599e-05.
28.3048,8.08e-05.
28.4023,7.96205e-05.
28.5,7.84253e-05.
28.5981,7.8067e-05.
28.6966,7.73925e-05.
28.7954,7.72149e-05.
28.8945,7.73052e-05.
28.9939,7.61669e-05.
29.0937,7.53774e-05.
29.1939,7.58965e-05.
29.2944,7.4254e-05.
29.3952,7.47266e-05.
29.4964,7.28286e-05.
29.5979,7.30954e-05.
29.6998,7.15861e-05.
29.802,7.23167e-05.
29.9046,7.13058e-05.
30.0076,7.09619e-05.
30.1109,6.97953e-05.
30.2145,6.97089e-05.
30.3185,6.99913e-05.
30.4229,6.85934e-05.
30.5276,6.74442e-05.
30.6327,6.79749e-05.
30.7381,6.68303e-05.
30.8439,6.54429e-05.
30.9501,6.67326e-05.
31.0566,6.47348e-05.
31.1636,6.51369e-05.
31.2708,6.38695e-05.
31.3785,6.41718e-05.
31.4865,6.34676e-05.
31.5949,6.32881e-05.
31.7036,6.28238e-05.
31.8128,6.19078e-05.
31.9223,6.17463e-05.
32.0321,6.10808e-05.
32.1424,6.06358e-05.
32.253,6.02332e-05.
32.3641,5.9505e-05.
32.4755,5.95997e-05.
32.5873,5.89555e-05.
32.6994,5.86443e-05.
32.812,5.67411e-05.
32.9249,5.75289e-05.
33.0383,5.66965e-05.
33.152,5.78188e-05.
33.2661,5.58803e-05.
33.3806,5.55554e-05.
33.4955,5.57342e-05.
33.6108,5.43984e-05.
33.7265,5.41021e-05.
33.8426,5.36995e-05.
33.9591,5.40707e-05.
34.076,5.3566e-05.
34.1933,5.31149e-05.
34.311,5.16435e-05.
34.4291,5.11221e-05.
34.5476,5.04674e-05.
34.6665,5.13223e-05.
34.7859,5.01027e-05.
34.9056,5.01794e-05.
35.0258,4.90621e-05.
35.1463,4.93244e-05.
35.2673,4.86488e-05.
35.3887,4.85041e-05.
35.5105,4.82338e-05.
35.6328,4.8189e-05.
35.7554,4.75497e-05.
35.8785,4.68985e-05.
36.002,4.59899e-05.
36.1259,4.71006e-05.
36.2503,4.60287e-05.
36.3751,4.51555e-05.
36.5003,4.54111e-05.
36.6259,4.5136e-05.
36.752,4.39476e-05.
36.8785,4.46941e-05.
37.0054,4.36639e-05.
37.1328,4.3266e-05.
37.2606,4.33219e-05.
37.3889,4.25402e-05.
37.5176,4.22052e-05.
37.6468,4.2364e-05.
37.7763,4.20202e-05.
37.9064,4.0711e-05.
38.0369,4.04888e-05.
38.1678,4.08858e-05.
38.2992,4.03605e-05.
38.431,3.96005e-05.
38.5633,3.92197e-05.
38.696,3.84375e-05.
38.8292,3.83931e-05.
38.9629,3.83336e-05.
39.097,3.87184e-05.
39.2316,3.77789e-05.
39.3666,3.72014e-05.
39.5022,3.68347e-05.
39.6381,3.6812e-05.
39.7746,3.63003e-05.
39.9115,3.61541e-05.
40.0489,3.62717e-05.
40.1867,3.54272e-05.
40.3251,3.4974e-05.
40.4639,3.46723e-05.
40.6032,3.4631e-05.
40.7429,3.42841e-05.
40.8832,3.41643e-05.
41.0239,3.36916e-05.
41.1651,3.37807e-05.
41.3068,3.3019e-05.
41.449,3.25922e-05.
41.5917,3.24088e-05.
41.7348,3.22243e-05.
41.8785,3.26901e-05.
42.0227,3.15837e-05.
42.1673,3.20089e-05.
42.3125,3.12563e-05.
42.4581,3.10784e-05.
42.6043,3.03601e-05.
42.7509,3.07187e-05.
42.8981,3.0293e-05.
43.0457,2.9655e-05.
43.1939,2.96464e-05.
43.3426,2.91326e-05.
43.4918,2.94725e-05.
43.6415,2.86924e-05.
43.7917,2.8536e-05.
43.9425,2.89923e-05.
44.0937,2.86082e-05.
44.2455,2.79089e-05.
44.3978,2.8129e-05.
44.5506,2.80005e-05.
44.704,2.74988e-05.
44.8579,2.75613e-05.
45.0123,2.67895e-05.
45.1672,2.67923e-05.
45.3227,2.64817e-05.
45.4787,2.63399e-05.
45.6353,2.57631e-05.
45.7923,2.6393e-05.
45.95,2.61614e-05.
46.1081,2.49228e-05.
46.2669,2.56626e-05.
46.4261,2.55568e-05.
46.5859,2.48417e-05.
46.7463,2.45629e-05.
46.9072,2.49312e-05.
47.0687,2.49945e-05.
47.2307,2.37999e-05.
47.3933,2.4025e-05.
47.5564,2.40382e-05.
47.7201,2.3415e-05.
47.8844,2.39081e-05.
48.0492,2.34954e-05.
48.2146,2.32324e-05.
48.3806,2.27856e-05.
48.5471,2.36091e-05.
48.7142,2.24997e-05.
48.8819,2.28605e-05.
49.0501,2.26684e-05.
49.219,2.24235e-05.
49.3884,2.21311e-05.
49.5584,2.16701e-05.
49.729,2.19958e-05.
49.9002,2.1785e-05.
50.072,2.1567e-05.
50.2443,2.13181e-05.
50.4173,2.11609e-05.
50.5908,2.07903e-05.
50.765,2.06411e-05.
50.9397,2.06466e-05.
51.1151,2.02847e-05.
51.291,2.07958e-05.
51.4676,2.044e-05.
51.6447,1.98874e-05.
51.8225,2.00146e-05.
52.0009,1.99506e-05.
52.1799,1.93401e-05.
52.3595,1.94795e-05.
52.5397,1.91281e-05.
52.7206,1.90069e-05.
52.9021,1.91466e-05.
53.0842,1.87405e-05.
53.2669,1.8516e-05.
53.4502,1.86731e-05.
53.6342,1.82601e-05.
53.8188,1.85357e-05.
54.0041,1.83761e-05.
54.19,1.82094e-05.
54.3765,1.79562e-05.
54.5637,1.77006e-05.
54.7515,1.77186e-05.
54.94,1.74439e-05.
55.1291,1.71926e-05.
55.3189,1.6896e-05.
55.5093,1.71759e-05.
55.7004,1.70181e-05.
55.8921,1.6878e-05.
56.0845,1.69153e-05.
56.2776,1.65124e-05.
56.4713,1.6441e-05.
56.6657,1.60718e-05.
56.8607,1.59938e-05.
57.0565,1.60782e-05.
57.2529,1.57821e-05.
57.4499,1.55308e-05.
57.6477,1.56228e-05.
57.8461,1.54154e-05.
58.0452,1.56871e-05.
58.245,1.53286e-05.
58.4455,1.48812e-05.
58.6467,1.46179e-05.
58.8486,1.47843e-05.
59.0512,1.46102e-05.
59.2544,1.43905e-05.
59.4584,1.44777e-05.
59.6631,1.43768e-05.
59.8684,1.42231e-05.
60.0745,1.39726e-05.
60.2813,1.37505e-05.
60.4888,1.38753e-05.
60.697,1.38429e-05.
60.906,1.35559e-05.
61.1156,1.35267e-05.
61.326,1.31202e-05.
61.5371,1.32748e-05.
61.7489,1.28786e-05.
61.9615,1.3064e-05.
62.1748,1.27478e-05.
62.3888,1.29658e-05.
62.6035,1.27442e-05.
62.819,1.27266e-05.
63.0353,1.21918e-05.
63.2522,1.23467e-05.
63.47,1.21822e-05.
63.6885,1.20462e-05.
63.9077,1.18793e-05.
64.1277,1.20217e-05.
64.3484,1.15299e-05.
64.5699,1.14236e-05.
64.7922,1.13684e-05.
65.0152,1.13312e-05.
65.239,1.13218e-05.
65.4636,1.10043e-05.
65.6889,1.08597e-05.
65.915,1.10491e-05.
66.1419,1.09391e-05.
66.3696,1.07481e-05.
66.5981,1.06065e-05.
66.8273,1.05855e-05.
67.0573,1.05498e-05.
67.2882,1.03184e-05.
67.5198,9.9715e-06.
67.7522,9.99916e-06.
67.9854,9.89629e-06.
68.2194,9.81932e-06.
68.4543,9.78825e-06.
68.6899,9.68001e-06.
68.9264,9.54459e-06.
69.1636,9.87932e-06.
69.4017,9.6095e-06.
69.6406,9.55401e-06.
69.8803,9.49662e-06.
70.1209,9.38129e-06.
70.3622,9.16485e-06.
70.6044,9.32669e-06.
70.8475,8.95094e-06.
71.0913,9.09789e-06.
71.336,8.90454e-06.
71.5816,8.75648e-06.
71.828,8.82211e-06.
72.0753,8.70953e-06.
72.3234,8.4155e-06.
72.5723,8.63835e-06.
72.8221,8.72579e-06.
73.0728,8.5741e-06.
73.3243,8.31627e-06.
73.5767,8.46067e-06.
73.83,8.43277e-06.
74.0841,8.2455e-06.
74.3391,8.28941e-06.
74.595,8.07236e-06.
74.8518,8.0004e-06.
75.1095,8.07092e-06.
75.368,7.97547e-06.
75.6274,7.75619e-06.
75.8878,7.90739e-06.
76.149,7.78284e-06.
76.4111,7.81792e-06.
76.6741,7.73035e-06.
76.9381,7.75487e-06.
77.2029,7.5392e-06.
77.4687,7.53464e-06.
77.7353,7.60189e-06.
78.0029,7.37419e-06.
78.2714,7.1448e-06.
78.5408,7.48816e-06.
78.8112,7.31727e-06.
79.0825,7.24615e-06.
79.3547,7.04075e-06.
79.6279,7.09342e-06.
79.902,7.09019e-06.
80.177,7.24616e-06.
80.453,7.16817e-06.
80.7299,7.10179e-06.
81.0078,7.001e-06.
81.2867,6.63934e-06.
81.5665,6.79623e-06.
81.8472,6.8316e-06.
82.129,6.76856e-06.
82.4117,6.70493e-06.
82.6954,6.5052e-06.
82.98,6.55837e-06.
83.2656,6.4806e-06.
83.5523,6.47621e-06.
83.8399,6.51739e-06.
84.1285,6.36215e-06.
84.4181,6.31685e-06.
84.7086,6.14511e-06.
85.0002,6.32528e-06.
85.2928,6.10559e-06.
85.5864,6.1711e-06.
85.881,5.90447e-06.
86.1767,6.19874e-06.
86.4733,5.93564e-06.
86.771,5.87418e-06.
87.0696,5.71925e-06.
87.3693,5.8067e-06.
87.6701,5.96511e-06.
87.9719,5.67895e-06.
88.2747,5.74572e-06.
88.5786,5.55511e-06.
88.8835,5.70689e-06.
89.1894,5.63695e-06.
89.4964,5.46591e-06.
89.8045,5.622e-06.
90.1136,5.41561e-06.
90.4238,5.50958e-06.
90.7351,5.28991e-06.
91.0474,5.25656e-06.
91.3608,5.25088e-06.
91.6753,5.46723e-06.
91.9909,5.18177e-06.
92.3075,5.18965e-06.
92.6253,5.04848e-06.
92.9441,5.20853e-06.
93.264,5.00915e-06.
93.5851,5.02858e-06.
93.9072,4.991e-06.
94.2305,4.91047e-06.
94.5548,4.82116e-06.
94.8803,4.92882e-06.
95.2069,4.74643e-06.
95.5346,4.85902e-06.
95.8635,4.615e-06.
96.1935,4.50479e-06.
96.5246,4.55993e-06.
96.8568,4.47693e-06.
97.1902,4.61373e-06.
97.5248,4.39841e-06.
97.8605,4.33308e-06.
98.1974,4.38286e-06.
98.5354,4.32276e-06.
98.8746,4.20568e-06.
99.2149,4.16266e-06.
99.5564,4.18915e-06.
99.8991,4.32378e-06.
100.243,3.9879e-06.
100.588,3.96483e-06.
100.934,4.06948e-06.
101.282,3.97976e-06.
101.63,4.04748e-06.
101.98,3.97644e-06.
102.331,3.80213e-06.
102.684,3.83513e-06.
103.037,3.57306e-06.
103.392,3.74895e-06.
103.748,3.59542e-06.
104.105,3.60841e-06.
104.463,3.55052e-06.
104.823,3.49864e-06.
105.183,3.45861e-06.
105.545,3.46257e-06.
105.909,3.36647e-06.
106.273,3.32376e-06.
106.639,3.34181e-06.
107.006,3.37169e-06.
107.375,3.15949e-06.
107.744,3.10881e-06.
108.115,3.03032e-06.
108.487,2.91096e-06.
108.861,3.10451e-06.
109.235,2.91818e-06.
109.611,2.95765e-06.
109.989,2.86177e-06.
110.367,2.7348e-06.
110.747,2.85142e-06.
111.128,2.62127e-06.
111.511,2.54806e-06.
111.895,2.58013e-06.
112.28,2.36018e-06.
112.666,2.50403e-06.
113.054,2.20242e-06.
113.443,2.34299e-06.
113.834,2.16481e-06.
114.226,2.15968e-06.
114.619,1.99678e-06.
115.014,1.87702e-06.
115.409,1.80711e-06.
115.807,1.72116e-06.
116.205,1.76216e-06.
116.605,1.64266e-06.
117.007,1.50195e-06.
117.41,1.43737e-06.
117.814,1.2511e-06.
118.219,1.15317e-06.
118.626,1.0293e-06.
119.034,1.04566e-06.
119.444,8.57449e-07.
119.855,7.20758e-07.
120.268,7.28518e-07.
120.682,6.14804e-07.
121.097,5.60308e-07.
121.514,4.71621e-07.
121.932,4.2763e-07.
122.352,3.9263e-07.
122.773,3.00794e-07.
123.196,2.65944e-07.
123.62,1.88859e-07.
124.046,1.82479e-07.
124.473,1.44225e-07.
124.901,9.72456e-08.
125.331,9.72566e-08.
125.762,8.6281e-08.
126.195,6.75946e-08.
126.63,6.3476e-08.
127.066,5.68462e-08.
127.503,4.57541e-08.
127.942,3.91299e-08.
128.382,3.28217e-08.
128.824,2.49281e-08.
129.268,2.34092e-08.
129.713,2.49447e-08.
130.159,2.26664e-08.
130.607,2.15079e-08.
131.057,1.97174e-08.
131.508,1.90079e-08.
131.961,1.62972e-08.
132.415,2.26498e-08.
132.871,1.79602e-08.
133.328,9.87256e-09.
133.787,1.31819e-08.
134.247,9.11313e-09.
134.709,1.42795e-08.
135.173,1.07373e-08.
135.638,1.11808e-08.
136.105,1.09092e-08.
136.574,8.98009e-09.
137.044,4.60646e-09.
137.516,1.56653e-08.
137.989,9.34595e-09.
138.464,1.12639e-08.
138.941,7.98785e-09.
139.419,8.38142e-09.
139.899,9.39584e-09.
140.38,4.87253e-09.
140.864,7.67188e-09.
141.349,6.77942e-09.
141.835,2.02884e-09.
142.323,9.71735e-09.
142.813,2.98228e-09.
143.305,7.28385e-09.
143.798,1.25832e-09.
144.293,9.15194e-09.
144.79,5.99782e-09.
145.288,4.43461e-09.
145.788,4.56765e-09.
146.29,7.84927e-09.
146.794,4.60646e-09.
147.299,3.28716e-09.
147.806,2.8825e-09.
148.315,4.73949e-09.
148.825,1.62418e-09.
149.338,9.11313e-09.
149.852,4.37364e-09.
150.368,2.74946e-09.
150.885,1.10865e-08.
151.405,5.69294e-09.
151.926,4.60646e-09.
152.449,4.73949e-09.
152.973,8.43685e-09.
153.5,0
154.028,3.53106e-09.
154.559,3.11532e-09.
155.091,1.25832e-09.
155.624,0
156.16,1.25832e-09.
156.698,3.24836e-09.
157.237,0
157.778,1.49114e-09.
158.321,3.28716e-09.
158.866,6.59649e-09.
159.413,4.43461e-09.
159.962,0
160.513,0
161.065,4.37364e-09.
161.62,0
162.176,2.27274e-09.
162.734,2.94348e-09.
163.294,2.94348e-09.
163.856,4.56765e-09.
164.42,2.8825e-09.
164.986,3.11532e-09.
165.554,0
166.124,0
166.696,0
167.27,0
167.846,1.49114e-09.
168.423,2.94348e-09.
169.003,0
169.585,2.27274e-09.
170.169,7.0843e-09.
170.754,2.94348e-09.
171.342,0
171.932,1.25832e-09.
172.524,2.51664e-09.
173.118,0
173.714,0
174.312,2.94348e-09.
174.912,2.94348e-09.
175.514,0
176.118,0
176.724,0
177.332,2.94348e-09.
177.943,2.94348e-09.
178.555,2.94348e-09.
179.17,0
179.787,0
180.406,1.25832e-09.
181.027,0
181.65,0
182.275,2.94348e-09.
182.902,0
183.532,0
184.164,0
184.798,0
185.434,0
186.072,0
186.713,0
187.355,0
188,0
188.647,0
189.297,0
189.948,0
190.602,0
191.258,2.94348e-09.
191.917,0
192.577,0
193.24,0
193.905,0
194.573,0
195.243,0
195.915,0
196.589,0
197.266,0
197.945,0
198.626,0
199.31,0
199.996,2.94348e-09.
200.684,0
201.375,0
202.068,0
202.764,0
203.462,3.22064e-09.
204.162,3.22064e-09.
204.865,0
205.57,0
206.278,0
206.988,0
207.7,0
208.415,2.94348e-09.
209.133,0
209.853,2.94348e-09.
210.575,0
211.3,3.22064e-09.
212.027,0
212.757,0
213.489,0
214.224,0
214.962,0
215.702,2.94348e-09.
216.444,0
217.189,0
217.937,0
218.687,0
219.44,2.94348e-09.
220.195,3.22064e-09.
220.953,0
221.714,0
222.477,3.18184e-09.
223.243,0
224.011,0
224.782,0
225.556,3.22064e-09.
226.332,3.22064e-09.
227.111,0
227.893,3.22064e-09.
228.678,0
229.465,0
230.255,0
231.047,0
231.843,3.18184e-09.
232.641,0
233.441,0
234.245,0
235.051,0
235.86,0
236.672,0
237.487,3.18184e-09.
238.304,0
239.125,0
239.948,0
240.774,0
241.603,0
242.434,0
243.269,0
244.106,0
244.946,0
245.79,0
246.636,3.18184e-09.
247.485,0
248.337,0
249.191,0
250.049,0
250.91,0
251.774,0
252.64,0
253.51,0
254.383,0
255.258,0
256.137,0
257.019,0
257.903,3.18184e-09.
258.791,0
259.682,0
260.576,0
261.473,0
262.373,0
263.276,0
264.182,0
265.092,0
266.004,0
266.92,0
267.838,0
268.76,0
269.686,0
270.614,0
271.545,0
272.48,0
273.418,0
274.359,0
275.304,0
276.251,0
277.202,0
278.156,0
279.114,0
280.075,0
281.039,0
282.006,0
282.977,0
283.951,0
284.928,0
285.909,0
286.893,0
287.881,0
288.872,0
289.866,0
290.864,0
291.865,0
292.87,0
293.878,0
294.89,0
295.905,0
296.923,0
297.945,0
298.971,0
300,
