0.01,9.85642e-06.
0.0100344,1.86927e-05.
0.010069,2.09176e-05.
0.0101036,2.06549e-05.
0.0101384,1.49888e-05.
0.0101733,1.91294e-05.
0.0102083,1.79145e-05.
0.0102435,2.73033e-05.
0.0102787,1.8821e-05.
0.0103141,2.44609e-05.
0.0103496,3.45973e-05.
0.0103852,2.32974e-05.
0.010421,3.95864e-05.
0.0104568,5.4659e-05.
0.0104928,8.16905e-05.
0.010529,8.01621e-05.
0.0105652,8.73258e-05.
0.0106016,9.4531e-05.
0.0106381,9.7698e-05.
0.0106747,9.64918e-05.
0.0107114,9.56417e-05.
0.0107483,8.0681e-05.
0.0107853,0.000125262.
0.0108224,0.000113059.
0.0108597,0.000130989.
0.0108971,0.00011714.
0.0109346,0.000153933.
0.0109722,0.000285186.
0.01101,0.000301874.
0.0110479,0.000379286.
0.0110859,0.00136499.
0.0111241,0.00198583.
0.0111624,0.00192707.
0.0112008,0.00199397.
0.0112393,0.00200404.
0.011278,0.00193566.
0.0113168,0.00192546.
0.0113558,0.00199153.
0.0113949,0.00193162.
0.0114341,0.00197985.
0.0114735,0.00191265.
0.011513,0.00182803.
0.0115526,0.00187531.
0.0115924,0.00185677.
0.0116323,0.00193641.
0.0116723,0.00186569.
0.0117125,0.00191641.
0.0117528,0.00193607.
0.0117933,0.0018647.
0.0118339,0.00180942.
0.0118746,0.00183354.
0.0119155,0.00185389.
0.0119565,0.00184852.
0.0119976,0.0017426.
0.0120389,0.00172188.
0.0120804,0.00178306.
0.012122,0.00182878.
0.0121637,0.00179148.
0.0122056,0.00177309.
0.0122476,0.0017594.
0.0122897,0.0018658.
0.012332,0.00182869.
0.0123745,0.00175264.
0.0124171,0.00169692.
0.0124598,0.00170339.
0.0125027,0.00166547.
0.0125458,0.00176072.
0.0125889,0.00161392.
0.0126323,0.00167265.
0.0126758,0.00169828.
0.0127194,0.00164394.
0.0127632,0.00160819.
0.0128071,0.00162343.
0.0128512,0.00161926.
0.0128954,0.00154646.
0.0129398,0.00165935.
0.0129844,0.00162383.
0.0130291,0.00156745.
0.0130739,0.00158635.
0.0131189,0.00157.
0.0131641,0.00150176.
0.0132094,0.00156244.
0.0132548,0.00157378.
0.0133005,0.00152097.
0.0133463,0.00146295.
0.0133922,0.00149069.
0.0134383,0.00152822.
0.0134846,0.00153277.
0.013531,0.00138348.
0.0135775,0.00146087.
0.0136243,0.00146047.
0.0136712,0.00142282.
0.0137182,0.00138151.
0.0137655,0.00151472.
0.0138128,0.00141915.
0.0138604,0.00146137.
0.0139081,0.0013743.
0.013956,0.00139557.
0.014004,0.00144362.
0.0140522,0.00138433.
0.0141006,0.00137977.
0.0141491,0.00133174.
0.0141978,0.00133933.
0.0142467,0.00131503.
0.0142957,0.00132352.
0.014345,0.00131993.
0.0143943,0.00128318.
0.0144439,0.00135424.
0.0144936,0.00125646.
0.0145435,0.00129924.
0.0145936,0.00124786.
0.0146438,0.00127305.
0.0146942,0.001277.
0.0147448,0.00127184.
0.0147955,0.00126157.
0.0148465,0.00124823.
0.0148976,0.0012567.
0.0149488,0.00145664.
0.0150003,0.00124458.
0.0150519,0.00127519.
0.0151038,0.00127669.
0.0151557,0.00125535.
0.0152079,0.0011811.
0.0152603,0.00127381.
0.0153128,0.00120714.
0.0153655,0.00120316.
0.0154184,0.00117737.
0.0154715,0.00116621.
0.0155247,0.00114626.
0.0155782,0.00118052.
0.0156318,0.00116115.
0.0156856,0.00116815.
0.0157396,0.00118183.
0.0157938,0.00109617.
0.0158481,0.00124136.
0.0159027,0.00114576.
0.0159574,0.00113379.
0.0160124,0.0011348.
0.0160675,0.00109987.
0.0161228,0.00112877.
0.0161783,0.00334202.
0.016234,0.00121866.
0.0162898,0.00127875.
0.0163459,0.00118253.
0.0164022,0.00114794.
0.0164586,0.00120619.
0.0165153,0.00114077.
0.0165722,0.00112652.
0.0166292,0.00102524.
0.0166864,0.00109616.
0.0167439,0.00109905.
0.0168015,0.00109406.
0.0168593,0.00122073.
0.0169174,0.00111708.
0.0169756,0.00108947.
0.0170341,0.00106533.
0.0170927,0.00108341.
0.0171515,0.00105322.
0.0172106,0.000998642.
0.0172698,0.00103186.
0.0173293,0.000933075.
0.0173889,0.000955271.
0.0174488,0.000926565.
0.0175088,0.00081625.
0.0175691,0.000885663.
0.0176296,0.000913991.
0.0176903,0.000867227.
0.0177511,0.000876787.
0.0178123,0.000818322.
0.0178736,0.000836568.
0.0179351,0.000798598.
0.0179968,0.000842992.
0.0180588,0.000787032.
0.0181209,0.000785252.
0.0181833,0.000827115.
0.0182459,0.000771921.
0.0183087,0.000764685.
0.0183717,0.000815931.
0.018435,0.000732329.
0.0184984,0.000738304.
0.0185621,0.000738491.
0.018626,0.000685909.
0.0186901,0.000738632.
0.0187545,0.000724936.
0.018819,0.000731759.
0.0188838,0.000738407.
0.0189488,0.00069679.
0.019014,0.000768383.
0.0190795,0.000655299.
0.0191451,0.000692525.
0.019211,0.000619069.
0.0192772,0.000691855.
0.0193435,0.000656813.
0.0194101,0.000654934.
0.0194769,0.000610578.
0.019544,0.000614348.
0.0196112,0.000623105.
0.0196788,0.000630275.
0.0197465,0.000631447.
0.0198145,0.000650045.
0.0198827,0.000587133.
0.0199511,0.000594817.
0.0200198,0.00198539.
0.0200887,0.00067392.
0.0201579,0.000726397.
0.0202272,0.00063041.
0.0202969,0.000648194.
0.0203667,0.000591378.
0.0204368,0.000572784.
0.0205072,0.000554296.
0.0205778,0.000586001.
0.0206486,0.000624678.
0.0207197,0.000566785.
0.020791,0.000581881.
0.0208626,0.000534714.
0.0209344,0.000530002.
0.0210065,0.000556871.
0.0210788,0.000530483.
0.0211513,0.000490179.
0.0212241,0.000540357.
0.0212972,0.000533499.
0.0213705,0.00051276.
0.0214441,0.000482652.
0.0215179,0.000482336.
0.0215919,0.000476205.
0.0216663,0.000501594.
0.0217408,0.000494772.
0.0218157,0.000457881.
0.0218908,0.000495215.
0.0219661,0.000435079.
0.0220417,0.00049869.
0.0221176,0.000499013.
0.0221938,0.000452629.
0.0222701,0.000446524.
0.0223468,0.000515015.
0.0224237,0.000502889.
0.0225009,0.000514292.
0.0225784,0.000525053.
0.0226561,0.000554605.
0.0227341,0.000567254.
0.0228123,0.000554113.
0.0228909,0.000602644.
0.0229697,0.000577961.
0.0230487,0.000579121.
0.0231281,0.000594104.
0.0232077,0.000611449.
0.0232876,0.00059835.
0.0233677,0.000585181.
0.0234482,0.00064037.
0.0235289,0.000662177.
0.0236099,0.000626282.
0.0236911,0.000634632.
0.0237727,0.000658693.
0.0238545,0.000705662.
0.0239366,0.000722289.
0.024019,0.00134085.
0.0241017,0.000736174.
0.0241847,0.000812204.
0.0242679,0.000798264.
0.0243514,0.000733718.
0.0244353,0.000708614.
0.0245194,0.000760654.
0.0246038,0.000754885.
0.0246885,0.000735666.
0.0247735,0.000771064.
0.0248587,0.000754454.
0.0249443,0.000787522.
0.0250302,0.000791952.
0.0251163,0.000793294.
0.0252028,0.000771959.
0.0252895,0.000764733.
0.0253766,0.000825768.
0.0254639,0.000821474.
0.0255516,0.000803671.
0.0256396,0.000777575.
0.0257278,0.00074455.
0.0258164,0.000770504.
0.0259052,0.0007864.
0.0259944,0.000771138.
0.0260839,0.000780783.
0.0261737,0.000796283.
0.0262638,0.000798905.
0.0263542,0.000855277.
0.0264449,0.000832289.
0.0265359,0.000837496.
0.0266273,0.000829893.
0.0267189,0.000795025.
0.0268109,0.000832182.
0.0269032,0.000784553.
0.0269958,0.000853224.
0.0270887,0.000834598.
0.027182,0.000881035.
0.0272755,0.000889433.
0.0273694,0.000849115.
0.0274636,0.000850379.
0.0275582,0.000859216.
0.027653,0.000884981.
0.0277482,0.000875002.
0.0278437,0.000879462.
0.0279396,0.000872307.
0.0280357,0.000947136.
0.0281323,0.000853463.
0.0282291,0.000843972.
0.0283263,0.000871341.
0.0284238,0.000860666.
0.0285216,0.000856174.
0.0286198,0.000876024.
0.0287183,0.000890675.
0.0288172,0.000894097.
0.0289164,0.000858714.
0.0290159,0.00083462.
0.0291158,0.000895073.
0.029216,0.000843453.
0.0293166,0.000940311.
0.0294175,0.000851201.
0.0295187,0.000882912.
0.0296203,0.000903842.
0.0297223,0.000844941.
0.0298246,0.000809448.
0.0299273,0.000815436.
0.0300303,0.000782098.
0.0301337,0.000823045.
0.0302374,0.00086703.
0.0303415,0.000852222.
0.0304459,0.000801656.
0.0305507,0.00080659.
0.0306559,0.000818245.
0.0307614,0.000806428.
0.0308673,0.000780472.
0.0309735,0.000814862.
0.0310802,0.000787355.
0.0311872,0.000777666.
0.0312945,0.000776658.
0.0314022,0.000771274.
0.0315103,0.000775715.
0.0316188,0.000804608.
0.0317276,0.000792214.
0.0318368,0.000775212.
0.0319464,0.000761519.
0.0320564,0.000774376.
0.0321667,0.000796657.
0.0322775,0.000837561.
0.0323886,0.000790311.
0.0325001,0.0007581.
0.0326119,0.000774237.
0.0327242,0.000706413.
0.0328368,0.000782393.
0.0329499,0.000802799.
0.0330633,0.000734904.
0.0331771,0.000724443.
0.0332913,0.000765896.
0.0334059,0.000710548.
0.0335209,0.000770121.
0.0336363,0.000723641.
0.0337521,0.000702515.
0.0338682,0.000686586.
0.0339848,0.000689209.
0.0341018,0.000686535.
0.0342192,0.000739319.
0.034337,0.000752365.
0.0344552,0.000668469.
0.0345738,0.000660211.
0.0346928,0.000727626.
0.0348122,0.000707239.
0.034932,0.000738645.
0.0350523,0.000729602.
0.035173,0.000682131.
0.035294,0.000731919.
0.0354155,0.000680788.
0.0355374,0.000651701.
0.0356597,0.00071189.
0.0357825,0.000699842.
0.0359057,0.000700446.
0.0360293,0.000689318.
0.0361533,0.000737236.
0.0362777,0.000702213.
0.0364026,0.000735904.
0.0365279,0.000737449.
0.0366537,0.000670562.
0.0367798,0.000688002.
0.0369064,0.000680211.
0.0370335,0.000679878.
0.0371609,0.000730484.
0.0372889,0.000760251.
0.0374172,0.00066688.
0.037546,0.000702321.
0.0376753,0.000697515.
0.0378049,0.000751633.
0.0379351,0.000648346.
0.0380657,0.000677619.
0.0381967,0.000708244.
0.0383282,0.000677177.
0.0384601,0.000693125.
0.0385925,0.000698233.
0.0387253,0.000660911.
0.0388586,0.000704038.
0.0389924,0.000700539.
0.0391266,0.000701821.
0.0392613,0.000715077.
0.0393965,0.000678786.
0.0395321,0.000704762.
0.0396681,0.000723717.
0.0398047,0.000674941.
0.0399417,0.000686221.
0.0400792,0.000758239.
0.0402172,0.000726656.
0.0403556,0.000750364.
0.0404945,0.000712965.
0.0406339,0.000762928.
0.0407738,0.000758968.
0.0409141,0.000749382.
0.041055,0.000785675.
0.0411963,0.000720401.
0.0413381,0.000741704.
0.0414804,0.000727053.
0.0416232,0.000712337.
0.0417664,0.000720856.
0.0419102,0.00074611.
0.0420545,0.00072016.
0.0421992,0.000721296.
0.0423445,0.000779559.
0.0424903,0.000736542.
0.0426365,0.00069439.
0.0427833,0.000714993.
0.0429306,0.000708469.
0.0430783,0.000747785.
0.0432266,0.000714143.
0.0433754,0.000648018.
0.0435247,0.000736169.
0.0436745,0.000720656.
0.0438249,0.00072686.
0.0439757,0.000719902.
0.0441271,0.000768794.
0.044279,0.000754433.
0.0444314,0.000725408.
0.0445844,0.000762106.
0.0447378,0.000714084.
0.0448918,0.000723315.
0.0450464,0.000706817.
0.0452014,0.000740849.
0.045357,0.000724052.
0.0455131,0.000688422.
0.0456698,0.000747005.
0.045827,0.000717321.
0.0459848,0.000655359.
0.0461431,0.000722045.
0.0463019,0.000674363.
0.0464613,0.000718818.
0.0466212,0.000730018.
0.0467817,0.000669123.
0.0469427,0.000661177.
0.0471043,0.000679701.
0.0472664,0.000661587.
0.0474291,0.00067107.
0.0475924,0.000686397.
0.0477562,0.00070444.
0.0479206,0.000708432.
0.0480856,0.000704588.
0.0482511,0.00070776.
0.0484172,0.000990388.
0.0485839,0.000718243.
0.0487511,0.000712958.
0.0489189,0.000711715.
0.0490873,0.000764894.
0.0492563,0.000700379.
0.0494258,0.000697081.
0.0495959,0.000705409.
0.0497667,0.000704559.
0.049938,0.00071448.
0.0501099,0.000688993.
0.0502824,0.000626331.
0.0504554,0.000671831.
0.0506291,0.000682477.
0.0508034,0.00069201.
0.0509783,0.000682061.
0.0511538,0.000689161.
0.0513298,0.00070209.
0.0515065,0.000741187.
0.0516838,0.000674313.
0.0518617,0.000696519.
0.0520403,0.000723669.
0.0522194,0.000687222.
0.0523991,0.000714567.
0.0525795,0.000666684.
0.0527605,0.000668793.
0.0529421,0.000690878.
0.0531244,0.000725715.
0.0533072,0.00069248.
0.0534907,0.000695592.
0.0536748,0.000716758.
0.0538596,0.00069736.
0.054045,0.000719642.
0.054231,0.000723041.
0.0544177,0.000670064.
0.054605,0.000689774.
0.054793,0.000653302.
0.0549816,0.000702391.
0.0551709,0.000718148.
0.0553608,0.000687098.
0.0555513,0.000680662.
0.0557426,0.000689325.
0.0559344,0.000663664.
0.056127,0.000693858.
0.0563202,0.000654518.
0.056514,0.000685872.
0.0567086,0.000681744.
0.0569038,0.000642942.
0.0570997,0.000701436.
0.0572962,0.000753404.
0.0574934,0.00066478.
0.0576913,0.000659183.
0.0578899,0.000689013.
0.0580892,0.000727808.
0.0582892,0.000675889.
0.0584898,0.000679182.
0.0586911,0.000706126.
0.0588932,0.000672516.
0.0590959,0.000646184.
0.0592993,0.000682912.
0.0595034,0.000674894.
0.0597083,0.000688203.
0.0599138,0.00065591.
0.06012,0.00069848.
0.060327,0.00068185.
0.0605346,0.000627901.
0.060743,0.000732551.
0.0609521,0.000687775.
0.0611619,0.000683555.
0.0613724,0.000718244.
0.0615837,0.000714986.
0.0617957,0.000676534.
0.0620084,0.000694022.
0.0622218,0.00068491.
0.062436,0.000687878.
0.0626509,0.00074197.
0.0628666,0.000664709.
0.063083,0.000728907.
0.0633001,0.000662567.
0.063518,0.000696876.
0.0637367,0.00070356.
0.0639561,0.000666516.
0.0641762,0.000668675.
0.0643971,0.000709555.
0.0646188,0.000694318.
0.0648412,0.000672643.
0.0650644,0.000673133.
0.0652884,0.000693591.
0.0655131,0.000689333.
0.0657387,0.000681127.
0.0659649,0.000688322.
0.066192,0.000649262.
0.0664199,0.000726646.
0.0666485,0.000693802.
0.0668779,0.000693055.
0.0671081,0.000708273.
0.0673391,0.000667118.
0.0675709,0.000679176.
0.0678035,0.000712272.
0.0680369,0.000699855.
0.0682711,0.000693397.
0.0685061,0.000670672.
0.0687419,0.000685401.
0.0689785,0.00069056.
0.069216,0.000694525.
0.0694542,0.000666366.
0.0696933,0.000714843.
0.0699332,0.000665457.
0.0701739,0.000703057.
0.0704155,0.000691861.
0.0706579,0.000686726.
0.0709011,0.000689433.
0.0711452,0.000689948.
0.0713901,0.000730743.
0.0716358,0.000664412.
0.0718824,0.000751497.
0.0721298,0.000692282.
0.0723781,0.000675629.
0.0726273,0.000759169.
0.0728773,0.000710538.
0.0731281,0.000718494.
0.0733798,0.000665536.
0.0736324,0.000705733.
0.0738859,0.000698812.
0.0741402,0.000655214.
0.0743954,0.000718613.
0.0746515,0.000705234.
0.0749085,0.000678337.
0.0751663,0.000719302.
0.0754251,0.000660067.
0.0756847,0.000652698.
0.0759452,0.00068975.
0.0762067,0.00068521.
0.076469,0.000671076.
0.0767322,0.000671456.
0.0769963,0.000713921.
0.0772614,0.000771162.
0.0775273,0.000722943.
0.0777942,0.000710805.
0.078062,0.000667586.
0.0783307,0.000734605.
0.0786003,0.000714103.
0.0788709,0.000686116.
0.0791424,0.000731641.
0.0794148,0.000688019.
0.0796882,0.00069428.
0.0799625,0.000678211.
0.0802377,0.000694438.
0.0805139,0.000688819.
0.080791,0.000680949.
0.0810692,0.000706313.
0.0813482,0.000737271.
0.0816282,0.000700885.
0.0819092,0.000696609.
0.0821912,0.000695676.
0.0824741,0.00072739.
0.082758,0.000711359.
0.0830428,0.00072321.
0.0833287,0.000713656.
0.0836155,0.000670234.
0.0839034,0.000671161.
0.0841922,0.000679366.
0.084482,0.000738633.
0.0847728,0.000680769.
0.0850646,0.00072515.
0.0853574,0.000734084.
0.0856512,0.000659655.
0.0859461,0.000736967.
0.0862419,0.000748627.
0.0865388,0.000707097.
0.0868367,0.000649727.
0.0871356,0.000733842.
0.0874355,0.000752379.
0.0877365,0.000713507.
0.0880385,0.000690665.
0.0883415,0.000757974.
0.0886456,0.000726122.
0.0889508,0.000700418.
0.089257,0.000701277.
0.0895642,0.000747399.
0.0898725,0.000746928.
0.0901819,0.000747665.
0.0904923,0.000704219.
0.0908038,0.000724364.
0.0911164,0.000707464.
0.09143,0.000750946.
0.0917447,0.000727601.
0.0920605,0.000779393.
0.0923774,0.000699513.
0.0926954,0.000717702.
0.0930145,0.000715006.
0.0933347,0.000735027.
0.0936559,0.000761801.
0.0939783,0.000732094.
0.0943018,0.000720863.
0.0946264,0.000698406.
0.0949522,0.000749388.
0.095279,0.000733264.
0.095607,0.00072418.
0.0959361,0.000689253.
0.0962663,0.000744175.
0.0965977,0.000753121.
0.0969302,0.000735031.
0.0972638,0.000719674.
0.0975986,0.000761831.
0.0979346,0.000785581.
0.0982717,0.000706758.
0.09861,0.000794678.
0.0989494,0.000753904.
0.09929,0.000757405.
0.0996318,0.000742231.
0.0999748,0.000721159.
0.100319,0.000760023.
0.100664,0.000707553.
0.101011,0.000785213.
0.101358,0.00079485.
0.101707,0.000723565.
0.102057,0.000790999.
0.102409,0.000741206.
0.102761,0.000782903.
0.103115,0.00074665.
0.10347,0.000795722.
0.103826,0.000773154.
0.104183,0.000800948.
0.104542,0.000803281.
0.104902,0.000774756.
0.105263,0.000830071.
0.105625,0.000824334.
0.105989,0.000808496.
0.106354,0.000758822.
0.10672,0.000806554.
0.107087,0.000758667.
0.107456,0.000739703.
0.107826,0.000765429.
0.108197,0.000763475.
0.108569,0.000789223.
0.108943,0.000785301.
0.109318,0.000787066.
0.109694,0.000781407.
0.110072,0.000755468.
0.110451,0.000779867.
0.110831,0.000801586.
0.111213,0.000793337.
0.111595,0.000803515.
0.11198,0.000825689.
0.112365,0.000765846.
0.112752,0.000802563.
0.11314,0.000787683.
0.113529,0.000778839.
0.11392,0.000794813.
0.114312,0.000828444.
0.114706,0.000796551.
0.115101,0.000853466.
0.115497,0.000822468.
0.115894,0.000847044.
0.116293,0.00081021.
0.116694,0.000838992.
0.117095,0.000861397.
0.117498,0.000850811.
0.117903,0.000839236.
0.118309,0.000800105.
0.118716,0.000817766.
0.119125,0.000816087.
0.119535,0.000819567.
0.119946,0.000868737.
0.120359,0.000794664.
0.120773,0.00085307.
0.121189,0.000840997.
0.121606,0.000868391.
0.122025,0.000866106.
0.122445,0.000815172.
0.122866,0.000817498.
0.123289,0.000822278.
0.123714,0.000893166.
0.124139,0.0008438.
0.124567,0.000872453.
0.124996,0.000899122.
0.125426,0.00083826.
0.125858,0.000818491.
0.126291,0.000858159.
0.126726,0.000860556.
0.127162,0.000868626.
0.127599,0.000883336.
0.128039,0.00088552.
0.128479,0.000867599.
0.128922,0.000831708.
0.129365,0.00097922.
0.129811,0.000829523.
0.130258,0.000890266.
0.130706,0.000884819.
0.131156,0.000862674.
0.131607,0.000885207.
0.13206,0.00086617.
0.132515,0.00088194.
0.132971,0.000908167.
0.133429,0.000946257.
0.133888,0.000942688.
0.134349,0.000919414.
0.134811,0.000919744.
0.135276,0.000970997.
0.135741,0.000972644.
0.136208,0.000889739.
0.136677,0.0009189.
0.137148,0.000891531.
0.13762,0.000899241.
0.138094,0.000978806.
0.138569,0.000960937.
0.139046,0.000915451.
0.139525,0.000863078.
0.140005,0.000948157.
0.140487,0.000974914.
0.14097,0.000943084.
0.141456,0.000967062.
0.141943,0.000947515.
0.142431,0.000929525.
0.142921,0.000995456.
0.143413,0.000914872.
0.143907,0.0010102.
0.144402,0.00099828.
0.144899,0.000963362.
0.145398,0.00098295.
0.145899,0.00100252.
0.146401,0.00095481.
0.146905,0.00101025.
0.147411,0.000980716.
0.147918,0.00099022.
0.148427,0.00096556.
0.148938,0.00103785.
0.149451,0.00102785.
0.149965,0.00103072.
0.150481,0.000965727.
0.150999,0.000978431.
0.151519,0.00101898.
0.152041,0.000975807.
0.152564,0.000980077.
0.153089,0.0010061.
0.153616,0.000997448.
0.154145,0.0010391.
0.154676,0.000995443.
0.155208,0.00099473.
0.155742,0.00108549.
0.156278,0.00100756.
0.156816,0.00101814.
0.157356,0.00103858.
0.157898,0.00103422.
0.158441,0.00101348.
0.158987,0.00106639.
0.159534,0.00101879.
0.160083,0.00102918.
0.160634,0.0010838.
0.161187,0.00108296.
0.161742,0.00102276.
0.162299,0.0010575.
0.162857,0.00106623.
0.163418,0.00105911.
0.163981,0.00109112.
0.164545,0.00107894.
0.165111,0.00116444.
0.16568,0.00106208.
0.16625,0.00114521.
0.166822,0.00113032.
0.167397,0.00108895.
0.167973,0.00114205.
0.168551,0.00107805.
0.169131,0.00113881.
0.169713,0.0010893.
0.170298,0.00111601.
0.170884,0.00108345.
0.171472,0.00112062.
0.172062,0.0011303.
0.172654,0.00115065.
0.173249,0.00109145.
0.173845,0.00115911.
0.174444,0.00118391.
0.175044,0.00115131.
0.175647,0.00116353.
0.176251,0.00117339.
0.176858,0.0012158.
0.177467,0.00125646.
0.178078,0.00116218.
0.178691,0.00121732.
0.179306,0.00118657.
0.179923,0.00117843.
0.180542,0.00116817.
0.181164,0.00121496.
0.181787,0.00115185.
0.182413,0.00121433.
0.183041,0.00126255.
0.183671,0.00125801.
0.184303,0.0012009.
0.184938,0.00121145.
0.185574,0.00124104.
0.186213,0.0012713.
0.186854,0.001198.
0.187497,0.0013614.
0.188143,0.00124852.
0.18879,0.00122787.
0.18944,0.0012571.
0.190092,0.00122196.
0.190747,0.00130831.
0.191403,0.00127461.
0.192062,0.00127222.
0.192723,0.00131088.
0.193387,0.00127926.
0.194052,0.00132726.
0.19472,0.00131643.
0.19539,0.00133098.
0.196063,0.00131603.
0.196738,0.00135446.
0.197415,0.00131993.
0.198095,0.00134359.
0.198777,0.00132595.
0.199461,0.00131846.
0.200147,0.00136053.
0.200836,0.00132195.
0.201528,0.00137795.
0.202221,0.00138061.
0.202917,0.00135456.
0.203616,0.00134177.
0.204317,0.00133768.
0.20502,0.00137186.
0.205726,0.00136472.
0.206434,0.00139155.
0.207145,0.00141263.
0.207858,0.00137923.
0.208573,0.00141049.
0.209291,0.00134584.
0.210012,0.00136594.
0.210734,0.0014561.
0.21146,0.00142331.
0.212188,0.00144975.
0.212918,0.0013835.
0.213651,0.00137752.
0.214386,0.00145484.
0.215124,0.00139264.
0.215865,0.00146839.
0.216608,0.00145985.
0.217354,0.00152899.
0.218102,0.00149358.
0.218853,0.0014227.
0.219606,0.00148857.
0.220362,0.00139037.
0.22112,0.00146231.
0.221882,0.00148586.
0.222645,0.0015457.
0.223412,0.00150404.
0.224181,0.00146407.
0.224952,0.00143165.
0.225727,0.00147006.
0.226504,0.00158244.
0.227283,0.00150283.
0.228066,0.00157534.
0.228851,0.0015267.
0.229639,0.00155672.
0.230429,0.00157595.
0.231222,0.00158718.
0.232018,0.00161917.
0.232817,0.00160088.
0.233618,0.00158905.
0.234422,0.00165149.
0.235229,0.00159907.
0.236039,0.00161791.
0.236852,0.00162878.
0.237667,0.00156808.
0.238485,0.00160477.
0.239306,0.00161053.
0.24013,0.00162037.
0.240956,0.00157555.
0.241786,0.00175728.
0.242618,0.00167811.
0.243453,0.00164641.
0.244291,0.00169817.
0.245132,0.00176032.
0.245976,0.00160212.
0.246822,0.00169013.
0.247672,0.0017395.
0.248525,0.00175042.
0.24938,0.00168058.
0.250239,0.00170278.
0.2511,0.00169153.
0.251964,0.00176847.
0.252832,0.0017732.
0.253702,0.00175789.
0.254575,0.00186616.
0.255452,0.0016912.
0.256331,0.00176412.
0.257213,0.00176115.
0.258099,0.00185118.
0.258987,0.00177024.
0.259878,0.00180888.
0.260773,0.00177958.
0.261671,0.0018222.
0.262571,0.00180721.
0.263475,0.00187996.
0.264382,0.00178063.
0.265292,0.00183473.
0.266205,0.00182982.
0.267122,0.00190129.
0.268041,0.00185122.
0.268964,0.00193548.
0.26989,0.00190482.
0.270819,0.00186448.
0.271751,0.00193228.
0.272686,0.00192967.
0.273625,0.0019409.
0.274567,0.00196519.
0.275512,0.00192601.
0.27646,0.00191289.
0.277412,0.00188954.
0.278367,0.00190754.
0.279325,0.00194502.
0.280287,0.002095.
0.281252,0.00208692.
0.28222,0.00200499.
0.283191,0.00198729.
0.284166,0.00202973.
0.285144,0.00199178.
0.286126,0.00198252.
0.287111,0.00201737.
0.288099,0.00204881.
0.289091,0.00203082.
0.290086,0.00199829.
0.291084,0.00209119.
0.292086,0.00197439.
0.293092,0.00217312.
0.294101,0.0021024.
0.295113,0.00213272.
0.296129,0.00217903.
0.297148,0.00207996.
0.298171,0.00217427.
0.299197,0.00220139.
0.300227,0.00226379.
0.301261,0.0022439.
0.302298,0.00216998.
0.303338,0.00218495.
0.304382,0.00212745.
0.30543,0.00229753.
0.306482,0.00218597.
0.307536,0.00223766.
0.308595,0.0021527.
0.309657,0.00231531.
0.310723,0.00231343.
0.311793,0.00224623.
0.312866,0.00221484.
0.313943,0.00227828.
0.315024,0.00226695.
0.316108,0.00247316.
0.317196,0.00236779.
0.318288,0.00228948.
0.319384,0.00235851.
0.320483,0.00233919.
0.321586,0.00239782.
0.322693,0.00239439.
0.323804,0.00238537.
0.324919,0.00239261.
0.326037,0.00245469.
0.327159,0.00242592.
0.328286,0.00245421.
0.329416,0.00240134.
0.330549,0.00240907.
0.331687,0.00253118.
0.332829,0.00248014.
0.333975,0.00254553.
0.335124,0.00242022.
0.336278,0.00255434.
0.337435,0.00254702.
0.338597,0.00252331.
0.339763,0.00258174.
0.340932,0.00249137.
0.342106,0.00259024.
0.343283,0.00257213.
0.344465,0.00262943.
0.345651,0.0026175.
0.34684,0.00257445.
0.348034,0.00255871.
0.349232,0.00277475.
0.350434,0.00265642.
0.351641,0.00263083.
0.352851,0.00262305.
0.354066,0.0027139.
0.355285,0.00266524.
0.356508,0.00271164.
0.357735,0.00274832.
0.358966,0.00276888.
0.360202,0.00273983.
0.361442,0.00275015.
0.362686,0.00281822.
0.363934,0.00281846.
0.365187,0.00288032.
0.366444,0.00275085.
0.367705,0.00284445.
0.368971,0.00277378.
0.370241,0.00278676.
0.371516,0.00283907.
0.372795,0.00294443.
0.374078,0.00291631.
0.375365,0.00281854.
0.376658,0.0029458.
0.377954,0.00301968.
0.379255,0.00294033.
0.380561,0.00287337.
0.381871,0.00292476.
0.383185,0.00301697.
0.384504,0.00301242.
0.385828,0.00300137.
0.387156,0.00304022.
0.388488,0.0030304.
0.389826,0.00313532.
0.391168,0.00308367.
0.392514,0.00310131.
0.393865,0.00306961.
0.395221,0.00305532.
0.396581,0.00306377.
0.397946,0.00312182.
0.399316,0.0030942.
0.400691,0.00314133.
0.40207,0.00318778.
0.403454,0.00325083.
0.404843,0.00320287.
0.406236,0.00319944.
0.407635,0.00333387.
0.409038,0.00324402.
0.410446,0.00327631.
0.411859,0.00329534.
0.413277,0.00334341.
0.414699,0.00327707.
0.416127,0.00332287.
0.417559,0.00331203.
0.418996,0.00325999.
0.420439,0.00342662.
0.421886,0.00355935.
0.423338,0.00344313.
0.424795,0.00342586.
0.426258,0.00349437.
0.427725,0.00355096.
0.429197,0.0035956.
0.430675,0.00343398.
0.432157,0.00356481.
0.433645,0.00350852.
0.435137,0.00349716.
0.436635,0.00366478.
0.438138,0.0035864.
0.439646,0.00356819.
0.44116,0.00361473.
0.442678,0.0035566.
0.444202,0.00370905.
0.445731,0.00368598.
0.447265,0.00371208.
0.448805,0.00378264.
0.45035,0.00369911.
0.4519,0.00377259.
0.453456,0.00388694.
0.455017,0.00373241.
0.456583,0.00379331.
0.458155,0.00378125.
0.459732,0.00386472.
0.461314,0.00399967.
0.462902,0.00373907.
0.464495,0.00398267.
0.466094,0.00381775.
0.467699,0.00395338.
0.469309,0.00400779.
0.470924,0.00392667.
0.472545,0.00405139.
0.474172,0.0040213.
0.475804,0.00398348.
0.477442,0.00407824.
0.479085,0.00415457.
0.480734,0.00406577.
0.482389,0.00421145.
0.48405,0.00414425.
0.485716,0.0042439.
0.487388,0.00428608.
0.489066,0.00418659.
0.490749,0.0043129.
0.492438,0.00425844.
0.494133,0.00420437.
0.495834,0.00432752.
0.497541,0.00427666.
0.499254,0.00419066.
0.500972,0.00435091.
0.502697,0.00435036.
0.504427,0.00445198.
0.506164,0.00432338.
0.507906,0.00442677.
0.509654,0.00456166.
0.511409,0.00453011.
0.513169,0.00445621.
0.514935,0.00460329.
0.516708,0.00451113.
0.518486,0.00441313.
0.520271,0.00461001.
0.522062,0.0046498.
0.523859,0.00470571.
0.525662,0.00460818.
0.527472,0.00466838.
0.529288,0.00486405.
0.531109,0.00465908.
0.532938,0.00480279.
0.534772,0.00484377.
0.536613,0.00480511.
0.53846,0.0048735.
0.540314,0.00480659.
0.542174,0.0050044.
0.54404,0.0047649.
0.545913,0.00487202.
0.547792,0.00480217.
0.549677,0.00505424.
0.551569,0.00489094.
0.553468,0.00504702.
0.555373,0.00489985.
0.557285,0.00504601.
0.559203,0.00513921.
0.561128,0.00518116.
0.56306,0.00518979.
0.564998,0.00519246.
0.566943,0.00519665.
0.568894,0.00517334.
0.570853,0.0052859.
0.572818,0.00516883.
0.574789,0.00552184.
0.576768,0.00524315.
0.578753,0.00540943.
0.580745,0.00535291.
0.582744,0.00537305.
0.58475,0.00547615.
0.586763,0.00537393.
0.588783,0.00542097.
0.59081,0.00554932.
0.592843,0.00564134.
0.594884,0.00553236.
0.596932,0.0055532.
0.598987,0.00550298.
0.601049,0.00565907.
0.603117,0.00560375.
0.605194,0.00574661.
0.607277,0.00573896.
0.609367,0.00566674.
0.611465,0.00584349.
0.61357,0.00584332.
0.615682,0.00593079.
0.617801,0.00597818.
0.619927,0.00586965.
0.622061,0.00596804.
0.624203,0.00591847.
0.626351,0.00595841.
0.628507,0.0060672.
0.630671,0.00617123.
0.632842,0.00622456.
0.63502,0.00615696.
0.637206,0.00627079.
0.639399,0.00620198.
0.6416,0.00627958.
0.643809,0.00638759.
0.646025,0.00629429.
0.648249,0.00643793.
0.65048,0.0063092.
0.652719,0.00626765.
0.654966,0.00636898.
0.657221,0.00639422.
0.659483,0.00645991.
0.661753,0.00638668.
0.664031,0.00644489.
0.666317,0.00648992.
0.66861,0.00657265.
0.670912,0.00659441.
0.673221,0.00655152.
0.675539,0.00662248.
0.677864,0.00674209.
0.680197,0.00689749.
0.682539,0.00689335.
0.684888,0.00688195.
0.687246,0.00686971.
0.689611,0.00688852.
0.691985,0.00693965.
0.694367,0.0068966.
0.696757,0.00716519.
0.699156,0.00702602.
0.701562,0.00710896.
0.703977,0.00708932.
0.706401,0.00712108.
0.708832,0.00724954.
0.711272,0.00732161.
0.713721,0.00731916.
0.716177,0.00728798.
0.718643,0.00732116.
0.721116,0.00731734.
0.723599,0.00724102.
0.726089,0.00758864.
0.728589,0.00744593.
0.731097,0.00742588.
0.733613,0.00754307.
0.736139,0.00758597.
0.738673,0.00774596.
0.741215,0.0139802.
0.743767,0.00750594.
0.746327,0.007731.
0.748896,0.00769457.
0.751474,0.00786868.
0.754061,0.00802241.
0.756656,0.00789102.
0.759261,0.0079654.
0.761874,0.010402.
0.764497,0.00788918.
0.767128,0.00808183.
0.769769,0.00806945.
0.772419,0.00815836.
0.775078,0.0081852.
0.777746,0.00849379.
0.780423,0.00825433.
0.783109,0.00822059.
0.785805,0.00822577.
0.78851,0.00844862.
0.791224,0.00842785.
0.793948,0.00855308.
0.79668,0.00856305.
0.799423,0.00857931.
0.802175,0.0085796.
0.804936,0.00865468.
0.807707,0.00864696.
0.810487,0.00862983.
0.813277,0.00875479.
0.816076,0.0088935.
0.818885,0.00880595.
0.821704,0.0089103.
0.824533,0.00893497.
0.827371,0.00895354.
0.830219,0.00915291.
0.833077,0.00910086.
0.835944,0.00922412.
0.838822,0.00913463.
0.841709,0.00928428.
0.844607,0.00933687.
0.847514,0.00915185.
0.850431,0.00931998.
0.853359,0.00937388.
0.856296,0.00937893.
0.859244,0.00960819.
0.862201,0.00940368.
0.865169,0.00949828.
0.868147,0.00954996.
0.871136,0.00964541.
0.874135,0.00984935.
0.877143,0.00995326.
0.880163,0.00991704.
0.883193,0.00983353.
0.886233,0.0101615.
0.889283,0.0100611.
0.892344,0.00992675.
0.895416,0.0101943.
0.898498,0.0102559.
0.901591,0.0100997.
0.904695,0.0102628.
0.907809,0.0103976.
0.910934,0.0105861.
0.914069,0.0104757.
0.917216,0.0106305.
0.920373,0.010579.
0.923541,0.0105354.
0.92672,0.0107575.
0.92991,0.0107412.
0.933111,0.0107912.
0.936323,0.0109251.
0.939546,0.0108818.
0.94278,0.0110284.
0.946026,0.0110328.
0.949282,0.0111742.
0.95255,0.0112086.
0.955829,0.011165.
0.959119,0.0112416.
0.96242,0.0114506.
0.965733,0.0111588.
0.969057,0.011453.
0.972393,0.0114391.
0.97574,0.0115261.
0.979099,0.0116502.
0.982469,0.0116272.
0.985851,0.0116761.
0.989245,0.0118564.
0.99265,0.0117853.
0.996067,0.0118937.
0.999495,0.0117851.
1.00294,0.0121037.
1.00639,0.0121383.
1.00985,0.012278.
1.01333,0.0122625.
1.01682,0.0124994.
1.02032,0.0121816.
1.02383,0.0122485.
1.02735,0.0125555.
1.03089,0.0125704.
1.03444,0.0126384.
1.038,0.0125997.
1.04157,0.012836.
1.04516,0.012808.
1.04876,0.0130999.
1.05237,0.0127963.
1.05599,0.0129691.
1.05962,0.0131146.
1.06327,0.0129718.
1.06693,0.0134179.
1.0706,0.0131864.
1.07429,0.0132059.
1.07799,0.0135279.
1.0817,0.0132462.
1.08542,0.0136967.
1.08916,0.0134873.
1.09291,0.0136998.
1.09667,0.0135993.
1.10044,0.0138888.
1.10423,0.013825.
1.10803,0.0139729.
1.11185,0.0139855.
1.11567,0.0140166.
1.11951,0.0141315.
1.12337,0.0142901.
1.12723,0.014269.
1.13111,0.0142483.
1.13501,0.0145342.
1.13891,0.0145121.
1.14283,0.0147867.
1.14677,0.0147641.
1.15072,0.014731.
1.15468,0.0147833.
1.15865,0.0149577.
1.16264,0.0148457.
1.16664,0.0150767.
1.17066,0.0151315.
1.17469,0.0153205.
1.17873,0.0152334.
1.18279,0.0152178.
1.18686,0.0154201.
1.19095,0.0158232.
1.19505,0.0156008.
1.19916,0.0156508.
1.20329,0.0158594.
1.20743,0.0159323.
1.21158,0.0161327.
1.21576,0.0161031.
1.21994,0.0163471.
1.22414,0.0161775.
1.22835,0.0164444.
1.23258,0.0163057.
1.23682,0.0164356.
1.24108,0.0165473.
1.24535,0.016644.
1.24964,0.016859.
1.25394,0.0170103.
1.25826,0.0168724.
1.26259,0.0172641.
1.26694,0.0172464.
1.2713,0.0172306.
1.27567,0.0172621.
1.28006,0.0173319.
1.28447,0.0173456.
1.28889,0.0175678.
1.29333,0.017777.
1.29778,0.0178669.
1.30225,0.018034.
1.30673,0.0180174.
1.31123,0.01809.
1.31574,0.0182697.
1.32027,0.0184474.
1.32482,0.0184876.
1.32938,0.0184757.
1.33395,0.0184174.
1.33854,0.018763.
1.34315,0.0188096.
1.34777,0.0187741.
1.35241,0.0188585.
1.35707,0.0191564.
1.36174,0.0189688.
1.36643,0.0191905.
1.37113,0.0194243.
1.37585,0.019221.
1.38059,0.0196517.
1.38534,0.0196718.
1.39011,0.019822.
1.39489,0.019537.
1.3997,0.0197164.
1.40451,0.0201368.
1.40935,0.0199818.
1.4142,0.0205354.
1.41907,0.0203609.
1.42395,0.0205614.
1.42885,0.0205172.
1.43377,0.0205849.
1.43871,0.0207213.
1.44366,0.0207651.
1.44863,0.0208632.
1.45362,0.0210584.
1.45862,0.0212217.
1.46364,0.0212817.
1.46868,0.0215482.
1.47373,0.0217952.
1.47881,0.0216894.
1.4839,0.0218846.
1.48901,0.0218644.
1.49413,0.0219323.
1.49927,0.0222518.
1.50443,0.0225558.
1.50961,0.0222887.
1.51481,0.0224066.
1.52002,0.022804.
1.52526,0.0227605.
1.53051,0.0227773.
1.53577,0.023294.
1.54106,0.0233297.
1.54637,0.0230525.
1.55169,0.0232782.
1.55703,0.0234639.
1.56239,0.0234457.
1.56777,0.0237498.
1.57316,0.0241821.
1.57858,0.0237545.
1.58401,0.0239594.
1.58947,0.0242736.
1.59494,0.0247203.
1.60043,0.0245783.
1.60594,0.0244446.
1.61146,0.0247648.
1.61701,0.0247177.
1.62258,0.0252218.
1.62816,0.0250798.
1.63377,0.0253563.
1.63939,0.0254108.
1.64503,0.0252808.
1.6507,0.025697.
1.65638,0.0260435.
1.66208,0.0260952.
1.6678,0.0262141.
1.67354,0.0260151.
1.6793,0.0267329.
1.68508,0.0267247.
1.69088,0.0267089.
1.69671,0.0267704.
1.70255,0.026901.
1.70841,0.0268528.
1.71429,0.0273224.
1.72019,0.0273493.
1.72611,0.0276887.
1.73205,0.027667.
1.73801,0.0277641.
1.744,0.0279416.
1.75,0.0282891.
1.75602,0.0281765.
1.76207,0.0284042.
1.76813,0.0285105.
1.77422,0.0287436.
1.78033,0.0284246.
1.78645,0.0289769.
1.7926,0.0290891.
1.79877,0.0292298.
1.80497,0.0294347.
1.81118,0.0294696.
1.81741,0.0299936.
1.82367,0.030093.
1.82995,0.0300675.
1.83625,0.0305605.
1.84257,0.0302598.
1.84891,0.0306402.
1.85527,0.0308475.
1.86166,0.0313266.
1.86807,0.0306953.
1.8745,0.031306.
1.88095,0.0311911.
1.88743,0.0317863.
1.89392,0.0317237.
1.90044,0.0317152.
1.90698,0.032271.
1.91355,0.032413.
1.92014,0.0326179.
1.92674,0.0323407.
1.93338,0.0327149.
1.94003,0.0331711.
1.94671,0.0331544.
1.95341,0.0330734.
1.96014,0.0335651.
1.96688,0.0340205.
1.97365,0.0338395.
1.98045,0.0335491.
1.98726,0.034682.
1.9941,0.0343271.
2.00097,0.0345691.
2.00786,0.0348906.
2.01477,0.0350664.
2.0217,0.0349783.
2.02866,0.0352289.
2.03565,0.0355165.
2.04265,0.0357273.
2.04968,0.0360108.
2.05674,0.0363331.
2.06382,0.0360725.
2.07092,0.0360871.
2.07805,0.0369095.
2.08521,0.0368783.
2.09238,0.036661.
2.09959,0.0373867.
2.10681,0.0371579.
2.11406,0.0376595.
2.12134,0.0379904.
2.12864,0.0379228.
2.13597,0.0379829.
2.14332,0.0382816.
2.1507,0.0384003.
2.1581,0.0385649.
2.16553,0.0388091.
2.17299,0.0389333.
2.18047,0.0394738.
2.18797,0.0396974.
2.19551,0.0397298.
2.20306,0.0401843.
2.21065,0.0405266.
2.21826,0.0404811.
2.22589,0.0404344.
2.23355,0.0406304.
2.24124,0.0413595.
2.24896,0.0413882.
2.2567,0.0416759.
2.26447,0.0415918.
2.27226,0.0420261.
2.28008,0.0419098.
2.28793,0.0421098.
2.29581,0.0426222.
2.30371,0.0427961.
2.31164,0.0428112.
2.3196,0.0425322.
2.32758,0.043435.
2.33559,0.0430844.
2.34363,0.0437784.
2.3517,0.0441508.
2.3598,0.0441135.
2.36792,0.0443076.
2.37607,0.0448303.
2.38425,0.044892.
2.39245,0.0448425.
2.40069,0.0452382.
2.40895,0.0457475.
2.41725,0.0460961.
2.42557,0.0460167.
2.43392,0.0464619.
2.44229,0.0469142.
2.4507,0.0468956.
2.45914,0.0470337.
2.4676,0.046719.
2.4761,0.0475659.
2.48462,0.0478838.
2.49317,0.0475785.
2.50175,0.0484264.
2.51037,0.0486102.
2.51901,0.0486338.
2.52768,0.0487127.
2.53638,0.0489756.
2.54511,0.0493587.
2.55387,0.0494123.
2.56266,0.0500082.
2.57148,0.0503083.
2.58033,0.0504497.
2.58922,0.0506723.
2.59813,0.0510526.
2.60707,0.051226.
2.61605,0.051648.
2.62505,0.0517528.
2.63409,0.0515547.
2.64315,0.0522209.
2.65225,0.0525255.
2.66138,0.0528009.
2.67054,0.0529692.
2.67974,0.0529832.
2.68896,0.053253.
2.69822,0.053601.
2.7075,0.0534764.
2.71682,0.0540978.
2.72618,0.0546354.
2.73556,0.0543901.
2.74498,0.0546374.
2.75443,0.0550332.
2.76391,0.0553432.
2.77342,0.0554198.
2.78297,0.0558098.
2.79255,0.055974.
2.80216,0.0564045.
2.81181,0.0564203.
2.82148,0.0564282.
2.8312,0.0570209.
2.84094,0.0573138.
2.85072,0.0575188.
2.86053,0.0580212.
2.87038,0.0579338.
2.88026,0.0580925.
2.89018,0.0583471.
2.90012,0.058828.
2.91011,0.0585783.
2.92013,0.0596701.
2.93018,0.0600086.
2.94026,0.0595276.
2.95038,0.059828.
2.96054,0.0601284.
2.97073,0.0610429.
2.98096,0.0605324.
2.99122,0.0613534.
3.00151,0.0611899.
3.01185,0.0615826.
3.02221,0.0619814.
3.03262,0.0623178.
3.04306,0.0625748.
3.05353,0.0627015.
3.06404,0.0629217.
3.07459,0.0630786.
3.08517,0.0635591.
3.09579,0.0634149.
3.10645,0.0641207.
3.11714,0.0638103.
3.12787,0.0644872.
3.13864,0.0651475.
3.14944,0.0650943.
3.16028,0.0651233.
3.17116,0.0657751.
3.18208,0.0657384.
3.19303,0.0656029.
3.20402,0.0660344.
3.21505,0.0663757.
3.22612,0.0669359.
3.23722,0.0666128.
3.24837,0.0672249.
3.25955,0.0673879.
3.27077,0.0675029.
3.28203,0.0676187.
3.29332,0.0679818.
3.30466,0.068076.
3.31604,0.0687679.
3.32745,0.0685172.
3.3389,0.0690644.
3.3504,0.0700116.
3.36193,0.0697173.
3.3735,0.0702008.
3.38512,0.0696431.
3.39677,0.0702984.
3.40846,0.0705144.
3.42019,0.0708304.
3.43197,0.071376.
3.44378,0.0718624.
3.45563,0.0717188.
3.46753,0.0714955.
3.47947,0.0721953.
3.49144,0.0714705.
3.50346,0.0724657.
3.51552,0.0727709.
3.52762,0.0728101.
3.53976,0.073657.
3.55195,0.0730768.
3.56418,0.0742262.
3.57644,0.0736116.
3.58876,0.074581.
3.60111,0.0740108.
3.6135,0.0744554.
3.62594,0.0749848.
3.63842,0.0750815.
3.65095,0.0751885.
3.66352,0.0758109.
3.67613,0.0756849.
3.68878,0.0757792.
3.70148,0.0760435.
3.71422,0.0761648.
3.72701,0.0767911.
3.73983,0.0764046.
3.75271,0.0769075.
3.76563,0.0774547.
3.77859,0.0776207.
3.79159,0.0771987.
3.80465,0.0781661.
3.81774,0.0783552.
3.83088,0.0779719.
3.84407,0.0778805.
3.8573,0.0777233.
3.87058,0.0788979.
3.8839,0.07863.
3.89727,0.079369.
3.91069,0.0790808.
3.92415,0.078978.
3.93766,0.0798996.
3.95121,0.0798438.
3.96481,0.0801213.
3.97846,0.0801528.
3.99216,0.081153.
4.0059,0.080122.
4.01969,0.0806438.
4.03352,0.0807057.
4.04741,0.0812268.
4.06134,0.0813059.
4.07532,0.0815349.
4.08935,0.0819326.
4.10342,0.0817952.
4.11755,0.0818016.
4.13172,0.0813447.
4.14595,0.082442.
4.16022,0.0821441.
4.17454,0.0825157.
4.18891,0.082683.
4.20333,0.082569.
4.21779,0.0827713.
4.23231,0.0831316.
4.24688,0.0825614.
4.2615,0.0831607.
4.27617,0.0830606.
4.29089,0.0837096.
4.30566,0.0840057.
4.32048,0.0837286.
4.33535,0.0836262.
4.35028,0.0837379.
4.36525,0.084169.
4.38028,0.0845182.
4.39535,0.0841539.
4.41048,0.0843644.
4.42567,0.0846275.
4.4409,0.0845521.
4.45619,0.0847411.
4.47153,0.0852224.
4.48692,0.0849729.
4.50236,0.0852966.
4.51786,0.085767.
4.53341,0.0848958.
4.54902,0.0852919.
4.56468,0.0855577.
4.58039,0.0859122.
4.59616,0.0856998.
4.61198,0.085843.
4.62785,0.0858772.
4.64378,0.0862564.
4.65977,0.0854938.
4.67581,0.0858131.
4.6919,0.0858992.
4.70805,0.0862395.
4.72426,0.0861568.
4.74052,0.0860643.
4.75684,0.0858888.
4.77321,0.0863001.
4.78964,0.0866055.
4.80613,0.0868992.
4.82268,0.0866929.
4.83928,0.0867928.
4.85593,0.0860107.
4.87265,0.0861926.
4.88942,0.0866259.
4.90625,0.0865509.
4.92314,0.0868991.
4.94009,0.086563.
4.95709,0.085994.
4.97416,0.0864715.
4.99128,0.0875032.
5.00846,0.0868957.
5.0257,0.0869298.
5.043,0.0871949.
5.06036,0.0864865.
5.07778,0.0869391.
5.09526,0.0868074.
5.11279,0.0871447.
5.13039,0.0875436.
5.14805,0.0879031.
5.16578,0.086675.
5.18356,0.0869504.
5.2014,0.087172.
5.2193,0.0871577.
5.23727,0.0865163.
5.2553,0.0875176.
5.27339,0.0875643.
5.29154,0.0867731.
5.30976,0.086893.
5.32803,0.0872594.
5.34637,0.0870611.
5.36478,0.087027.
5.38324,0.0869022.
5.40177,0.0866923.
5.42037,0.0873194.
5.43903,0.0868719.
5.45775,0.0865029.
5.47653,0.0866194.
5.49539,0.0863457.
5.5143,0.0869764.
5.53328,0.0861037.
5.55233,0.0868668.
5.57144,0.0863773.
5.59062,0.0863968.
5.60987,0.0863291.
5.62918,0.0863064.
5.64855,0.0863481.
5.668,0.0862479.
5.68751,0.0869589.
5.70708,0.0858647.
5.72673,0.0864876.
5.74644,0.0857088.
5.76622,0.0852667.
5.78607,0.0859187.
5.80599,0.08585.
5.82597,0.0860428.
5.84603,0.0851685.
5.86615,0.0855254.
5.88634,0.0853397.
5.90661,0.0852257.
5.92694,0.0850841.
5.94734,0.085341.
5.96781,0.0853345.
5.98836,0.0840513.
6.00897,0.0846932.
6.02965,0.0846001.
6.05041,0.0844951.
6.07124,0.0838375.
6.09213,0.0841969.
6.1131,0.0844458.
6.13415,0.0843474.
6.15526,0.0844467.
6.17645,0.0845544.
6.19771,0.083831.
6.21904,0.0837575.
6.24045,0.0836657.
6.26193,0.0834151.
6.28349,0.0831632.
6.30512,0.0825199.
6.32682,0.0830386.
6.3486,0.0828813.
6.37045,0.0831062.
6.39238,0.0823504.
6.41439,0.0821705.
6.43647,0.081961.
6.45862,0.0819843.
6.48085,0.0817689.
6.50316,0.0818477.
6.52555,0.0816965.
6.54801,0.0814463.
6.57055,0.0815174.
6.59317,0.0808515.
6.61586,0.0812227.
6.63863,0.0807646.
6.66149,0.0810592.
6.68442,0.0813596.
6.70743,0.0806273.
6.73051,0.0802878.
6.75368,0.0800061.
6.77693,0.0804249.
6.80026,0.0791666.
6.82367,0.0791871.
6.84715,0.0797861.
6.87072,0.0788573.
6.89437,0.0787875.
6.91811,0.0791839.
6.94192,0.0783273.
6.96582,0.0782988.
6.98979,0.078772.
7.01385,0.0776591.
7.038,0.0775628.
7.06222,0.0776777.
7.08653,0.0767168.
7.11093,0.0771121.
7.13541,0.0770667.
7.15997,0.0769269.
7.18461,0.0760351.
7.20934,0.075966.
7.23416,0.076034.
7.25906,0.075769.
7.28405,0.0755111.
7.30912,0.0755452.
7.33428,0.0753049.
7.35953,0.0748965.
7.38486,0.0742958.
7.41028,0.0745972.
7.43579,0.074121.
7.46139,0.074371.
7.48707,0.0733793.
7.51284,0.0732004.
7.5387,0.0733105.
7.56465,0.0731309.
7.59069,0.073251.
7.61682,0.0726445.
7.64304,0.0722566.
7.66935,0.0720615.
7.69575,0.0718987.
7.72224,0.0720615.
7.74882,0.071226.
7.77549,0.0716786.
7.80226,0.0709875.
7.82912,0.070583.
7.85607,0.0712988.
7.88311,0.070191.
7.91024,0.0700399.
7.93747,0.0702177.
7.96479,0.0699151.
7.99221,0.0689968.
8.01972,0.0689967.
8.04733,0.069138.
8.07503,0.0687339.
8.10283,0.0682076.
8.13072,0.0677642.
8.1587,0.0679424.
8.18679,0.0674279.
8.21497,0.0666792.
8.24325,0.0671072.
8.27162,0.0666369.
8.3001,0.0664464.
8.32867,0.0660569.
8.35734,0.0658913.
8.3861,0.0649829.
8.41497,0.0652833.
8.44394,0.0652031.
8.473,0.0649202.
8.50217,0.0648836.
8.53143,0.0646421.
8.5608,0.0639866.
8.59027,0.0634918.
8.61984,0.0632653.
8.64951,0.0636125.
8.67928,0.0627785.
8.70916,0.0626067.
8.73914,0.0626295.
8.76922,0.0623573.
8.79941,0.061283.
8.8297,0.0617933.
8.86009,0.0608623.
8.89059,0.0612263.
8.92119,0.0603549.
8.9519,0.0607882.
8.98272,0.0602687.
9.01364,0.0600647.
9.04466,0.0591934.
9.0758,0.0594593.
9.10704,0.0591264.
9.13839,0.0590884.
9.16984,0.0583094.
9.20141,0.0580705.
9.23308,0.0577121.
9.26486,0.0578421.
9.29676,0.0572664.
9.32876,0.0570493.
9.36087,0.0567203.
9.39309,0.0571767.
9.42542,0.0561723.
9.45787,0.0559502.
9.49042,0.0560452.
9.52309,0.0557427.
9.55587,0.0552138.
9.58877,0.0548.
9.62177,0.0544251.
9.65489,0.0541101.
9.68813,0.0542043.
9.72148,0.053802.
9.75494,0.0534682.
9.78852,0.0532528.
9.82221,0.0533037.
9.85602,0.0525313.
9.88995,0.05263.
9.92399,0.0523947.
9.95816,0.0517082.
9.99243,0.0519714.
10.0268,0.0514829.
10.0613,0.051009.
10.096,0.0508004.
10.1307,0.0506715.
10.1656,0.0503347.
10.2006,0.0498104.
10.2357,0.0500025.
10.2709,0.0496819.
10.3063,0.0488561.
10.3418,0.0493093.
10.3774,0.0486136.
10.4131,0.0479292.
10.4489,0.0480894.
10.4849,0.0477977.
10.521,0.0472596.
10.5572,0.0471462.
10.5936,0.0473533.
10.63,0.0463067.
10.6666,0.0464013.
10.7033,0.0461324.
10.7402,0.045982.
10.7771,0.045403.
10.8142,0.0449777.
10.8515,0.0451887.
10.8888,0.0445589.
10.9263,0.0445737.
10.9639,0.0443585.
11.0016,0.0438532.
11.0395,0.0434405.
11.0775,0.0433447.
11.1156,0.043674.
11.1539,0.0430006.
11.1923,0.0426746.
11.2308,0.0423952.
11.2695,0.0425889.
11.3083,0.0418508.
11.3472,0.0416279.
11.3863,0.0415125.
11.4255,0.0408207.
11.4648,0.0411398.
11.5043,0.0403987.
11.5439,0.0404598.
11.5836,0.0396623.
11.6235,0.039179.
11.6635,0.0398563.
11.7036,0.0394121.
11.7439,0.0388931.
11.7843,0.0392152.
11.8249,0.0387306.
11.8656,0.0383351.
11.9065,0.0378636.
11.9474,0.0376821.
11.9886,0.0377898.
12.0298,0.0373778.
12.0712,0.0374032.
12.1128,0.0369093.
12.1545,0.0365458.
12.1963,0.0362401.
12.2383,0.0361575.
12.2804,0.0356311.
12.3227,0.0357262.
12.3651,0.035314.
12.4077,0.034922.
12.4504,0.0346835.
12.4933,0.0344822.
12.5363,0.0344321.
12.5794,0.0344854.
12.6227,0.0338974.
12.6662,0.033461.
12.7098,0.033089.
12.7535,0.0329739.
12.7974,0.0329119.
12.8415,0.0325242.
12.8857,0.0325466.
12.93,0.0322218.
12.9745,0.0319493.
13.0192,0.0316521.
13.064,0.0315773.
13.109,0.0314831.
13.1541,0.0314478.
13.1994,0.0304987.
13.2448,0.0310829.
13.2904,0.0304918.
13.3362,0.0305507.
13.3821,0.0298637.
13.4281,0.0295378.
13.4743,0.029445.
13.5207,0.0292258.
13.5673,0.0289433.
13.614,0.029079.
13.6608,0.0287667.
13.7079,0.028678.
13.755,0.028119.
13.8024,0.0280355.
13.8499,0.0276247.
13.8976,0.0279263.
13.9454,0.0271715.
13.9934,0.0272029.
14.0416,0.0270249.
14.0899,0.0267513.
14.1384,0.02648.
14.1871,0.0264322.
14.2359,0.0260519.
14.2849,0.0258789.
14.3341,0.0257992.
14.3834,0.025661.
14.433,0.0252302.
14.4826,0.0250601.
14.5325,0.0248315.
14.5825,0.024753.
14.6327,0.0246065.
14.6831,0.0243625.
14.7336,0.0242073.
14.7843,0.0239442.
14.8352,0.0237939.
14.8863,0.0235341.
14.9375,0.0230166.
14.989,0.0228045.
15.0406,0.022974.
15.0923,0.0227587.
15.1443,0.0226527.
15.1964,0.0225042.
15.2487,0.0221888.
15.3012,0.0220967.
15.3539,0.0219428.
15.4067,0.0217209.
15.4598,0.0215191.
15.513,0.0213727.
15.5664,0.0211608.
15.62,0.0208501.
15.6737,0.0206775.
15.7277,0.0208753.
15.7818,0.0206794.
15.8361,0.0201562.
15.8907,0.0202363.
15.9454,0.0198196.
16.0002,0.019791.
16.0553,0.0198429.
16.1106,0.019559.
16.166,0.0195016.
16.2217,0.0192255.
16.2775,0.0189889.
16.3336,0.018818.
16.3898,0.0187727.
16.4462,0.0185724.
16.5028,0.0184269.
16.5596,0.0183972.
16.6166,0.0182021.
16.6738,0.0179133.
16.7312,0.0178402.
16.7888,0.0175492.
16.8466,0.0175967.
16.9046,0.0173814.
16.9628,0.0171783.
17.0212,0.0170802.
17.0798,0.0168695.
17.1385,0.0168543.
17.1975,0.0165269.
17.2567,0.0165745.
17.3161,0.016488.
17.3757,0.0160987.
17.4356,0.0160995.
17.4956,0.015905.
17.5558,0.0157955.
17.6162,0.015602.
17.6769,0.0155425.
17.7377,0.015346.
17.7988,0.0153256.
17.86,0.0151847.
17.9215,0.0149989.
17.9832,0.0149888.
18.0451,0.0147396.
18.1072,0.014443.
18.1696,0.0143604.
18.2321,0.0144994.
18.2949,0.0141572.
18.3578,0.0140777.
18.421,0.0139658.
18.4844,0.0139522.
18.5481,0.0138462.
18.6119,0.013497.
18.676,0.0134586.
18.7403,0.013329.
18.8048,0.0132543.
18.8695,0.0133202.
18.9345,0.0129055.
18.9996,0.0130155.
19.065,0.012947.
19.1307,0.0126939.
19.1965,0.0127489.
19.2626,0.0125462.
19.3289,0.0124501.
19.3954,0.0122994.
19.4622,0.0122035.
19.5292,0.0120838.
19.5964,0.0120179.
19.6639,0.01192.
19.7316,0.0119501.
19.7995,0.011591.
19.8676,0.0114083.
19.936,0.0115862.
20.0046,0.0115088.
20.0735,0.0112317.
20.1426,0.0111647.
20.2119,0.0112181.
20.2815,0.0110227.
20.3513,0.0109298.
20.4214,0.0108241.
20.4917,0.0106469.
20.5622,0.01056.
20.633,0.0104162.
20.704,0.0104732.
20.7753,0.0102697.
20.8468,0.0102982.
20.9186,0.0102906.
20.9906,0.0100999.
21.0628,0.00990124.
21.1353,0.00991456.
21.2081,0.00989533.
21.2811,0.00960884.
21.3543,0.00963455.
21.4278,0.00958238.
21.5016,0.00945265.
21.5756,0.00945261.
21.6499,0.00921584.
21.7244,0.00922305.
21.7992,0.00919776.
21.8742,0.00905582.
21.9495,0.00892159.
22.0251,0.00901672.
22.1009,0.00899464.
22.177,0.00882033.
22.2533,0.00874829.
22.3299,0.00857025.
22.4068,0.00849433.
22.4839,0.0084399.
22.5613,0.00829819.
22.6389,0.00828734.
22.7169,0.00821697.
22.7951,0.0081244.
22.8735,0.00808819.
22.9523,0.00806017.
23.0313,0.00791114.
23.1106,0.00783872.
23.1901,0.00775671.
23.2699,0.00772128.
23.35,0.0077171.
23.4304,0.00767051.
23.5111,0.00750444.
23.592,0.00750562.
23.6732,0.0074465.
23.7547,0.00731183.
23.8365,0.00732271.
23.9185,0.00725024.
24.0008,0.00721021.
24.0835,0.00706668.
24.1664,0.00702762.
24.2496,0.00704118.
24.333,0.00685688.
24.4168,0.00697941.
24.5008,0.00679626.
24.5852,0.0067707.
24.6698,0.00666564.
24.7547,0.00662079.
24.8399,0.00661304.
24.9254,0.00656722.
25.0112,0.00653145.
25.0973,0.00643421.
25.1837,0.00642961.
25.2704,0.00630824.
25.3574,0.00625684.
25.4447,0.0062115.
25.5323,0.00622726.
25.6202,0.0060555.
25.7083,0.00602337.
25.7968,0.00600946.
25.8856,0.00593271.
25.9747,0.00594038.
26.0641,0.00581917.
26.1539,0.0058311.
26.2439,0.00571537.
26.3342,0.00577697.
26.4249,0.00560274.
26.5158,0.00567563.
26.6071,0.00555981.
26.6987,0.00550286.
26.7906,0.00548269.
26.8828,0.00540995.
26.9754,0.00534827.
27.0682,0.00534181.
27.1614,0.00529824.
27.2549,0.00526981.
27.3487,0.00525685.
27.4428,0.00525248.
27.5373,0.00519182.
27.6321,0.00511997.
27.7272,0.00500287.
27.8227,0.00499308.
27.9184,0.00501415.
28.0145,0.00493386.
28.111,0.00489768.
28.2077,0.00484815.
28.3048,0.00485172.
28.4023,0.00477793.
28.5,0.00470694.
28.5981,0.00468474.
28.6966,0.00464227.
28.7954,0.00463041.
28.8945,0.00463179.
28.9939,0.00456112.
29.0937,0.00451503.
29.1939,0.00454707.
29.2944,0.0044402.
29.3952,0.00447302.
29.4964,0.00435649.
29.5979,0.00436767.
29.6998,0.00427894.
29.802,0.00431753.
29.9046,0.00425602.
30.0076,0.0042346.
30.1109,0.00416244.
30.2145,0.00415848.
30.3185,0.0041732.
30.4229,0.0040907.
30.5276,0.00401821.
30.6327,0.00404868.
30.7381,0.00397681.
30.8439,0.00389209.
30.9501,0.00396827.
31.0566,0.00385108.
31.1636,0.00387209.
31.2708,0.00379103.
31.3785,0.00381259.
31.4865,0.00376784.
31.5949,0.00375493.
31.7036,0.00372535.
31.8128,0.00367024.
31.9223,0.00366111.
32.0321,0.00361859.
32.1424,0.00359174.
32.253,0.00356593.
32.3641,0.0035219.
32.4755,0.00352887.
32.5873,0.00348714.
32.6994,0.00347015.
32.812,0.00335419.
32.9249,0.00340107.
33.0383,0.00334862.
33.152,0.00341227.
33.2661,0.00329559.
33.3806,0.0032739.
33.4955,0.00328544.
33.6108,0.003204.
33.7265,0.0031865.
33.8426,0.00316316.
33.9591,0.00318562.
34.076,0.00315302.
34.1933,0.00312489.
34.311,0.00303156.
34.4291,0.0030038.
34.5476,0.00296415.
34.6665,0.00301206.
34.7859,0.00294062.
34.9056,0.00294246.
35.0258,0.00287475.
35.1463,0.00289002.
35.2673,0.00284914.
35.3887,0.00283832.
35.5105,0.00282348.
35.6328,0.002819.
35.7554,0.00278246.
35.8785,0.00273995.
36.002,0.00268385.
36.1259,0.00274772.
36.2503,0.00268499.
36.3751,0.00263561.
36.5003,0.00264413.
36.6259,0.00262913.
36.752,0.00255566.
36.8785,0.00259666.
37.0054,0.00253825.
37.1328,0.00251476.
37.2606,0.00251471.
37.3889,0.00246856.
37.5176,0.00244655.
37.6468,0.00245549.
37.7763,0.00243508.
37.9064,0.00235858.
38.0369,0.00234194.
38.1678,0.00236569.
38.2992,0.00233062.
38.431,0.0022865.
38.5633,0.00226125.
38.696,0.00221648.
38.8292,0.00221031.
38.9629,0.00220668.
39.097,0.00222831.
39.2316,0.00216795.
39.3666,0.00213875.
39.5022,0.00211356.
39.6381,0.00211621.
39.7746,0.00208138.
39.9115,0.00207177.
40.0489,0.00207401.
40.1867,0.00202341.
40.3251,0.00199854.
40.4639,0.00197867.
40.6032,0.00197913.
40.7429,0.00195589.
40.8832,0.00194438.
41.0239,0.00191936.
41.1651,0.00192121.
41.3068,0.00187775.
41.449,0.00185092.
41.5917,0.00184053.
41.7348,0.0018275.
41.8785,0.00185134.
42.0227,0.00178763.
42.1673,0.00181253.
42.3125,0.00176539.
42.4581,0.00175358.
42.6043,0.00171036.
42.7509,0.00173036.
42.8981,0.00170479.
43.0457,0.00166948.
43.1939,0.00166926.
43.3426,0.00163668.
43.4918,0.00165567.
43.6415,0.00160625.
43.7917,0.00159737.
43.9425,0.00162226.
44.0937,0.00159903.
44.2455,0.00155879.
44.3978,0.00157113.
44.5506,0.00156241.
44.704,0.0015339.
44.8579,0.00153587.
45.0123,0.0014897.
45.1672,0.00148979.
45.3227,0.00147166.
45.4787,0.00146139.
45.6353,0.00142874.
45.7923,0.00146453.
45.95,0.00144857.
46.1081,0.00137704.
46.2669,0.00142008.
46.4261,0.00141315.
46.5859,0.00137121.
46.7463,0.00135473.
46.9072,0.00137405.
47.0687,0.00137715.
47.2307,0.00130894.
47.3933,0.00132216.
47.5564,0.00132105.
47.7201,0.00128806.
47.8844,0.00131263.
48.0492,0.00129138.
48.2146,0.00127371.
48.3806,0.00125074.
48.5471,0.00129376.
48.7142,0.00123268.
48.8819,0.00125382.
49.0501,0.00124271.
49.219,0.00122487.
49.3884,0.00121027.
49.5584,0.00118347.
49.729,0.00120136.
49.9002,0.00119159.
50.072,0.00117772.
50.2443,0.00116624.
50.4173,0.00115728.
50.5908,0.00113779.
50.765,0.00112798.
50.9397,0.00112732.
51.1151,0.00110767.
51.291,0.00113604.
51.4676,0.00111625.
51.6447,0.00108609.
51.8225,0.00109259.
52.0009,0.00108853.
52.1799,0.00105552.
52.3595,0.00106455.
52.5397,0.00104393.
52.7206,0.00103939.
52.9021,0.00104761.
53.0842,0.00102488.
53.2669,0.00101387.
53.4502,0.00102256.
53.6342,0.00100031.
53.8188,0.00101456.
54.0041,0.00100567.
54.19,0.000997549.
54.3765,0.000985367.
54.5637,0.000969967.
54.7515,0.000971182.
54.94,0.000957422.
55.1291,0.000945501.
55.3189,0.000928331.
55.5093,0.000944768.
55.7004,0.000935572.
55.8921,0.000929301.
56.0845,0.000932562.
56.2776,0.000910413.
56.4713,0.000904884.
56.6657,0.000887565.
56.8607,0.00088508.
57.0565,0.000888087.
57.2529,0.000874238.
57.4499,0.000859257.
57.6477,0.000866169.
57.8461,0.000855408.
58.0452,0.000869249.
58.245,0.000851243.
58.4455,0.000827029.
58.6467,0.000813254.
58.8486,0.000823619.
59.0512,0.000813345.
59.2544,0.000801913.
59.4584,0.000807717.
59.6631,0.000801108.
59.8684,0.000794405.
60.0745,0.000781471.
60.2813,0.000769247.
60.4888,0.000776364.
60.697,0.000776496.
60.906,0.000760233.
61.1156,0.000759027.
61.326,0.000737103.
61.5371,0.00074564.
61.7489,0.00072355.
61.9615,0.000736919.
62.1748,0.000718624.
62.3888,0.000730579.
62.6035,0.000719834.
62.819,0.000717894.
63.0353,0.000688544.
63.2522,0.00069802.
63.47,0.000689129.
63.6885,0.000682545.
63.9077,0.000672484.
64.1277,0.000681919.
64.3484,0.000654665.
64.5699,0.000648903.
64.7922,0.000646082.
65.0152,0.000644181.
65.239,0.000644604.
65.4636,0.000626074.
65.6889,0.000619158.
65.915,0.000629214.
66.1419,0.000623374.
66.3696,0.000612517.
66.5981,0.000605506.
66.8273,0.000604254.
67.0573,0.000601676.
67.2882,0.000590035.
67.5198,0.000570164.
67.7522,0.000572165.
67.9854,0.00056554.
68.2194,0.000561773.
68.4543,0.00056029.
68.6899,0.000553753.
68.9264,0.000546421.
69.1636,0.000565951.
69.4017,0.000550505.
69.6406,0.000547378.
69.8803,0.000544179.
70.1209,0.000537521.
70.3622,0.000525866.
70.6044,0.000535176.
70.8475,0.000514151.
71.0913,0.000521772.
71.336,0.000510693.
71.5816,0.000501675.
71.828,0.000506091.
72.0753,0.000499414.
72.3234,0.000482446.
72.5723,0.000496195.
72.8221,0.000501181.
73.0728,0.000492384.
73.3243,0.000477314.
73.5767,0.00048488.
73.83,0.000484432.
74.0841,0.000472991.
74.3391,0.000475469.
74.595,0.000463202.
74.8518,0.00045949.
75.1095,0.00046262.
75.368,0.000457474.
75.6274,0.000444831.
75.8878,0.000454115.
76.149,0.000446953.
76.4111,0.000449.
76.6741,0.000443341.
76.9381,0.000445466.
77.2029,0.000432343.
77.4687,0.000432084.
77.7353,0.00043634.
78.0029,0.000422788.
78.2714,0.000409707.
78.5408,0.000429331.
78.8112,0.000418338.
79.0825,0.000415223.
79.3547,0.000403142.
79.6279,0.000405996.
79.902,0.000405908.
80.177,0.000414862.
80.453,0.000410084.
80.7299,0.000406259.
81.0078,0.000400503.
81.2867,0.000379497.
81.5665,0.000387965.
81.8472,0.000390321.
82.129,0.000386486.
82.4117,0.000383091.
82.6954,0.000371243.
82.98,0.000374524.
83.2656,0.000370134.
83.5523,0.000369148.
83.8399,0.000371076.
84.1285,0.000362636.
84.4181,0.00036028.
84.7086,0.00034979.
85.0002,0.000359535.
85.2928,0.000347647.
85.5864,0.000350998.
85.881,0.000336358.
86.1767,0.000352735.
86.4733,0.000337582.
86.771,0.000333188.
87.0696,0.000324566.
87.3693,0.000329922.
87.6701,0.000338771.
87.9719,0.00032191.
88.2747,0.000327049.
88.5786,0.000315665.
88.8835,0.000324558.
89.1894,0.000319542.
89.4964,0.00031002.
89.8045,0.000318655.
90.1136,0.000307397.
90.4238,0.000312395.
90.7351,0.000299175.
91.0474,0.000297434.
91.3608,0.000296648.
91.6753,0.000309493.
91.9909,0.000293176.
92.3075,0.000293434.
92.6253,0.000285582.
92.9441,0.000294532.
93.264,0.000282353.
93.5851,0.000284052.
93.9072,0.000282139.
94.2305,0.000277352.
94.5548,0.000271967.
94.8803,0.000278814.
95.2069,0.00026752.
95.5346,0.00027383.
95.8635,0.000260206.
96.1935,0.000254157.
96.5246,0.00025677.
96.8568,0.000251757.
97.1902,0.000260074.
97.5248,0.00024796.
97.8605,0.000243751.
98.1974,0.000246208.
98.5354,0.000243272.
98.8746,0.000235966.
99.2149,0.000233765.
99.5564,0.000236048.
99.8991,0.000242954.
100.243,0.000223688.
100.588,0.000222985.
100.934,0.000228427.
101.282,0.000222807.
101.63,0.00022755.
101.98,0.00022333.
102.331,0.000213055.
102.684,0.000214328.
103.037,0.000200592.
103.392,0.000210533.
103.748,0.000201669.
104.105,0.000201173.
104.463,0.00019877.
104.823,0.000195754.
105.183,0.000193325.
105.545,0.000194171.
105.909,0.000188732.
106.273,0.000185734.
106.639,0.000186353.
107.006,0.000188406.
107.375,0.000176887.
107.744,0.000173141.
108.115,0.00016921.
108.487,0.000162836.
108.861,0.000173338.
109.235,0.000162556.
109.611,0.000164751.
109.989,0.000159558.
110.367,0.000152342.
110.747,0.00015909.
111.128,0.000145891.
111.511,0.000141876.
111.895,0.000143624.
112.28,0.000131585.
112.666,0.000139135.
113.054,0.000122427.
113.443,0.000130579.
113.834,0.000120413.
114.226,0.000120301.
114.619,0.000110653.
115.014,0.000103827.
115.409,0.000100111.
115.807,9.50082e-05.
116.205,9.75109e-05.
116.605,9.08197e-05.
117.007,8.36704e-05.
117.41,7.96346e-05.
117.814,6.92138e-05.
118.219,6.38779e-05.
118.626,5.70976e-05.
119.034,5.84623e-05.
119.444,4.72885e-05.
119.855,4.02995e-05.
120.268,4.02424e-05.
120.682,3.40378e-05.
121.097,3.1231e-05.
121.514,2.61734e-05.
121.932,2.36309e-05.
122.352,2.18127e-05.
122.773,1.67532e-05.
123.196,1.48503e-05.
123.62,1.06879e-05.
124.046,1.02089e-05.
124.473,7.75253e-06.
124.901,5.38645e-06.
125.331,5.43223e-06.
125.762,4.67105e-06.
126.195,3.71458e-06.
126.63,3.55877e-06.
127.066,3.17975e-06.
127.503,2.55905e-06.
127.942,2.16785e-06.
128.382,1.85939e-06.
128.824,1.43565e-06.
129.268,1.27312e-06.
129.713,1.38378e-06.
130.159,1.30189e-06.
130.607,1.26829e-06.
131.057,1.12466e-06.
131.508,1.09841e-06.
131.961,9.33369e-07.
132.415,1.26724e-06.
132.871,1.00455e-06.
133.328,5.28314e-07.
133.787,7.23177e-07.
134.247,5.22435e-07.
134.709,7.94571e-07.
135.173,6.22386e-07.
135.638,6.14827e-07.
136.105,6.20286e-07.
136.574,5.02277e-07.
137.044,2.59538e-07.
137.516,8.56096e-07.
137.989,5.39233e-07.
138.464,6.11467e-07.
138.941,4.79598e-07.
139.419,4.48521e-07.
139.899,5.18865e-07.
140.38,2.99854e-07.
140.864,4.22273e-07.
141.349,3.96236e-07.
141.835,1.1465e-07.
142.323,5.71571e-07.
142.813,1.59586e-07.
143.305,4.07575e-07.
143.798,6.29945e-08.
144.293,5.00177e-07.
144.79,3.4269e-07.
145.288,2.2972e-07.
145.788,2.49878e-07.
146.29,4.71829e-07.
146.794,2.59538e-07.
147.299,1.77645e-07.
147.806,1.62946e-07.
148.315,2.79696e-07.
148.825,9.99513e-08.
149.338,5.22435e-07.
149.852,2.42739e-07.
150.368,1.42788e-07.
150.885,6.33095e-07.
151.405,2.92715e-07.
151.926,2.59538e-07.
152.449,2.79696e-07.
152.973,4.86948e-07.
153.5,0
154.028,1.96333e-07.
154.559,1.79744e-07.
155.091,6.29945e-08.
155.624,0
156.16,6.29945e-08.
156.698,1.99903e-07.
157.237,0
157.778,7.97931e-08.
158.321,1.77645e-07.
158.866,3.64528e-07.
159.413,2.2972e-07.
159.962,0
160.513,0
161.065,2.42739e-07.
161.62,0
162.176,1.33338e-07.
162.734,1.49927e-07.
163.294,1.49927e-07.
163.856,2.49878e-07.
164.42,1.62946e-07.
164.986,1.79744e-07.
165.554,0
166.124,0
166.696,0
167.27,0
167.846,7.97931e-08.
168.423,1.49927e-07.
169.003,0
169.585,1.33338e-07.
170.169,3.75867e-07.
170.754,1.49927e-07.
171.342,0
171.932,6.29945e-08.
172.524,1.25989e-07.
173.118,0
173.714,0
174.312,1.49927e-07.
174.912,1.49927e-07.
175.514,0
176.118,0
176.724,0
177.332,1.49927e-07.
177.943,1.49927e-07.
178.555,1.49927e-07.
179.17,0
179.787,0
180.406,6.29945e-08.
181.027,0
181.65,0
182.275,1.49927e-07.
182.902,0
183.532,0
184.164,0
184.798,0
185.434,0
186.072,0
186.713,0
187.355,0
188,0
188.647,0
189.297,0
189.948,0
190.602,0
191.258,1.49927e-07.
191.917,0
192.577,0
193.24,0
193.905,0
194.573,0
195.243,0
195.915,0
196.589,0
197.266,0
197.945,0
198.626,0
199.31,0
199.996,1.49927e-07.
200.684,0
201.375,0
202.068,0
202.764,0
203.462,1.61686e-07.
204.162,1.61686e-07.
204.865,0
205.57,0
206.278,0
206.988,0
207.7,0
208.415,1.49927e-07.
209.133,0
209.853,1.49927e-07.
210.575,0
211.3,1.61686e-07.
212.027,0
212.757,0
213.489,0
214.224,0
214.962,0
215.702,1.49927e-07.
216.444,0
217.189,0
217.937,0
218.687,0
219.44,1.49927e-07.
220.195,1.61686e-07.
220.953,0
221.714,0
222.477,1.94023e-07.
223.243,0
224.011,0
224.782,0
225.556,1.61686e-07.
226.332,1.61686e-07.
227.111,0
227.893,1.61686e-07.
228.678,0
229.465,0
230.255,0
231.047,0
231.843,1.94023e-07.
232.641,0
233.441,0
234.245,0
235.051,0
235.86,0
236.672,0
237.487,1.94023e-07.
238.304,0
239.125,0
239.948,0
240.774,0
241.603,0
242.434,0
243.269,0
244.106,0
244.946,0
245.79,0
246.636,1.94023e-07.
247.485,0
248.337,0
249.191,0
250.049,0
250.91,0
251.774,0
252.64,0
253.51,0
254.383,0
255.258,0
256.137,0
257.019,0
257.903,1.94023e-07.
258.791,0
259.682,0
260.576,0
261.473,0
262.373,0
263.276,0
264.182,0
265.092,0
266.004,0
266.92,0
267.838,0
268.76,0
269.686,0
270.614,0
271.545,0
272.48,0
273.418,0
274.359,0
275.304,0
276.251,0
277.202,0
278.156,0
279.114,0
280.075,0
281.039,0
282.006,0
282.977,0
283.951,0
284.928,0
285.909,0
286.893,0
287.881,0
288.872,0
289.866,0
290.864,0
291.865,0
292.87,0
293.878,0
294.89,0
295.905,0
296.923,0
297.945,0
298.971,0
300,
