0.01,0.000130925,1.61,0.2615113,0.953653969
0.0100344,8.65E-05,,0.5230227,0.914083753
0.010069,6.96E-05,,0.784534,0.814156742
0.0101036,0.000110066,,1.046045,0.767034911
0.0101384,9.05E-05,,1.307557,0.647441302
0.0101733,4.07E-05,,1.569068,0.522880384
0.0102083,0.000126797,,2.615113,0.263363778
0.0102435,9.82E-05,,3.92267,0.066232128
0.0102787,7.17E-05,,5.230227,0.016676762
0.0103141,7.97E-05,,,
0.0103496,9.31E-05,,,
0.0103852,0.000128442,,,
0.010421,5.99E-05,,,
0.0104568,0.000200527,,,
0.0104928,0.000220519,,,
0.010529,0.000243334,,,
0.0105652,0.000299616,,,
0.0106016,0.000303685,,,
0.0106381,0.000227132,,,
0.0106747,0.000330061,,,
0.0107114,0.000319106,,,
0.0107483,0.000350668,,,
0.0107853,0.000356624,,,
0.0108224,0.000391074,,,
0.0108597,0.000450673,,,
0.0108971,0.00047282,,,
0.0109346,0.000455125,,,
0.0109722,0.00109975,,,
0.01101,0.0013491,,,
0.0110479,0.0017588,,,
0.0110859,0.00469813,,,
0.0111241,0.00630854,,,
0.0111624,0.0064182,,,
0.0112008,0.00693371,,,
0.0112393,0.00607728,,,
0.011278,0.00662457,,,
0.0113168,0.00628325,,,
0.0113558,0.00659834,,,
0.0113949,0.00631545,,,
0.0114341,0.00602077,,,
0.0114735,0.00589164,,,
0.011513,0.00596839,,,
0.0115526,0.00569215,,,
0.0115924,0.0060043,,,
0.0116323,0.00634459,,,
0.0116723,0.00623627,,,
0.0117125,0.00574287,,,
0.0117528,0.00599001,,,
0.0117933,0.00627882,,,
0.0118339,0.00565773,,,
0.0118746,0.00586041,,,
0.0119155,0.00574406,,,
0.0119565,0.0054405,,,
0.0119976,0.00543913,,,
0.0120389,0.00592069,,,
0.0120804,0.00569332,,,
0.012122,0.00572174,,,
0.0121637,0.00558642,,,
0.0122056,0.00572999,,,
0.0122476,0.00536472,,,
0.0122897,0.00765189,,,
0.012332,0.00534717,,,
0.0123745,0.00532331,,,
0.0124171,0.00533186,,,
0.0124598,0.00553776,,,
0.0125027,0.0052287,,,
0.0125458,0.00508835,,,
0.0125889,0.00576036,,,
0.0126323,0.00522663,,,
0.0126758,0.00581921,,,
0.0127194,0.00491753,,,
0.0127632,0.00525641,,,
0.0128071,0.00546971,,,
0.0128512,0.00517198,,,
0.0128954,0.0053802,,,
0.0129398,0.00580468,,,
0.0129844,0.00496815,,,
0.0130291,0.00468729,,,
0.0130739,0.00481199,,,
0.0131189,0.00524189,,,
0.0131641,0.00506783,,,
0.0132094,0.00413396,,,
0.0132548,0.00492773,,,
0.0133005,0.00465878,,,
0.0133463,0.00429854,,,
0.0133922,0.00463485,,,
0.0134383,0.00477424,,,
0.0134846,0.00449115,,,
0.013531,0.00483159,,,
0.0135775,0.00441442,,,
0.0136243,0.004491,,,
0.0136712,0.0049527,,,
0.0137182,0.00451686,,,
0.0137655,0.00422843,,,
0.0138128,0.00458992,,,
0.0138604,0.00482673,,,
0.0139081,0.00444971,,,
0.013956,0.00481262,,,
0.014004,0.00454784,,,
0.0140522,0.00404726,,,
0.0141006,0.00429471,,,
0.0141491,0.00416255,,,
0.0141978,0.00411626,,,
0.0142467,0.00422443,,,
0.0142957,0.00428585,,,
0.014345,0.00406665,,,
0.0143943,0.00413553,,,
0.0144439,0.00431601,,,
0.0144936,0.00367325,,,
0.0145435,0.00387932,,,
0.0145936,0.0043296,,,
0.0146438,0.00369089,,,
0.0146942,0.0041383,,,
0.0147448,0.00373528,,,
0.0147955,0.00390461,,,
0.0148465,0.00401893,,,
0.0148976,0.00425081,,,
0.0149488,0.00703777,,,
0.0150003,0.00435745,,,
0.0150519,0.00413336,,,
0.0151038,0.00424748,,,
0.0151557,0.00419142,,,
0.0152079,0.00446475,,,
0.0152603,0.00407925,,,
0.0153128,0.00384945,,,
0.0153655,0.00365549,,,
0.0154184,0.00374619,,,
0.0154715,0.00386403,,,
0.0155247,0.00440893,,,
0.0155782,0.00369361,,,
0.0156318,0.00351706,,,
0.0156856,0.00327227,,,
0.0157396,0.00369728,,,
0.0157938,0.00366634,,,
0.0158481,0.00368516,,,
0.0159027,0.00396767,,,
0.0159574,0.00368103,,,
0.0160124,0.00376278,,,
0.0160675,0.00337559,,,
0.0161228,0.00330366,,,
0.0161783,0.0482495,,,
0.016234,0.00552524,,,
0.0162898,0.00730037,,,
0.0163459,0.0045702,,,
0.0164022,0.00495668,,,
0.0164586,0.00569234,,,
0.0165153,0.00461203,,,
0.0165722,0.00447022,,,
0.0166292,0.00408383,,,
0.0166864,0.00407123,,,
0.0167439,0.00398975,,,
0.0168015,0.00437798,,,
0.0168593,0.00639549,,,
0.0169174,0.00471091,,,
0.0169756,0.00417606,,,
0.0170341,0.00448365,,,
0.0170927,0.00413146,,,
0.0171515,0.00381845,,,
0.0172106,0.00430686,,,
0.0172698,0.00357513,,,
0.0173293,0.00351671,,,
0.0173889,0.00395806,,,
0.0174488,0.00362497,,,
0.0175088,0.00416337,,,
0.0175691,0.00337586,,,
0.0176296,0.00322064,,,
0.0176903,0.00351486,,,
0.0177511,0.00344424,,,
0.0178123,0.00348203,,,
0.0178736,0.00307138,,,
0.0179351,0.00354628,,,
0.0179968,0.00288908,,,
0.0180588,0.00353808,,,
0.0181209,0.00347742,,,
0.0181833,0.00372031,,,
0.0182459,0.00348077,,,
0.0183087,0.0031715,,,
0.0183717,0.00315924,,,
0.018435,0.00325339,,,
0.0184984,0.00340836,,,
0.0185621,0.00327776,,,
0.018626,0.00300895,,,
0.0186901,0.00324706,,,
0.0187545,0.00303687,,,
0.018819,0.00308778,,,
0.0188838,0.00538094,,,
0.0189488,0.00354703,,,
0.019014,0.00346566,,,
0.0190795,0.00346893,,,
0.0191451,0.0037255,,,
0.019211,0.00309639,,,
0.0192772,0.00324999,,,
0.0193435,0.00313059,,,
0.0194101,0.00295097,,,
0.0194769,0.00319334,,,
0.019544,0.00272687,,,
0.0196112,0.00307409,,,
0.0196788,0.0031117,,,
0.0197465,0.00294478,,,
0.0198145,0.00300562,,,
0.0198827,0.00285712,,,
0.0199511,0.00301779,,,
0.0200198,0.0401142,,,
0.0200887,0.00447787,,,
0.0201579,0.00597686,,,
0.0202272,0.00354503,,,
0.0202969,0.00479811,,,
0.0203667,0.00409164,,,
0.0204368,0.00439801,,,
0.0205072,0.00368445,,,
0.0205778,0.0033975,,,
0.0206486,0.00688463,,,
0.0207197,0.00356019,,,
0.020791,0.00422916,,,
0.0208626,0.00383117,,,
0.0209344,0.003359,,,
0.0210065,0.0038476,,,
0.0210788,0.00316867,,,
0.0211513,0.00341849,,,
0.0212241,0.0032836,,,
0.0212972,0.00380355,,,
0.0213705,0.00321011,,,
0.0214441,0.00343395,,,
0.0215179,0.00339838,,,
0.0215919,0.00330425,,,
0.0216663,0.00341854,,,
0.0217408,0.00323743,,,
0.0218157,0.00327665,,,
0.0218908,0.00359008,,,
0.0219661,0.00348964,,,
0.0220417,0.00326443,,,
0.0221176,0.00366245,,,
0.0221938,0.00282937,,,
0.0222701,0.0034111,,,
0.0223468,0.00323413,,,
0.0224237,0.00333426,,,
0.0225009,0.00309774,,,
0.0225784,0.00317123,,,
0.0226561,0.0030008,,,
0.0227341,0.00345062,,,
0.0228123,0.00340534,,,
0.0228909,0.00384398,,,
0.0229697,0.00370992,,,
0.0230487,0.00327029,,,
0.0231281,0.00363843,,,
0.0232077,0.00386889,,,
0.0232876,0.0035015,,,
0.0233677,0.00355649,,,
0.0234482,0.00344468,,,
0.0235289,0.00353696,,,
0.0236099,0.00378369,,,
0.0236911,0.00401601,,,
0.0237727,0.00365741,,,
0.0238545,0.0035642,,,
0.0239366,0.0036218,,,
0.024019,0.0314318,,,
0.0241017,0.00534553,,,
0.0241847,0.0065862,,,
0.0242679,0.00509396,,,
0.0243514,0.00478465,,,
0.0244353,0.00450586,,,
0.0245194,0.00464614,,,
0.0246038,0.00488828,,,
0.0246885,0.00493191,,,
0.0247735,0.00455609,,,
0.0248587,0.00447081,,,
0.0249443,0.00457811,,,
0.0250302,0.00476871,,,
0.0251163,0.00398805,,,
0.0252028,0.00444139,,,
0.0252895,0.00492775,,,
0.0253766,0.0044132,,,
0.0254639,0.00471017,,,
0.0255516,0.00463691,,,
0.0256396,0.00441715,,,
0.0257278,0.00434635,,,
0.0258164,0.00430698,,,
0.0259052,0.00408365,,,
0.0259944,0.00534529,,,
0.0260839,0.00442758,,,
0.0261737,0.0047452,,,
0.0262638,0.00440441,,,
0.0263542,0.00459756,,,
0.0264449,0.00463051,,,
0.0265359,0.00495276,,,
0.0266273,0.00386179,,,
0.0267189,0.00409543,,,
0.0268109,0.00434298,,,
0.0269032,0.00471132,,,
0.0269958,0.00430726,,,
0.0270887,0.00460024,,,
0.027182,0.00461115,,,
0.0272755,0.00513996,,,
0.0273694,0.00483409,,,
0.0274636,0.00487972,,,
0.0275582,0.00490431,,,
0.027653,0.00544455,,,
0.0277482,0.00491536,,,
0.0278437,0.00510297,,,
0.0279396,0.00508036,,,
0.0280357,0.00492839,,,
0.0281323,0.00492249,,,
0.0282291,0.00514165,,,
0.0283263,0.00458804,,,
0.0284238,0.00599536,,,
0.0285216,0.00470045,,,
0.0286198,0.00467915,,,
0.0287183,0.00500027,,,
0.0288172,0.00483539,,,
0.0289164,0.00476941,,,
0.0290159,0.00498044,,,
0.0291158,0.00503516,,,
0.029216,0.00472855,,,
0.0293166,0.00508549,,,
0.0294175,0.00498429,,,
0.0295187,0.00521236,,,
0.0296203,0.00499744,,,
0.0297223,0.0050158,,,
0.0298246,0.00467845,,,
0.0299273,0.00468676,,,
0.0300303,0.00500299,,,
0.0301337,0.00482874,,,
0.0302374,0.00523048,,,
0.0303415,0.00494622,,,
0.0304459,0.00486102,,,
0.0305507,0.00443597,,,
0.0306559,0.00500033,,,
0.0307614,0.00478419,,,
0.0308673,0.00420542,,,
0.0309735,0.00518736,,,
0.0310802,0.00641666,,,
0.0311872,0.00539731,,,
0.0312945,0.00568802,,,
0.0314022,0.00505538,,,
0.0315103,0.00503678,,,
0.0316188,0.00541709,,,
0.0317276,0.00503465,,,
0.0318368,0.00558538,,,
0.0319464,0.00483559,,,
0.0320564,0.00511571,,,
0.0321667,0.005273,,,
0.0322775,0.00609615,,,
0.0323886,0.00616224,,,
0.0325001,0.00521187,,,
0.0326119,0.00479856,,,
0.0327242,0.00613583,,,
0.0328368,0.00527236,,,
0.0329499,0.0065441,,,
0.0330633,0.00576911,,,
0.0331771,0.00502336,,,
0.0332913,0.00519367,,,
0.0334059,0.00530403,,,
0.0335209,0.00545676,,,
0.0336363,0.00543386,,,
0.0337521,0.00520972,,,
0.0338682,0.00498306,,,
0.0339848,0.00507255,,,
0.0341018,0.00471956,,,
0.0342192,0.00533072,,,
0.034337,0.00540821,,,
0.0344552,0.00526985,,,
0.0345738,0.0053577,,,
0.0346928,0.00516377,,,
0.0348122,0.00508911,,,
0.034932,0.00495232,,,
0.0350523,0.00738331,,,
0.035173,0.00570353,,,
0.035294,0.00569374,,,
0.0354155,0.00489372,,,
0.0355374,0.00557766,,,
0.0356597,0.00550536,,,
0.0357825,0.00552469,,,
0.0359057,0.00533497,,,
0.0360293,0.00583174,,,
0.0361533,0.00674907,,,
0.0362777,0.00556096,,,
0.0364026,0.00666586,,,
0.0365279,0.00583645,,,
0.0366537,0.00573619,,,
0.0367798,0.00698758,,,
0.0369064,0.00712431,,,
0.0370335,0.0052753,,,
0.0371609,0.00632281,,,
0.0372889,0.00533646,,,
0.0374172,0.0058604,,,
0.037546,0.00569648,,,
0.0376753,0.00622655,,,
0.0378049,0.00587321,,,
0.0379351,0.00585093,,,
0.0380657,0.00605948,,,
0.0381967,0.00563227,,,
0.0383282,0.00540553,,,
0.0384601,0.00600134,,,
0.0385925,0.00592798,,,
0.0387253,0.00539779,,,
0.0388586,0.0058665,,,
0.0389924,0.00764938,,,
0.0391266,0.00608081,,,
0.0392613,0.00598806,,,
0.0393965,0.00592524,,,
0.0395321,0.00585358,,,
0.0396681,0.00659489,,,
0.0398047,0.00567818,,,
0.0399417,0.00596204,,,
0.0400792,0.0059803,,,
0.0402172,0.00765509,,,
0.0403556,0.00655215,,,
0.0404945,0.00618443,,,
0.0406339,0.00713782,,,
0.0407738,0.00640689,,,
0.0409141,0.00725874,,,
0.041055,0.00615162,,,
0.0411963,0.00653305,,,
0.0413381,0.00610731,,,
0.0414804,0.00598556,,,
0.0416232,0.00642124,,,
0.0417664,0.00590071,,,
0.0419102,0.00635027,,,
0.0420545,0.00615919,,,
0.0421992,0.00640992,,,
0.0423445,0.00588398,,,
0.0424903,0.00611989,,,
0.0426365,0.00693173,,,
0.0427833,0.00703708,,,
0.0429306,0.00713963,,,
0.0430783,0.00626657,,,
0.0432266,0.00639709,,,
0.0433754,0.00651121,,,
0.0435247,0.00620083,,,
0.0436745,0.00621806,,,
0.0438249,0.00689891,,,
0.0439757,0.00657765,,,
0.0441271,0.0072708,,,
0.044279,0.00701012,,,
0.0444314,0.00689054,,,
0.0445844,0.0072242,,,
0.0447378,0.00732701,,,
0.0448918,0.0064362,,,
0.0450464,0.00715037,,,
0.0452014,0.00664468,,,
0.045357,0.00657986,,,
0.0455131,0.0067474,,,
0.0456698,0.00629742,,,
0.045827,0.00668636,,,
0.0459848,0.00681731,,,
0.0461431,0.00628691,,,
0.0463019,0.00664895,,,
0.0464613,0.00701048,,,
0.0466212,0.00652438,,,
0.0467817,0.00664938,,,
0.0469427,0.00646677,,,
0.0471043,0.00700233,,,
0.0472664,0.00724779,,,
0.0474291,0.00689302,,,
0.0475924,0.00758889,,,
0.0477562,0.00664851,,,
0.0479206,0.0071119,,,
0.0480856,0.00806052,,,
0.0482511,0.0074376,,,
0.0484172,0.0144794,,,
0.0485839,0.00838798,,,
0.0487511,0.00729889,,,
0.0489189,0.00738073,,,
0.0490873,0.00809302,,,
0.0492563,0.00752503,,,
0.0494258,0.0077715,,,
0.0495959,0.00765555,,,
0.0497667,0.00769838,,,
0.049938,0.00745472,,,
0.0501099,0.00761557,,,
0.0502824,0.00747747,,,
0.0504554,0.00751873,,,
0.0506291,0.00767764,,,
0.0508034,0.00827932,,,
0.0509783,0.00696304,,,
0.0511538,0.00766604,,,
0.0513298,0.00763368,,,
0.0515065,0.00717171,,,
0.0516838,0.0079398,,,
0.0518617,0.00827475,,,
0.0520403,0.00726946,,,
0.0522194,0.00830101,,,
0.0523991,0.00793224,,,
0.0525795,0.00791951,,,
0.0527605,0.00799472,,,
0.0529421,0.00849929,,,
0.0531244,0.00815078,,,
0.0533072,0.00871107,,,
0.0534907,0.00870979,,,
0.0536748,0.00862448,,,
0.0538596,0.00799296,,,
0.054045,0.00800204,,,
0.054231,0.00839906,,,
0.0544177,0.00900267,,,
0.054605,0.00802992,,,
0.054793,0.00883469,,,
0.0549816,0.00865498,,,
0.0551709,0.00798847,,,
0.0553608,0.00948049,,,
0.0555513,0.00917215,,,
0.0557426,0.00988824,,,
0.0559344,0.00895021,,,
0.056127,0.00828452,,,
0.0563202,0.00929469,,,
0.056514,0.00883217,,,
0.0567086,0.00869992,,,
0.0569038,0.00874438,,,
0.0570997,0.00969179,,,
0.0572962,0.00876275,,,
0.0574934,0.00893433,,,
0.0576913,0.00891004,,,
0.0578899,0.00924474,,,
0.0580892,0.00833377,,,
0.0582892,0.00910733,,,
0.0584898,0.00877123,,,
0.0586911,0.0100087,,,
0.0588932,0.0093335,,,
0.0590959,0.00911009,,,
0.0592993,0.00950728,,,
0.0595034,0.00951811,,,
0.0597083,0.00957464,,,
0.0599138,0.00975249,,,
0.06012,0.00946161,,,
0.060327,0.00962872,,,
0.0605346,0.0100222,,,
0.060743,0.0103778,,,
0.0609521,0.0102205,,,
0.0611619,0.0092112,,,
0.0613724,0.00994672,,,
0.0615837,0.00982889,,,
0.0617957,0.0101437,,,
0.0620084,0.00990435,,,
0.0622218,0.0100901,,,
0.062436,0.0101595,,,
0.0626509,0.0102963,,,
0.0628666,0.0101768,,,
0.063083,0.010468,,,
0.0633001,0.0105995,,,
0.063518,0.0105523,,,
0.0637367,0.00995479,,,
0.0639561,0.0104432,,,
0.0641762,0.0101995,,,
0.0643971,0.0100249,,,
0.0646188,0.0107628,,,
0.0648412,0.0110383,,,
0.0650644,0.0108364,,,
0.0652884,0.0116269,,,
0.0655131,0.0104293,,,
0.0657387,0.0102814,,,
0.0659649,0.0109361,,,
0.066192,0.0103098,,,
0.0664199,0.011511,,,
0.0666485,0.0107746,,,
0.0668779,0.00998629,,,
0.0671081,0.0111926,,,
0.0673391,0.0111447,,,
0.0675709,0.0114479,,,
0.0678035,0.0110006,,,
0.0680369,0.0113697,,,
0.0682711,0.011476,,,
0.0685061,0.0116761,,,
0.0687419,0.0111895,,,
0.0689785,0.011685,,,
0.069216,0.0114976,,,
0.0694542,0.0117458,,,
0.0696933,0.0115405,,,
0.0699332,0.0106068,,,
0.0701739,0.012571,,,
0.0704155,0.0121431,,,
0.0706579,0.0111699,,,
0.0709011,0.0121747,,,
0.0711452,0.0117774,,,
0.0713901,0.0125087,,,
0.0716358,0.0112767,,,
0.0718824,0.012064,,,
0.0721298,0.0125742,,,
0.0723781,0.011902,,,
0.0726273,0.0123803,,,
0.0728773,0.0122695,,,
0.0731281,0.0123094,,,
0.0733798,0.0117385,,,
0.0736324,0.0122921,,,
0.0738859,0.011808,,,
0.0741402,0.0128667,,,
0.0743954,0.0131453,,,
0.0746515,0.0126763,,,
0.0749085,0.0130672,,,
0.0751663,0.0124482,,,
0.0754251,0.0127434,,,
0.0756847,0.0129624,,,
0.0759452,0.0135158,,,
0.0762067,0.0134475,,,
0.076469,0.0125962,,,
0.0767322,0.0129227,,,
0.0769963,0.0136167,,,
0.0772614,0.0128976,,,
0.0775273,0.013626,,,
0.0777942,0.0134614,,,
0.078062,0.0135955,,,
0.0783307,0.013303,,,
0.0786003,0.0123298,,,
0.0788709,0.0136454,,,
0.0791424,0.0142354,,,
0.0794148,0.0141153,,,
0.0796882,0.0132048,,,
0.0799625,0.013126,,,
0.0802377,0.0138341,,,
0.0805139,0.0129963,,,
0.080791,0.0145018,,,
0.0810692,0.0133818,,,
0.0813482,0.0131067,,,
0.0816282,0.0129645,,,
0.0819092,0.013349,,,
0.0821912,0.0151611,,,
0.0824741,0.0141749,,,
0.082758,0.0140334,,,
0.0830428,0.0141415,,,
0.0833287,0.0147538,,,
0.0836155,0.0142067,,,
0.0839034,0.014778,,,
0.0841922,0.0146224,,,
0.084482,0.0151109,,,
0.0847728,0.0145925,,,
0.0850646,0.0153015,,,
0.0853574,0.015368,,,
0.0856512,0.0152356,,,
0.0859461,0.0142954,,,
0.0862419,0.0153827,,,
0.0865388,0.0150101,,,
0.0868367,0.0150176,,,
0.0871356,0.0154214,,,
0.0874355,0.0153597,,,
0.0877365,0.0154118,,,
0.0880385,0.0152176,,,
0.0883415,0.0167397,,,
0.0886456,0.0160298,,,
0.0889508,0.0155664,,,
0.089257,0.0165204,,,
0.0895642,0.0155094,,,
0.0898725,0.0163242,,,
0.0901819,0.0161439,,,
0.0904923,0.0162453,,,
0.0908038,0.016137,,,
0.0911164,0.0170866,,,
0.09143,0.0162173,,,
0.0917447,0.0168275,,,
0.0920605,0.0165265,,,
0.0923774,0.0165331,,,
0.0926954,0.0165033,,,
0.0930145,0.0173343,,,
0.0933347,0.0168829,,,
0.0936559,0.0174256,,,
0.0939783,0.0177613,,,
0.0943018,0.0171138,,,
0.0946264,0.0165154,,,
0.0949522,0.0178152,,,
0.095279,0.0178033,,,
0.095607,0.0162783,,,
0.0959361,0.0180652,,,
0.0962663,0.0185744,,,
0.0965977,0.018727,,,
0.0969302,0.0173097,,,
0.0972638,0.0180767,,,
0.0975986,0.0177385,,,
0.0979346,0.0183649,,,
0.0982717,0.0182935,,,
0.09861,0.0195457,,,
0.0989494,0.0181266,,,
0.09929,0.0191956,,,
0.0996318,0.0189607,,,
0.0999748,0.019008,,,
0.100319,0.0189207,,,
0.100664,0.0189826,,,
0.101011,0.0187228,,,
0.101358,0.0183395,,,
0.101707,0.0189635,,,
0.102057,0.0195473,,,
0.102409,0.0195894,,,
0.102761,0.0188183,,,
0.103115,0.0189425,,,
0.10347,0.0194023,,,
0.103826,0.0201097,,,
0.104183,0.01943,,,
0.104542,0.018602,,,
0.104902,0.0203219,,,
0.105263,0.0203473,,,
0.105625,0.0194337,,,
0.105989,0.0197067,,,
0.106354,0.0210592,,,
0.10672,0.0204729,,,
0.107087,0.0191717,,,
0.107456,0.0202082,,,
0.107826,0.0201138,,,
0.108197,0.0213144,,,
0.108569,0.0205862,,,
0.108943,0.0210258,,,
0.109318,0.0216852,,,
0.109694,0.0218551,,,
0.110072,0.0199922,,,
0.110451,0.0220328,,,
0.110831,0.0213898,,,
0.111213,0.0217243,,,
0.111595,0.0226543,,,
0.11198,0.022051,,,
0.112365,0.0218869,,,
0.112752,0.0213096,,,
0.11314,0.0213448,,,
0.113529,0.0228527,,,
0.11392,0.0226937,,,
0.114312,0.0229875,,,
0.114706,0.0221719,,,
0.115101,0.0230221,,,
0.115497,0.0237183,,,
0.115894,0.0230264,,,
0.116293,0.0227271,,,
0.116694,0.0238933,,,
0.117095,0.0230259,,,
0.117498,0.0242163,,,
0.117903,0.0243953,,,
0.118309,0.0236636,,,
0.118716,0.0225142,,,
0.119125,0.024973,,,
0.119535,0.0241206,,,
0.119946,0.024429,,,
0.120359,0.0248452,,,
0.120773,0.0241337,,,
0.121189,0.0250645,,,
0.121606,0.0238985,,,
0.122025,0.0244866,,,
0.122445,0.0247584,,,
0.122866,0.0252729,,,
0.123289,0.0254096,,,
0.123714,0.0249218,,,
0.124139,0.0247392,,,
0.124567,0.0249419,,,
0.124996,0.0251528,,,
0.125426,0.0259484,,,
0.125858,0.0252709,,,
0.126291,0.0266304,,,
0.126726,0.0261701,,,
0.127162,0.0274219,,,
0.127599,0.0259846,,,
0.128039,0.0255556,,,
0.128479,0.0267614,,,
0.128922,0.0261835,,,
0.129365,0.0271583,,,
0.129811,0.0276364,,,
0.130258,0.0286479,,,
0.130706,0.02738,,,
0.131156,0.0273434,,,
0.131607,0.0271302,,,
0.13206,0.0269087,,,
0.132515,0.0269559,,,
0.132971,0.0285147,,,
0.133429,0.027673,,,
0.133888,0.028288,,,
0.134349,0.0289934,,,
0.134811,0.0287919,,,
0.135276,0.0284392,,,
0.135741,0.0274953,,,
0.136208,0.0291538,,,
0.136677,0.0282862,,,
0.137148,0.0304331,,,
0.13762,0.0309921,,,
0.138094,0.031055,,,
0.138569,0.0292909,,,
0.139046,0.0301427,,,
0.139525,0.029974,,,
0.140005,0.031422,,,
0.140487,0.0299823,,,
0.14097,0.0302554,,,
0.141456,0.0295808,,,
0.141943,0.0319551,,,
0.142431,0.0317691,,,
0.142921,0.0307477,,,
0.143413,0.0318896,,,
0.143907,0.0310883,,,
0.144402,0.0318123,,,
0.144899,0.0319438,,,
0.145398,0.0321423,,,
0.145899,0.0322147,,,
0.146401,0.0317908,,,
0.146905,0.032389,,,
0.147411,0.033551,,,
0.147918,0.0323311,,,
0.148427,0.0334192,,,
0.148938,0.0331379,,,
0.149451,0.033695,,,
0.149965,0.0337578,,,
0.150481,0.0344899,,,
0.150999,0.0344554,,,
0.151519,0.0333399,,,
0.152041,0.0355256,,,
0.152564,0.0338085,,,
0.153089,0.0336423,,,
0.153616,0.0350702,,,
0.154145,0.0345001,,,
0.154676,0.0338129,,,
0.155208,0.0354988,,,
0.155742,0.0339565,,,
0.156278,0.0348617,,,
0.156816,0.036105,,,
0.157356,0.0358824,,,
0.157898,0.0356968,,,
0.158441,0.0370011,,,
0.158987,0.0358066,,,
0.159534,0.0353288,,,
0.160083,0.0371153,,,
0.160634,0.035055,,,
0.161187,0.0379247,,,
0.161742,0.0361211,,,
0.162299,0.0378033,,,
0.162857,0.0381658,,,
0.163418,0.0363995,,,
0.163981,0.0380993,,,
0.164545,0.0366573,,,
0.165111,0.0377471,,,
0.16568,0.0394691,,,
0.16625,0.0379694,,,
0.166822,0.0391886,,,
0.167397,0.0385985,,,
0.167973,0.0391568,,,
0.168551,0.0388527,,,
0.169131,0.040383,,,
0.169713,0.0397838,,,
0.170298,0.0414381,,,
0.170884,0.0400195,,,
0.171472,0.0404703,,,
0.172062,0.0406389,,,
0.172654,0.0415495,,,
0.173249,0.041242,,,
0.173845,0.0413039,,,
0.174444,0.0416066,,,
0.175044,0.0411115,,,
0.175647,0.0408705,,,
0.176251,0.0426656,,,
0.176858,0.0417406,,,
0.177467,0.0426719,,,
0.178078,0.0431397,,,
0.178691,0.0424734,,,
0.179306,0.0432576,,,
0.179923,0.0443772,,,
0.180542,0.0441631,,,
0.181164,0.0450224,,,
0.181787,0.0455675,,,
0.182413,0.0462878,,,
0.183041,0.0460317,,,
0.183671,0.0480264,,,
0.184303,0.045267,,,
0.184938,0.0464761,,,
0.185574,0.045088,,,
0.186213,0.0472261,,,
0.186854,0.0467328,,,
0.187497,0.0467003,,,
0.188143,0.0478474,,,
0.18879,0.0452997,,,
0.18944,0.0471808,,,
0.190092,0.0462256,,,
0.190747,0.0497881,,,
0.191403,0.0501601,,,
0.192062,0.0473418,,,
0.192723,0.0474428,,,
0.193387,0.0484729,,,
0.194052,0.0494418,,,
0.19472,0.0496927,,,
0.19539,0.050512,,,
0.196063,0.0501824,,,
0.196738,0.0503429,,,
0.197415,0.0522277,,,
0.198095,0.0504632,,,
0.198777,0.0528534,,,
0.199461,0.051286,,,
0.200147,0.0502809,,,
0.200836,0.0498616,,,
0.201528,0.0503031,,,
0.202221,0.0514057,,,
0.202917,0.0522672,,,
0.203616,0.0523685,,,
0.204317,0.0530813,,,
0.20502,0.0540769,,,
0.205726,0.0525926,,,
0.206434,0.0522489,,,
0.207145,0.0539108,,,
0.207858,0.0533673,,,
0.208573,0.0547397,,,
0.209291,0.0549055,,,
0.210012,0.0566236,,,
0.210734,0.0562984,,,
0.21146,0.0558763,,,
0.212188,0.0552276,,,
0.212918,0.0557129,,,
0.213651,0.0571899,,,
0.214386,0.0571556,,,
0.215124,0.0590344,,,
0.215865,0.0592704,,,
0.216608,0.0588946,,,
0.217354,0.0567543,,,
0.218102,0.0592582,,,
0.218853,0.0565126,,,
0.219606,0.0589783,,,
0.220362,0.0620114,,,
0.22112,0.0600823,,,
0.221882,0.0598773,,,
0.222645,0.0593306,,,
0.223412,0.0603588,,,
0.224181,0.064238,,,
0.224952,0.0617116,,,
0.225727,0.0601129,,,
0.226504,0.0605582,,,
0.227283,0.0623734,,,
0.228066,0.0619006,,,
0.228851,0.0643218,,,
0.229639,0.063807,,,
0.230429,0.0657191,,,
0.231222,0.0640047,,,
0.232018,0.0641712,,,
0.232817,0.0636253,,,
0.233618,0.0672599,,,
0.234422,0.0650982,,,
0.235229,0.0668063,,,
0.236039,0.0666371,,,
0.236852,0.0673235,,,
0.237667,0.0668526,,,
0.238485,0.0691321,,,
0.239306,0.0689367,,,
0.24013,0.0682579,,,
0.240956,0.0687678,,,
0.241786,0.0668287,,,
0.242618,0.0693301,,,
0.243453,0.0683303,,,
0.244291,0.0710653,,,
0.245132,0.0699226,,,
0.245976,0.0714108,,,
0.246822,0.0705334,,,
0.247672,0.0725063,,,
0.248525,0.0731302,,,
0.24938,0.0715478,,,
0.250239,0.0723406,,,
0.2511,0.0737456,,,
0.251964,0.0715749,,,
0.252832,0.0741219,,,
0.253702,0.074507,,,
0.254575,0.0737471,,,
0.255452,0.0757355,,,
0.256331,0.0744412,,,
0.257213,0.0769647,,,
0.258099,0.0755992,,,
0.258987,0.0771904,,,
0.259878,0.0750119,,,
0.260773,0.0800696,,,
0.261671,0.0757323,,,
0.262571,0.0792307,,,
0.263475,0.0800289,,,
0.264382,0.078392,,,
0.265292,0.0804464,,,
0.266205,0.0803603,,,
0.267122,0.0798743,,,
0.268041,0.0797371,,,
0.268964,0.0842698,,,
0.26989,0.0829817,,,
0.270819,0.0836159,,,
0.271751,0.0812303,,,
0.272686,0.0806063,,,
0.273625,0.084046,,,
0.274567,0.0840365,,,
0.275512,0.0876576,,,
0.27646,0.0824281,,,
0.277412,0.0857753,,,
0.278367,0.0889546,,,
0.279325,0.0867245,,,
0.280287,0.0874435,,,
0.281252,0.0856919,,,
0.28222,0.0907938,,,
0.283191,0.0887368,,,
0.284166,0.0900256,,,
0.285144,0.0917538,,,
0.286126,0.088336,,,
0.287111,0.0888719,,,
0.288099,0.090181,,,
0.289091,0.09282,,,
0.290086,0.0911462,,,
0.291084,0.0948434,,,
0.292086,0.0898628,,,
0.293092,0.0929834,,,
0.294101,0.0938482,,,
0.295113,0.0956365,,,
0.296129,0.0943686,,,
0.297148,0.0979626,,,
0.298171,0.0933423,,,
0.299197,0.0944141,,,
0.300227,0.0961817,,,
0.301261,0.0994896,,,
0.302298,0.09773,,,
0.303338,0.0973137,,,
0.304382,0.0991056,,,
0.30543,0.0986546,,,
0.306482,0.102593,,,
0.307536,0.100445,,,
0.308595,0.100308,,,
0.309657,0.104348,,,
0.310723,0.103183,,,
0.311793,0.10323,,,
0.312866,0.103991,,,
0.313943,0.103298,,,
0.315024,0.104948,,,
0.316108,0.103812,,,
0.317196,0.102934,,,
0.318288,0.10395,,,
0.319384,0.105185,,,
0.320483,0.10653,,,
0.321586,0.107775,,,
0.322693,0.107206,,,
0.323804,0.109143,,,
0.324919,0.112429,,,
0.326037,0.109274,,,
0.327159,0.110093,,,
0.328286,0.111425,,,
0.329416,0.110482,,,
0.330549,0.111982,,,
0.331687,0.112215,,,
0.332829,0.110134,,,
0.333975,0.116053,,,
0.335124,0.113192,,,
0.336278,0.11613,,,
0.337435,0.115601,,,
0.338597,0.119452,,,
0.339763,0.121451,,,
0.340932,0.117085,,,
0.342106,0.119807,,,
0.343283,0.118582,,,
0.344465,0.119376,,,
0.345651,0.11979,,,
0.34684,0.121232,,,
0.348034,0.12017,,,
0.349232,0.123863,,,
0.350434,0.124106,,,
0.351641,0.125641,,,
0.352851,0.126338,,,
0.354066,0.126468,,,
0.355285,0.125881,,,
0.356508,0.124816,,,
0.357735,0.127308,,,
0.358966,0.127459,,,
0.360202,0.130244,,,
0.361442,0.127257,,,
0.362686,0.129904,,,
0.363934,0.130435,,,
0.365187,0.133137,,,
0.366444,0.131399,,,
0.367705,0.132411,,,
0.368971,0.1333,,,
0.370241,0.134625,,,
0.371516,0.13376,,,
0.372795,0.134551,,,
0.374078,0.134681,,,
0.375365,0.135005,,,
0.376658,0.133004,,,
0.377954,0.138733,,,
0.379255,0.139605,,,
0.380561,0.140208,,,
0.381871,0.140543,,,
0.383185,0.143348,,,
0.384504,0.142074,,,
0.385828,0.144953,,,
0.387156,0.143166,,,
0.388488,0.146307,,,
0.389826,0.145657,,,
0.391168,0.141276,,,
0.392514,0.14747,,,
0.393865,0.149332,,,
0.395221,0.150956,,,
0.396581,0.15151,,,
0.397946,0.146935,,,
0.399316,0.154033,,,
0.400691,0.153068,,,
0.40207,0.155467,,,
0.403454,0.156771,,,
0.404843,0.15628,,,
0.406236,0.155852,,,
0.407635,0.156051,,,
0.409038,0.156344,,,
0.410446,0.157057,,,
0.411859,0.159076,,,
0.413277,0.157112,,,
0.414699,0.1578,,,
0.416127,0.163691,,,
0.417559,0.163205,,,
0.418996,0.164318,,,
0.420439,0.164845,,,
0.421886,0.164382,,,
0.423338,0.163832,,,
0.424795,0.170122,,,
0.426258,0.165903,,,
0.427725,0.169426,,,
0.429197,0.169139,,,
0.430675,0.171778,,,
0.432157,0.169771,,,
0.433645,0.171041,,,
0.435137,0.178367,,,
0.436635,0.173303,,,
0.438138,0.178277,,,
0.439646,0.178517,,,
0.44116,0.174319,,,
0.442678,0.175031,,,
0.444202,0.177349,,,
0.445731,0.179073,,,
0.447265,0.178824,,,
0.448805,0.178487,,,
0.45035,0.180385,,,
0.4519,0.180794,,,
0.453456,0.185596,,,
0.455017,0.188227,,,
0.456583,0.186158,,,
0.458155,0.188419,,,
0.459732,0.190681,,,
0.461314,0.191738,,,
0.462902,0.191754,,,
0.464495,0.191668,,,
0.466094,0.190089,,,
0.467699,0.193326,,,
0.469309,0.193471,,,
0.470924,0.194796,,,
0.472545,0.192927,,,
0.474172,0.198983,,,
0.475804,0.198528,,,
0.477442,0.202611,,,
0.479085,0.200257,,,
0.480734,0.204085,,,
0.482389,0.204011,,,
0.48405,0.202684,,,
0.485716,0.205561,,,
0.487388,0.208511,,,
0.489066,0.20458,,,
0.490749,0.206886,,,
0.492438,0.209336,,,
0.494133,0.209684,,,
0.495834,0.21164,,,
0.497541,0.214672,,,
0.499254,0.212625,,,
0.500972,0.215954,,,
0.502697,0.215173,,,
0.504427,0.218687,,,
0.506164,0.219251,,,
0.507906,0.216874,,,
0.509654,0.219997,,,
0.511409,0.220055,,,
0.513169,0.22066,,,
0.514935,0.22585,,,
0.516708,0.227743,,,
0.518486,0.226554,,,
0.520271,0.230612,,,
0.522062,0.230762,,,
0.523859,0.230993,,,
0.525662,0.236058,,,
0.527472,0.230919,,,
0.529288,0.23557,,,
0.531109,0.235791,,,
0.532938,0.235398,,,
0.534772,0.235593,,,
0.536613,0.236963,,,
0.53846,0.239123,,,
0.540314,0.243158,,,
0.542174,0.24183,,,
0.54404,0.238439,,,
0.545913,0.247515,,,
0.547792,0.252983,,,
0.549677,0.247188,,,
0.551569,0.250058,,,
0.553468,0.245135,,,
0.555373,0.254205,,,
0.557285,0.252401,,,
0.559203,0.2541,,,
0.561128,0.260067,,,
0.56306,0.254668,,,
0.564998,0.259604,,,
0.566943,0.258013,,,
0.568894,0.261081,,,
0.570853,0.262693,,,
0.572818,0.265053,,,
0.574789,0.261213,,,
0.576768,0.26331,,,
0.578753,0.261389,,,
0.580745,0.271077,,,
0.582744,0.266005,,,
0.58475,0.271175,,,
0.586763,0.27329,,,
0.588783,0.27397,,,
0.59081,0.271139,,,
0.592843,0.274975,,,
0.594884,0.281237,,,
0.596932,0.275645,,,
0.598987,0.276582,,,
0.601049,0.280959,,,
0.603117,0.284195,,,
0.605194,0.283196,,,
0.607277,0.286635,,,
0.609367,0.290776,,,
0.611465,0.285703,,,
0.61357,0.282554,,,
0.615682,0.291599,,,
0.617801,0.292768,,,
0.619927,0.290386,,,
0.622061,0.298081,,,
0.624203,0.296926,,,
0.626351,0.29596,,,
0.628507,0.299235,,,
0.630671,0.302224,,,
0.632842,0.300715,,,
0.63502,0.299202,,,
0.637206,0.301218,,,
0.639399,0.308241,,,
0.6416,0.304574,,,
0.643809,0.305867,,,
0.646025,0.311967,,,
0.648249,0.311778,,,
0.65048,0.31434,,,
0.652719,0.314015,,,
0.654966,0.313459,,,
0.657221,0.316557,,,
0.659483,0.315675,,,
0.661753,0.319917,,,
0.664031,0.318236,,,
0.666317,0.322853,,,
0.66861,0.314517,,,
0.670912,0.324158,,,
0.673221,0.326751,,,
0.675539,0.328455,,,
0.677864,0.329875,,,
0.680197,0.32968,,,
0.682539,0.328216,,,
0.684888,0.327612,,,
0.687246,0.329522,,,
0.689611,0.341663,,,
0.691985,0.337188,,,
0.694367,0.335687,,,
0.696757,0.338668,,,
0.699156,0.337562,,,
0.701562,0.339094,,,
0.703977,0.33639,,,
0.706401,0.346228,,,
0.708832,0.343515,,,
0.711272,0.348893,,,
0.713721,0.35433,,,
0.716177,0.340956,,,
0.718643,0.35129,,,
0.721116,0.348101,,,
0.723599,0.35429,,,
0.726089,0.353814,,,
0.728589,0.358576,,,
0.731097,0.350993,,,
0.733613,0.35798,,,
0.736139,0.361148,,,
0.738673,0.359005,,,
0.741215,0.36621,,,
0.743767,0.359443,,,
0.746327,0.362332,,,
0.748896,0.359179,,,
0.751474,0.363419,,,
0.754061,0.365926,,,
0.756656,0.358097,,,
0.759261,0.372738,,,
0.761874,0.374615,,,
0.764497,0.371457,,,
0.767128,0.375651,,,
0.769769,0.376266,,,
0.772419,0.375777,,,
0.775078,0.377758,,,
0.777746,0.374902,,,
0.780423,0.37549,,,
0.783109,0.37696,,,
0.785805,0.379224,,,
0.78851,0.390209,,,
0.791224,0.382054,,,
0.793948,0.385448,,,
0.79668,0.384269,,,
0.799423,0.383464,,,
0.802175,0.390918,,,
0.804936,0.389133,,,
0.807707,0.388979,,,
0.810487,0.386973,,,
0.813277,0.390487,,,
0.816076,0.397103,,,
0.818885,0.391617,,,
0.821704,0.396821,,,
0.824533,0.395654,,,
0.827371,0.397963,,,
0.830219,0.394161,,,
0.833077,0.40202,,,
0.835944,0.401095,,,
0.838822,0.404723,,,
0.841709,0.399662,,,
0.844607,0.401369,,,
0.847514,0.400589,,,
0.850431,0.403698,,,
0.853359,0.402995,,,
0.856296,0.40524,,,
0.859244,0.411577,,,
0.862201,0.407361,,,
0.865169,0.409018,,,
0.868147,0.406608,,,
0.871136,0.411586,,,
0.874135,0.409431,,,
0.877143,0.413215,,,
0.880163,0.405227,,,
0.883193,0.414812,,,
0.886233,0.415852,,,
0.889283,0.410625,,,
0.892344,0.415392,,,
0.895416,0.417266,,,
0.898498,0.413282,,,
0.901591,0.412666,,,
0.904695,0.421703,,,
0.907809,0.414467,,,
0.910934,0.420443,,,
0.914069,0.418153,,,
0.917216,0.421951,,,
0.920373,0.420254,,,
0.923541,0.42427,,,
0.92672,0.421959,,,
0.92991,0.416664,,,
0.933111,0.41918,,,
0.936323,0.423184,,,
0.939546,0.421394,,,
0.94278,0.429131,,,
0.946026,0.424454,,,
0.949282,0.424778,,,
0.95255,0.42744,,,
0.955829,0.422234,,,
0.959119,0.42238,,,
0.96242,0.422477,,,
0.965733,0.422534,,,
0.969057,0.424198,,,
0.972393,0.417539,,,
0.97574,0.422196,,,
0.979099,0.424337,,,
0.982469,0.430739,,,
0.985851,0.42086,,,
0.989245,0.42941,,,
0.99265,0.421984,,,
0.996067,0.426824,,,
0.999495,0.425049,,,
1.00294,0.427642,,,
1.00639,0.42599,,,
1.00985,0.428915,,,
1.01333,0.431084,,,
1.01682,0.426054,,,
1.02032,0.428491,,,
1.02383,0.424096,,,
1.02735,0.420229,,,
1.03089,0.424048,,,
1.03444,0.423886,,,
1.038,0.424833,,,
1.04157,0.424628,,,
1.04516,0.426227,,,
1.04876,0.426396,,,
1.05237,0.426111,,,
1.05599,0.427565,,,
1.05962,0.421736,,,
1.06327,0.417126,,,
1.06693,0.426368,,,
1.0706,0.424273,,,
1.07429,0.428142,,,
1.07799,0.42321,,,
1.0817,0.424656,,,
1.08542,0.421867,,,
1.08916,0.417187,,,
1.09291,0.417925,,,
1.09667,0.42323,,,
1.10044,0.422456,,,
1.10423,0.421695,,,
1.10803,0.421746,,,
1.11185,0.421248,,,
1.11567,0.416457,,,
1.11951,0.420019,,,
1.12337,0.421425,,,
1.12723,0.417465,,,
1.13111,0.421273,,,
1.13501,0.41535,,,
1.13891,0.421149,,,
1.14283,0.416408,,,
1.14677,0.411607,,,
1.15072,0.416674,,,
1.15468,0.412864,,,
1.15865,0.411035,,,
1.16264,0.406555,,,
1.16664,0.408594,,,
1.17066,0.407711,,,
1.17469,0.409744,,,
1.17873,0.409822,,,
1.18279,0.402662,,,
1.18686,0.409401,,,
1.19095,0.404974,,,
1.19505,0.403544,,,
1.19916,0.407133,,,
1.20329,0.408001,,,
1.20743,0.403331,,,
1.21158,0.396,,,
1.21576,0.405094,,,
1.21994,0.397418,,,
1.22414,0.398412,,,
1.22835,0.40229,,,
1.23258,0.39128,,,
1.23682,0.397579,,,
1.24108,0.392107,,,
1.24535,0.39422,,,
1.24964,0.392229,,,
1.25394,0.387456,,,
1.25826,0.390497,,,
1.26259,0.385743,,,
1.26694,0.389393,,,
1.2713,0.388807,,,
1.27567,0.38623,,,
1.28006,0.388336,,,
1.28447,0.386417,,,
1.28889,0.383427,,,
1.29333,0.383474,,,
1.29778,0.380363,,,
1.30225,0.374746,,,
1.30673,0.381318,,,
1.31123,0.372209,,,
1.31574,0.375982,,,
1.32027,0.371187,,,
1.32482,0.369744,,,
1.32938,0.363633,,,
1.33395,0.371945,,,
1.33854,0.369728,,,
1.34315,0.36873,,,
1.34777,0.365698,,,
1.35241,0.36951,,,
1.35707,0.359767,,,
1.36174,0.361973,,,
1.36643,0.359545,,,
1.37113,0.35984,,,
1.37585,0.357117,,,
1.38059,0.359478,,,
1.38534,0.357314,,,
1.39011,0.359224,,,
1.39489,0.352196,,,
1.3997,0.352185,,,
1.40451,0.354951,,,
1.40935,0.35133,,,
1.4142,0.350416,,,
1.41907,0.34597,,,
1.42395,0.350299,,,
1.42885,0.345745,,,
1.43377,0.343445,,,
1.43871,0.336913,,,
1.44366,0.344161,,,
1.44863,0.339692,,,
1.45362,0.33802,,,
1.45862,0.334959,,,
1.46364,0.337146,,,
1.46868,0.340855,,,
1.47373,0.328881,,,
1.47881,0.329,,,
1.4839,0.333344,,,
1.48901,0.331122,,,
1.49413,0.328242,,,
1.49927,0.325123,,,
1.50443,0.329267,,,
1.50961,0.324335,,,
1.51481,0.321541,,,
1.52002,0.317842,,,
1.52526,0.316747,,,
1.53051,0.319463,,,
1.53577,0.31674,,,
1.54106,0.314417,,,
1.54637,0.315611,,,
1.55169,0.313146,,,
1.55703,0.312586,,,
1.56239,0.310604,,,
1.56777,0.31138,,,
1.57316,0.308001,,,
1.57858,0.304832,,,
1.58401,0.301903,,,
1.58947,0.309501,,,
1.59494,0.304141,,,
1.60043,0.296766,,,
1.60594,0.298381,,,
1.61146,0.300215,,,
1.61701,0.295425,,,
1.62258,0.297375,,,
1.62816,0.293941,,,
1.63377,0.296378,,,
1.63939,0.295578,,,
1.64503,0.294996,,,
1.6507,0.286826,,,
1.65638,0.285728,,,
1.66208,0.289495,,,
1.6678,0.282412,,,
1.67354,0.290059,,,
1.6793,0.277378,,,
1.68508,0.283291,,,
1.69088,0.283085,,,
1.69671,0.281905,,,
1.70255,0.276146,,,
1.70841,0.277441,,,
1.71429,0.274647,,,
1.72019,0.279853,,,
1.72611,0.27513,,,
1.73205,0.275358,,,
1.73801,0.275673,,,
1.744,0.272909,,,
1.75,0.272868,,,
1.75602,0.272512,,,
1.76207,0.266951,,,
1.76813,0.267295,,,
1.77422,0.264442,,,
1.78033,0.267112,,,
1.78645,0.261349,,,
1.7926,0.262042,,,
1.79877,0.258679,,,
1.80497,0.258781,,,
1.81118,0.258059,,,
1.81741,0.25755,,,
1.82367,0.258052,,,
1.82995,0.252383,,,
1.83625,0.255475,,,
1.84257,0.25209,,,
1.84891,0.250727,,,
1.85527,0.252065,,,
1.86166,0.252441,,,
1.86807,0.253974,,,
1.8745,0.24877,,,
1.88095,0.245045,,,
1.88743,0.244417,,,
1.89392,0.245629,,,
1.90044,0.241777,,,
1.90698,0.242837,,,
1.91355,0.241389,,,
1.92014,0.246834,,,
1.92674,0.238655,,,
1.93338,0.237964,,,
1.94003,0.238935,,,
1.94671,0.240521,,,
1.95341,0.23112,,,
1.96014,0.232299,,,
1.96688,0.23871,,,
1.97365,0.233788,,,
1.98045,0.228798,,,
1.98726,0.234411,,,
1.9941,0.229543,,,
2.00097,0.231223,,,
2.00786,0.225906,,,
2.01477,0.228783,,,
2.0217,0.223971,,,
2.02866,0.223017,,,
2.03565,0.22481,,,
2.04265,0.224427,,,
2.04968,0.218754,,,
2.05674,0.219549,,,
2.06382,0.218122,,,
2.07092,0.219511,,,
2.07805,0.21546,,,
2.08521,0.21659,,,
2.09238,0.21427,,,
2.09959,0.212263,,,
2.10681,0.211055,,,
2.11406,0.212267,,,
2.12134,0.210867,,,
2.12864,0.209691,,,
2.13597,0.209692,,,
2.14332,0.207594,,,
2.1507,0.208833,,,
2.1581,0.205357,,,
2.16553,0.203179,,,
2.17299,0.205667,,,
2.18047,0.203687,,,
2.18797,0.202829,,,
2.19551,0.203975,,,
2.20306,0.201125,,,
2.21065,0.198434,,,
2.21826,0.2016,,,
2.22589,0.199406,,,
2.23355,0.19532,,,
2.24124,0.19521,,,
2.24896,0.194814,,,
2.2567,0.191783,,,
2.26447,0.189599,,,
2.27226,0.19044,,,
2.28008,0.191047,,,
2.28793,0.190432,,,
2.29581,0.184976,,,
2.30371,0.188227,,,
2.31164,0.183161,,,
2.3196,0.187667,,,
2.32758,0.185792,,,
2.33559,0.179888,,,
2.34363,0.18128,,,
2.3517,0.179614,,,
2.3598,0.181315,,,
2.36792,0.17738,,,
2.37607,0.179485,,,
2.38425,0.179528,,,
2.39245,0.174626,,,
2.40069,0.178445,,,
2.40895,0.178966,,,
2.41725,0.177027,,,
2.42557,0.173273,,,
2.43392,0.174181,,,
2.44229,0.172371,,,
2.4507,0.167964,,,
2.45914,0.173052,,,
2.4676,0.168825,,,
2.4761,0.168135,,,
2.48462,0.168016,,,
2.49317,0.168762,,,
2.50175,0.165924,,,
2.51037,0.166352,,,
2.51901,0.161679,,,
2.52768,0.16254,,,
2.53638,0.162579,,,
2.54511,0.158543,,,
2.55387,0.157616,,,
2.56266,0.160236,,,
2.57148,0.158883,,,
2.58033,0.154985,,,
2.58922,0.156347,,,
2.59813,0.155304,,,
2.60707,0.154101,,,
2.61605,0.154729,,,
2.62505,0.153365,,,
2.63409,0.152861,,,
2.64315,0.151668,,,
2.65225,0.152326,,,
2.66138,0.149355,,,
2.67054,0.149876,,,
2.67974,0.146065,,,
2.68896,0.14611,,,
2.69822,0.148455,,,
2.7075,0.143201,,,
2.71682,0.143676,,,
2.72618,0.142106,,,
2.73556,0.14382,,,
2.74498,0.143468,,,
2.75443,0.138061,,,
2.76391,0.143045,,,
2.77342,0.137892,,,
2.78297,0.139427,,,
2.79255,0.136619,,,
2.80216,0.136733,,,
2.81181,0.138217,,,
2.82148,0.134452,,,
2.8312,0.134428,,,
2.84094,0.132272,,,
2.85072,0.133296,,,
2.86053,0.133727,,,
2.87038,0.130489,,,
2.88026,0.134629,,,
2.89018,0.128974,,,
2.90012,0.132466,,,
2.91011,0.129624,,,
2.92013,0.12564,,,
2.93018,0.127015,,,
2.94026,0.12823,,,
2.95038,0.127143,,,
2.96054,0.126718,,,
2.97073,0.123245,,,
2.98096,0.126028,,,
2.99122,0.124766,,,
3.00151,0.123437,,,
3.01185,0.125704,,,
3.02221,0.123513,,,
3.03262,0.123446,,,
3.04306,0.118904,,,
3.05353,0.117824,,,
3.06404,0.120279,,,
3.07459,0.119922,,,
3.08517,0.11913,,,
3.09579,0.115885,,,
3.10645,0.118618,,,
3.11714,0.117906,,,
3.12787,0.115178,,,
3.13864,0.114145,,,
3.14944,0.115555,,,
3.16028,0.113304,,,
3.17116,0.113073,,,
3.18208,0.112987,,,
3.19303,0.111304,,,
3.20402,0.111655,,,
3.21505,0.109658,,,
3.22612,0.109833,,,
3.23722,0.110086,,,
3.24837,0.109614,,,
3.25955,0.105751,,,
3.27077,0.105472,,,
3.28203,0.108139,,,
3.29332,0.100847,,,
3.30466,0.105216,,,
3.31604,0.103785,,,
3.32745,0.102936,,,
3.3389,0.102131,,,
3.3504,0.102066,,,
3.36193,0.102847,,,
3.3735,0.101803,,,
3.38512,0.0994722,,,
3.39677,0.100619,,,
3.40846,0.0999081,,,
3.42019,0.09658,,,
3.43197,0.0996704,,,
3.44378,0.0976198,,,
3.45563,0.0995783,,,
3.46753,0.0961374,,,
3.47947,0.0977267,,,
3.49144,0.0950198,,,
3.50346,0.0952071,,,
3.51552,0.0954827,,,
3.52762,0.094387,,,
3.53976,0.0919034,,,
3.55195,0.093239,,,
3.56418,0.0910498,,,
3.57644,0.0899173,,,
3.58876,0.0920754,,,
3.60111,0.089695,,,
3.6135,0.0895195,,,
3.62594,0.089576,,,
3.63842,0.0880859,,,
3.65095,0.0895193,,,
3.66352,0.0876208,,,
3.67613,0.0880106,,,
3.68878,0.0904573,,,
3.70148,0.0850607,,,
3.71422,0.0863437,,,
3.72701,0.087087,,,
3.73983,0.0825668,,,
3.75271,0.0842942,,,
3.76563,0.0840948,,,
3.77859,0.083491,,,
3.79159,0.0820332,,,
3.80465,0.0830685,,,
3.81774,0.0816926,,,
3.83088,0.0806337,,,
3.84407,0.0816246,,,
3.8573,0.0795066,,,
3.87058,0.0779119,,,
3.8839,0.0793657,,,
3.89727,0.0790982,,,
3.91069,0.0816367,,,
3.92415,0.0776366,,,
3.93766,0.0771334,,,
3.95121,0.0802647,,,
3.96481,0.0778572,,,
3.97846,0.0727351,,,
3.99216,0.0769334,,,
4.0059,0.0768534,,,
4.01969,0.0759792,,,
4.03352,0.0754337,,,
4.04741,0.074989,,,
4.06134,0.0737032,,,
4.07532,0.0745219,,,
4.08935,0.073243,,,
4.10342,0.0755201,,,
4.11755,0.07209,,,
4.13172,0.0719068,,,
4.14595,0.071261,,,
4.16022,0.0720284,,,
4.17454,0.0695642,,,
4.18891,0.0713856,,,
4.20333,0.0686427,,,
4.21779,0.0699364,,,
4.23231,0.0685009,,,
4.24688,0.0691969,,,
4.2615,0.0690854,,,
4.27617,0.0666589,,,
4.29089,0.0673877,,,
4.30566,0.066698,,,
4.32048,0.0666173,,,
4.33535,0.0661146,,,
4.35028,0.0654929,,,
4.36525,0.0640139,,,
4.38028,0.063749,,,
4.39535,0.063575,,,
4.41048,0.0651165,,,
4.42567,0.0647255,,,
4.4409,0.0634259,,,
4.45619,0.06142,,,
4.47153,0.0607747,,,
4.48692,0.0625223,,,
4.50236,0.0617973,,,
4.51786,0.0621236,,,
4.53341,0.0608905,,,
4.54902,0.0612484,,,
4.56468,0.0616859,,,
4.58039,0.0595858,,,
4.59616,0.060508,,,
4.61198,0.0606679,,,
4.62785,0.0599453,,,
4.64378,0.0588852,,,
4.65977,0.0604875,,,
4.67581,0.0575842,,,
4.6919,0.0567919,,,
4.70805,0.0569793,,,
4.72426,0.0576107,,,
4.74052,0.056965,,,
4.75684,0.0570714,,,
4.77321,0.0550429,,,
4.78964,0.0558568,,,
4.80613,0.0545217,,,
4.82268,0.0553702,,,
4.83928,0.0549205,,,
4.85593,0.0551214,,,
4.87265,0.0545378,,,
4.88942,0.053159,,,
4.90625,0.0523172,,,
4.92314,0.0542014,,,
4.94009,0.0515922,,,
4.95709,0.0521846,,,
4.97416,0.0519184,,,
4.99128,0.0511835,,,
5.00846,0.0508367,,,
5.0257,0.0505251,,,
5.043,0.0512698,,,
5.06036,0.0490449,,,
5.07778,0.0490022,,,
5.09526,0.0479203,,,
5.11279,0.050506,,,
5.13039,0.0472068,,,
5.14805,0.0483916,,,
5.16578,0.0482651,,,
5.18356,0.0493466,,,
5.2014,0.046078,,,
5.2193,0.0469922,,,
5.23727,0.0473733,,,
5.2553,0.0478775,,,
5.27339,0.0483937,,,
5.29154,0.0477266,,,
5.30976,0.0444983,,,
5.32803,0.0456522,,,
5.34637,0.0452091,,,
5.36478,0.0447142,,,
5.38324,0.0454035,,,
5.40177,0.0435755,,,
5.42037,0.0436689,,,
5.43903,0.0438659,,,
5.45775,0.0441064,,,
5.47653,0.0430246,,,
5.49539,0.0431146,,,
5.5143,0.0398823,,,
5.53328,0.0420034,,,
5.55233,0.0400909,,,
5.57144,0.042276,,,
5.59062,0.041309,,,
5.60987,0.0411715,,,
5.62918,0.0403031,,,
5.64855,0.0404004,,,
5.668,0.0398298,,,
5.68751,0.0398049,,,
5.70708,0.0395667,,,
5.72673,0.0386873,,,
5.74644,0.0385346,,,
5.76622,0.0395085,,,
5.78607,0.0392571,,,
5.80599,0.0376302,,,
5.82597,0.0378227,,,
5.84603,0.0372737,,,
5.86615,0.0385385,,,
5.88634,0.0374291,,,
5.90661,0.0367026,,,
5.92694,0.0372054,,,
5.94734,0.0353424,,,
5.96781,0.0355723,,,
5.98836,0.0334485,,,
6.00897,0.0348201,,,
6.02965,0.0352736,,,
6.05041,0.0360698,,,
6.07124,0.0349413,,,
6.09213,0.0352948,,,
6.1131,0.0339785,,,
6.13415,0.033351,,,
6.15526,0.0339824,,,
6.17645,0.0339484,,,
6.19771,0.0323634,,,
6.21904,0.032398,,,
6.24045,0.0331461,,,
6.26193,0.0320697,,,
6.28349,0.0319545,,,
6.30512,0.0327064,,,
6.32682,0.0316165,,,
6.3486,0.0310743,,,
6.37045,0.0308747,,,
6.39238,0.0314126,,,
6.41439,0.0321634,,,
6.43647,0.0305602,,,
6.45862,0.0298724,,,
6.48085,0.0291765,,,
6.50316,0.0280549,,,
6.52555,0.0285459,,,
6.54801,0.028716,,,
6.57055,0.0304003,,,
6.59317,0.0298108,,,
6.61586,0.0282306,,,
6.63863,0.0293066,,,
6.66149,0.0281503,,,
6.68442,0.0276213,,,
6.70743,0.0255066,,,
6.73051,0.0281915,,,
6.75368,0.027243,,,
6.77693,0.0268621,,,
6.80026,0.0268325,,,
6.82367,0.0253733,,,
6.84715,0.0265045,,,
6.87072,0.02632,,,
6.89437,0.025741,,,
6.91811,0.0251402,,,
6.94192,0.0257817,,,
6.96582,0.024814,,,
6.98979,0.0253214,,,
7.01385,0.0239826,,,
7.038,0.0247422,,,
7.06222,0.0234373,,,
7.08653,0.0232376,,,
7.11093,0.0235038,,,
7.13541,0.0234999,,,
7.15997,0.0230763,,,
7.18461,0.0224268,,,
7.20934,0.0229925,,,
7.23416,0.0215783,,,
7.25906,0.0220683,,,
7.28405,0.0219003,,,
7.30912,0.0205553,,,
7.33428,0.0217845,,,
7.35953,0.0216219,,,
7.38486,0.0198998,,,
7.41028,0.0215251,,,
7.43579,0.0211354,,,
7.46139,0.019635,,,
7.48707,0.020322,,,
7.51284,0.0187884,,,
7.5387,0.0210406,,,
7.56465,0.0194691,,,
7.59069,0.019437,,,
7.61682,0.0193431,,,
7.64304,0.020155,,,
7.66935,0.0190643,,,
7.69575,0.0187062,,,
7.72224,0.0186399,,,
7.74882,0.0187656,,,
7.77549,0.0167405,,,
7.80226,0.0175727,,,
7.82912,0.0179292,,,
7.85607,0.0182653,,,
7.88311,0.0171874,,,
7.91024,0.0174688,,,
7.93747,0.0163605,,,
7.96479,0.0164126,,,
7.99221,0.0157975,,,
8.01972,0.0156398,,,
8.04733,0.016126,,,
8.07503,0.0155081,,,
8.10283,0.0150366,,,
8.13072,0.0151338,,,
8.1587,0.0146202,,,
8.18679,0.0151398,,,
8.21497,0.0145293,,,
8.24325,0.0146393,,,
8.27162,0.0139963,,,
8.3001,0.0139176,,,
8.32867,0.0139374,,,
8.35734,0.0131511,,,
8.3861,0.0136332,,,
8.41497,0.013112,,,
8.44394,0.0137114,,,
8.473,0.012963,,,
8.50217,0.0126704,,,
8.53143,0.0117946,,,
8.5608,0.0127233,,,
8.59027,0.0124705,,,
8.61984,0.0116183,,,
8.64951,0.0110701,,,
8.67928,0.0120719,,,
8.70916,0.0121973,,,
8.73914,0.0114889,,,
8.76922,0.0114692,,,
8.79941,0.0108534,,,
8.8297,0.0107568,,,
8.86009,0.00974801,,,
8.89059,0.0103299,,,
8.92119,0.0101465,,,
8.9519,0.0102255,,,
8.98272,0.0107149,,,
9.01364,0.0103966,,,
9.04466,0.0101188,,,
9.0758,0.0089307,,,
9.10704,0.00990383,,,
9.13839,0.00958636,,,
9.16984,0.00929597,,,
9.20141,0.00981553,,,
9.23308,0.00840544,,,
9.26486,0.00870599,,,
9.29676,0.00799567,,,
9.32876,0.00827095,,,
9.36087,0.00806467,,,
9.39309,0.0077861,,,
9.42542,0.00776717,,,
9.45787,0.00715565,,,
9.49042,0.00772969,,,
9.52309,0.00768949,,,
9.55587,0.00752619,,,
9.58877,0.00687911,,,
9.62177,0.00775929,,,
9.65489,0.00667972,,,
9.68813,0.00633457,,,
9.72148,0.00697457,,,
9.75494,0.00640559,,,
9.78852,0.00660399,,,
9.82221,0.00666711,,,
9.85602,0.00581749,,,
9.88995,0.00559425,,,
9.92399,0.00611789,,,
9.95816,0.0050904,,,
9.99243,0.00549042,,,
10.0268,0.00518437,,,
10.0613,0.00532152,,,
10.096,0.00514836,,,
10.1307,0.00530631,,,
10.1656,0.00494336,,,
10.2006,0.0048229,,,
10.2357,0.0054659,,,
10.2709,0.00475133,,,
10.3063,0.00449104,,,
10.3418,0.00406172,,,
10.3774,0.00392111,,,
10.4131,0.00430619,,,
10.4489,0.004561,,,
10.4849,0.00453489,,,
10.521,0.003989,,,
10.5572,0.00450793,,,
10.5936,0.00373385,,,
10.63,0.00426739,,,
10.6666,0.00418262,,,
10.7033,0.00351134,,,
10.7402,0.00425828,,,
10.7771,0.00390736,,,
10.8142,0.00295847,,,
10.8515,0.00329758,,,
10.8888,0.00268598,,,
10.9263,0.00343723,,,
10.9639,0.0031574,,,
11.0016,0.00324642,,,
11.0395,0.00319211,,,
11.0775,0.0026671,,,
11.1156,0.00293083,,,
11.1539,0.00263678,,,
11.1923,0.00246636,,,
11.2308,0.00313267,,,
11.2695,0.00255076,,,
11.3083,0.0024367,,,
11.3472,0.00226396,,,
11.3863,0.00279204,,,
11.4255,0.00224082,,,
11.4648,0.00232119,,,
11.5043,0.0022652,,,
11.5439,0.00200289,,,
11.5836,0.00193538,,,
11.6235,0.00209816,,,
11.6635,0.00194281,,,
11.7036,0.00207195,,,
11.7439,0.00190728,,,
11.7843,0.00195495,,,
11.8249,0.00194315,,,
11.8656,0.00210894,,,
11.9065,0.001681,,,
11.9474,0.00156135,,,
11.9886,0.00183536,,,
12.0298,0.00166965,,,
12.0712,0.00147843,,,
12.1128,0.00126966,,,
12.1545,0.00153137,,,
12.1963,0.00124269,,,
12.2383,0.00162022,,,
12.2804,0.00146447,,,
12.3227,0.00127543,,,
12.3651,0.00113166,,,
12.4077,0.00132632,,,
12.4504,0.0015104,,,
12.4933,0.00110485,,,
12.5363,0.000906715,,,
12.5794,0.00113483,,,
12.6227,0.000971389,,,
12.6662,0.00128829,,,
12.7098,0.000920232,,,
12.7535,0.000889524,,,
12.7974,0.00103612,,,
12.8415,0.000883209,,,
12.8857,0.000683573,,,
12.93,0.000851238,,,
12.9745,0.000883886,,,
13.0192,0.000969356,,,
13.064,0.000847814,,,
13.109,0.000728849,,,
13.1541,0.000878483,,,
13.1994,0.000707922,,,
13.2448,0.000729234,,,
13.2904,0.000831354,,,
13.3362,0.000655437,,,
13.3821,0.000699725,,,
13.4281,0.000746088,,,
13.4743,0.000753611,,,
13.5207,0.000542106,,,
13.5673,0.000485101,,,
13.614,0.000644737,,,
13.6608,0.000759391,,,
13.7079,0.000477279,,,
13.755,0.000528761,,,
13.8024,0.000637898,,,
13.8499,0.000444715,,,
13.8976,0.00057896,,,
13.9454,0.000422916,,,
13.9934,0.000399622,,,
14.0416,0.000451849,,,
14.0899,0.000454109,,,
14.1384,0.000479736,,,
14.1871,0.000587398,,,
14.2359,0.000502203,,,
14.2849,0.000541629,,,
14.3341,0.00037734,,,
14.3834,0.000376478,,,
14.433,0.00028346,,,
14.4826,0.000333538,,,
14.5325,0.000445714,,,
14.5825,0.000291157,,,
14.6327,0.000321268,,,
14.6831,0.000268833,,,
14.7336,0.000438547,,,
14.7843,0.000299308,,,
14.8352,0.000265948,,,
14.8863,0.000252316,,,
14.9375,0.00024633,,,
14.989,0.000263186,,,
15.0406,0.000201907,,,
15.0923,0.000230052,,,
15.1443,0.000221767,,,
15.1964,0.000213786,,,
15.2487,0.00021787,,,
15.3012,0.000183134,,,
15.3539,0.000146224,,,
15.4067,0.000134891,,,
15.4598,0.000210006,,,
15.513,0.000163048,,,
15.5664,0.000250674,,,
15.62,0.000131472,,,
15.6737,0.000191643,,,
15.7277,0.000142287,,,
15.7818,0.000139786,,,
15.8361,0.000179413,,,
15.8907,0.000184454,,,
15.9454,0.000146468,,,
16.0002,0.000256979,,,
16.0553,0.000181883,,,
16.1106,0.000201962,,,
16.166,0.000273919,,,
16.2217,0.000153584,,,
16.2775,0.000116884,,,
16.3336,0.000144679,,,
16.3898,0.000165722,,,
16.4462,8.12E-05,,,
16.5028,0.000141398,,,
16.5596,9.43E-05,,,
16.6166,0.000149327,,,
16.6738,7.63E-05,,,
16.7312,8.91E-05,,,
16.7888,6.17E-05,,,
16.8466,8.74E-05,,,
16.9046,0.000101211,,,
16.9628,9.07E-05,,,
17.0212,9.86E-05,,,
17.0798,0.000126324,,,
17.1385,0.000113502,,,
17.1975,6.74E-05,,,
17.2567,0.000134649,,,
17.3161,9.52E-05,,,
17.3757,0.000114558,,,
17.4356,0.000168445,,,
17.4956,0.000125494,,,
17.5558,9.65E-05,,,
17.6162,8.42E-05,,,
17.6769,7.20E-05,,,
17.7377,0.000101871,,,
17.7988,0.00010636,,,
17.86,6.32E-05,,,
17.9215,6.81E-05,,,
17.9832,4.68E-05,,,
18.0451,7.89E-05,,,
18.1072,0.000113134,,,
18.1696,8.14E-05,,,
18.2321,8.12E-05,,,
18.2949,9.29E-05,,,
18.3578,8.93E-05,,,
18.421,4.30E-05,,,
18.4844,0.000118978,,,
18.5481,4.28E-05,,,
18.6119,4.19E-05,,,
18.676,4.03E-05,,,
18.7403,7.38E-05,,,
18.8048,6.24E-05,,,
18.8695,4.14E-05,,,
18.9345,6.32E-05,,,
18.9996,6.22E-05,,,
19.065,3.81E-05,,,
19.1307,4.02E-05,,,
19.1965,4.00E-05,,,
19.2626,4.42E-05,,,
19.3289,3.89E-05,,,
19.3954,6.01E-05,,,
19.4622,3.66E-05,,,
19.5292,5.97E-05,,,
19.5964,3.58E-05,,,
19.6639,5.36E-05,,,
19.7316,3.51E-05,,,
19.7995,4.12E-05,,,
19.8676,3.36E-05,,,
19.936,3.90E-05,,,
20.0046,3.39E-05,,,
20.0735,3.30E-05,,,
20.1426,3.36E-05,,,
20.2119,3.58E-05,,,
20.2815,3.25E-05,,,
20.3513,3.24E-05,,,
20.4214,3.20E-05,,,
20.4917,3.18E-05,,,
20.5622,3.14E-05,,,
20.633,3.36E-05,,,
20.704,3.12E-05,,,
20.7753,3.07E-05,,,
20.8468,3.07E-05,,,
20.9186,3.31E-05,,,
20.9906,3.05E-05,,,
21.0628,2.98E-05,,,
21.1353,2.97E-05,,,
21.2081,2.95E-05,,,
21.2811,2.90E-05,,,
21.3543,2.89E-05,,,
21.4278,2.87E-05,,,
21.5016,2.86E-05,,,
21.5756,3.07E-05,,,
21.6499,2.77E-05,,,
21.7244,3.02E-05,,,
21.7992,2.78E-05,,,
21.8742,2.76E-05,,,
21.9495,2.69E-05,,,
22.0251,2.72E-05,,,
22.1009,2.72E-05,,,
22.177,2.67E-05,,,
22.2533,2.65E-05,,,
22.3299,2.60E-05,,,
22.4068,2.59E-05,,,
22.4839,2.57E-05,,,
22.5613,2.52E-05,,,
22.6389,2.52E-05,,,
22.7169,2.49E-05,,,
22.7951,2.47E-05,,,
22.8735,2.46E-05,,,
22.9523,2.69E-05,,,
23.0313,2.41E-05,,,
23.1106,2.39E-05,,,
23.1901,2.38E-05,,,
23.2699,2.37E-05,,,
23.35,2.38E-05,,,
23.4304,2.36E-05,,,
23.5111,2.31E-05,,,
23.592,2.32E-05,,,
23.6732,2.29E-05,,,
23.7547,2.25E-05,,,
23.8365,2.27E-05,,,
23.9185,2.25E-05,,,
24.0008,2.23E-05,,,
24.0835,2.19E-05,,,
24.1664,2.17E-05,,,
24.2496,2.18E-05,,,
24.333,2.14E-05,,,
24.4168,2.16E-05,,,
24.5008,2.11E-05,,,
24.5852,2.10E-05,,,
24.6698,2.07E-05,,,
24.7547,2.06E-05,,,
24.8399,2.06E-05,,,
24.9254,2.05E-05,,,
25.0112,2.04E-05,,,
25.0973,2.01E-05,,,
25.1837,2.01E-05,,,
25.2704,2.21E-05,,,
25.3574,1.97E-05,,,
25.4447,1.95E-05,,,
25.5323,1.95E-05,,,
25.6202,2.14E-05,,,
25.7083,1.89E-05,,,
25.7968,1.89E-05,,,
25.8856,1.87E-05,,,
25.9747,1.88E-05,,,
26.0641,1.84E-05,,,
26.1539,1.84E-05,,,
26.2439,1.81E-05,,,
26.3342,1.83E-05,,,
26.4249,1.78E-05,,,
26.5158,1.80E-05,,,
26.6071,1.76E-05,,,
26.6987,1.74E-05,,,
26.7906,1.74E-05,,,
26.8828,1.72E-05,,,
26.9754,1.70E-05,,,
27.0682,1.70E-05,,,
27.1614,1.69E-05,,,
27.2549,1.68E-05,,,
27.3487,1.68E-05,,,
27.4428,1.68E-05,,,
27.5373,1.66E-05,,,
27.6321,1.64E-05,,,
27.7272,1.60E-05,,,
27.8227,1.60E-05,,,
27.9184,1.60E-05,,,
28.0145,1.58E-05,,,
28.111,1.57E-05,,,
28.2077,1.56E-05,,,
28.3048,1.56E-05,,,
28.4023,1.54E-05,,,
28.5,1.52E-05,,,
28.5981,1.51E-05,,,
28.6966,1.50E-05,,,
28.7954,1.49E-05,,,
28.8945,1.50E-05,,,
28.9939,1.47E-05,,,
29.0937,1.46E-05,,,
29.1939,1.47E-05,,,
29.2944,1.44E-05,,,
29.3952,1.45E-05,,,
29.4964,1.41E-05,,,
29.5979,1.42E-05,,,
29.6998,1.39E-05,,,
29.802,1.40E-05,,,
29.9046,1.38E-05,,,
30.0076,1.38E-05,,,
30.1109,1.36E-05,,,
30.2145,1.35E-05,,,
30.3185,1.36E-05,,,
30.4229,1.33E-05,,,
30.5276,1.31E-05,,,
30.6327,1.32E-05,,,
30.7381,1.30E-05,,,
30.8439,1.27E-05,,,
30.9501,1.30E-05,,,
31.0566,1.26E-05,,,
31.1636,1.27E-05,,,
31.2708,1.24E-05,,,
31.3785,1.25E-05,,,
31.4865,1.24E-05,,,
31.5949,1.23E-05,,,
31.7036,1.22E-05,,,
31.8128,1.21E-05,,,
31.9223,1.20E-05,,,
32.0321,1.19E-05,,,
32.1424,1.18E-05,,,
32.253,1.18E-05,,,
32.3641,1.16E-05,,,
32.4755,1.17E-05,,,
32.5873,1.15E-05,,,
32.6994,1.15E-05,,,
32.812,1.11E-05,,,
32.9249,1.13E-05,,,
33.0383,1.11E-05,,,
33.152,1.13E-05,,,
33.2661,1.10E-05,,,
33.3806,1.09E-05,,,
33.4955,1.09E-05,,,
33.6108,1.07E-05,,,
33.7265,1.06E-05,,,
33.8426,1.05E-05,,,
33.9591,1.06E-05,,,
34.076,1.05E-05,,,
34.1933,1.04E-05,,,
34.311,1.01E-05,,,
34.4291,1.01E-05,,,
34.5476,9.93E-06,,,
34.6665,1.01E-05,,,
34.7859,9.85E-06,,,
34.9056,9.89E-06,,,
35.0258,9.67E-06,,,
35.1463,9.73E-06,,,
35.2673,9.59E-06,,,
35.3887,9.56E-06,,,
35.5105,9.53E-06,,,
35.6328,9.52E-06,,,
35.7554,9.39E-06,,,
35.8785,9.26E-06,,,
36.002,9.09E-06,,,
36.1259,9.32E-06,,,
36.2503,9.10E-06,,,
36.3751,8.94E-06,,,
36.5003,9.00E-06,,,
36.6259,8.93E-06,,,
36.752,8.71E-06,,,
36.8785,8.85E-06,,,
37.0054,8.66E-06,,,
37.1328,8.59E-06,,,
37.2606,8.60E-06,,,
37.3889,8.43E-06,,,
37.5176,8.38E-06,,,
37.6468,8.42E-06,,,
37.7763,8.35E-06,,,
37.9064,8.09E-06,,,
38.0369,8.04E-06,,,
38.1678,8.14E-06,,,
38.2992,8.03E-06,,,
38.431,7.90E-06,,,
38.5633,7.81E-06,,,
38.696,7.66E-06,,,
38.8292,7.66E-06,,,
38.9629,7.65E-06,,,
39.097,7.74E-06,,,
39.2316,7.56E-06,,,
39.3666,7.44E-06,,,
39.5022,7.37E-06,,,
39.6381,7.37E-06,,,
39.7746,7.29E-06,,,
39.9115,7.24E-06,,,
40.0489,7.28E-06,,,
40.1867,7.10E-06,,,
40.3251,7.01E-06,,,
40.4639,6.96E-06,,,
40.6032,6.96E-06,,,
40.7429,6.88E-06,,,
40.8832,6.87E-06,,,
41.0239,6.80E-06,,,
41.1651,6.79E-06,,,
41.3068,6.64E-06,,,
41.449,6.55E-06,,,
41.5917,6.54E-06,,,
41.7348,6.49E-06,,,
41.8785,6.58E-06,,,
42.0227,6.37E-06,,,
42.1673,6.45E-06,,,
42.3125,6.30E-06,,,
42.4581,6.26E-06,,,
42.6043,6.12E-06,,,
42.7509,6.20E-06,,,
42.8981,6.12E-06,,,
43.0457,5.98E-06,,,
43.1939,5.99E-06,,,
43.3426,5.89E-06,,,
43.4918,5.97E-06,,,
43.6415,5.79E-06,,,
43.7917,5.76E-06,,,
43.9425,5.86E-06,,,
44.0937,5.77E-06,,,
44.2455,5.63E-06,,,
44.3978,5.70E-06,,,
44.5506,5.65E-06,,,
44.704,5.56E-06,,,
44.8579,5.58E-06,,,
45.0123,5.41E-06,,,
45.1672,5.43E-06,,,
45.3227,5.36E-06,,,
45.4787,5.34E-06,,,
45.6353,5.21E-06,,,
45.7923,5.35E-06,,,
45.95,5.28E-06,,,
46.1081,5.04E-06,,,
46.2669,5.19E-06,,,
46.4261,5.17E-06,,,
46.5859,5.01E-06,,,
46.7463,4.98E-06,,,
46.9072,5.03E-06,,,
47.0687,5.07E-06,,,
47.2307,4.82E-06,,,
47.3933,4.87E-06,,,
47.5564,4.87E-06,,,
47.7201,4.73E-06,,,
47.8844,4.83E-06,,,
48.0492,4.75E-06,,,
48.2146,4.69E-06,,,
48.3806,4.61E-06,,,
48.5471,4.78E-06,,,
48.7142,4.55E-06,,,
48.8819,4.62E-06,,,
49.0501,4.60E-06,,,
49.219,4.52E-06,,,
49.3884,4.48E-06,,,
49.5584,4.39E-06,,,
49.729,4.42E-06,,,
49.9002,4.42E-06,,,
50.072,4.39E-06,,,
50.2443,4.33E-06,,,
50.4173,4.29E-06,,,
50.5908,4.21E-06,,,
50.765,4.19E-06,,,
50.9397,4.18E-06,,,
51.1151,4.12E-06,,,
51.291,4.22E-06,,,
51.4676,4.14E-06,,,
51.6447,4.03E-06,,,
51.8225,4.06E-06,,,
52.0009,4.04E-06,,,
52.1799,3.92E-06,,,
52.3595,3.96E-06,,,
52.5397,3.89E-06,,,
52.7206,3.86E-06,,,
52.9021,3.92E-06,,,
53.0842,3.82E-06,,,
53.2669,3.77E-06,,,
53.4502,3.81E-06,,,
53.6342,3.73E-06,,,
53.8188,3.79E-06,,,
54.0041,3.75E-06,,,
54.19,3.73E-06,,,
54.3765,3.69E-06,,,
54.5637,3.62E-06,,,
54.7515,3.63E-06,,,
54.94,3.58E-06,,,
55.1291,3.55E-06,,,
55.3189,3.47E-06,,,
55.5093,3.55E-06,,,
55.7004,3.52E-06,,,
55.8921,3.51E-06,,,
56.0845,3.53E-06,,,
56.2776,3.43E-06,,,
56.4713,3.39E-06,,,
56.6657,3.36E-06,,,
56.8607,3.35E-06,,,
57.0565,3.34E-06,,,
57.2529,3.33E-06,,,
57.4499,3.25E-06,,,
57.6477,3.29E-06,,,
57.8461,3.26E-06,,,
58.0452,3.30E-06,,,
58.245,3.24E-06,,,
58.4455,3.15E-06,,,
58.6467,3.11E-06,,,
58.8486,3.15E-06,,,
59.0512,3.12E-06,,,
59.2544,3.07E-06,,,
59.4584,3.10E-06,,,
59.6631,3.07E-06,,,
59.8684,3.06E-06,,,
60.0745,3.04E-06,,,
60.2813,2.98E-06,,,
60.4888,3.01E-06,,,
60.697,3.01E-06,,,
60.906,2.95E-06,,,
61.1156,2.96E-06,,,
61.326,2.88E-06,,,
61.5371,2.90E-06,,,
61.7489,2.82E-06,,,
61.9615,2.88E-06,,,
62.1748,2.83E-06,,,
62.3888,2.85E-06,,,
62.6035,2.84E-06,,,
62.819,2.82E-06,,,
63.0353,2.72E-06,,,
63.2522,2.75E-06,,,
63.47,2.71E-06,,,
63.6885,2.70E-06,,,
63.9077,2.67E-06,,,
64.1277,2.71E-06,,,
64.3484,2.59E-06,,,
64.5699,2.58E-06,,,
64.7922,2.58E-06,,,
65.0152,2.57E-06,,,
65.239,2.59E-06,,,
65.4636,2.50E-06,,,
65.6889,2.48E-06,,,
65.915,2.53E-06,,,
66.1419,2.51E-06,,,
66.3696,2.45E-06,,,
66.5981,2.44E-06,,,
66.8273,2.44E-06,,,
67.0573,2.44E-06,,,
67.2882,2.39E-06,,,
67.5198,2.31E-06,,,
67.7522,2.31E-06,,,
67.9854,2.28E-06,,,
68.2194,2.27E-06,,,
68.4543,2.28E-06,,,
68.6899,2.25E-06,,,
68.9264,2.21E-06,,,
69.1636,2.29E-06,,,
69.4017,2.24E-06,,,
69.6406,2.23E-06,,,
69.8803,2.21E-06,,,
70.1209,2.18E-06,,,
70.3622,2.14E-06,,,
70.6044,2.18E-06,,,
70.8475,2.09E-06,,,
71.0913,2.13E-06,,,
71.336,2.09E-06,,,
71.5816,2.03E-06,,,
71.828,2.05E-06,,,
72.0753,2.03E-06,,,
72.3234,1.96E-06,,,
72.5723,2.01E-06,,,
72.8221,2.03E-06,,,
73.0728,1.99E-06,,,
73.3243,1.92E-06,,,
73.5767,1.97E-06,,,
73.83,1.96E-06,,,
74.0841,1.91E-06,,,
74.3391,1.92E-06,,,
74.595,1.87E-06,,,
74.8518,1.85E-06,,,
75.1095,1.86E-06,,,
75.368,1.83E-06,,,
75.6274,1.78E-06,,,
75.8878,1.82E-06,,,
76.149,1.79E-06,,,
76.4111,1.80E-06,,,
76.6741,1.77E-06,,,
76.9381,1.79E-06,,,
77.2029,1.72E-06,,,
77.4687,1.73E-06,,,
77.7353,1.74E-06,,,
78.0029,1.68E-06,,,
78.2714,1.62E-06,,,
78.5408,1.70E-06,,,
78.8112,1.67E-06,,,
79.0825,1.65E-06,,,
79.3547,1.60E-06,,,
79.6279,1.60E-06,,,
79.902,1.61E-06,,,
80.177,1.64E-06,,,
80.453,1.61E-06,,,
80.7299,1.61E-06,,,
81.0078,1.58E-06,,,
81.2867,1.48E-06,,,
81.5665,1.52E-06,,,
81.8472,1.52E-06,,,
82.129,1.51E-06,,,
82.4117,1.50E-06,,,
82.6954,1.46E-06,,,
82.98,1.46E-06,,,
83.2656,1.44E-06,,,
83.5523,1.43E-06,,,
83.8399,1.45E-06,,,
84.1285,1.41E-06,,,
84.4181,1.40E-06,,,
84.7086,1.36E-06,,,
85.0002,1.40E-06,,,
85.2928,1.34E-06,,,
85.5864,1.36E-06,,,
85.881,1.30E-06,,,
86.1767,1.35E-06,,,
86.4733,1.30E-06,,,
86.771,1.28E-06,,,
87.0696,1.24E-06,,,
87.3693,1.26E-06,,,
87.6701,1.29E-06,,,
87.9719,1.23E-06,,,
88.2747,1.24E-06,,,
88.5786,1.20E-06,,,
88.8835,1.23E-06,,,
89.1894,1.22E-06,,,
89.4964,1.17E-06,,,
89.8045,1.21E-06,,,
90.1136,1.16E-06,,,
90.4238,1.18E-06,,,
90.7351,1.12E-06,,,
91.0474,1.12E-06,,,
91.3608,1.11E-06,,,
91.6753,1.16E-06,,,
91.9909,1.10E-06,,,
92.3075,1.10E-06,,,
92.6253,1.08E-06,,,
92.9441,1.11E-06,,,
93.264,1.05E-06,,,
93.5851,1.05E-06,,,
93.9072,1.05E-06,,,
94.2305,1.03E-06,,,
94.5548,1.00E-06,,,
94.8803,1.04E-06,,,
95.2069,9.91E-07,,,
95.5346,1.01E-06,,,
95.8635,9.62E-07,,,
96.1935,9.38E-07,,,
96.5246,9.45E-07,,,
96.8568,9.31E-07,,,
97.1902,9.58E-07,,,
97.5248,9.14E-07,,,
97.8605,8.92E-07,,,
98.1974,9.11E-07,,,
98.5354,8.86E-07,,,
98.8746,8.65E-07,,,
99.2149,8.55E-07,,,
99.5564,8.60E-07,,,
99.8991,8.88E-07,,,
100.243,8.16E-07,,,
100.588,8.13E-07,,,
100.934,8.34E-07,,,
101.282,8.13E-07,,,
101.63,8.32E-07,,,
101.98,8.14E-07,,,
102.331,7.82E-07,,,
102.684,7.75E-07,,,
103.037,7.27E-07,,,
103.392,7.61E-07,,,
103.748,7.30E-07,,,
104.105,7.35E-07,,,
104.463,7.23E-07,,,
104.823,7.11E-07,,,
105.183,6.99E-07,,,
105.545,7.07E-07,,,
105.909,6.82E-07,,,
106.273,6.73E-07,,,
106.639,6.74E-07,,,
107.006,6.82E-07,,,
107.375,6.38E-07,,,
107.744,6.27E-07,,,
108.115,6.11E-07,,,
108.487,5.88E-07,,,
108.861,6.21E-07,,,
109.235,5.87E-07,,,
109.611,5.92E-07,,,
109.989,5.76E-07,,,
110.367,5.45E-07,,,
110.747,5.70E-07,,,
111.128,5.25E-07,,,
111.511,5.13E-07,,,
111.895,5.17E-07,,,
112.28,4.73E-07,,,
112.666,5.04E-07,,,
113.054,4.42E-07,,,
113.443,4.74E-07,,,
113.834,4.38E-07,,,
114.226,4.35E-07,,,
114.619,4.04E-07,,,
115.014,3.76E-07,,,
115.409,3.64E-07,,,
115.807,3.44E-07,,,
116.205,3.55E-07,,,
116.605,3.32E-07,,,
117.007,3.06E-07,,,
117.41,2.91E-07,,,
117.814,2.52E-07,,,
118.219,2.32E-07,,,
118.626,2.09E-07,,,
119.034,2.14E-07,,,
119.444,1.72E-07,,,
119.855,1.47E-07,,,
120.268,1.47E-07,,,
120.682,1.24E-07,,,
121.097,1.14E-07,,,
121.514,9.51E-08,,,
121.932,8.64E-08,,,
122.352,8.01E-08,,,
122.773,6.17E-08,,,
123.196,5.42E-08,,,
123.62,3.89E-08,,,
124.046,3.72E-08,,,
124.473,2.87E-08,,,
124.901,1.97E-08,,,
125.331,2.00E-08,,,
125.762,1.69E-08,,,
126.195,1.38E-08,,,
126.63,1.26E-08,,,
127.066,1.15E-08,,,
127.503,9.32E-09,,,
127.942,7.92E-09,,,
128.382,6.90E-09,,,
128.824,5.10E-09,,,
129.268,4.69E-09,,,
129.713,4.93E-09,,,
130.159,4.63E-09,,,
130.607,4.65E-09,,,
131.057,4.05E-09,,,
131.508,4.01E-09,,,
131.961,3.60E-09,,,
132.415,4.66E-09,,,
132.871,3.60E-09,,,
133.328,1.92E-09,,,
133.787,2.49E-09,,,
134.247,1.89E-09,,,
134.709,2.95E-09,,,
135.173,2.25E-09,,,
135.638,2.58E-09,,,
136.105,2.44E-09,,,
136.574,1.80E-09,,,
137.044,9.14E-10,,,
137.516,3.30E-09,,,
137.989,1.92E-09,,,
138.464,2.26E-09,,,
138.941,1.73E-09,,,
139.419,1.65E-09,,,
139.899,1.92E-09,,,
140.38,1.09E-09,,,
140.864,1.61E-09,,,
141.349,1.49E-09,,,
141.835,5.87E-10,,,
142.323,2.18E-09,,,
142.813,5.50E-10,,,
143.305,1.65E-09,,,
143.798,2.45E-10,,,
144.293,1.99E-09,,,
144.79,1.25E-09,,,
145.288,6.99E-10,,,
145.788,7.87E-10,,,
146.29,1.68E-09,,,
146.794,9.14E-10,,,
147.299,8.32E-10,,,
147.806,6.09E-10,,,
148.315,1.00E-09,,,
148.825,3.64E-10,,,
149.338,1.89E-09,,,
149.852,8.84E-10,,,
150.368,5.20E-10,,,
150.885,2.26E-09,,,
151.405,9.44E-10,,,
151.926,9.14E-10,,,
152.449,1.00E-09,,,
152.973,1.68E-09,,,
153.5,0,,,
154.028,7.58E-10,,,
154.559,6.39E-10,,,
155.091,2.45E-10,,,
155.624,0,,,
156.16,2.45E-10,,,
156.698,7.27E-10,,,
157.237,0,,,
157.778,2.75E-10,,,
158.321,8.32E-10,,,
158.866,1.37E-09,,,
159.413,6.99E-10,,,
159.962,0,,,
160.513,0,,,
161.065,8.84E-10,,,
161.62,0,,,
162.176,5.13E-10,,,
162.734,4.23E-10,,,
163.294,4.23E-10,,,
163.856,7.87E-10,,,
164.42,6.09E-10,,,
164.986,6.39E-10,,,
165.554,0,,,
166.124,0,,,
166.696,0,,,
167.27,0,,,
167.846,2.75E-10,,,
168.423,4.23E-10,,,
169.003,0,,,
169.585,5.13E-10,,,
170.169,1.28E-09,,,
170.754,4.23E-10,,,
171.342,0,,,
171.932,2.45E-10,,,
172.524,4.90E-10,,,
173.118,0,,,
173.714,0,,,
174.312,4.23E-10,,,
174.912,4.23E-10,,,
175.514,0,,,
176.118,0,,,
176.724,0,,,
177.332,4.23E-10,,,
177.943,4.23E-10,,,
178.555,4.23E-10,,,
179.17,0,,,
179.787,0,,,
180.406,2.45E-10,,,
181.027,0,,,
181.65,0,,,
182.275,4.23E-10,,,
182.902,0,,,
183.532,0,,,
184.164,0,,,
184.798,0,,,
185.434,0,,,
186.072,0,,,
186.713,0,,,
187.355,0,,,
188,0,,,
188.647,0,,,
189.297,0,,,
189.948,0,,,
190.602,0,,,
191.258,4.23E-10,,,
191.917,0,,,
192.577,0,,,
193.24,0,,,
193.905,0,,,
194.573,0,,,
195.243,0,,,
195.915,0,,,
196.589,0,,,
197.266,0,,,
197.945,0,,,
198.626,0,,,
199.31,0,,,
199.996,4.23E-10,,,
200.684,0,,,
201.375,0,,,
202.068,0,,,
202.764,0,,,
203.462,6.50E-10,,,
204.162,6.50E-10,,,
204.865,0,,,
205.57,0,,,
206.278,0,,,
206.988,0,,,
207.7,0,,,
208.415,4.23E-10,,,
209.133,0,,,
209.853,4.23E-10,,,
210.575,0,,,
211.3,6.50E-10,,,
212.027,0,,,
212.757,0,,,
213.489,0,,,
214.224,0,,,
214.962,0,,,
215.702,4.23E-10,,,
216.444,0,,,
217.189,0,,,
217.937,0,,,
218.687,0,,,
219.44,4.23E-10,,,
220.195,6.50E-10,,,
220.953,0,,,
221.714,0,,,
222.477,6.17E-10,,,
223.243,0,,,
224.011,0,,,
224.782,0,,,
225.556,6.50E-10,,,
226.332,6.50E-10,,,
227.111,0,,,
227.893,6.50E-10,,,
228.678,0,,,
229.465,0,,,
230.255,0,,,
231.047,0,,,
231.843,6.17E-10,,,
232.641,0,,,
233.441,0,,,
234.245,0,,,
235.051,0,,,
235.86,0,,,
236.672,0,,,
237.487,6.17E-10,,,
238.304,0,,,
239.125,0,,,
239.948,0,,,
240.774,0,,,
241.603,0,,,
242.434,0,,,
243.269,0,,,
244.106,0,,,
244.946,0,,,
245.79,0,,,
246.636,6.17E-10,,,
247.485,0,,,
248.337,0,,,
249.191,0,,,
250.049,0,,,
250.91,0,,,
251.774,0,,,
252.64,0,,,
253.51,0,,,
254.383,0,,,
255.258,0,,,
256.137,0,,,
257.019,0,,,
257.903,6.17E-10,,,
258.791,0,,,
259.682,0,,,
260.576,0,,,
261.473,0,,,
262.373,0,,,
263.276,0,,,
264.182,0,,,
265.092,0,,,
266.004,0,,,
266.92,0,,,
267.838,0,,,
268.76,0,,,
269.686,0,,,
270.614,0,,,
271.545,0,,,
272.48,0,,,
273.418,0,,,
274.359,0,,,
275.304,0,,,
276.251,0,,,
277.202,0,,,
278.156,0,,,
279.114,0,,,
280.075,0,,,
281.039,0,,,
282.006,0,,,
282.977,0,,,
283.951,0,,,
284.928,0,,,
285.909,0,,,
286.893,0,,,
287.881,0,,,
288.872,0,,,
289.866,0,,,
290.864,0,,,
291.865,0,,,
292.87,0,,,
293.878,0,,,
294.89,0,,,
295.905,0,,,
296.923,0,,,
297.945,0,,,
298.971,0,,,
300,,,,
