0.01,5.09E-05,1.81,0.292021,0.934159406
0.0100344,6.12E-05,,0.584042,0.884765775
0.010069,8.02E-05,,0.876063,0.807079363
0.0101036,3.73E-05,,1.168084,0.720341308
0.0101384,0.0001508,,1.460105,0.598745648
0.0101733,6.16E-05,,1.752126,0.456758728
0.0102083,8.15E-05,,2.92021,0.207980753
0.0102435,8.87E-05,,4.380315,0.043252798
0.0102787,4.26E-05,,,
0.0103141,7.98E-05,,,
0.0103496,0.000114501,,,
0.0103852,7.15E-05,,,
0.010421,6.03E-05,,,
0.0104568,9.63E-05,,,
0.0104928,0.000195817,,,
0.010529,0.00025446,,,
0.0105652,0.00026393,,,
0.0106016,0.000380802,,,
0.0106381,0.000367433,,,
0.0106747,0.000452711,,,
0.0107114,0.0002549,,,
0.0107483,0.00040106,,,
0.0107853,0.000263761,,,
0.0108224,0.000386783,,,
0.0108597,0.000452281,,,
0.0108971,0.00047137,,,
0.0109346,0.000489418,,,
0.0109722,0.00106653,,,
0.01101,0.00110611,,,
0.0110479,0.00133564,,,
0.0110859,0.00430516,,,
0.0111241,0.00603363,,,
0.0111624,0.00581962,,,
0.0112008,0.00603429,,,
0.0112393,0.0059888,,,
0.011278,0.00597318,,,
0.0113168,0.00589601,,,
0.0113558,0.00578208,,,
0.0113949,0.00568384,,,
0.0114341,0.00590516,,,
0.0114735,0.00580923,,,
0.011513,0.00547199,,,
0.0115526,0.00530645,,,
0.0115924,0.00522991,,,
0.0116323,0.00536291,,,
0.0116723,0.00525635,,,
0.0117125,0.00561372,,,
0.0117528,0.00553132,,,
0.0117933,0.0055437,,,
0.0118339,0.0056662,,,
0.0118746,0.00559789,,,
0.0119155,0.00535268,,,
0.0119565,0.0051822,,,
0.0119976,0.0051609,,,
0.0120389,0.00504855,,,
0.0120804,0.00562296,,,
0.012122,0.0048331,,,
0.0121637,0.00537808,,,
0.0122056,0.00528076,,,
0.0122476,0.00503375,,,
0.0122897,0.00640176,,,
0.012332,0.00502721,,,
0.0123745,0.00454713,,,
0.0124171,0.00521612,,,
0.0124598,0.00550729,,,
0.0125027,0.00483193,,,
0.0125458,0.00495577,,,
0.0125889,0.0048966,,,
0.0126323,0.00477013,,,
0.0126758,0.00449305,,,
0.0127194,0.00473972,,,
0.0127632,0.00515028,,,
0.0128071,0.00471397,,,
0.0128512,0.00458275,,,
0.0128954,0.00507247,,,
0.0129398,0.00502044,,,
0.0129844,0.00440339,,,
0.0130291,0.00454165,,,
0.0130739,0.00469831,,,
0.0131189,0.00468124,,,
0.0131641,0.00496391,,,
0.0132094,0.00421306,,,
0.0132548,0.0038857,,,
0.0133005,0.0045768,,,
0.0133463,0.00430236,,,
0.0133922,0.00434773,,,
0.0134383,0.00430128,,,
0.0134846,0.00428045,,,
0.013531,0.00414781,,,
0.0135775,0.0040639,,,
0.0136243,0.00422381,,,
0.0136712,0.00424631,,,
0.0137182,0.00419457,,,
0.0137655,0.00390956,,,
0.0138128,0.00423906,,,
0.0138604,0.00426379,,,
0.0139081,0.00378394,,,
0.013956,0.00384391,,,
0.014004,0.0038666,,,
0.0140522,0.00411276,,,
0.0141006,0.00388586,,,
0.0141491,0.00392548,,,
0.0141978,0.00398937,,,
0.0142467,0.00393294,,,
0.0142957,0.00403196,,,
0.014345,0.00367651,,,
0.0143943,0.00405907,,,
0.0144439,0.00383241,,,
0.0144936,0.0038991,,,
0.0145435,0.00381414,,,
0.0145936,0.00373064,,,
0.0146438,0.00333807,,,
0.0146942,0.00382807,,,
0.0147448,0.00384069,,,
0.0147955,0.00369397,,,
0.0148465,0.0031828,,,
0.0148976,0.00358934,,,
0.0149488,0.00571036,,,
0.0150003,0.00347384,,,
0.0150519,0.00360941,,,
0.0151038,0.00388424,,,
0.0151557,0.00391554,,,
0.0152079,0.00344521,,,
0.0152603,0.00387883,,,
0.0153128,0.00347092,,,
0.0153655,0.0036559,,,
0.0154184,0.00371911,,,
0.0154715,0.00346459,,,
0.0155247,0.00330617,,,
0.0155782,0.0032156,,,
0.0156318,0.00314914,,,
0.0156856,0.00354432,,,
0.0157396,0.00324783,,,
0.0157938,0.0037661,,,
0.0158481,0.00321312,,,
0.0159027,0.00341908,,,
0.0159574,0.00375425,,,
0.0160124,0.00309917,,,
0.0160675,0.00361246,,,
0.0161228,0.00355181,,,
0.0161783,0.0341228,,,
0.016234,0.0045452,,,
0.0162898,0.00575633,,,
0.0163459,0.00421024,,,
0.0164022,0.00440544,,,
0.0164586,0.00499112,,,
0.0165153,0.00369882,,,
0.0165722,0.00341641,,,
0.0166292,0.00408663,,,
0.0166864,0.00381016,,,
0.0167439,0.00353376,,,
0.0168015,0.00442285,,,
0.0168593,0.00530352,,,
0.0169174,0.00374048,,,
0.0169756,0.00408522,,,
0.0170341,0.00372781,,,
0.0170927,0.00361496,,,
0.0171515,0.00353398,,,
0.0172106,0.00371662,,,
0.0172698,0.00347359,,,
0.0173293,0.00352423,,,
0.0173889,0.00326656,,,
0.0174488,0.00291268,,,
0.0175088,0.00387981,,,
0.0175691,0.00363439,,,
0.0176296,0.00326213,,,
0.0176903,0.00316022,,,
0.0177511,0.00303649,,,
0.0178123,0.00274318,,,
0.0178736,0.00281921,,,
0.0179351,0.00279965,,,
0.0179968,0.0029643,,,
0.0180588,0.00275783,,,
0.0181209,0.00276939,,,
0.0181833,0.00312157,,,
0.0182459,0.00284953,,,
0.0183087,0.00274754,,,
0.0183717,0.00263705,,,
0.018435,0.00284768,,,
0.0184984,0.00307021,,,
0.0185621,0.00273392,,,
0.018626,0.00255207,,,
0.0186901,0.00281024,,,
0.0187545,0.00240276,,,
0.018819,0.00240757,,,
0.0188838,0.0042786,,,
0.0189488,0.00271946,,,
0.019014,0.00295468,,,
0.0190795,0.00280374,,,
0.0191451,0.00285718,,,
0.019211,0.00234344,,,
0.0192772,0.00268676,,,
0.0193435,0.00237308,,,
0.0194101,0.00254126,,,
0.0194769,0.0025622,,,
0.019544,0.00250013,,,
0.0196112,0.00235862,,,
0.0196788,0.00246738,,,
0.0197465,0.00268385,,,
0.0198145,0.00259836,,,
0.0198827,0.00201005,,,
0.0199511,0.00248882,,,
0.0200198,0.028068,,,
0.0200887,0.00379177,,,
0.0201579,0.004885,,,
0.0202272,0.00324224,,,
0.0202969,0.00350008,,,
0.0203667,0.00318067,,,
0.0204368,0.00310639,,,
0.0205072,0.00280335,,,
0.0205778,0.00260457,,,
0.0206486,0.0050922,,,
0.0207197,0.00290376,,,
0.020791,0.00356136,,,
0.0208626,0.00319927,,,
0.0209344,0.00308739,,,
0.0210065,0.00293594,,,
0.0210788,0.00304005,,,
0.0211513,0.00282419,,,
0.0212241,0.00288133,,,
0.0212972,0.00294618,,,
0.0213705,0.00267695,,,
0.0214441,0.00277491,,,
0.0215179,0.00310632,,,
0.0215919,0.00278084,,,
0.0216663,0.00263438,,,
0.0217408,0.00259006,,,
0.0218157,0.00243237,,,
0.0218908,0.00261009,,,
0.0219661,0.00265761,,,
0.0220417,0.00246297,,,
0.0221176,0.00252413,,,
0.0221938,0.00249076,,,
0.0222701,0.00253051,,,
0.0223468,0.00268716,,,
0.0224237,0.00258023,,,
0.0225009,0.00308859,,,
0.0225784,0.00288744,,,
0.0226561,0.00253445,,,
0.0227341,0.0024144,,,
0.0228123,0.0029966,,,
0.0228909,0.0024857,,,
0.0229697,0.00249859,,,
0.0230487,0.00296407,,,
0.0231281,0.00285775,,,
0.0232077,0.00321422,,,
0.0232876,0.00306188,,,
0.0233677,0.00303336,,,
0.0234482,0.00295807,,,
0.0235289,0.00330065,,,
0.0236099,0.00281007,,,
0.0236911,0.00339519,,,
0.0237727,0.00292383,,,
0.0238545,0.0034597,,,
0.0239366,0.00297548,,,
0.024019,0.022142,,,
0.0241017,0.00410115,,,
0.0241847,0.0044658,,,
0.0242679,0.00385753,,,
0.0243514,0.00379752,,,
0.0244353,0.0039632,,,
0.0245194,0.00297492,,,
0.0246038,0.00353865,,,
0.0246885,0.00399879,,,
0.0247735,0.00367675,,,
0.0248587,0.00354754,,,
0.0249443,0.00345961,,,
0.0250302,0.00315132,,,
0.0251163,0.00324723,,,
0.0252028,0.00325405,,,
0.0252895,0.00351023,,,
0.0253766,0.0037867,,,
0.0254639,0.00369239,,,
0.0255516,0.00323035,,,
0.0256396,0.00396188,,,
0.0257278,0.00419329,,,
0.0258164,0.00365742,,,
0.0259052,0.00314177,,,
0.0259944,0.00336779,,,
0.0260839,0.00340652,,,
0.0261737,0.00308422,,,
0.0262638,0.00380488,,,
0.0263542,0.00335812,,,
0.0264449,0.00341952,,,
0.0265359,0.00315535,,,
0.0266273,0.00342984,,,
0.0267189,0.00360281,,,
0.0268109,0.00384541,,,
0.0269032,0.0033383,,,
0.0269958,0.00330221,,,
0.0270887,0.00349901,,,
0.027182,0.00374111,,,
0.0272755,0.00420597,,,
0.0273694,0.00418428,,,
0.0274636,0.00374151,,,
0.0275582,0.00392719,,,
0.027653,0.0040219,,,
0.0277482,0.00400594,,,
0.0278437,0.00392157,,,
0.0279396,0.00345543,,,
0.0280357,0.00394532,,,
0.0281323,0.00412903,,,
0.0282291,0.0033327,,,
0.0283263,0.00396867,,,
0.0284238,0.00464441,,,
0.0285216,0.00377989,,,
0.0286198,0.00373746,,,
0.0287183,0.0040583,,,
0.0288172,0.00404418,,,
0.0289164,0.00399315,,,
0.0290159,0.00360757,,,
0.0291158,0.0039429,,,
0.029216,0.00361366,,,
0.0293166,0.00399391,,,
0.0294175,0.00344082,,,
0.0295187,0.00375208,,,
0.0296203,0.00403963,,,
0.0297223,0.00361021,,,
0.0298246,0.0036238,,,
0.0299273,0.00397887,,,
0.0300303,0.00377186,,,
0.0301337,0.00374127,,,
0.0302374,0.0035209,,,
0.0303415,0.00398404,,,
0.0304459,0.00393218,,,
0.0305507,0.00380299,,,
0.0306559,0.0040141,,,
0.0307614,0.0033444,,,
0.0308673,0.00364602,,,
0.0309735,0.0034975,,,
0.0310802,0.00442935,,,
0.0311872,0.00382962,,,
0.0312945,0.00386471,,,
0.0314022,0.00396257,,,
0.0315103,0.00373623,,,
0.0316188,0.00452721,,,
0.0317276,0.00369647,,,
0.0318368,0.00377039,,,
0.0319464,0.00382162,,,
0.0320564,0.00387654,,,
0.0321667,0.0035931,,,
0.0322775,0.00447514,,,
0.0323886,0.00451988,,,
0.0325001,0.00464758,,,
0.0326119,0.0043633,,,
0.0327242,0.00423346,,,
0.0328368,0.0038313,,,
0.0329499,0.00416236,,,
0.0330633,0.00394213,,,
0.0331771,0.0038221,,,
0.0332913,0.00383341,,,
0.0334059,0.00421871,,,
0.0335209,0.0038669,,,
0.0336363,0.00439999,,,
0.0337521,0.00386211,,,
0.0338682,0.00407845,,,
0.0339848,0.00402528,,,
0.0341018,0.00374311,,,
0.0342192,0.00389713,,,
0.034337,0.00398958,,,
0.0344552,0.0036867,,,
0.0345738,0.00372907,,,
0.0346928,0.00350794,,,
0.0348122,0.00430428,,,
0.034932,0.00396615,,,
0.0350523,0.00558371,,,
0.035173,0.00451259,,,
0.035294,0.00412505,,,
0.0354155,0.00439179,,,
0.0355374,0.00423923,,,
0.0356597,0.00428279,,,
0.0357825,0.00430522,,,
0.0359057,0.00376376,,,
0.0360293,0.00396932,,,
0.0361533,0.00425631,,,
0.0362777,0.00399887,,,
0.0364026,0.00463123,,,
0.0365279,0.00473379,,,
0.0366537,0.00413002,,,
0.0367798,0.00522243,,,
0.0369064,0.00476451,,,
0.0370335,0.00456721,,,
0.0371609,0.00443943,,,
0.0372889,0.00432911,,,
0.0374172,0.00443615,,,
0.037546,0.00463588,,,
0.0376753,0.00431085,,,
0.0378049,0.00421286,,,
0.0379351,0.00446314,,,
0.0380657,0.00420892,,,
0.0381967,0.00422955,,,
0.0383282,0.00416389,,,
0.0384601,0.00417052,,,
0.0385925,0.00403314,,,
0.0387253,0.00429448,,,
0.0388586,0.0043155,,,
0.0389924,0.00537144,,,
0.0391266,0.00457755,,,
0.0392613,0.0042325,,,
0.0393965,0.00388677,,,
0.0395321,0.00438198,,,
0.0396681,0.00402261,,,
0.0398047,0.00440959,,,
0.0399417,0.00398843,,,
0.0400792,0.00457105,,,
0.0402172,0.0058995,,,
0.0403556,0.00446268,,,
0.0404945,0.00491621,,,
0.0406339,0.00496694,,,
0.0407738,0.00474802,,,
0.0409141,0.00492946,,,
0.041055,0.00501024,,,
0.0411963,0.00446063,,,
0.0413381,0.00455284,,,
0.0414804,0.00492565,,,
0.0416232,0.00454459,,,
0.0417664,0.00476224,,,
0.0419102,0.00468722,,,
0.0420545,0.00394196,,,
0.0421992,0.00441736,,,
0.0423445,0.00430446,,,
0.0424903,0.00485815,,,
0.0426365,0.00465333,,,
0.0427833,0.00467303,,,
0.0429306,0.00502094,,,
0.0430783,0.00499683,,,
0.0432266,0.00495647,,,
0.0433754,0.00480783,,,
0.0435247,0.00463798,,,
0.0436745,0.00456288,,,
0.0438249,0.00478503,,,
0.0439757,0.00473132,,,
0.0441271,0.00531776,,,
0.044279,0.00500845,,,
0.0444314,0.00488922,,,
0.0445844,0.00567816,,,
0.0447378,0.00487593,,,
0.0448918,0.00537715,,,
0.0450464,0.00508584,,,
0.0452014,0.00518713,,,
0.045357,0.00504597,,,
0.0455131,0.00497519,,,
0.0456698,0.00459019,,,
0.045827,0.00503807,,,
0.0459848,0.00487436,,,
0.0461431,0.00475514,,,
0.0463019,0.00491236,,,
0.0464613,0.00469991,,,
0.0466212,0.00502857,,,
0.0467817,0.00504936,,,
0.0469427,0.00528373,,,
0.0471043,0.00534501,,,
0.0472664,0.00554411,,,
0.0474291,0.00499677,,,
0.0475924,0.00518696,,,
0.0477562,0.00515896,,,
0.0479206,0.00567074,,,
0.0480856,0.00534226,,,
0.0482511,0.0047644,,,
0.0484172,0.0100711,,,
0.0485839,0.00588852,,,
0.0487511,0.00577614,,,
0.0489189,0.00580529,,,
0.0490873,0.00595007,,,
0.0492563,0.00542151,,,
0.0494258,0.00589521,,,
0.0495959,0.00544895,,,
0.0497667,0.00544124,,,
0.049938,0.00540945,,,
0.0501099,0.00539478,,,
0.0502824,0.00543778,,,
0.0504554,0.00538021,,,
0.0506291,0.00577727,,,
0.0508034,0.00560439,,,
0.0509783,0.00535547,,,
0.0511538,0.00560354,,,
0.0513298,0.00575371,,,
0.0515065,0.00578271,,,
0.0516838,0.00636058,,,
0.0518617,0.00589577,,,
0.0520403,0.00552117,,,
0.0522194,0.00553436,,,
0.0523991,0.00608834,,,
0.0525795,0.00626241,,,
0.0527605,0.00533304,,,
0.0529421,0.00571559,,,
0.0531244,0.00591171,,,
0.0533072,0.00557043,,,
0.0534907,0.00610073,,,
0.0536748,0.0056888,,,
0.0538596,0.00614008,,,
0.054045,0.00571056,,,
0.054231,0.00649512,,,
0.0544177,0.0061877,,,
0.054605,0.00586564,,,
0.054793,0.00610426,,,
0.0549816,0.00604376,,,
0.0551709,0.00626589,,,
0.0553608,0.00621256,,,
0.0555513,0.00603857,,,
0.0557426,0.00576909,,,
0.0559344,0.00644525,,,
0.056127,0.00597917,,,
0.0563202,0.00666778,,,
0.056514,0.00624947,,,
0.0567086,0.00638548,,,
0.0569038,0.00709257,,,
0.0570997,0.00593117,,,
0.0572962,0.00659563,,,
0.0574934,0.00653432,,,
0.0576913,0.0066161,,,
0.0578899,0.00661396,,,
0.0580892,0.00603089,,,
0.0582892,0.00715842,,,
0.0584898,0.00654542,,,
0.0586911,0.00667497,,,
0.0588932,0.00669608,,,
0.0590959,0.00616837,,,
0.0592993,0.00587819,,,
0.0595034,0.00670355,,,
0.0597083,0.00684574,,,
0.0599138,0.00695446,,,
0.06012,0.00750265,,,
0.060327,0.00657757,,,
0.0605346,0.00665045,,,
0.060743,0.00718894,,,
0.0609521,0.00737231,,,
0.0611619,0.00732173,,,
0.0613724,0.00710344,,,
0.0615837,0.00730466,,,
0.0617957,0.00759016,,,
0.0620084,0.00713512,,,
0.0622218,0.00703879,,,
0.062436,0.0067849,,,
0.0626509,0.00714821,,,
0.0628666,0.00705684,,,
0.063083,0.00695856,,,
0.0633001,0.00713425,,,
0.063518,0.00751198,,,
0.0637367,0.00679882,,,
0.0639561,0.00686013,,,
0.0641762,0.0078389,,,
0.0643971,0.00785524,,,
0.0646188,0.0077063,,,
0.0648412,0.00807,,,
0.0650644,0.00744521,,,
0.0652884,0.00799444,,,
0.0655131,0.00760491,,,
0.0657387,0.00792755,,,
0.0659649,0.00723292,,,
0.066192,0.0072185,,,
0.0664199,0.00760448,,,
0.0666485,0.00800965,,,
0.0668779,0.00772115,,,
0.0671081,0.00819035,,,
0.0673391,0.00733907,,,
0.0675709,0.00780909,,,
0.0678035,0.00784933,,,
0.0680369,0.00807278,,,
0.0682711,0.00789141,,,
0.0685061,0.00820816,,,
0.0687419,0.00806875,,,
0.0689785,0.00838187,,,
0.069216,0.00763642,,,
0.0694542,0.00795476,,,
0.0696933,0.0083371,,,
0.0699332,0.00761178,,,
0.0701739,0.00859224,,,
0.0704155,0.00838314,,,
0.0706579,0.00875724,,,
0.0709011,0.00814776,,,
0.0711452,0.00861958,,,
0.0713901,0.00835886,,,
0.0716358,0.00863687,,,
0.0718824,0.00847751,,,
0.0721298,0.0082949,,,
0.0723781,0.00864141,,,
0.0726273,0.00901827,,,
0.0728773,0.00873513,,,
0.0731281,0.00890897,,,
0.0733798,0.00886111,,,
0.0736324,0.00869191,,,
0.0738859,0.0087302,,,
0.0741402,0.00865982,,,
0.0743954,0.00877401,,,
0.0746515,0.00843493,,,
0.0749085,0.00896926,,,
0.0751663,0.00890198,,,
0.0754251,0.0082208,,,
0.0756847,0.00908634,,,
0.0759452,0.00884184,,,
0.0762067,0.00893914,,,
0.076469,0.0092614,,,
0.0767322,0.00938351,,,
0.0769963,0.00923625,,,
0.0772614,0.0100122,,,
0.0775273,0.00914899,,,
0.0777942,0.00893212,,,
0.078062,0.00969841,,,
0.0783307,0.0093042,,,
0.0786003,0.00942767,,,
0.0788709,0.00974655,,,
0.0791424,0.00969527,,,
0.0794148,0.0092619,,,
0.0796882,0.00892457,,,
0.0799625,0.0101817,,,
0.0802377,0.00975499,,,
0.0805139,0.00994061,,,
0.080791,0.0100652,,,
0.0810692,0.0098218,,,
0.0813482,0.00995188,,,
0.0816282,0.0102535,,,
0.0819092,0.00987886,,,
0.0821912,0.0104206,,,
0.0824741,0.0106676,,,
0.082758,0.0102834,,,
0.0830428,0.0104006,,,
0.0833287,0.00989094,,,
0.0836155,0.00986887,,,
0.0839034,0.00964154,,,
0.0841922,0.0102344,,,
0.084482,0.010616,,,
0.0847728,0.00991826,,,
0.0850646,0.0104254,,,
0.0853574,0.0104422,,,
0.0856512,0.0104811,,,
0.0859461,0.0107965,,,
0.0862419,0.0104093,,,
0.0865388,0.0110792,,,
0.0868367,0.0111311,,,
0.0871356,0.0114893,,,
0.0874355,0.0110483,,,
0.0877365,0.011143,,,
0.0880385,0.0110811,,,
0.0883415,0.0112385,,,
0.0886456,0.0108146,,,
0.0889508,0.0115344,,,
0.089257,0.0114759,,,
0.0895642,0.0114988,,,
0.0898725,0.0109281,,,
0.0901819,0.0121288,,,
0.0904923,0.0115014,,,
0.0908038,0.0114648,,,
0.0911164,0.0113343,,,
0.09143,0.0110429,,,
0.0917447,0.0123579,,,
0.0920605,0.0112207,,,
0.0923774,0.0114647,,,
0.0926954,0.011825,,,
0.0930145,0.0116571,,,
0.0933347,0.0116643,,,
0.0936559,0.0118921,,,
0.0939783,0.0122702,,,
0.0943018,0.0117255,,,
0.0946264,0.0120879,,,
0.0949522,0.0123745,,,
0.095279,0.0120147,,,
0.095607,0.0118676,,,
0.0959361,0.0125071,,,
0.0962663,0.012935,,,
0.0965977,0.0118307,,,
0.0969302,0.0128077,,,
0.0972638,0.0126287,,,
0.0975986,0.0130714,,,
0.0979346,0.0120627,,,
0.0982717,0.0128878,,,
0.09861,0.0124292,,,
0.0989494,0.0133009,,,
0.09929,0.0123816,,,
0.0996318,0.0124469,,,
0.0999748,0.0133731,,,
0.100319,0.0131815,,,
0.100664,0.0128148,,,
0.101011,0.0131239,,,
0.101358,0.012925,,,
0.101707,0.0137733,,,
0.102057,0.0128475,,,
0.102409,0.0135092,,,
0.102761,0.0131968,,,
0.103115,0.0132174,,,
0.10347,0.0127378,,,
0.103826,0.0138027,,,
0.104183,0.013387,,,
0.104542,0.0137305,,,
0.104902,0.0135209,,,
0.105263,0.0135678,,,
0.105625,0.0142773,,,
0.105989,0.0142951,,,
0.106354,0.0134579,,,
0.10672,0.013785,,,
0.107087,0.0142296,,,
0.107456,0.014152,,,
0.107826,0.0138629,,,
0.108197,0.0142809,,,
0.108569,0.0146028,,,
0.108943,0.0147297,,,
0.109318,0.0150037,,,
0.109694,0.0151486,,,
0.110072,0.0141768,,,
0.110451,0.0146066,,,
0.110831,0.0155429,,,
0.111213,0.0152502,,,
0.111595,0.0147933,,,
0.11198,0.0155323,,,
0.112365,0.0155719,,,
0.112752,0.0144335,,,
0.11314,0.0151621,,,
0.113529,0.0150634,,,
0.11392,0.0160656,,,
0.114312,0.0154109,,,
0.114706,0.0149314,,,
0.115101,0.0153708,,,
0.115497,0.0158422,,,
0.115894,0.0157201,,,
0.116293,0.0162339,,,
0.116694,0.0161255,,,
0.117095,0.0171196,,,
0.117498,0.0165101,,,
0.117903,0.0162522,,,
0.118309,0.0158224,,,
0.118716,0.017394,,,
0.119125,0.0169164,,,
0.119535,0.0166098,,,
0.119946,0.0159759,,,
0.120359,0.0166035,,,
0.120773,0.0170051,,,
0.121189,0.0168476,,,
0.121606,0.0175683,,,
0.122025,0.0174208,,,
0.122445,0.0170866,,,
0.122866,0.0173697,,,
0.123289,0.0174188,,,
0.123714,0.0170779,,,
0.124139,0.0173306,,,
0.124567,0.0179227,,,
0.124996,0.0181003,,,
0.125426,0.0176519,,,
0.125858,0.0175118,,,
0.126291,0.017912,,,
0.126726,0.0183201,,,
0.127162,0.0182545,,,
0.127599,0.0184953,,,
0.128039,0.018549,,,
0.128479,0.0184334,,,
0.128922,0.0184816,,,
0.129365,0.0191946,,,
0.129811,0.018891,,,
0.130258,0.0190676,,,
0.130706,0.0193218,,,
0.131156,0.0198733,,,
0.131607,0.0187071,,,
0.13206,0.018908,,,
0.132515,0.0190152,,,
0.132971,0.0194163,,,
0.133429,0.0203164,,,
0.133888,0.0196663,,,
0.134349,0.0187279,,,
0.134811,0.0198402,,,
0.135276,0.0195088,,,
0.135741,0.0197974,,,
0.136208,0.0202537,,,
0.136677,0.0190647,,,
0.137148,0.0198248,,,
0.13762,0.0207089,,,
0.138094,0.0208605,,,
0.138569,0.0217665,,,
0.139046,0.0213444,,,
0.139525,0.0212843,,,
0.140005,0.0199984,,,
0.140487,0.0216339,,,
0.14097,0.0207192,,,
0.141456,0.0208481,,,
0.141943,0.0205133,,,
0.142431,0.022026,,,
0.142921,0.0218781,,,
0.143413,0.022535,,,
0.143907,0.0205915,,,
0.144402,0.0218232,,,
0.144899,0.0231247,,,
0.145398,0.0226206,,,
0.145899,0.0218459,,,
0.146401,0.0215141,,,
0.146905,0.0219753,,,
0.147411,0.0215556,,,
0.147918,0.0222424,,,
0.148427,0.0226369,,,
0.148938,0.0220175,,,
0.149451,0.0227035,,,
0.149965,0.0228628,,,
0.150481,0.0233216,,,
0.150999,0.0234049,,,
0.151519,0.0248242,,,
0.152041,0.0238023,,,
0.152564,0.022746,,,
0.153089,0.023144,,,
0.153616,0.0245337,,,
0.154145,0.0247432,,,
0.154676,0.0234629,,,
0.155208,0.0258607,,,
0.155742,0.0244606,,,
0.156278,0.022895,,,
0.156816,0.0254083,,,
0.157356,0.0246888,,,
0.157898,0.024617,,,
0.158441,0.025528,,,
0.158987,0.0251767,,,
0.159534,0.0255635,,,
0.160083,0.0252847,,,
0.160634,0.025179,,,
0.161187,0.0259516,,,
0.161742,0.0264186,,,
0.162299,0.0267763,,,
0.162857,0.0262115,,,
0.163418,0.0269595,,,
0.163981,0.025104,,,
0.164545,0.0269189,,,
0.165111,0.0271379,,,
0.16568,0.0278827,,,
0.16625,0.0273506,,,
0.166822,0.0264265,,,
0.167397,0.0276678,,,
0.167973,0.0276731,,,
0.168551,0.0268443,,,
0.169131,0.0271241,,,
0.169713,0.027502,,,
0.170298,0.0287389,,,
0.170884,0.0272029,,,
0.171472,0.0284219,,,
0.172062,0.0277514,,,
0.172654,0.0282465,,,
0.173249,0.027161,,,
0.173845,0.0282867,,,
0.174444,0.02837,,,
0.175044,0.029247,,,
0.175647,0.0284277,,,
0.176251,0.0294398,,,
0.176858,0.0297294,,,
0.177467,0.0283153,,,
0.178078,0.0303332,,,
0.178691,0.0295724,,,
0.179306,0.0306541,,,
0.179923,0.0297415,,,
0.180542,0.0311346,,,
0.181164,0.0308014,,,
0.181787,0.0305406,,,
0.182413,0.0312787,,,
0.183041,0.0310893,,,
0.183671,0.0313179,,,
0.184303,0.0322065,,,
0.184938,0.0322628,,,
0.185574,0.0318051,,,
0.186213,0.0309931,,,
0.186854,0.0328202,,,
0.187497,0.0318481,,,
0.188143,0.0319517,,,
0.18879,0.0336536,,,
0.18944,0.0325187,,,
0.190092,0.0322853,,,
0.190747,0.0333615,,,
0.191403,0.0332567,,,
0.192062,0.0338675,,,
0.192723,0.0330407,,,
0.193387,0.0331683,,,
0.194052,0.0344772,,,
0.19472,0.0353838,,,
0.19539,0.0338595,,,
0.196063,0.0347989,,,
0.196738,0.0349889,,,
0.197415,0.0358563,,,
0.198095,0.0347135,,,
0.198777,0.0353557,,,
0.199461,0.0338795,,,
0.200147,0.0351904,,,
0.200836,0.0349369,,,
0.201528,0.0366926,,,
0.202221,0.0357953,,,
0.202917,0.037364,,,
0.203616,0.0349448,,,
0.204317,0.0361428,,,
0.20502,0.0372146,,,
0.205726,0.0356046,,,
0.206434,0.036919,,,
0.207145,0.0360703,,,
0.207858,0.0373409,,,
0.208573,0.0379963,,,
0.209291,0.0374678,,,
0.210012,0.0385238,,,
0.210734,0.0395506,,,
0.21146,0.0374215,,,
0.212188,0.0372211,,,
0.212918,0.0385174,,,
0.213651,0.0390375,,,
0.214386,0.040225,,,
0.215124,0.0390955,,,
0.215865,0.0401466,,,
0.216608,0.0412324,,,
0.217354,0.0405894,,,
0.218102,0.0406754,,,
0.218853,0.04012,,,
0.219606,0.0404222,,,
0.220362,0.0419597,,,
0.22112,0.0416224,,,
0.221882,0.0419982,,,
0.222645,0.0409923,,,
0.223412,0.0421928,,,
0.224181,0.042622,,,
0.224952,0.0417792,,,
0.225727,0.0427177,,,
0.226504,0.0423907,,,
0.227283,0.0442198,,,
0.228066,0.0422645,,,
0.228851,0.0439259,,,
0.229639,0.0439951,,,
0.230429,0.0437206,,,
0.231222,0.0449885,,,
0.232018,0.0450076,,,
0.232817,0.0456523,,,
0.233618,0.0456861,,,
0.234422,0.0442189,,,
0.235229,0.0459863,,,
0.236039,0.0467395,,,
0.236852,0.04545,,,
0.237667,0.0462778,,,
0.238485,0.0465591,,,
0.239306,0.0466624,,,
0.24013,0.0475505,,,
0.240956,0.046647,,,
0.241786,0.0466931,,,
0.242618,0.0486474,,,
0.243453,0.0478135,,,
0.244291,0.0494924,,,
0.245132,0.0472546,,,
0.245976,0.0482865,,,
0.246822,0.048695,,,
0.247672,0.0493972,,,
0.248525,0.0504872,,,
0.24938,0.0498621,,,
0.250239,0.0497564,,,
0.2511,0.0504118,,,
0.251964,0.0510123,,,
0.252832,0.0501853,,,
0.253702,0.0508222,,,
0.254575,0.0510752,,,
0.255452,0.0513873,,,
0.256331,0.0508913,,,
0.257213,0.0539534,,,
0.258099,0.0527255,,,
0.258987,0.0538872,,,
0.259878,0.0521452,,,
0.260773,0.052917,,,
0.261671,0.0549683,,,
0.262571,0.0557974,,,
0.263475,0.0534966,,,
0.264382,0.0538048,,,
0.265292,0.0531815,,,
0.266205,0.0545417,,,
0.267122,0.0563695,,,
0.268041,0.0555114,,,
0.268964,0.0550151,,,
0.26989,0.0564645,,,
0.270819,0.0575026,,,
0.271751,0.0568004,,,
0.272686,0.0590298,,,
0.273625,0.0583785,,,
0.274567,0.0594601,,,
0.275512,0.0586442,,,
0.27646,0.0582827,,,
0.277412,0.0598705,,,
0.278367,0.0606829,,,
0.279325,0.0606328,,,
0.280287,0.0595914,,,
0.281252,0.0610795,,,
0.28222,0.0620679,,,
0.283191,0.0592414,,,
0.284166,0.0618016,,,
0.285144,0.0611007,,,
0.286126,0.0618643,,,
0.287111,0.0621665,,,
0.288099,0.0620032,,,
0.289091,0.0622583,,,
0.290086,0.0624664,,,
0.291084,0.0639269,,,
0.292086,0.0644184,,,
0.293092,0.0658087,,,
0.294101,0.0643172,,,
0.295113,0.0639989,,,
0.296129,0.0641962,,,
0.297148,0.0642103,,,
0.298171,0.0642477,,,
0.299197,0.0656556,,,
0.300227,0.0685023,,,
0.301261,0.0667871,,,
0.302298,0.0680561,,,
0.303338,0.0680867,,,
0.304382,0.0681787,,,
0.30543,0.0704736,,,
0.306482,0.0678842,,,
0.307536,0.0702332,,,
0.308595,0.0697417,,,
0.309657,0.0705164,,,
0.310723,0.0697919,,,
0.311793,0.0734359,,,
0.312866,0.0717476,,,
0.313943,0.0712355,,,
0.315024,0.0715521,,,
0.316108,0.0741575,,,
0.317196,0.0728684,,,
0.318288,0.0744237,,,
0.319384,0.07487,,,
0.320483,0.0747426,,,
0.321586,0.0738,,,
0.322693,0.0750563,,,
0.323804,0.0745559,,,
0.324919,0.0765869,,,
0.326037,0.0749736,,,
0.327159,0.0763723,,,
0.328286,0.0780471,,,
0.329416,0.0785174,,,
0.330549,0.0771584,,,
0.331687,0.0768194,,,
0.332829,0.0780734,,,
0.333975,0.0789183,,,
0.335124,0.0786071,,,
0.336278,0.0804066,,,
0.337435,0.0815579,,,
0.338597,0.0815412,,,
0.339763,0.0836937,,,
0.340932,0.0816155,,,
0.342106,0.0810353,,,
0.343283,0.0817599,,,
0.344465,0.083252,,,
0.345651,0.085479,,,
0.34684,0.0851212,,,
0.348034,0.0830782,,,
0.349232,0.0838285,,,
0.350434,0.0851841,,,
0.351641,0.0867391,,,
0.352851,0.0861897,,,
0.354066,0.086417,,,
0.355285,0.0873432,,,
0.356508,0.0883457,,,
0.357735,0.0883754,,,
0.358966,0.0885687,,,
0.360202,0.0901385,,,
0.361442,0.0888666,,,
0.362686,0.0882433,,,
0.363934,0.0922848,,,
0.365187,0.0922138,,,
0.366444,0.0924481,,,
0.367705,0.0916177,,,
0.368971,0.0922146,,,
0.370241,0.0950339,,,
0.371516,0.0945041,,,
0.372795,0.0947005,,,
0.374078,0.0961678,,,
0.375365,0.0965605,,,
0.376658,0.0961475,,,
0.377954,0.0968728,,,
0.379255,0.0956788,,,
0.380561,0.0985626,,,
0.381871,0.098125,,,
0.383185,0.0956291,,,
0.384504,0.0982751,,,
0.385828,0.0980011,,,
0.387156,0.0990848,,,
0.388488,0.102124,,,
0.389826,0.101096,,,
0.391168,0.101751,,,
0.392514,0.100592,,,
0.393865,0.104458,,,
0.395221,0.104457,,,
0.396581,0.103454,,,
0.397946,0.105679,,,
0.399316,0.104422,,,
0.400691,0.106765,,,
0.40207,0.104766,,,
0.403454,0.10881,,,
0.404843,0.109535,,,
0.406236,0.108602,,,
0.407635,0.11011,,,
0.409038,0.109865,,,
0.410446,0.107805,,,
0.411859,0.110247,,,
0.413277,0.112063,,,
0.414699,0.110462,,,
0.416127,0.111829,,,
0.417559,0.113674,,,
0.418996,0.112773,,,
0.420439,0.11194,,,
0.421886,0.115905,,,
0.423338,0.118058,,,
0.424795,0.115563,,,
0.426258,0.119581,,,
0.427725,0.116634,,,
0.429197,0.118088,,,
0.430675,0.118655,,,
0.432157,0.117466,,,
0.433645,0.119065,,,
0.435137,0.120255,,,
0.436635,0.121276,,,
0.438138,0.1213,,,
0.439646,0.123508,,,
0.44116,0.122385,,,
0.442678,0.124945,,,
0.444202,0.124474,,,
0.445731,0.125652,,,
0.447265,0.12642,,,
0.448805,0.128372,,,
0.45035,0.129221,,,
0.4519,0.126658,,,
0.453456,0.128224,,,
0.455017,0.127576,,,
0.456583,0.132405,,,
0.458155,0.130308,,,
0.459732,0.131175,,,
0.461314,0.133881,,,
0.462902,0.134252,,,
0.464495,0.132835,,,
0.466094,0.133998,,,
0.467699,0.136899,,,
0.469309,0.13499,,,
0.470924,0.134375,,,
0.472545,0.136075,,,
0.474172,0.135776,,,
0.475804,0.137933,,,
0.477442,0.14063,,,
0.479085,0.140316,,,
0.480734,0.139794,,,
0.482389,0.141336,,,
0.48405,0.141166,,,
0.485716,0.141795,,,
0.487388,0.143624,,,
0.489066,0.145571,,,
0.490749,0.146955,,,
0.492438,0.147838,,,
0.494133,0.147037,,,
0.495834,0.151917,,,
0.497541,0.146088,,,
0.499254,0.150397,,,
0.500972,0.149017,,,
0.502697,0.152091,,,
0.504427,0.15258,,,
0.506164,0.152659,,,
0.507906,0.156595,,,
0.509654,0.157778,,,
0.511409,0.155799,,,
0.513169,0.157004,,,
0.514935,0.158659,,,
0.516708,0.158024,,,
0.518486,0.155344,,,
0.520271,0.161677,,,
0.522062,0.159232,,,
0.523859,0.162194,,,
0.525662,0.163294,,,
0.527472,0.163013,,,
0.529288,0.164297,,,
0.531109,0.165594,,,
0.532938,0.164734,,,
0.534772,0.16816,,,
0.536613,0.16821,,,
0.53846,0.167584,,,
0.540314,0.171194,,,
0.542174,0.169131,,,
0.54404,0.170966,,,
0.545913,0.171576,,,
0.547792,0.171869,,,
0.549677,0.173326,,,
0.551569,0.17454,,,
0.553468,0.177022,,,
0.555373,0.177882,,,
0.557285,0.178145,,,
0.559203,0.181471,,,
0.561128,0.18128,,,
0.56306,0.183022,,,
0.564998,0.179002,,,
0.566943,0.180271,,,
0.568894,0.183327,,,
0.570853,0.184153,,,
0.572818,0.185285,,,
0.574789,0.188229,,,
0.576768,0.191188,,,
0.578753,0.187315,,,
0.580745,0.192148,,,
0.582744,0.191097,,,
0.58475,0.192301,,,
0.586763,0.19427,,,
0.588783,0.195475,,,
0.59081,0.194963,,,
0.592843,0.196415,,,
0.594884,0.197744,,,
0.596932,0.199496,,,
0.598987,0.19706,,,
0.601049,0.201258,,,
0.603117,0.200204,,,
0.605194,0.203385,,,
0.607277,0.208062,,,
0.609367,0.200236,,,
0.611465,0.203812,,,
0.61357,0.209145,,,
0.615682,0.206788,,,
0.617801,0.205145,,,
0.619927,0.205974,,,
0.622061,0.214467,,,
0.624203,0.21003,,,
0.626351,0.21228,,,
0.628507,0.215487,,,
0.630671,0.216936,,,
0.632842,0.22067,,,
0.63502,0.215975,,,
0.637206,0.221632,,,
0.639399,0.218697,,,
0.6416,0.221815,,,
0.643809,0.224201,,,
0.646025,0.224292,,,
0.648249,0.226414,,,
0.65048,0.222774,,,
0.652719,0.226191,,,
0.654966,0.225883,,,
0.657221,0.229619,,,
0.659483,0.229334,,,
0.661753,0.232005,,,
0.664031,0.230817,,,
0.666317,0.234207,,,
0.66861,0.233718,,,
0.670912,0.234262,,,
0.673221,0.240133,,,
0.675539,0.237923,,,
0.677864,0.238422,,,
0.680197,0.238952,,,
0.682539,0.242888,,,
0.684888,0.245169,,,
0.687246,0.246425,,,
0.689611,0.247684,,,
0.691985,0.248521,,,
0.694367,0.244713,,,
0.696757,0.249168,,,
0.699156,0.247774,,,
0.701562,0.252377,,,
0.703977,0.252242,,,
0.706401,0.25303,,,
0.708832,0.255315,,,
0.711272,0.257977,,,
0.713721,0.258942,,,
0.716177,0.25883,,,
0.718643,0.25464,,,
0.721116,0.262221,,,
0.723599,0.262666,,,
0.726089,0.262443,,,
0.728589,0.265237,,,
0.731097,0.26944,,,
0.733613,0.269675,,,
0.736139,0.263576,,,
0.738673,0.268835,,,
0.741215,0.278924,,,
0.743767,0.271964,,,
0.746327,0.271772,,,
0.748896,0.271861,,,
0.751474,0.277738,,,
0.754061,0.277023,,,
0.756656,0.279541,,,
0.759261,0.280263,,,
0.761874,0.282275,,,
0.764497,0.281544,,,
0.767128,0.283189,,,
0.769769,0.287478,,,
0.772419,0.286875,,,
0.775078,0.287104,,,
0.777746,0.284929,,,
0.780423,0.286927,,,
0.783109,0.290734,,,
0.785805,0.292628,,,
0.78851,0.293726,,,
0.791224,0.292698,,,
0.793948,0.294701,,,
0.79668,0.295273,,,
0.799423,0.296442,,,
0.802175,0.299418,,,
0.804936,0.294328,,,
0.807707,0.299512,,,
0.810487,0.304207,,,
0.813277,0.303951,,,
0.816076,0.305943,,,
0.818885,0.307657,,,
0.821704,0.309152,,,
0.824533,0.309905,,,
0.827371,0.310589,,,
0.830219,0.308715,,,
0.833077,0.312487,,,
0.835944,0.313283,,,
0.838822,0.316256,,,
0.841709,0.316309,,,
0.844607,0.319517,,,
0.847514,0.318218,,,
0.850431,0.317354,,,
0.853359,0.322354,,,
0.856296,0.319733,,,
0.859244,0.325499,,,
0.862201,0.322662,,,
0.865169,0.323229,,,
0.868147,0.32284,,,
0.871136,0.318948,,,
0.874135,0.326919,,,
0.877143,0.330118,,,
0.880163,0.330548,,,
0.883193,0.331798,,,
0.886233,0.331888,,,
0.889283,0.335405,,,
0.892344,0.335628,,,
0.895416,0.335197,,,
0.898498,0.339939,,,
0.901591,0.33416,,,
0.904695,0.339554,,,
0.907809,0.344677,,,
0.910934,0.337906,,,
0.914069,0.342019,,,
0.917216,0.338145,,,
0.920373,0.346003,,,
0.923541,0.345216,,,
0.92672,0.348087,,,
0.92991,0.349747,,,
0.933111,0.347553,,,
0.936323,0.352306,,,
0.939546,0.349854,,,
0.94278,0.350743,,,
0.946026,0.352386,,,
0.949282,0.352165,,,
0.95255,0.356421,,,
0.955829,0.354205,,,
0.959119,0.35616,,,
0.96242,0.357412,,,
0.965733,0.362033,,,
0.969057,0.362992,,,
0.972393,0.356523,,,
0.97574,0.360489,,,
0.979099,0.359403,,,
0.982469,0.364318,,,
0.985851,0.365287,,,
0.989245,0.364082,,,
0.99265,0.366901,,,
0.996067,0.36317,,,
0.999495,0.36331,,,
1.00294,0.36712,,,
1.00639,0.369583,,,
1.00985,0.372861,,,
1.01333,0.364238,,,
1.01682,0.366961,,,
1.02032,0.373622,,,
1.02383,0.374632,,,
1.02735,0.371082,,,
1.03089,0.371425,,,
1.03444,0.372015,,,
1.038,0.370699,,,
1.04157,0.373144,,,
1.04516,0.376329,,,
1.04876,0.374515,,,
1.05237,0.380726,,,
1.05599,0.369546,,,
1.05962,0.375857,,,
1.06327,0.379915,,,
1.06693,0.377242,,,
1.0706,0.377814,,,
1.07429,0.380136,,,
1.07799,0.376858,,,
1.0817,0.381083,,,
1.08542,0.379444,,,
1.08916,0.38122,,,
1.09291,0.377954,,,
1.09667,0.379672,,,
1.10044,0.379274,,,
1.10423,0.383699,,,
1.10803,0.384806,,,
1.11185,0.382113,,,
1.11567,0.383618,,,
1.11951,0.379007,,,
1.12337,0.369899,,,
1.12723,0.382135,,,
1.13111,0.381578,,,
1.13501,0.381443,,,
1.13891,0.380908,,,
1.14283,0.383565,,,
1.14677,0.384169,,,
1.15072,0.383823,,,
1.15468,0.379763,,,
1.15865,0.387064,,,
1.16264,0.382966,,,
1.16664,0.388176,,,
1.17066,0.382273,,,
1.17469,0.381451,,,
1.17873,0.38598,,,
1.18279,0.383772,,,
1.18686,0.386117,,,
1.19095,0.387107,,,
1.19505,0.38315,,,
1.19916,0.385968,,,
1.20329,0.378221,,,
1.20743,0.380818,,,
1.21158,0.381946,,,
1.21576,0.381784,,,
1.21994,0.383041,,,
1.22414,0.383391,,,
1.22835,0.383437,,,
1.23258,0.374731,,,
1.23682,0.380515,,,
1.24108,0.378255,,,
1.24535,0.377161,,,
1.24964,0.384202,,,
1.25394,0.381315,,,
1.25826,0.384623,,,
1.26259,0.378972,,,
1.26694,0.380396,,,
1.2713,0.378172,,,
1.27567,0.379475,,,
1.28006,0.378627,,,
1.28447,0.374026,,,
1.28889,0.374779,,,
1.29333,0.375892,,,
1.29778,0.375421,,,
1.30225,0.376174,,,
1.30673,0.376379,,,
1.31123,0.376055,,,
1.31574,0.370159,,,
1.32027,0.375907,,,
1.32482,0.373731,,,
1.32938,0.376217,,,
1.33395,0.371143,,,
1.33854,0.371971,,,
1.34315,0.369665,,,
1.34777,0.368396,,,
1.35241,0.368005,,,
1.35707,0.363366,,,
1.36174,0.368883,,,
1.36643,0.369151,,,
1.37113,0.365274,,,
1.37585,0.366601,,,
1.38059,0.361205,,,
1.38534,0.363367,,,
1.39011,0.366121,,,
1.39489,0.359177,,,
1.3997,0.35524,,,
1.40451,0.363692,,,
1.40935,0.360014,,,
1.4142,0.358639,,,
1.41907,0.356991,,,
1.42395,0.353829,,,
1.42885,0.352006,,,
1.43377,0.359166,,,
1.43871,0.355909,,,
1.44366,0.351101,,,
1.44863,0.355038,,,
1.45362,0.35008,,,
1.45862,0.351417,,,
1.46364,0.350113,,,
1.46868,0.347262,,,
1.47373,0.347732,,,
1.47881,0.346908,,,
1.4839,0.343999,,,
1.48901,0.344076,,,
1.49413,0.345071,,,
1.49927,0.343239,,,
1.50443,0.342826,,,
1.50961,0.33862,,,
1.51481,0.340111,,,
1.52002,0.335708,,,
1.52526,0.336917,,,
1.53051,0.333903,,,
1.53577,0.335119,,,
1.54106,0.331105,,,
1.54637,0.329589,,,
1.55169,0.33511,,,
1.55703,0.332509,,,
1.56239,0.326454,,,
1.56777,0.322437,,,
1.57316,0.32501,,,
1.57858,0.327839,,,
1.58401,0.325118,,,
1.58947,0.324023,,,
1.59494,0.32764,,,
1.60043,0.322298,,,
1.60594,0.320576,,,
1.61146,0.318904,,,
1.61701,0.320198,,,
1.62258,0.316545,,,
1.62816,0.317306,,,
1.63377,0.318128,,,
1.63939,0.314568,,,
1.64503,0.313067,,,
1.6507,0.307004,,,
1.65638,0.312809,,,
1.66208,0.311821,,,
1.6678,0.310473,,,
1.67354,0.307987,,,
1.6793,0.307118,,,
1.68508,0.305706,,,
1.69088,0.307436,,,
1.69671,0.302145,,,
1.70255,0.302644,,,
1.70841,0.30343,,,
1.71429,0.302192,,,
1.72019,0.296098,,,
1.72611,0.293637,,,
1.73205,0.295941,,,
1.73801,0.29804,,,
1.744,0.295576,,,
1.75,0.298801,,,
1.75602,0.290647,,,
1.76207,0.289517,,,
1.76813,0.290604,,,
1.77422,0.28622,,,
1.78033,0.288624,,,
1.78645,0.287805,,,
1.7926,0.282778,,,
1.79877,0.28473,,,
1.80497,0.281086,,,
1.81118,0.280998,,,
1.81741,0.279472,,,
1.82367,0.282202,,,
1.82995,0.274376,,,
1.83625,0.277629,,,
1.84257,0.273555,,,
1.84891,0.274002,,,
1.85527,0.269305,,,
1.86166,0.277288,,,
1.86807,0.270855,,,
1.8745,0.268912,,,
1.88095,0.267072,,,
1.88743,0.267225,,,
1.89392,0.268753,,,
1.90044,0.262921,,,
1.90698,0.261792,,,
1.91355,0.265248,,,
1.92014,0.26744,,,
1.92674,0.263985,,,
1.93338,0.26378,,,
1.94003,0.262429,,,
1.94671,0.255916,,,
1.95341,0.256782,,,
1.96014,0.251554,,,
1.96688,0.255009,,,
1.97365,0.257545,,,
1.98045,0.251335,,,
1.98726,0.251139,,,
1.9941,0.254081,,,
2.00097,0.249563,,,
2.00786,0.249734,,,
2.01477,0.24702,,,
2.0217,0.249112,,,
2.02866,0.246502,,,
2.03565,0.242494,,,
2.04265,0.238966,,,
2.04968,0.245928,,,
2.05674,0.244357,,,
2.06382,0.240197,,,
2.07092,0.236234,,,
2.07805,0.241543,,,
2.08521,0.234875,,,
2.09238,0.235874,,,
2.09959,0.233635,,,
2.10681,0.233932,,,
2.11406,0.237507,,,
2.12134,0.232481,,,
2.12864,0.230521,,,
2.13597,0.230674,,,
2.14332,0.227494,,,
2.1507,0.228061,,,
2.1581,0.226116,,,
2.16553,0.225386,,,
2.17299,0.223388,,,
2.18047,0.221588,,,
2.18797,0.222124,,,
2.19551,0.220959,,,
2.20306,0.222087,,,
2.21065,0.218384,,,
2.21826,0.222425,,,
2.22589,0.214216,,,
2.23355,0.215383,,,
2.24124,0.216494,,,
2.24896,0.216527,,,
2.2567,0.21152,,,
2.26447,0.213927,,,
2.27226,0.21261,,,
2.28008,0.210462,,,
2.28793,0.209281,,,
2.29581,0.209271,,,
2.30371,0.207464,,,
2.31164,0.2064,,,
2.3196,0.203443,,,
2.32758,0.204824,,,
2.33559,0.199699,,,
2.34363,0.202314,,,
2.3517,0.200426,,,
2.3598,0.200687,,,
2.36792,0.200982,,,
2.37607,0.197622,,,
2.38425,0.198008,,,
2.39245,0.19801,,,
2.40069,0.193916,,,
2.40895,0.196053,,,
2.41725,0.192999,,,
2.42557,0.197436,,,
2.43392,0.19358,,,
2.44229,0.190358,,,
2.4507,0.189346,,,
2.45914,0.188071,,,
2.4676,0.185497,,,
2.4761,0.188357,,,
2.48462,0.183958,,,
2.49317,0.183119,,,
2.50175,0.185604,,,
2.51037,0.187036,,,
2.51901,0.182446,,,
2.52768,0.182151,,,
2.53638,0.181757,,,
2.54511,0.181071,,,
2.55387,0.176854,,,
2.56266,0.176598,,,
2.57148,0.174538,,,
2.58033,0.174905,,,
2.58922,0.17613,,,
2.59813,0.175406,,,
2.60707,0.173914,,,
2.61605,0.17184,,,
2.62505,0.170346,,,
2.63409,0.173015,,,
2.64315,0.168516,,,
2.65225,0.172192,,,
2.66138,0.166255,,,
2.67054,0.16501,,,
2.67974,0.164421,,,
2.68896,0.16522,,,
2.69822,0.163867,,,
2.7075,0.161913,,,
2.71682,0.161783,,,
2.72618,0.160667,,,
2.73556,0.161001,,,
2.74498,0.159183,,,
2.75443,0.158089,,,
2.76391,0.159342,,,
2.77342,0.156046,,,
2.78297,0.156368,,,
2.79255,0.158228,,,
2.80216,0.152751,,,
2.81181,0.155488,,,
2.82148,0.152968,,,
2.8312,0.151522,,,
2.84094,0.152044,,,
2.85072,0.152059,,,
2.86053,0.149294,,,
2.87038,0.14769,,,
2.88026,0.146558,,,
2.89018,0.147672,,,
2.90012,0.145395,,,
2.91011,0.146197,,,
2.92013,0.143711,,,
2.93018,0.144326,,,
2.94026,0.142545,,,
2.95038,0.142733,,,
2.96054,0.145753,,,
2.97073,0.139966,,,
2.98096,0.141819,,,
2.99122,0.139267,,,
3.00151,0.137866,,,
3.01185,0.137424,,,
3.02221,0.135586,,,
3.03262,0.135621,,,
3.04306,0.135168,,,
3.05353,0.132671,,,
3.06404,0.132319,,,
3.07459,0.132025,,,
3.08517,0.133975,,,
3.09579,0.130813,,,
3.10645,0.130806,,,
3.11714,0.130823,,,
3.12787,0.128863,,,
3.13864,0.127067,,,
3.14944,0.128319,,,
3.16028,0.12385,,,
3.17116,0.12693,,,
3.18208,0.126076,,,
3.19303,0.122721,,,
3.20402,0.123912,,,
3.21505,0.12389,,,
3.22612,0.124133,,,
3.23722,0.119488,,,
3.24837,0.119445,,,
3.25955,0.119804,,,
3.27077,0.11763,,,
3.28203,0.117553,,,
3.29332,0.118736,,,
3.30466,0.114197,,,
3.31604,0.114233,,,
3.32745,0.115135,,,
3.3389,0.115659,,,
3.3504,0.11576,,,
3.36193,0.113718,,,
3.3735,0.113076,,,
3.38512,0.110072,,,
3.39677,0.112165,,,
3.40846,0.115231,,,
3.42019,0.111554,,,
3.43197,0.108918,,,
3.44378,0.112509,,,
3.45563,0.11062,,,
3.46753,0.108657,,,
3.47947,0.108092,,,
3.49144,0.10543,,,
3.50346,0.105863,,,
3.51552,0.10411,,,
3.52762,0.104675,,,
3.53976,0.104096,,,
3.55195,0.102155,,,
3.56418,0.101966,,,
3.57644,0.103681,,,
3.58876,0.102222,,,
3.60111,0.101009,,,
3.6135,0.100671,,,
3.62594,0.0979804,,,
3.63842,0.0992295,,,
3.65095,0.0993283,,,
3.66352,0.100168,,,
3.67613,0.0963283,,,
3.68878,0.0978239,,,
3.70148,0.0974309,,,
3.71422,0.0969322,,,
3.72701,0.0952002,,,
3.73983,0.094248,,,
3.75271,0.0943514,,,
3.76563,0.0929074,,,
3.77859,0.094008,,,
3.79159,0.0927144,,,
3.80465,0.0898811,,,
3.81774,0.0927982,,,
3.83088,0.0924507,,,
3.84407,0.0896629,,,
3.8573,0.0912171,,,
3.87058,0.0884369,,,
3.8839,0.0899989,,,
3.89727,0.0877406,,,
3.91069,0.0900517,,,
3.92415,0.0886194,,,
3.93766,0.0866015,,,
3.95121,0.0846208,,,
3.96481,0.0837187,,,
3.97846,0.0855171,,,
3.99216,0.0828244,,,
4.0059,0.0835352,,,
4.01969,0.0850702,,,
4.03352,0.0851471,,,
4.04741,0.0830028,,,
4.06134,0.0805171,,,
4.07532,0.0817854,,,
4.08935,0.0817663,,,
4.10342,0.0816073,,,
4.11755,0.078415,,,
4.13172,0.0801896,,,
4.14595,0.0781006,,,
4.16022,0.0781582,,,
4.17454,0.0793654,,,
4.18891,0.0758656,,,
4.20333,0.077916,,,
4.21779,0.0742916,,,
4.23231,0.0790161,,,
4.24688,0.0765176,,,
4.2615,0.0761289,,,
4.27617,0.0746132,,,
4.29089,0.074942,,,
4.30566,0.0740657,,,
4.32048,0.0738753,,,
4.33535,0.0724953,,,
4.35028,0.0731427,,,
4.36525,0.073237,,,
4.38028,0.0725316,,,
4.39535,0.0716038,,,
4.41048,0.0695658,,,
4.42567,0.0694832,,,
4.4409,0.0710518,,,
4.45619,0.0689976,,,
4.47153,0.0686764,,,
4.48692,0.0688503,,,
4.50236,0.068558,,,
4.51786,0.0657753,,,
4.53341,0.0678956,,,
4.54902,0.067273,,,
4.56468,0.0657106,,,
4.58039,0.0668457,,,
4.59616,0.0654071,,,
4.61198,0.0649312,,,
4.62785,0.0654474,,,
4.64378,0.0659538,,,
4.65977,0.0636808,,,
4.67581,0.0625338,,,
4.6919,0.0632066,,,
4.70805,0.0624356,,,
4.72426,0.0622229,,,
4.74052,0.0618261,,,
4.75684,0.0614542,,,
4.77321,0.0600238,,,
4.78964,0.0636643,,,
4.80613,0.0611577,,,
4.82268,0.061544,,,
4.83928,0.0593058,,,
4.85593,0.0593498,,,
4.87265,0.0600893,,,
4.88942,0.057123,,,
4.90625,0.0579763,,,
4.92314,0.0567498,,,
4.94009,0.0588319,,,
4.95709,0.058932,,,
4.97416,0.0578885,,,
4.99128,0.0567673,,,
5.00846,0.0578949,,,
5.0257,0.0572345,,,
5.043,0.0572918,,,
5.06036,0.0542994,,,
5.07778,0.0559675,,,
5.09526,0.0529725,,,
5.11279,0.0538434,,,
5.13039,0.0551587,,,
5.14805,0.0527832,,,
5.16578,0.0532247,,,
5.18356,0.0519967,,,
5.2014,0.0540335,,,
5.2193,0.0533803,,,
5.23727,0.0509559,,,
5.2553,0.0524278,,,
5.27339,0.0511644,,,
5.29154,0.0506888,,,
5.30976,0.0506061,,,
5.32803,0.0499113,,,
5.34637,0.0499791,,,
5.36478,0.0483452,,,
5.38324,0.0490916,,,
5.40177,0.0501079,,,
5.42037,0.0484981,,,
5.43903,0.0491183,,,
5.45775,0.0461472,,,
5.47653,0.0479669,,,
5.49539,0.046166,,,
5.5143,0.0459748,,,
5.53328,0.0455532,,,
5.55233,0.0452135,,,
5.57144,0.0452844,,,
5.59062,0.046546,,,
5.60987,0.0429952,,,
5.62918,0.0447629,,,
5.64855,0.0459007,,,
5.668,0.0452633,,,
5.68751,0.0448426,,,
5.70708,0.0427863,,,
5.72673,0.0432431,,,
5.74644,0.0411308,,,
5.76622,0.042695,,,
5.78607,0.0422437,,,
5.80599,0.0419886,,,
5.82597,0.0420792,,,
5.84603,0.0425971,,,
5.86615,0.0411822,,,
5.88634,0.040924,,,
5.90661,0.0418528,,,
5.92694,0.0401772,,,
5.94734,0.0409083,,,
5.96781,0.037985,,,
5.98836,0.0392487,,,
6.00897,0.0389053,,,
6.02965,0.0393254,,,
6.05041,0.0397643,,,
6.07124,0.0369404,,,
6.09213,0.039138,,,
6.1131,0.0383943,,,
6.13415,0.036921,,,
6.15526,0.0371664,,,
6.17645,0.0355993,,,
6.19771,0.0356015,,,
6.21904,0.035596,,,
6.24045,0.0346687,,,
6.26193,0.0356832,,,
6.28349,0.0355333,,,
6.30512,0.0342434,,,
6.32682,0.0344366,,,
6.3486,0.033689,,,
6.37045,0.0350162,,,
6.39238,0.0343405,,,
6.41439,0.0343501,,,
6.43647,0.0328042,,,
6.45862,0.0338326,,,
6.48085,0.0325562,,,
6.50316,0.0324665,,,
6.52555,0.0323454,,,
6.54801,0.030721,,,
6.57055,0.0305191,,,
6.59317,0.0316316,,,
6.61586,0.0311542,,,
6.63863,0.0312693,,,
6.66149,0.0303174,,,
6.68442,0.0308779,,,
6.70743,0.0314487,,,
6.73051,0.0310355,,,
6.75368,0.0313893,,,
6.77693,0.0283043,,,
6.80026,0.029581,,,
6.82367,0.0288699,,,
6.84715,0.0291577,,,
6.87072,0.027964,,,
6.89437,0.0281918,,,
6.91811,0.0271878,,,
6.94192,0.0275153,,,
6.96582,0.0272013,,,
6.98979,0.0270826,,,
7.01385,0.0276951,,,
7.038,0.0266895,,,
7.06222,0.0271399,,,
7.08653,0.0272354,,,
7.11093,0.0255483,,,
7.13541,0.0255312,,,
7.15997,0.0254702,,,
7.18461,0.0241031,,,
7.20934,0.0239642,,,
7.23416,0.0255253,,,
7.25906,0.0244765,,,
7.28405,0.0242717,,,
7.30912,0.0232467,,,
7.33428,0.023153,,,
7.35953,0.0235745,,,
7.38486,0.0228442,,,
7.41028,0.0232986,,,
7.43579,0.0231006,,,
7.46139,0.022185,,,
7.48707,0.0218252,,,
7.51284,0.0215841,,,
7.5387,0.0214781,,,
7.56465,0.0213436,,,
7.59069,0.0204086,,,
7.61682,0.0208236,,,
7.64304,0.021044,,,
7.66935,0.0198203,,,
7.69575,0.0207832,,,
7.72224,0.020872,,,
7.74882,0.0205592,,,
7.77549,0.0196171,,,
7.80226,0.019489,,,
7.82912,0.0189171,,,
7.85607,0.0202023,,,
7.88311,0.0190154,,,
7.91024,0.0197593,,,
7.93747,0.0178243,,,
7.96479,0.0188014,,,
7.99221,0.0183553,,,
8.01972,0.0174369,,,
8.04733,0.0171634,,,
8.07503,0.0175229,,,
8.10283,0.0173492,,,
8.13072,0.016888,,,
8.1587,0.0170147,,,
8.18679,0.0168071,,,
8.21497,0.0158618,,,
8.24325,0.0160246,,,
8.27162,0.0152353,,,
8.3001,0.0154904,,,
8.32867,0.0153788,,,
8.35734,0.0155896,,,
8.3861,0.0148891,,,
8.41497,0.0146466,,,
8.44394,0.0146505,,,
8.473,0.0143178,,,
8.50217,0.0149691,,,
8.53143,0.0143451,,,
8.5608,0.0142164,,,
8.59027,0.0135245,,,
8.61984,0.0129687,,,
8.64951,0.0130865,,,
8.67928,0.0127512,,,
8.70916,0.0130278,,,
8.73914,0.0126183,,,
8.76922,0.0124681,,,
8.79941,0.0120009,,,
8.8297,0.0119695,,,
8.86009,0.0115147,,,
8.89059,0.0115301,,,
8.92119,0.0121744,,,
8.9519,0.0113737,,,
8.98272,0.0113305,,,
9.01364,0.0110459,,,
9.04466,0.0108893,,,
9.0758,0.0109544,,,
9.10704,0.0101237,,,
9.13839,0.0105382,,,
9.16984,0.0102972,,,
9.20141,0.00956988,,,
9.23308,0.0101625,,,
9.26486,0.00965938,,,
9.29676,0.00915978,,,
9.32876,0.00943982,,,
9.36087,0.0092743,,,
9.39309,0.00881113,,,
9.42542,0.00915293,,,
9.45787,0.00851279,,,
9.49042,0.00834182,,,
9.52309,0.00833644,,,
9.55587,0.00843733,,,
9.58877,0.00785798,,,
9.62177,0.00788074,,,
9.65489,0.00802459,,,
9.68813,0.00761549,,,
9.72148,0.007443,,,
9.75494,0.00732339,,,
9.78852,0.00709782,,,
9.82221,0.0069436,,,
9.85602,0.00729693,,,
9.88995,0.00646506,,,
9.92399,0.00671201,,,
9.95816,0.00665779,,,
9.99243,0.00695222,,,
10.0268,0.00646058,,,
10.0613,0.00639342,,,
10.096,0.00650844,,,
10.1307,0.00615696,,,
10.1656,0.00590382,,,
10.2006,0.00556713,,,
10.2357,0.00588156,,,
10.2709,0.00563227,,,
10.3063,0.00561801,,,
10.3418,0.00538015,,,
10.3774,0.00525851,,,
10.4131,0.00505554,,,
10.4489,0.00488113,,,
10.4849,0.0050807,,,
10.521,0.00509277,,,
10.5572,0.0045512,,,
10.5936,0.0042516,,,
10.63,0.004612,,,
10.6666,0.00389149,,,
10.7033,0.00413346,,,
10.7402,0.00438041,,,
10.7771,0.00382333,,,
10.8142,0.00371884,,,
10.8515,0.00371362,,,
10.8888,0.00360973,,,
10.9263,0.00363544,,,
10.9639,0.00340065,,,
11.0016,0.00350704,,,
11.0395,0.0039061,,,
11.0775,0.00347019,,,
11.1156,0.00336506,,,
11.1539,0.00269964,,,
11.1923,0.00322985,,,
11.2308,0.00306091,,,
11.2695,0.00296243,,,
11.3083,0.00300018,,,
11.3472,0.00277688,,,
11.3863,0.00289629,,,
11.4255,0.00273409,,,
11.4648,0.00279323,,,
11.5043,0.00281043,,,
11.5439,0.00245214,,,
11.5836,0.00257549,,,
11.6235,0.0023803,,,
11.6635,0.00225404,,,
11.7036,0.00222668,,,
11.7439,0.00225009,,,
11.7843,0.00215962,,,
11.8249,0.00224686,,,
11.8656,0.00198996,,,
11.9065,0.00218846,,,
11.9474,0.00178014,,,
11.9886,0.00182859,,,
12.0298,0.00179992,,,
12.0712,0.00191236,,,
12.1128,0.00193237,,,
12.1545,0.00195884,,,
12.1963,0.00184743,,,
12.2383,0.00149661,,,
12.2804,0.00176135,,,
12.3227,0.00184206,,,
12.3651,0.00171544,,,
12.4077,0.00149057,,,
12.4504,0.00141137,,,
12.4933,0.0016077,,,
12.5363,0.00114328,,,
12.5794,0.00135873,,,
12.6227,0.00133055,,,
12.6662,0.00120012,,,
12.7098,0.00129086,,,
12.7535,0.00119627,,,
12.7974,0.00115518,,,
12.8415,0.00120475,,,
12.8857,0.000957931,,,
12.93,0.000994512,,,
12.9745,0.00123901,,,
13.0192,0.000872732,,,
13.064,0.000883176,,,
13.109,0.000992632,,,
13.1541,0.00107349,,,
13.1994,0.0010443,,,
13.2448,0.00110607,,,
13.2904,0.00102372,,,
13.3362,0.00091213,,,
13.3821,0.000937268,,,
13.4281,0.000773999,,,
13.4743,0.000803347,,,
13.5207,0.000741838,,,
13.5673,0.000770589,,,
13.614,0.000711134,,,
13.6608,0.000687397,,,
13.7079,0.00084105,,,
13.755,0.000565373,,,
13.8024,0.000669645,,,
13.8499,0.000752115,,,
13.8976,0.000667379,,,
13.9454,0.00058021,,,
13.9934,0.000599656,,,
14.0416,0.000600373,,,
14.0899,0.000662992,,,
14.1384,0.000578369,,,
14.1871,0.00044606,,,
14.2359,0.000498107,,,
14.2849,0.000480531,,,
14.3341,0.00050567,,,
14.3834,0.000467129,,,
14.433,0.000489052,,,
14.4826,0.000409711,,,
14.5325,0.000337006,,,
14.5825,0.000378191,,,
14.6327,0.000384788,,,
14.6831,0.000400488,,,
14.7336,0.000431136,,,
14.7843,0.000333941,,,
14.8352,0.00036322,,,
14.8863,0.000388904,,,
14.9375,0.000352427,,,
14.989,0.000353581,,,
15.0406,0.000287381,,,
15.0923,0.00035216,,,
15.1443,0.0004486,,,
15.1964,0.000318071,,,
15.2487,0.000311876,,,
15.3012,0.00032254,,,
15.3539,0.000297228,,,
15.4067,0.000327706,,,
15.4598,0.000307157,,,
15.513,0.00021203,,,
15.5664,0.000221873,,,
15.62,0.000220677,,,
15.6737,0.000262407,,,
15.7277,0.000190642,,,
15.7818,0.000223356,,,
15.8361,0.000283948,,,
15.8907,0.000202978,,,
15.9454,0.000220323,,,
16.0002,0.000210267,,,
16.0553,0.000153139,,,
16.1106,0.000221349,,,
16.166,0.00016815,,,
16.2217,0.000130179,,,
16.2775,0.000190777,,,
16.3336,0.000132269,,,
16.3898,0.000262663,,,
16.4462,0.000173854,,,
16.5028,0.00024687,,,
16.5596,0.000164648,,,
16.6166,0.000136768,,,
16.6738,0.000113412,,,
16.7312,0.000154612,,,
16.7888,0.00012316,,,
16.8466,0.000156015,,,
16.9046,0.000150173,,,
16.9628,0.000144254,,,
17.0212,9.95E-05,,,
17.0798,0.000109153,,,
17.1385,0.000103229,,,
17.1975,0.000157766,,,
17.2567,0.000129533,,,
17.3161,0.000102475,,,
17.3757,0.000103916,,,
17.4356,0.000126645,,,
17.4956,9.49E-05,,,
17.5558,0.000110583,,,
17.6162,9.13E-05,,,
17.6769,7.24E-05,,,
17.7377,7.83E-05,,,
17.7988,7.58E-05,,,
17.86,0.000109806,,,
17.9215,0.000103186,,,
17.9832,0.000114207,,,
18.0451,7.50E-05,,,
18.1072,0.000103654,,,
18.1696,0.000132642,,,
18.2321,9.62E-05,,,
18.2949,9.07E-05,,,
18.3578,5.85E-05,,,
18.421,7.15E-05,,,
18.4844,7.16E-05,,,
18.5481,6.59E-05,,,
18.6119,6.07E-05,,,
18.676,8.75E-05,,,
18.7403,0.000118648,,,
18.8048,5.17E-05,,,
18.8695,5.17E-05,,,
18.9345,7.35E-05,,,
18.9996,5.36E-05,,,
19.065,7.01E-05,,,
19.1307,0.000105776,,,
19.1965,6.48E-05,,,
19.2626,6.01E-05,,,
19.3289,6.47E-05,,,
19.3954,6.77E-05,,,
19.4622,8.90E-05,,,
19.5292,5.06E-05,,,
19.5964,5.06E-05,,,
19.6639,6.47E-05,,,
19.7316,4.66E-05,,,
19.7995,5.54E-05,,,
19.8676,4.48E-05,,,
19.936,4.72E-05,,,
20.0046,4.50E-05,,,
20.0735,4.38E-05,,,
20.1426,8.03E-05,,,
20.2119,5.25E-05,,,
20.2815,4.30E-05,,,
20.3513,4.32E-05,,,
20.4214,4.25E-05,,,
20.4917,4.78E-05,,,
20.5622,4.25E-05,,,
20.633,4.13E-05,,,
20.704,4.13E-05,,,
20.7753,5.25E-05,,,
20.8468,4.07E-05,,,
20.9186,4.05E-05,,,
20.9906,5.76E-05,,,
21.0628,4.01E-05,,,
21.1353,5.58E-05,,,
21.2081,3.90E-05,,,
21.2811,5.53E-05,,,
21.3543,3.84E-05,,,
21.4278,3.80E-05,,,
21.5016,3.88E-05,,,
21.5756,3.79E-05,,,
21.6499,3.66E-05,,,
21.7244,3.67E-05,,,
21.7992,3.72E-05,,,
21.8742,5.33E-05,,,
21.9495,3.55E-05,,,
22.0251,3.59E-05,,,
22.1009,3.59E-05,,,
22.177,3.52E-05,,,
22.2533,3.50E-05,,,
22.3299,3.44E-05,,,
22.4068,3.52E-05,,,
22.4839,3.44E-05,,,
22.5613,3.32E-05,,,
22.6389,3.32E-05,,,
22.7169,3.29E-05,,,
22.7951,3.26E-05,,,
22.8735,3.25E-05,,,
22.9523,3.28E-05,,,
23.0313,3.18E-05,,,
23.1106,3.15E-05,,,
23.1901,3.13E-05,,,
23.2699,3.11E-05,,,
23.35,4.09E-05,,,
23.4304,3.10E-05,,,
23.5111,3.04E-05,,,
23.592,3.10E-05,,,
23.6732,3.01E-05,,,
23.7547,2.96E-05,,,
23.8365,3.03E-05,,,
23.9185,3.00E-05,,,
24.0008,2.93E-05,,,
24.0835,2.87E-05,,,
24.1664,2.86E-05,,,
24.2496,2.86E-05,,,
24.333,2.82E-05,,,
24.4168,2.84E-05,,,
24.5008,2.77E-05,,,
24.5852,2.76E-05,,,
24.6698,2.72E-05,,,
24.7547,2.71E-05,,,
24.8399,2.70E-05,,,
24.9254,2.68E-05,,,
25.0112,2.67E-05,,,
25.0973,2.64E-05,,,
25.1837,2.64E-05,,,
25.2704,2.63E-05,,,
25.3574,2.63E-05,,,
25.4447,2.55E-05,,,
25.5323,2.56E-05,,,
25.6202,2.53E-05,,,
25.7083,2.48E-05,,,
25.7968,2.47E-05,,,
25.8856,2.45E-05,,,
25.9747,2.51E-05,,,
26.0641,2.41E-05,,,
26.1539,2.41E-05,,,
26.2439,2.36E-05,,,
26.3342,2.39E-05,,,
26.4249,2.32E-05,,,
26.5158,2.35E-05,,,
26.6071,2.30E-05,,,
26.6987,2.28E-05,,,
26.7906,2.27E-05,,,
26.8828,2.24E-05,,,
26.9754,2.22E-05,,,
27.0682,2.22E-05,,,
27.1614,2.20E-05,,,
27.2549,2.19E-05,,,
27.3487,2.19E-05,,,
27.4428,2.18E-05,,,
27.5373,2.16E-05,,,
27.6321,2.13E-05,,,
27.7272,2.09E-05,,,
27.8227,2.08E-05,,,
27.9184,2.09E-05,,,
28.0145,2.06E-05,,,
28.111,2.04E-05,,,
28.2077,2.03E-05,,,
28.3048,2.03E-05,,,
28.4023,2.00E-05,,,
28.5,1.97E-05,,,
28.5981,1.96E-05,,,
28.6966,1.94E-05,,,
28.7954,1.94E-05,,,
28.8945,1.94E-05,,,
28.9939,1.91E-05,,,
29.0937,1.89E-05,,,
29.1939,1.91E-05,,,
29.2944,1.86E-05,,,
29.3952,1.88E-05,,,
29.4964,1.83E-05,,,
29.5979,1.84E-05,,,
29.6998,1.80E-05,,,
29.802,1.82E-05,,,
29.9046,1.79E-05,,,
30.0076,1.78E-05,,,
30.1109,1.75E-05,,,
30.2145,1.75E-05,,,
30.3185,1.76E-05,,,
30.4229,1.72E-05,,,
30.5276,1.69E-05,,,
30.6327,1.71E-05,,,
30.7381,1.68E-05,,,
30.8439,1.64E-05,,,
30.9501,1.68E-05,,,
31.0566,1.63E-05,,,
31.1636,1.64E-05,,,
31.2708,1.60E-05,,,
31.3785,1.61E-05,,,
31.4865,1.59E-05,,,
31.5949,1.59E-05,,,
31.7036,1.58E-05,,,
31.8128,1.55E-05,,,
31.9223,1.55E-05,,,
32.0321,1.53E-05,,,
32.1424,1.52E-05,,,
32.253,1.51E-05,,,
32.3641,1.49E-05,,,
32.4755,1.50E-05,,,
32.5873,1.48E-05,,,
32.6994,1.47E-05,,,
32.812,1.42E-05,,,
32.9249,1.44E-05,,,
33.0383,1.42E-05,,,
33.152,1.45E-05,,,
33.2661,1.40E-05,,,
33.3806,1.39E-05,,,
33.4955,1.39E-05,,,
33.6108,1.36E-05,,,
33.7265,1.35E-05,,,
33.8426,1.35E-05,,,
33.9591,1.36E-05,,,
34.076,1.34E-05,,,
34.1933,1.33E-05,,,
34.311,1.29E-05,,,
34.4291,1.28E-05,,,
34.5476,1.26E-05,,,
34.6665,1.28E-05,,,
34.7859,1.25E-05,,,
34.9056,1.25E-05,,,
35.0258,1.23E-05,,,
35.1463,1.23E-05,,,
35.2673,1.22E-05,,,
35.3887,1.21E-05,,,
35.5105,1.21E-05,,,
35.6328,1.20E-05,,,
35.7554,1.19E-05,,,
35.8785,1.17E-05,,,
36.002,1.15E-05,,,
36.1259,1.17E-05,,,
36.2503,1.15E-05,,,
36.3751,1.13E-05,,,
36.5003,1.13E-05,,,
36.6259,1.12E-05,,,
36.752,1.09E-05,,,
36.8785,1.11E-05,,,
37.0054,1.08E-05,,,
37.1328,1.08E-05,,,
37.2606,1.07E-05,,,
37.3889,1.05E-05,,,
37.5176,1.05E-05,,,
37.6468,1.05E-05,,,
37.7763,1.04E-05,,,
37.9064,1.01E-05,,,
38.0369,1.00E-05,,,
38.1678,1.01E-05,,,
38.2992,9.96E-06,,,
38.431,9.79E-06,,,
38.5633,9.66E-06,,,
38.696,9.48E-06,,,
38.8292,9.45E-06,,,
38.9629,9.45E-06,,,
39.097,9.54E-06,,,
39.2316,9.28E-06,,,
39.3666,9.16E-06,,,
39.5022,9.04E-06,,,
39.6381,9.06E-06,,,
39.7746,8.91E-06,,,
39.9115,8.87E-06,,,
40.0489,8.88E-06,,,
40.1867,8.66E-06,,,
40.3251,8.56E-06,,,
40.4639,8.46E-06,,,
40.6032,8.47E-06,,,
40.7429,8.37E-06,,,
40.8832,8.32E-06,,,
41.0239,8.22E-06,,,
41.1651,8.21E-06,,,
41.3068,8.04E-06,,,
41.449,7.92E-06,,,
41.5917,7.89E-06,,,
41.7348,7.82E-06,,,
41.8785,7.91E-06,,,
42.0227,7.64E-06,,,
42.1673,7.76E-06,,,
42.3125,7.54E-06,,,
42.4581,7.49E-06,,,
42.6043,7.31E-06,,,
42.7509,7.39E-06,,,
42.8981,7.29E-06,,,
43.0457,7.14E-06,,,
43.1939,7.14E-06,,,
43.3426,6.99E-06,,,
43.4918,7.07E-06,,,
43.6415,6.85E-06,,,
43.7917,6.81E-06,,,
43.9425,6.93E-06,,,
44.0937,6.81E-06,,,
44.2455,6.65E-06,,,
44.3978,6.70E-06,,,
44.5506,6.66E-06,,,
44.704,6.54E-06,,,
44.8579,6.55E-06,,,
45.0123,6.33E-06,,,
45.1672,6.35E-06,,,
45.3227,6.28E-06,,,
45.4787,6.23E-06,,,
45.6353,6.09E-06,,,
45.7923,6.24E-06,,,
45.95,6.17E-06,,,
46.1081,5.87E-06,,,
46.2669,6.05E-06,,,
46.4261,6.01E-06,,,
46.5859,5.84E-06,,,
46.7463,5.77E-06,,,
46.9072,5.85E-06,,,
47.0687,5.86E-06,,,
47.2307,5.57E-06,,,
47.3933,5.63E-06,,,
47.5564,5.62E-06,,,
47.7201,5.49E-06,,,
47.8844,5.59E-06,,,
48.0492,5.50E-06,,,
48.2146,5.42E-06,,,
48.3806,5.33E-06,,,
48.5471,5.51E-06,,,
48.7142,5.25E-06,,,
48.8819,5.35E-06,,,
49.0501,5.30E-06,,,
49.219,5.22E-06,,,
49.3884,5.16E-06,,,
49.5584,5.04E-06,,,
49.729,5.12E-06,,,
49.9002,5.09E-06,,,
50.072,5.04E-06,,,
50.2443,4.99E-06,,,
50.4173,4.96E-06,,,
50.5908,4.87E-06,,,
50.765,4.84E-06,,,
50.9397,4.82E-06,,,
51.1151,4.76E-06,,,
51.291,4.87E-06,,,
51.4676,4.79E-06,,,
51.6447,4.68E-06,,,
51.8225,4.70E-06,,,
52.0009,4.69E-06,,,
52.1799,4.53E-06,,,
52.3595,4.59E-06,,,
52.5397,4.51E-06,,,
52.7206,4.49E-06,,,
52.9021,4.53E-06,,,
53.0842,4.44E-06,,,
53.2669,4.40E-06,,,
53.4502,4.44E-06,,,
53.6342,4.34E-06,,,
53.8188,4.41E-06,,,
54.0041,4.36E-06,,,
54.19,4.34E-06,,,
54.3765,4.31E-06,,,
54.5637,4.23E-06,,,
54.7515,4.23E-06,,,
54.94,4.19E-06,,,
55.1291,4.15E-06,,,
55.3189,4.07E-06,,,
55.5093,4.15E-06,,,
55.7004,4.12E-06,,,
55.8921,4.09E-06,,,
56.0845,4.12E-06,,,
56.2776,4.02E-06,,,
56.4713,3.98E-06,,,
56.6657,3.94E-06,,,
56.8607,3.93E-06,,,
57.0565,3.94E-06,,,
57.2529,3.90E-06,,,
57.4499,3.84E-06,,,
57.6477,3.86E-06,,,
57.8461,3.82E-06,,,
58.0452,3.88E-06,,,
58.245,3.82E-06,,,
58.4455,3.71E-06,,,
58.6467,3.66E-06,,,
58.8486,3.72E-06,,,
59.0512,3.67E-06,,,
59.2544,3.63E-06,,,
59.4584,3.66E-06,,,
59.6631,3.62E-06,,,
59.8684,3.61E-06,,,
60.0745,3.57E-06,,,
60.2813,3.52E-06,,,
60.4888,3.55E-06,,,
60.697,3.56E-06,,,
60.906,3.49E-06,,,
61.1156,3.49E-06,,,
61.326,3.39E-06,,,
61.5371,3.43E-06,,,
61.7489,3.34E-06,,,
61.9615,3.43E-06,,,
62.1748,3.35E-06,,,
62.3888,3.39E-06,,,
62.6035,3.36E-06,,,
62.819,3.34E-06,,,
63.0353,3.22E-06,,,
63.2522,3.27E-06,,,
63.47,3.23E-06,,,
63.6885,3.21E-06,,,
63.9077,3.17E-06,,,
64.1277,3.22E-06,,,
64.3484,3.09E-06,,,
64.5699,3.08E-06,,,
64.7922,3.07E-06,,,
65.0152,3.06E-06,,,
65.239,3.08E-06,,,
65.4636,3.00E-06,,,
65.6889,2.97E-06,,,
65.915,3.02E-06,,,
66.1419,2.99E-06,,,
66.3696,2.94E-06,,,
66.5981,2.93E-06,,,
66.8273,2.91E-06,,,
67.0573,2.91E-06,,,
67.2882,2.87E-06,,,
67.5198,2.77E-06,,,
67.7522,2.79E-06,,,
67.9854,2.73E-06,,,
68.2194,2.74E-06,,,
68.4543,2.73E-06,,,
68.6899,2.71E-06,,,
68.9264,2.68E-06,,,
69.1636,2.77E-06,,,
69.4017,2.70E-06,,,
69.6406,2.70E-06,,,
69.8803,2.68E-06,,,
70.1209,2.65E-06,,,
70.3622,2.60E-06,,,
70.6044,2.64E-06,,,
70.8475,2.55E-06,,,
71.0913,2.59E-06,,,
71.336,2.54E-06,,,
71.5816,2.49E-06,,,
71.828,2.52E-06,,,
72.0753,2.49E-06,,,
72.3234,2.41E-06,,,
72.5723,2.48E-06,,,
72.8221,2.50E-06,,,
73.0728,2.47E-06,,,
73.3243,2.39E-06,,,
73.5767,2.42E-06,,,
73.83,2.44E-06,,,
74.0841,2.38E-06,,,
74.3391,2.39E-06,,,
74.595,2.33E-06,,,
74.8518,2.32E-06,,,
75.1095,2.33E-06,,,
75.368,2.30E-06,,,
75.6274,2.24E-06,,,
75.8878,2.29E-06,,,
76.149,2.26E-06,,,
76.4111,2.27E-06,,,
76.6741,2.24E-06,,,
76.9381,2.26E-06,,,
77.2029,2.19E-06,,,
77.4687,2.19E-06,,,
77.7353,2.22E-06,,,
78.0029,2.15E-06,,,
78.2714,2.08E-06,,,
78.5408,2.18E-06,,,
78.8112,2.12E-06,,,
79.0825,2.11E-06,,,
79.3547,2.05E-06,,,
79.6279,2.07E-06,,,
79.902,2.07E-06,,,
80.177,2.12E-06,,,
80.453,2.09E-06,,,
80.7299,2.07E-06,,,
81.0078,2.04E-06,,,
81.2867,1.93E-06,,,
81.5665,1.96E-06,,,
81.8472,1.98E-06,,,
82.129,1.96E-06,,,
82.4117,1.95E-06,,,
82.6954,1.89E-06,,,
82.98,1.90E-06,,,
83.2656,1.89E-06,,,
83.5523,1.88E-06,,,
83.8399,1.89E-06,,,
84.1285,1.85E-06,,,
84.4181,1.83E-06,,,
84.7086,1.77E-06,,,
85.0002,1.83E-06,,,
85.2928,1.77E-06,,,
85.5864,1.78E-06,,,
85.881,1.71E-06,,,
86.1767,1.79E-06,,,
86.4733,1.71E-06,,,
86.771,1.69E-06,,,
87.0696,1.64E-06,,,
87.3693,1.67E-06,,,
87.6701,1.72E-06,,,
87.9719,1.63E-06,,,
88.2747,1.67E-06,,,
88.5786,1.60E-06,,,
88.8835,1.65E-06,,,
89.1894,1.62E-06,,,
89.4964,1.57E-06,,,
89.8045,1.61E-06,,,
90.1136,1.56E-06,,,
90.4238,1.58E-06,,,
90.7351,1.51E-06,,,
91.0474,1.51E-06,,,
91.3608,1.50E-06,,,
91.6753,1.56E-06,,,
91.9909,1.48E-06,,,
92.3075,1.48E-06,,,
92.6253,1.45E-06,,,
92.9441,1.49E-06,,,
93.264,1.42E-06,,,
93.5851,1.44E-06,,,
93.9072,1.43E-06,,,
94.2305,1.40E-06,,,
94.5548,1.37E-06,,,
94.8803,1.41E-06,,,
95.2069,1.35E-06,,,
95.5346,1.38E-06,,,
95.8635,1.31E-06,,,
96.1935,1.28E-06,,,
96.5246,1.29E-06,,,
96.8568,1.27E-06,,,
97.1902,1.32E-06,,,
97.5248,1.26E-06,,,
97.8605,1.23E-06,,,
98.1974,1.24E-06,,,
98.5354,1.23E-06,,,
98.8746,1.18E-06,,,
99.2149,1.18E-06,,,
99.5564,1.19E-06,,,
99.8991,1.22E-06,,,
100.243,1.13E-06,,,
100.588,1.12E-06,,,
100.934,1.15E-06,,,
101.282,1.12E-06,,,
101.63,1.16E-06,,,
101.98,1.13E-06,,,
102.331,1.08E-06,,,
102.684,1.08E-06,,,
103.037,1.02E-06,,,
103.392,1.06E-06,,,
103.748,1.01E-06,,,
104.105,1.01E-06,,,
104.463,1.01E-06,,,
104.823,9.91E-07,,,
105.183,9.76E-07,,,
105.545,9.85E-07,,,
105.909,9.58E-07,,,
106.273,9.40E-07,,,
106.639,9.41E-07,,,
107.006,9.55E-07,,,
107.375,9.00E-07,,,
107.744,8.72E-07,,,
108.115,8.55E-07,,,
108.487,8.29E-07,,,
108.861,8.74E-07,,,
109.235,8.27E-07,,,
109.611,8.34E-07,,,
109.989,8.12E-07,,,
110.367,7.71E-07,,,
110.747,8.05E-07,,,
111.128,7.38E-07,,,
111.511,7.23E-07,,,
111.895,7.28E-07,,,
112.28,6.69E-07,,,
112.666,7.05E-07,,,
113.054,6.21E-07,,,
113.443,6.71E-07,,,
113.834,6.14E-07,,,
114.226,6.13E-07,,,
114.619,5.61E-07,,,
115.014,5.27E-07,,,
115.409,5.09E-07,,,
115.807,4.82E-07,,,
116.205,4.95E-07,,,
116.605,4.65E-07,,,
117.007,4.31E-07,,,
117.41,4.06E-07,,,
117.814,3.53E-07,,,
118.219,3.23E-07,,,
118.626,2.94E-07,,,
119.034,3.02E-07,,,
119.444,2.40E-07,,,
119.855,2.08E-07,,,
120.268,2.04E-07,,,
120.682,1.73E-07,,,
121.097,1.60E-07,,,
121.514,1.33E-07,,,
121.932,1.20E-07,,,
122.352,1.12E-07,,,
122.773,8.79E-08,,,
123.196,7.64E-08,,,
123.62,5.59E-08,,,
124.046,5.22E-08,,,
124.473,3.84E-08,,,
124.901,2.76E-08,,,
125.331,2.80E-08,,,
125.762,2.31E-08,,,
126.195,1.92E-08,,,
126.63,1.80E-08,,,
127.066,1.60E-08,,,
127.503,1.28E-08,,,
127.942,1.11E-08,,,
128.382,9.99E-09,,,
128.824,7.92E-09,,,
129.268,6.22E-09,,,
129.713,7.04E-09,,,
130.159,6.70E-09,,,
130.607,7.15E-09,,,
131.057,5.78E-09,,,
131.508,5.68E-09,,,
131.961,4.77E-09,,,
132.415,6.41E-09,,,
132.871,4.94E-09,,,
133.328,2.54E-09,,,
133.787,3.46E-09,,,
134.247,2.73E-09,,,
134.709,4.30E-09,,,
135.173,3.31E-09,,,
135.638,3.06E-09,,,
136.105,3.32E-09,,,
136.574,2.47E-09,,,
137.044,1.23E-09,,,
137.516,4.00E-09,,,
137.989,2.73E-09,,,
138.464,3.13E-09,,,
138.941,2.66E-09,,,
139.419,2.22E-09,,,
139.899,2.44E-09,,,
140.38,1.75E-09,,,
140.864,2.11E-09,,,
141.349,2.04E-09,,,
141.835,5.84E-10,,,
142.323,2.99E-09,,,
142.813,6.50E-10,,,
143.305,1.78E-09,,,
143.798,3.28E-10,,,
144.293,2.47E-09,,,
144.79,1.82E-09,,,
145.288,9.22E-10,,,
145.788,1.18E-09,,,
146.29,2.26E-09,,,
146.794,1.23E-09,,,
147.299,9.12E-10,,,
147.806,9.12E-10,,,
148.315,1.49E-09,,,
148.825,5.84E-10,,,
149.338,2.73E-09,,,
149.852,1.24E-09,,,
150.368,6.53E-10,,,
150.885,3.02E-09,,,
151.405,1.25E-09,,,
151.926,1.23E-09,,,
152.449,1.49E-09,,,
152.973,2.11E-09,,,
153.5,0,,,
154.028,8.73E-10,,,
154.559,9.09E-10,,,
155.091,3.28E-10,,,
155.624,0,,,
156.16,3.28E-10,,,
156.698,1.17E-09,,,
157.237,0,,,
157.778,3.25E-10,,,
158.321,9.12E-10,,,
158.866,1.76E-09,,,
159.413,9.22E-10,,,
159.962,0,,,
160.513,0,,,
161.065,1.24E-09,,,
161.62,0,,,
162.176,5.45E-10,,,
162.734,5.97E-10,,,
163.294,5.97E-10,,,
163.856,1.18E-09,,,
164.42,9.12E-10,,,
164.986,9.09E-10,,,
165.554,0,,,
166.124,0,,,
166.696,0,,,
167.27,0,,,
167.846,3.25E-10,,,
168.423,5.97E-10,,,
169.003,0,,,
169.585,5.45E-10,,,
170.169,1.84E-09,,,
170.754,5.97E-10,,,
171.342,0,,,
171.932,3.28E-10,,,
172.524,6.57E-10,,,
173.118,0,,,
173.714,0,,,
174.312,5.97E-10,,,
174.912,5.97E-10,,,
175.514,0,,,
176.118,0,,,
176.724,0,,,
177.332,5.97E-10,,,
177.943,5.97E-10,,,
178.555,5.97E-10,,,
179.17,0,,,
179.787,0,,,
180.406,3.28E-10,,,
181.027,0,,,
181.65,0,,,
182.275,5.97E-10,,,
182.902,0,,,
183.532,0,,,
184.164,0,,,
184.798,0,,,
185.434,0,,,
186.072,0,,,
186.713,0,,,
187.355,0,,,
188,0,,,
188.647,0,,,
189.297,0,,,
189.948,0,,,
190.602,0,,,
191.258,5.97E-10,,,
191.917,0,,,
192.577,0,,,
193.24,0,,,
193.905,0,,,
194.573,0,,,
195.243,0,,,
195.915,0,,,
196.589,0,,,
197.266,0,,,
197.945,0,,,
198.626,0,,,
199.31,0,,,
199.996,5.97E-10,,,
200.684,0,,,
201.375,0,,,
202.068,0,,,
202.764,0,,,
203.462,5.97E-10,,,
204.162,5.97E-10,,,
204.865,0,,,
205.57,0,,,
206.278,0,,,
206.988,0,,,
207.7,0,,,
208.415,5.97E-10,,,
209.133,0,,,
209.853,5.97E-10,,,
210.575,0,,,
211.3,5.97E-10,,,
212.027,0,,,
212.757,0,,,
213.489,0,,,
214.224,0,,,
214.962,0,,,
215.702,5.97E-10,,,
216.444,0,,,
217.189,0,,,
217.937,0,,,
218.687,0,,,
219.44,5.97E-10,,,
220.195,5.97E-10,,,
220.953,0,,,
221.714,0,,,
222.477,9.12E-10,,,
223.243,0,,,
224.011,0,,,
224.782,0,,,
225.556,5.97E-10,,,
226.332,5.97E-10,,,
227.111,0,,,
227.893,5.97E-10,,,
228.678,0,,,
229.465,0,,,
230.255,0,,,
231.047,0,,,
231.843,9.12E-10,,,
232.641,0,,,
233.441,0,,,
234.245,0,,,
235.051,0,,,
235.86,0,,,
236.672,0,,,
237.487,9.12E-10,,,
238.304,0,,,
239.125,0,,,
239.948,0,,,
240.774,0,,,
241.603,0,,,
242.434,0,,,
243.269,0,,,
244.106,0,,,
244.946,0,,,
245.79,0,,,
246.636,9.12E-10,,,
247.485,0,,,
248.337,0,,,
249.191,0,,,
250.049,0,,,
250.91,0,,,
251.774,0,,,
252.64,0,,,
253.51,0,,,
254.383,0,,,
255.258,0,,,
256.137,0,,,
257.019,0,,,
257.903,9.12E-10,,,
258.791,0,,,
259.682,0,,,
260.576,0,,,
261.473,0,,,
262.373,0,,,
263.276,0,,,
264.182,0,,,
265.092,0,,,
266.004,0,,,
266.92,0,,,
267.838,0,,,
268.76,0,,,
269.686,0,,,
270.614,0,,,
271.545,0,,,
272.48,0,,,
273.418,0,,,
274.359,0,,,
275.304,0,,,
276.251,0,,,
277.202,0,,,
278.156,0,,,
279.114,0,,,
280.075,0,,,
281.039,0,,,
282.006,0,,,
282.977,0,,,
283.951,0,,,
284.928,0,,,
285.909,0,,,
286.893,0,,,
287.881,0,,,
288.872,0,,,
289.866,0,,,
290.864,0,,,
291.865,0,,,
292.87,0,,,
293.878,0,,,
294.89,0,,,
295.905,0,,,
296.923,0,,,
297.945,0,,,
298.971,0,,,
300,,,,
