0.01,0.000138138,0.914,0.4692676,0.98444715
0.0100344,0.000121275,,1.094958,0.892155206
0.010069,0.000154405,,1.564225,0.789608656
0.0101036,8.83E-05,,2.346338,0.748590006
0.0101384,0.000130766,,3.12845,0.590668263
0.0101733,9.53E-05,,,
0.0102083,0.000124168,,,
0.0102435,0.000233729,,,
0.0102787,0.00021762,,,
0.0103141,0.000199512,,,
0.0103496,0.000273869,,,
0.0103852,0.000225029,,,
0.010421,0.000199747,,,
0.0104568,0.00043398,,,
0.0104928,0.000469906,,,
0.010529,0.000469344,,,
0.0105652,0.000476586,,,
0.0106016,0.00050687,,,
0.0106381,0.000476062,,,
0.0106747,0.000488137,,,
0.0107114,0.000580886,,,
0.0107483,0.000600796,,,
0.0107853,0.000698768,,,
0.0108224,0.000692104,,,
0.0108597,0.000671601,,,
0.0108971,0.000583097,,,
0.0109346,0.000924793,,,
0.0109722,0.00143974,,,
0.01101,0.00172495,,,
0.0110479,0.00196723,,,
0.0110859,0.00670966,,,
0.0111241,0.00969064,,,
0.0111624,0.00988027,,,
0.0112008,0.00969453,,,
0.0112393,0.00954827,,,
0.011278,0.00936524,,,
0.0113168,0.00942573,,,
0.0113558,0.00979387,,,
0.0113949,0.00908589,,,
0.0114341,0.00911943,,,
0.0114735,0.00921679,,,
0.011513,0.00919633,,,
0.0115526,0.00908277,,,
0.0115924,0.00975315,,,
0.0116323,0.00855358,,,
0.0116723,0.00854391,,,
0.0117125,0.00896933,,,
0.0117528,0.00959685,,,
0.0117933,0.00863357,,,
0.0118339,0.00879496,,,
0.0118746,0.00841929,,,
0.0119155,0.00825098,,,
0.0119565,0.00859322,,,
0.0119976,0.00828342,,,
0.0120389,0.00842784,,,
0.0120804,0.00824739,,,
0.012122,0.00833192,,,
0.0121637,0.00854888,,,
0.0122056,0.00824638,,,
0.0122476,0.00833859,,,
0.0122897,0.0187873,,,
0.012332,0.00858453,,,
0.0123745,0.0083967,,,
0.0124171,0.00808319,,,
0.0124598,0.00885707,,,
0.0125027,0.0082249,,,
0.0125458,0.00808117,,,
0.0125889,0.00783904,,,
0.0126323,0.00830849,,,
0.0126758,0.00778056,,,
0.0127194,0.00758996,,,
0.0127632,0.00799829,,,
0.0128071,0.00791851,,,
0.0128512,0.00765109,,,
0.0128954,0.00762644,,,
0.0129398,0.00770727,,,
0.0129844,0.00737711,,,
0.0130291,0.00769909,,,
0.0130739,0.00738087,,,
0.0131189,0.00749045,,,
0.0131641,0.00729279,,,
0.0132094,0.00711364,,,
0.0132548,0.00693894,,,
0.0133005,0.0071446,,,
0.0133463,0.00731791,,,
0.0133922,0.00701263,,,
0.0134383,0.00729547,,,
0.0134846,0.00684216,,,
0.013531,0.00684055,,,
0.0135775,0.00702748,,,
0.0136243,0.00720023,,,
0.0136712,0.00625165,,,
0.0137182,0.00634962,,,
0.0137655,0.00631732,,,
0.0138128,0.00670216,,,
0.0138604,0.00610158,,,
0.0139081,0.00646676,,,
0.013956,0.00657752,,,
0.014004,0.00640298,,,
0.0140522,0.00622684,,,
0.0141006,0.00676878,,,
0.0141491,0.00638855,,,
0.0141978,0.0063101,,,
0.0142467,0.00636874,,,
0.0142957,0.00656867,,,
0.014345,0.00591395,,,
0.0143943,0.00645426,,,
0.0144439,0.00655976,,,
0.0144936,0.00630273,,,
0.0145435,0.00627259,,,
0.0145936,0.00566538,,,
0.0146438,0.00573709,,,
0.0146942,0.00573128,,,
0.0147448,0.00596095,,,
0.0147955,0.00607966,,,
0.0148465,0.00597855,,,
0.0148976,0.00607199,,,
0.0149488,0.0223918,,,
0.0150003,0.00636308,,,
0.0150519,0.00592101,,,
0.0151038,0.00654268,,,
0.0151557,0.00627026,,,
0.0152079,0.00667129,,,
0.0152603,0.00622581,,,
0.0153128,0.00578882,,,
0.0153655,0.00565141,,,
0.0154184,0.00625582,,,
0.0154715,0.00542617,,,
0.0155247,0.00565725,,,
0.0155782,0.00570997,,,
0.0156318,0.00562836,,,
0.0156856,0.00605349,,,
0.0157396,0.00574541,,,
0.0157938,0.0055615,,,
0.0158481,0.00592825,,,
0.0159027,0.00606376,,,
0.0159574,0.00561499,,,
0.0160124,0.00561528,,,
0.0160675,0.00579366,,,
0.0161228,0.00550078,,,
0.0161783,0.26878,,,
0.016234,0.00982543,,,
0.0162898,0.0153961,,,
0.0163459,0.0086379,,,
0.0164022,0.00931836,,,
0.0164586,0.0113577,,,
0.0165153,0.00806194,,,
0.0165722,0.00845104,,,
0.0166292,0.00827981,,,
0.0166864,0.00784781,,,
0.0167439,0.0070264,,,
0.0168015,0.0101514,,,
0.0168593,0.0202577,,,
0.0169174,0.00934312,,,
0.0169756,0.00841857,,,
0.0170341,0.00879021,,,
0.0170927,0.00731756,,,
0.0171515,0.00774938,,,
0.0172106,0.00802663,,,
0.0172698,0.00763761,,,
0.0173293,0.00713024,,,
0.0173889,0.00802134,,,
0.0174488,0.00733359,,,
0.0175088,0.00765735,,,
0.0175691,0.00843412,,,
0.0176296,0.00723255,,,
0.0176903,0.00810538,,,
0.0177511,0.0074785,,,
0.0178123,0.00760607,,,
0.0178736,0.00790504,,,
0.0179351,0.00711812,,,
0.0179968,0.00763247,,,
0.0180588,0.00789958,,,
0.0181209,0.00738042,,,
0.0181833,0.00742169,,,
0.0182459,0.00817659,,,
0.0183087,0.00835715,,,
0.0183717,0.00818446,,,
0.018435,0.00830099,,,
0.0184984,0.00753423,,,
0.0185621,0.00780571,,,
0.018626,0.0073279,,,
0.0186901,0.00847662,,,
0.0187545,0.00733741,,,
0.018819,0.00774497,,,
0.0188838,0.0211484,,,
0.0189488,0.00835738,,,
0.019014,0.00862344,,,
0.0190795,0.00848619,,,
0.0191451,0.00814074,,,
0.019211,0.00831015,,,
0.0192772,0.0083186,,,
0.0193435,0.00840774,,,
0.0194101,0.0088443,,,
0.0194769,0.00893527,,,
0.019544,0.00849792,,,
0.0196112,0.00858609,,,
0.0196788,0.00799021,,,
0.0197465,0.00768764,,,
0.0198145,0.00832804,,,
0.0198827,0.00802992,,,
0.0199511,0.0080823,,,
0.0200198,0.253234,,,
0.0200887,0.0134732,,,
0.0201579,0.019252,,,
0.0202272,0.0118106,,,
0.0202969,0.0148729,,,
0.0203667,0.012308,,,
0.0204368,0.0119851,,,
0.0205072,0.0115772,,,
0.0205778,0.0105555,,,
0.0206486,0.031191,,,
0.0207197,0.0113071,,,
0.020791,0.013862,,,
0.0208626,0.0126563,,,
0.0209344,0.0129482,,,
0.0210065,0.0119246,,,
0.0210788,0.0110419,,,
0.0211513,0.0120245,,,
0.0212241,0.0117347,,,
0.0212972,0.0117336,,,
0.0213705,0.0125094,,,
0.0214441,0.0129086,,,
0.0215179,0.0116734,,,
0.0215919,0.0121578,,,
0.0216663,0.0123127,,,
0.0217408,0.011969,,,
0.0218157,0.0116846,,,
0.0218908,0.0122075,,,
0.0219661,0.0124867,,,
0.0220417,0.0123131,,,
0.0221176,0.0127663,,,
0.0221938,0.0130487,,,
0.0222701,0.0132714,,,
0.0223468,0.0122993,,,
0.0224237,0.0132746,,,
0.0225009,0.0125721,,,
0.0225784,0.0121467,,,
0.0226561,0.0131907,,,
0.0227341,0.0136439,,,
0.0228123,0.012755,,,
0.0228909,0.0147367,,,
0.0229697,0.0138874,,,
0.0230487,0.0145045,,,
0.0231281,0.0131512,,,
0.0232077,0.0137695,,,
0.0232876,0.0139796,,,
0.0233677,0.0149873,,,
0.0234482,0.0149173,,,
0.0235289,0.014302,,,
0.0236099,0.0139414,,,
0.0236911,0.0152871,,,
0.0237727,0.014307,,,
0.0238545,0.0148275,,,
0.0239366,0.0151693,,,
0.024019,0.203653,,,
0.0241017,0.021762,,,
0.0241847,0.024031,,,
0.0242679,0.0198113,,,
0.0243514,0.0181296,,,
0.0244353,0.0185178,,,
0.0245194,0.0183627,,,
0.0246038,0.0174389,,,
0.0246885,0.0206693,,,
0.0247735,0.0194494,,,
0.0248587,0.0173539,,,
0.0249443,0.0188445,,,
0.0250302,0.0182441,,,
0.0251163,0.0184205,,,
0.0252028,0.0186258,,,
0.0252895,0.0183577,,,
0.0253766,0.0190628,,,
0.0254639,0.0205746,,,
0.0255516,0.0202126,,,
0.0256396,0.0191603,,,
0.0257278,0.0195098,,,
0.0258164,0.0193986,,,
0.0259052,0.0190455,,,
0.0259944,0.0197468,,,
0.0260839,0.0188174,,,
0.0261737,0.0205367,,,
0.0262638,0.0210367,,,
0.0263542,0.0206108,,,
0.0264449,0.0215193,,,
0.0265359,0.0198595,,,
0.0266273,0.0211488,,,
0.0267189,0.0210872,,,
0.0268109,0.0209067,,,
0.0269032,0.0209247,,,
0.0269958,0.0209239,,,
0.0270887,0.0218438,,,
0.027182,0.0219579,,,
0.0272755,0.023234,,,
0.0273694,0.0231985,,,
0.0274636,0.0223073,,,
0.0275582,0.0227643,,,
0.027653,0.0238675,,,
0.0277482,0.0229046,,,
0.0278437,0.0229794,,,
0.0279396,0.0235763,,,
0.0280357,0.0233179,,,
0.0281323,0.0232822,,,
0.0282291,0.0231326,,,
0.0283263,0.0240382,,,
0.0284238,0.0270105,,,
0.0285216,0.0234521,,,
0.0286198,0.0243442,,,
0.0287183,0.0248199,,,
0.0288172,0.0234915,,,
0.0289164,0.024614,,,
0.0290159,0.0238752,,,
0.0291158,0.0251209,,,
0.029216,0.0254313,,,
0.0293166,0.0238057,,,
0.0294175,0.0232281,,,
0.0295187,0.0240056,,,
0.0296203,0.0247191,,,
0.0297223,0.0247519,,,
0.0298246,0.0233641,,,
0.0299273,0.0244163,,,
0.0300303,0.0248189,,,
0.0301337,0.0248717,,,
0.0302374,0.0265221,,,
0.0303415,0.0266471,,,
0.0304459,0.0248509,,,
0.0305507,0.0257814,,,
0.0306559,0.025007,,,
0.0307614,0.026218,,,
0.0308673,0.0264191,,,
0.0309735,0.0254378,,,
0.0310802,0.0332683,,,
0.0311872,0.0273675,,,
0.0312945,0.0273247,,,
0.0314022,0.0272335,,,
0.0315103,0.0273343,,,
0.0316188,0.0259408,,,
0.0317276,0.0274036,,,
0.0318368,0.026803,,,
0.0319464,0.0268049,,,
0.0320564,0.0267516,,,
0.0321667,0.0265421,,,
0.0322775,0.0302928,,,
0.0323886,0.0316387,,,
0.0325001,0.0281577,,,
0.0326119,0.028118,,,
0.0327242,0.0273183,,,
0.0328368,0.0266816,,,
0.0329499,0.033696,,,
0.0330633,0.0274085,,,
0.0331771,0.0287964,,,
0.0332913,0.0282189,,,
0.0334059,0.0268333,,,
0.0335209,0.0286195,,,
0.0336363,0.02908,,,
0.0337521,0.0283831,,,
0.0338682,0.028154,,,
0.0339848,0.0285182,,,
0.0341018,0.0278701,,,
0.0342192,0.0295531,,,
0.034337,0.0280251,,,
0.0344552,0.0275608,,,
0.0345738,0.0280042,,,
0.0346928,0.0273454,,,
0.0348122,0.0293112,,,
0.034932,0.0286696,,,
0.0350523,0.0415152,,,
0.035173,0.0303039,,,
0.035294,0.0303786,,,
0.0354155,0.0292465,,,
0.0355374,0.0296632,,,
0.0356597,0.0301387,,,
0.0357825,0.0311122,,,
0.0359057,0.0284177,,,
0.0360293,0.0296256,,,
0.0361533,0.0341755,,,
0.0362777,0.030383,,,
0.0364026,0.0336904,,,
0.0365279,0.0298031,,,
0.0366537,0.0312887,,,
0.0367798,0.0380867,,,
0.0369064,0.0355871,,,
0.0370335,0.0313572,,,
0.0371609,0.0302578,,,
0.0372889,0.0300452,,,
0.0374172,0.0313457,,,
0.037546,0.0306256,,,
0.0376753,0.0302834,,,
0.0378049,0.0306723,,,
0.0379351,0.030627,,,
0.0380657,0.0318127,,,
0.0381967,0.0314194,,,
0.0383282,0.0317653,,,
0.0384601,0.0327869,,,
0.0385925,0.0312351,,,
0.0387253,0.0318279,,,
0.0388586,0.0321236,,,
0.0389924,0.043778,,,
0.0391266,0.0323304,,,
0.0392613,0.0320831,,,
0.0393965,0.0308929,,,
0.0395321,0.0324591,,,
0.0396681,0.0315624,,,
0.0398047,0.0311064,,,
0.0399417,0.0324912,,,
0.0400792,0.0327502,,,
0.0402172,0.0363725,,,
0.0403556,0.0339476,,,
0.0404945,0.0334577,,,
0.0406339,0.0410102,,,
0.0407738,0.0334081,,,
0.0409141,0.0368979,,,
0.041055,0.032533,,,
0.0411963,0.0349789,,,
0.0413381,0.0323238,,,
0.0414804,0.0332913,,,
0.0416232,0.0333517,,,
0.0417664,0.0328594,,,
0.0419102,0.0321808,,,
0.0420545,0.0335694,,,
0.0421992,0.0332734,,,
0.0423445,0.0335598,,,
0.0424903,0.0345199,,,
0.0426365,0.0341195,,,
0.0427833,0.0330717,,,
0.0429306,0.0388056,,,
0.0430783,0.0344276,,,
0.0432266,0.0343022,,,
0.0433754,0.0362742,,,
0.0435247,0.0360563,,,
0.0436745,0.0347129,,,
0.0438249,0.0345228,,,
0.0439757,0.0341501,,,
0.0441271,0.0366702,,,
0.044279,0.03594,,,
0.0444314,0.0355751,,,
0.0445844,0.041893,,,
0.0447378,0.0357002,,,
0.0448918,0.0358571,,,
0.0450464,0.0358836,,,
0.0452014,0.0349971,,,
0.045357,0.0353833,,,
0.0455131,0.035239,,,
0.0456698,0.0363064,,,
0.045827,0.0354257,,,
0.0459848,0.0355466,,,
0.0461431,0.0365883,,,
0.0463019,0.0377573,,,
0.0464613,0.0367129,,,
0.0466212,0.0373893,,,
0.0467817,0.0356099,,,
0.0469427,0.0371503,,,
0.0471043,0.0366292,,,
0.0472664,0.0367247,,,
0.0474291,0.0375082,,,
0.0475924,0.0368329,,,
0.0477562,0.0376064,,,
0.0479206,0.037054,,,
0.0480856,0.0392851,,,
0.0482511,0.0380143,,,
0.0484172,0.084017,,,
0.0485839,0.0402353,,,
0.0487511,0.0394204,,,
0.0489189,0.0406109,,,
0.0490873,0.0414389,,,
0.0492563,0.0404734,,,
0.0494258,0.0407843,,,
0.0495959,0.0405307,,,
0.0497667,0.0418815,,,
0.049938,0.0420295,,,
0.0501099,0.0408264,,,
0.0502824,0.04207,,,
0.0504554,0.0421195,,,
0.0506291,0.0417976,,,
0.0508034,0.0419873,,,
0.0509783,0.0412447,,,
0.0511538,0.0425103,,,
0.0513298,0.0430358,,,
0.0515065,0.0433599,,,
0.0516838,0.0429825,,,
0.0518617,0.0453197,,,
0.0520403,0.0439004,,,
0.0522194,0.044104,,,
0.0523991,0.0455093,,,
0.0525795,0.043067,,,
0.0527605,0.045085,,,
0.0529421,0.0439248,,,
0.0531244,0.0445273,,,
0.0533072,0.0467818,,,
0.0534907,0.0448166,,,
0.0536748,0.0458304,,,
0.0538596,0.0464337,,,
0.054045,0.0452885,,,
0.054231,0.0477017,,,
0.0544177,0.0465653,,,
0.054605,0.0462301,,,
0.054793,0.0472503,,,
0.0549816,0.048539,,,
0.0551709,0.0486758,,,
0.0553608,0.0477059,,,
0.0555513,0.0486794,,,
0.0557426,0.0492152,,,
0.0559344,0.0509678,,,
0.056127,0.0482898,,,
0.0563202,0.0515628,,,
0.056514,0.0488237,,,
0.0567086,0.0493747,,,
0.0569038,0.0503257,,,
0.0570997,0.0516646,,,
0.0572962,0.0503728,,,
0.0574934,0.0512537,,,
0.0576913,0.0521772,,,
0.0578899,0.0509066,,,
0.0580892,0.051781,,,
0.0582892,0.0528532,,,
0.0584898,0.053388,,,
0.0586911,0.0542008,,,
0.0588932,0.0535105,,,
0.0590959,0.0550548,,,
0.0592993,0.0541278,,,
0.0595034,0.0553884,,,
0.0597083,0.0560544,,,
0.0599138,0.0558958,,,
0.06012,0.0571475,,,
0.060327,0.0568563,,,
0.0605346,0.0549414,,,
0.060743,0.0576437,,,
0.0609521,0.0569272,,,
0.0611619,0.057791,,,
0.0613724,0.0577919,,,
0.0615837,0.0564875,,,
0.0617957,0.0579169,,,
0.0620084,0.0575328,,,
0.0622218,0.058047,,,
0.062436,0.0593952,,,
0.0626509,0.0592216,,,
0.0628666,0.05827,,,
0.063083,0.0609149,,,
0.0633001,0.0613523,,,
0.063518,0.0616824,,,
0.0637367,0.0609104,,,
0.0639561,0.0620503,,,
0.0641762,0.059626,,,
0.0643971,0.061411,,,
0.0646188,0.0644637,,,
0.0648412,0.0631242,,,
0.0650644,0.0627444,,,
0.0652884,0.0651039,,,
0.0655131,0.0631513,,,
0.0657387,0.062306,,,
0.0659649,0.0647055,,,
0.066192,0.0639691,,,
0.0664199,0.0637535,,,
0.0666485,0.0646194,,,
0.0668779,0.0649682,,,
0.0671081,0.0652593,,,
0.0673391,0.065304,,,
0.0675709,0.0672986,,,
0.0678035,0.0646521,,,
0.0680369,0.0673109,,,
0.0682711,0.0679951,,,
0.0685061,0.0684067,,,
0.0687419,0.0672923,,,
0.0689785,0.0681706,,,
0.069216,0.0677786,,,
0.0694542,0.0694608,,,
0.0696933,0.0696719,,,
0.0699332,0.0691964,,,
0.0701739,0.0697979,,,
0.0704155,0.0694086,,,
0.0706579,0.0699599,,,
0.0709011,0.0704262,,,
0.0711452,0.0693228,,,
0.0713901,0.0699681,,,
0.0716358,0.0700897,,,
0.0718824,0.0692608,,,
0.0721298,0.0730135,,,
0.0723781,0.073786,,,
0.0726273,0.0728473,,,
0.0728773,0.0734285,,,
0.0731281,0.0739474,,,
0.0733798,0.0742384,,,
0.0736324,0.0733478,,,
0.0738859,0.0767232,,,
0.0741402,0.0734506,,,
0.0743954,0.0727059,,,
0.0746515,0.0765846,,,
0.0749085,0.0755615,,,
0.0751663,0.0744435,,,
0.0754251,0.0747408,,,
0.0756847,0.0760708,,,
0.0759452,0.0760315,,,
0.0762067,0.0753769,,,
0.076469,0.0793434,,,
0.0767322,0.076402,,,
0.0769963,0.0758032,,,
0.0772614,0.0786998,,,
0.0775273,0.0774605,,,
0.0777942,0.0794039,,,
0.078062,0.0789199,,,
0.0783307,0.0784385,,,
0.0786003,0.0814273,,,
0.0788709,0.0793767,,,
0.0791424,0.0815374,,,
0.0794148,0.0807859,,,
0.0796882,0.0804063,,,
0.0799625,0.080899,,,
0.0802377,0.079417,,,
0.0805139,0.0841785,,,
0.080791,0.0820589,,,
0.0810692,0.0835571,,,
0.0813482,0.0839123,,,
0.0816282,0.0832093,,,
0.0819092,0.0842113,,,
0.0821912,0.0864499,,,
0.0824741,0.087179,,,
0.082758,0.0853943,,,
0.0830428,0.08478,,,
0.0833287,0.0894307,,,
0.0836155,0.0878771,,,
0.0839034,0.085915,,,
0.0841922,0.087988,,,
0.084482,0.0882477,,,
0.0847728,0.0896353,,,
0.0850646,0.0887203,,,
0.0853574,0.0886118,,,
0.0856512,0.0898693,,,
0.0859461,0.0905996,,,
0.0862419,0.0915216,,,
0.0865388,0.0913255,,,
0.0868367,0.0875797,,,
0.0871356,0.0929367,,,
0.0874355,0.0924451,,,
0.0877365,0.0923683,,,
0.0880385,0.0932734,,,
0.0883415,0.0909595,,,
0.0886456,0.0972957,,,
0.0889508,0.0952689,,,
0.089257,0.0931791,,,
0.0895642,0.0955279,,,
0.0898725,0.0943254,,,
0.0901819,0.0970551,,,
0.0904923,0.095219,,,
0.0908038,0.099242,,,
0.0911164,0.100342,,,
0.09143,0.097961,,,
0.0917447,0.0972561,,,
0.0920605,0.0991193,,,
0.0923774,0.101602,,,
0.0926954,0.100755,,,
0.0930145,0.1003,,,
0.0933347,0.102538,,,
0.0936559,0.103522,,,
0.0939783,0.102526,,,
0.0943018,0.102777,,,
0.0946264,0.104018,,,
0.0949522,0.108112,,,
0.095279,0.103085,,,
0.095607,0.105558,,,
0.0959361,0.104984,,,
0.0962663,0.105499,,,
0.0965977,0.106965,,,
0.0969302,0.108452,,,
0.0972638,0.107888,,,
0.0975986,0.107442,,,
0.0979346,0.108795,,,
0.0982717,0.111847,,,
0.09861,0.111158,,,
0.0989494,0.109751,,,
0.09929,0.112611,,,
0.0996318,0.109604,,,
0.0999748,0.112767,,,
0.100319,0.112709,,,
0.100664,0.114583,,,
0.101011,0.112658,,,
0.101358,0.114949,,,
0.101707,0.113676,,,
0.102057,0.114121,,,
0.102409,0.116409,,,
0.102761,0.120306,,,
0.103115,0.116573,,,
0.10347,0.118243,,,
0.103826,0.117548,,,
0.104183,0.11942,,,
0.104542,0.119411,,,
0.104902,0.123891,,,
0.105263,0.120729,,,
0.105625,0.121029,,,
0.105989,0.123137,,,
0.106354,0.120716,,,
0.10672,0.122488,,,
0.107087,0.121854,,,
0.107456,0.124807,,,
0.107826,0.125677,,,
0.108197,0.125932,,,
0.108569,0.126092,,,
0.108943,0.125598,,,
0.109318,0.128577,,,
0.109694,0.127804,,,
0.110072,0.127962,,,
0.110451,0.129339,,,
0.110831,0.131176,,,
0.111213,0.131845,,,
0.111595,0.13247,,,
0.11198,0.132111,,,
0.112365,0.130355,,,
0.112752,0.132111,,,
0.11314,0.133611,,,
0.113529,0.134321,,,
0.11392,0.136473,,,
0.114312,0.135881,,,
0.114706,0.133036,,,
0.115101,0.137762,,,
0.115497,0.138983,,,
0.115894,0.143065,,,
0.116293,0.140792,,,
0.116694,0.1423,,,
0.117095,0.140753,,,
0.117498,0.141037,,,
0.117903,0.14111,,,
0.118309,0.14282,,,
0.118716,0.145164,,,
0.119125,0.142624,,,
0.119535,0.144152,,,
0.119946,0.146536,,,
0.120359,0.146814,,,
0.120773,0.146185,,,
0.121189,0.14746,,,
0.121606,0.150679,,,
0.122025,0.153215,,,
0.122445,0.15058,,,
0.122866,0.15059,,,
0.123289,0.151084,,,
0.123714,0.152002,,,
0.124139,0.154427,,,
0.124567,0.151403,,,
0.124996,0.151342,,,
0.125426,0.160293,,,
0.125858,0.157371,,,
0.126291,0.155219,,,
0.126726,0.159757,,,
0.127162,0.159738,,,
0.127599,0.158269,,,
0.128039,0.159169,,,
0.128479,0.161255,,,
0.128922,0.161263,,,
0.129365,0.160492,,,
0.129811,0.162873,,,
0.130258,0.164375,,,
0.130706,0.16491,,,
0.131156,0.164744,,,
0.131607,0.166472,,,
0.13206,0.164308,,,
0.132515,0.167906,,,
0.132971,0.167954,,,
0.133429,0.170652,,,
0.133888,0.172624,,,
0.134349,0.169044,,,
0.134811,0.170106,,,
0.135276,0.175765,,,
0.135741,0.174662,,,
0.136208,0.177919,,,
0.136677,0.175121,,,
0.137148,0.180876,,,
0.13762,0.179531,,,
0.138094,0.176798,,,
0.138569,0.180179,,,
0.139046,0.180505,,,
0.139525,0.180073,,,
0.140005,0.181197,,,
0.140487,0.18387,,,
0.14097,0.18566,,,
0.141456,0.188733,,,
0.141943,0.184724,,,
0.142431,0.186204,,,
0.142921,0.187401,,,
0.143413,0.187031,,,
0.143907,0.192176,,,
0.144402,0.192864,,,
0.144899,0.19346,,,
0.145398,0.191682,,,
0.145899,0.191654,,,
0.146401,0.196058,,,
0.146905,0.195142,,,
0.147411,0.19846,,,
0.147918,0.19766,,,
0.148427,0.196489,,,
0.148938,0.197121,,,
0.149451,0.203738,,,
0.149965,0.201271,,,
0.150481,0.201421,,,
0.150999,0.202794,,,
0.151519,0.204823,,,
0.152041,0.20669,,,
0.152564,0.20797,,,
0.153089,0.209179,,,
0.153616,0.210479,,,
0.154145,0.211264,,,
0.154676,0.209251,,,
0.155208,0.21044,,,
0.155742,0.214152,,,
0.156278,0.214121,,,
0.156816,0.214059,,,
0.157356,0.217102,,,
0.157898,0.21768,,,
0.158441,0.217859,,,
0.158987,0.219208,,,
0.159534,0.22306,,,
0.160083,0.221438,,,
0.160634,0.222656,,,
0.161187,0.220828,,,
0.161742,0.223517,,,
0.162299,0.228284,,,
0.162857,0.228238,,,
0.163418,0.227045,,,
0.163981,0.232156,,,
0.164545,0.230343,,,
0.165111,0.234023,,,
0.16568,0.233208,,,
0.16625,0.23432,,,
0.166822,0.235201,,,
0.167397,0.237226,,,
0.167973,0.240867,,,
0.168551,0.24,,,
0.169131,0.241176,,,
0.169713,0.243823,,,
0.170298,0.241955,,,
0.170884,0.245351,,,
0.171472,0.249463,,,
0.172062,0.244477,,,
0.172654,0.246651,,,
0.173249,0.249117,,,
0.173845,0.250378,,,
0.174444,0.24985,,,
0.175044,0.256713,,,
0.175647,0.255557,,,
0.176251,0.257891,,,
0.176858,0.257119,,,
0.177467,0.255553,,,
0.178078,0.257066,,,
0.178691,0.25943,,,
0.179306,0.261872,,,
0.179923,0.265086,,,
0.180542,0.26023,,,
0.181164,0.264735,,,
0.181787,0.268664,,,
0.182413,0.268132,,,
0.183041,0.270562,,,
0.183671,0.273789,,,
0.184303,0.270999,,,
0.184938,0.270951,,,
0.185574,0.273135,,,
0.186213,0.273892,,,
0.186854,0.280941,,,
0.187497,0.281288,,,
0.188143,0.28058,,,
0.18879,0.280369,,,
0.18944,0.278924,,,
0.190092,0.281093,,,
0.190747,0.281851,,,
0.191403,0.287389,,,
0.192062,0.288799,,,
0.192723,0.286938,,,
0.193387,0.288223,,,
0.194052,0.29063,,,
0.19472,0.288841,,,
0.19539,0.291459,,,
0.196063,0.294548,,,
0.196738,0.297107,,,
0.197415,0.297539,,,
0.198095,0.303845,,,
0.198777,0.30506,,,
0.199461,0.303694,,,
0.200147,0.306662,,,
0.200836,0.305052,,,
0.201528,0.305491,,,
0.202221,0.307107,,,
0.202917,0.309853,,,
0.203616,0.312179,,,
0.204317,0.313914,,,
0.20502,0.315415,,,
0.205726,0.31844,,,
0.206434,0.325459,,,
0.207145,0.32128,,,
0.207858,0.32741,,,
0.208573,0.329245,,,
0.209291,0.323878,,,
0.210012,0.325076,,,
0.210734,0.328493,,,
0.21146,0.333141,,,
0.212188,0.33378,,,
0.212918,0.331421,,,
0.213651,0.337498,,,
0.214386,0.335928,,,
0.215124,0.339007,,,
0.215865,0.343217,,,
0.216608,0.334794,,,
0.217354,0.339505,,,
0.218102,0.340865,,,
0.218853,0.345557,,,
0.219606,0.349251,,,
0.220362,0.345376,,,
0.22112,0.3503,,,
0.221882,0.349451,,,
0.222645,0.353454,,,
0.223412,0.353749,,,
0.224181,0.356587,,,
0.224952,0.36194,,,
0.225727,0.359564,,,
0.226504,0.362684,,,
0.227283,0.365068,,,
0.228066,0.363855,,,
0.228851,0.366238,,,
0.229639,0.371178,,,
0.230429,0.371594,,,
0.231222,0.373282,,,
0.232018,0.375938,,,
0.232817,0.372634,,,
0.233618,0.377954,,,
0.234422,0.375204,,,
0.235229,0.379153,,,
0.236039,0.387685,,,
0.236852,0.3819,,,
0.237667,0.3856,,,
0.238485,0.384908,,,
0.239306,0.388037,,,
0.24013,0.392711,,,
0.240956,0.389076,,,
0.241786,0.39335,,,
0.242618,0.398428,,,
0.243453,0.396988,,,
0.244291,0.400272,,,
0.245132,0.403735,,,
0.245976,0.405333,,,
0.246822,0.415318,,,
0.247672,0.40762,,,
0.248525,0.416943,,,
0.24938,0.411389,,,
0.250239,0.411719,,,
0.2511,0.413413,,,
0.251964,0.417633,,,
0.252832,0.420706,,,
0.253702,0.420141,,,
0.254575,0.420679,,,
0.255452,0.426369,,,
0.256331,0.427131,,,
0.257213,0.428279,,,
0.258099,0.435058,,,
0.258987,0.429441,,,
0.259878,0.436074,,,
0.260773,0.437836,,,
0.261671,0.434889,,,
0.262571,0.437825,,,
0.263475,0.44019,,,
0.264382,0.438081,,,
0.265292,0.442529,,,
0.266205,0.444547,,,
0.267122,0.449731,,,
0.268041,0.449951,,,
0.268964,0.451019,,,
0.26989,0.454838,,,
0.270819,0.455719,,,
0.271751,0.459113,,,
0.272686,0.453493,,,
0.273625,0.457648,,,
0.274567,0.463097,,,
0.275512,0.461099,,,
0.27646,0.470532,,,
0.277412,0.467429,,,
0.278367,0.47193,,,
0.279325,0.470127,,,
0.280287,0.473865,,,
0.281252,0.474298,,,
0.28222,0.482119,,,
0.283191,0.483036,,,
0.284166,0.480531,,,
0.285144,0.486228,,,
0.286126,0.491331,,,
0.287111,0.491779,,,
0.288099,0.488448,,,
0.289091,0.497878,,,
0.290086,0.498021,,,
0.291084,0.497772,,,
0.292086,0.49877,,,
0.293092,0.502404,,,
0.294101,0.506965,,,
0.295113,0.503549,,,
0.296129,0.508672,,,
0.297148,0.509508,,,
0.298171,0.512133,,,
0.299197,0.519655,,,
0.300227,0.513854,,,
0.301261,0.516956,,,
0.302298,0.521862,,,
0.303338,0.514281,,,
0.304382,0.520668,,,
0.30543,0.526689,,,
0.306482,0.527552,,,
0.307536,0.530958,,,
0.308595,0.533596,,,
0.309657,0.531623,,,
0.310723,0.533205,,,
0.311793,0.532884,,,
0.312866,0.545477,,,
0.313943,0.536464,,,
0.315024,0.542504,,,
0.316108,0.544644,,,
0.317196,0.542806,,,
0.318288,0.54756,,,
0.319384,0.549388,,,
0.320483,0.555845,,,
0.321586,0.553996,,,
0.322693,0.556194,,,
0.323804,0.558499,,,
0.324919,0.560213,,,
0.326037,0.556025,,,
0.327159,0.574462,,,
0.328286,0.567084,,,
0.329416,0.567459,,,
0.330549,0.566991,,,
0.331687,0.572217,,,
0.332829,0.576438,,,
0.333975,0.576845,,,
0.335124,0.575057,,,
0.336278,0.583339,,,
0.337435,0.575635,,,
0.338597,0.58238,,,
0.339763,0.59279,,,
0.340932,0.587176,,,
0.342106,0.582386,,,
0.343283,0.583833,,,
0.344465,0.585719,,,
0.345651,0.596589,,,
0.34684,0.594371,,,
0.348034,0.603136,,,
0.349232,0.599782,,,
0.350434,0.59594,,,
0.351641,0.60041,,,
0.352851,0.600626,,,
0.354066,0.604755,,,
0.355285,0.606045,,,
0.356508,0.606193,,,
0.357735,0.611891,,,
0.358966,0.609392,,,
0.360202,0.614434,,,
0.361442,0.61776,,,
0.362686,0.620567,,,
0.363934,0.619445,,,
0.365187,0.620054,,,
0.366444,0.619196,,,
0.367705,0.620682,,,
0.368971,0.628351,,,
0.370241,0.636581,,,
0.371516,0.623195,,,
0.372795,0.6335,,,
0.374078,0.633321,,,
0.375365,0.633472,,,
0.376658,0.638402,,,
0.377954,0.63715,,,
0.379255,0.642902,,,
0.380561,0.640916,,,
0.381871,0.651347,,,
0.383185,0.646063,,,
0.384504,0.64999,,,
0.385828,0.648428,,,
0.387156,0.643777,,,
0.388488,0.648704,,,
0.389826,0.653773,,,
0.391168,0.652897,,,
0.392514,0.655989,,,
0.393865,0.657206,,,
0.395221,0.652395,,,
0.396581,0.652396,,,
0.397946,0.657071,,,
0.399316,0.663656,,,
0.400691,0.659912,,,
0.40207,0.66842,,,
0.403454,0.663343,,,
0.404843,0.669739,,,
0.406236,0.665414,,,
0.407635,0.669892,,,
0.409038,0.672888,,,
0.410446,0.670565,,,
0.411859,0.677401,,,
0.413277,0.671066,,,
0.414699,0.680591,,,
0.416127,0.674612,,,
0.417559,0.677472,,,
0.418996,0.685553,,,
0.420439,0.676709,,,
0.421886,0.68595,,,
0.423338,0.68452,,,
0.424795,0.687059,,,
0.426258,0.679955,,,
0.427725,0.680698,,,
0.429197,0.683924,,,
0.430675,0.692807,,,
0.432157,0.685332,,,
0.433645,0.694753,,,
0.435137,0.693332,,,
0.436635,0.692189,,,
0.438138,0.699233,,,
0.439646,0.699012,,,
0.44116,0.69588,,,
0.442678,0.692433,,,
0.444202,0.706601,,,
0.445731,0.699332,,,
0.447265,0.698792,,,
0.448805,0.698236,,,
0.45035,0.705994,,,
0.4519,0.711353,,,
0.453456,0.700673,,,
0.455017,0.704066,,,
0.456583,0.705886,,,
0.458155,0.702512,,,
0.459732,0.700567,,,
0.461314,0.706341,,,
0.462902,0.706714,,,
0.464495,0.706917,,,
0.466094,0.699067,,,
0.467699,0.703625,,,
0.469309,0.699678,,,
0.470924,0.703389,,,
0.472545,0.708422,,,
0.474172,0.706775,,,
0.475804,0.703074,,,
0.477442,0.705582,,,
0.479085,0.710519,,,
0.480734,0.709668,,,
0.482389,0.713373,,,
0.48405,0.714741,,,
0.485716,0.713633,,,
0.487388,0.710207,,,
0.489066,0.713002,,,
0.490749,0.715604,,,
0.492438,0.716784,,,
0.494133,0.713887,,,
0.495834,0.711316,,,
0.497541,0.713536,,,
0.499254,0.715922,,,
0.500972,0.709827,,,
0.502697,0.710837,,,
0.504427,0.716589,,,
0.506164,0.713831,,,
0.507906,0.712966,,,
0.509654,0.712989,,,
0.511409,0.711024,,,
0.513169,0.713916,,,
0.514935,0.710489,,,
0.516708,0.714085,,,
0.518486,0.706944,,,
0.520271,0.705973,,,
0.522062,0.717292,,,
0.523859,0.714723,,,
0.525662,0.710952,,,
0.527472,0.718123,,,
0.529288,0.707206,,,
0.531109,0.706179,,,
0.532938,0.706553,,,
0.534772,0.712628,,,
0.536613,0.710075,,,
0.53846,0.707729,,,
0.540314,0.702544,,,
0.542174,0.706136,,,
0.54404,0.712948,,,
0.545913,0.705706,,,
0.547792,0.700154,,,
0.549677,0.705092,,,
0.551569,0.696771,,,
0.553468,0.69936,,,
0.555373,0.700122,,,
0.557285,0.702561,,,
0.559203,0.704963,,,
0.561128,0.699643,,,
0.56306,0.70302,,,
0.564998,0.696053,,,
0.566943,0.706025,,,
0.568894,0.694486,,,
0.570853,0.698742,,,
0.572818,0.68959,,,
0.574789,0.697783,,,
0.576768,0.691771,,,
0.578753,0.69072,,,
0.580745,0.692053,,,
0.582744,0.689699,,,
0.58475,0.684959,,,
0.586763,0.688626,,,
0.588783,0.687294,,,
0.59081,0.680186,,,
0.592843,0.677001,,,
0.594884,0.685229,,,
0.596932,0.685389,,,
0.598987,0.676342,,,
0.601049,0.674296,,,
0.603117,0.672507,,,
0.605194,0.670037,,,
0.607277,0.67548,,,
0.609367,0.671709,,,
0.611465,0.666986,,,
0.61357,0.665984,,,
0.615682,0.670054,,,
0.617801,0.672861,,,
0.619927,0.662242,,,
0.622061,0.666725,,,
0.624203,0.661006,,,
0.626351,0.663926,,,
0.628507,0.659596,,,
0.630671,0.664645,,,
0.632842,0.658903,,,
0.63502,0.654507,,,
0.637206,0.65004,,,
0.639399,0.652512,,,
0.6416,0.653219,,,
0.643809,0.644837,,,
0.646025,0.646709,,,
0.648249,0.640602,,,
0.65048,0.634281,,,
0.652719,0.641883,,,
0.654966,0.632255,,,
0.657221,0.632268,,,
0.659483,0.640243,,,
0.661753,0.63451,,,
0.664031,0.632444,,,
0.666317,0.630911,,,
0.66861,0.621442,,,
0.670912,0.626225,,,
0.673221,0.622865,,,
0.675539,0.613218,,,
0.677864,0.619332,,,
0.680197,0.617241,,,
0.682539,0.613706,,,
0.684888,0.61739,,,
0.687246,0.607119,,,
0.689611,0.608736,,,
0.691985,0.598941,,,
0.694367,0.601997,,,
0.696757,0.599001,,,
0.699156,0.593533,,,
0.701562,0.599023,,,
0.703977,0.597747,,,
0.706401,0.586829,,,
0.708832,0.587815,,,
0.711272,0.588754,,,
0.713721,0.583761,,,
0.716177,0.582066,,,
0.718643,0.581116,,,
0.721116,0.577462,,,
0.723599,0.577976,,,
0.726089,0.572981,,,
0.728589,0.575,,,
0.731097,0.571341,,,
0.733613,0.565357,,,
0.736139,0.565591,,,
0.738673,0.561459,,,
0.741215,0.574666,,,
0.743767,0.561709,,,
0.746327,0.557686,,,
0.748896,0.553223,,,
0.751474,0.547866,,,
0.754061,0.544457,,,
0.756656,0.54822,,,
0.759261,0.543288,,,
0.761874,0.547795,,,
0.764497,0.539216,,,
0.767128,0.535135,,,
0.769769,0.53501,,,
0.772419,0.531808,,,
0.775078,0.525253,,,
0.777746,0.522715,,,
0.780423,0.520571,,,
0.783109,0.523679,,,
0.785805,0.519649,,,
0.78851,0.51893,,,
0.791224,0.513832,,,
0.793948,0.508992,,,
0.79668,0.508137,,,
0.799423,0.506083,,,
0.802175,0.506457,,,
0.804936,0.498825,,,
0.807707,0.496801,,,
0.810487,0.498494,,,
0.813277,0.492762,,,
0.816076,0.492729,,,
0.818885,0.484263,,,
0.821704,0.486044,,,
0.824533,0.48195,,,
0.827371,0.481809,,,
0.830219,0.481145,,,
0.833077,0.478744,,,
0.835944,0.480452,,,
0.838822,0.475704,,,
0.841709,0.471971,,,
0.844607,0.462622,,,
0.847514,0.461358,,,
0.850431,0.459115,,,
0.853359,0.459823,,,
0.856296,0.458872,,,
0.859244,0.456144,,,
0.862201,0.449528,,,
0.865169,0.449164,,,
0.868147,0.448253,,,
0.871136,0.439542,,,
0.874135,0.440895,,,
0.877143,0.43975,,,
0.880163,0.435421,,,
0.883193,0.43645,,,
0.886233,0.436193,,,
0.889283,0.432438,,,
0.892344,0.429792,,,
0.895416,0.424577,,,
0.898498,0.42484,,,
0.901591,0.419641,,,
0.904695,0.41497,,,
0.907809,0.417106,,,
0.910934,0.412989,,,
0.914069,0.41177,,,
0.917216,0.409469,,,
0.920373,0.405847,,,
0.923541,0.406725,,,
0.92672,0.401041,,,
0.92991,0.397735,,,
0.933111,0.394843,,,
0.936323,0.391059,,,
0.939546,0.390474,,,
0.94278,0.389306,,,
0.946026,0.387563,,,
0.949282,0.386752,,,
0.95255,0.385112,,,
0.955829,0.382364,,,
0.959119,0.380407,,,
0.96242,0.378799,,,
0.965733,0.373651,,,
0.969057,0.375794,,,
0.972393,0.373851,,,
0.97574,0.367888,,,
0.979099,0.366399,,,
0.982469,0.366177,,,
0.985851,0.371118,,,
0.989245,0.357556,,,
0.99265,0.358877,,,
0.996067,0.357709,,,
0.999495,0.359168,,,
1.00294,0.360782,,,
1.00639,0.358195,,,
1.00985,0.354546,,,
1.01333,0.349449,,,
1.01682,0.35381,,,
1.02032,0.343193,,,
1.02383,0.343119,,,
1.02735,0.341096,,,
1.03089,0.339646,,,
1.03444,0.339047,,,
1.038,0.33393,,,
1.04157,0.339607,,,
1.04516,0.335501,,,
1.04876,0.334624,,,
1.05237,0.325928,,,
1.05599,0.324223,,,
1.05962,0.327182,,,
1.06327,0.329801,,,
1.06693,0.324482,,,
1.0706,0.322557,,,
1.07429,0.320523,,,
1.07799,0.321311,,,
1.0817,0.31689,,,
1.08542,0.316312,,,
1.08916,0.313751,,,
1.09291,0.315318,,,
1.09667,0.310458,,,
1.10044,0.308998,,,
1.10423,0.307392,,,
1.10803,0.310208,,,
1.11185,0.302092,,,
1.11567,0.302823,,,
1.11951,0.303455,,,
1.12337,0.300206,,,
1.12723,0.299731,,,
1.13111,0.299104,,,
1.13501,0.301315,,,
1.13891,0.294304,,,
1.14283,0.290202,,,
1.14677,0.292206,,,
1.15072,0.289731,,,
1.15468,0.292135,,,
1.15865,0.292424,,,
1.16264,0.288,,,
1.16664,0.287536,,,
1.17066,0.28597,,,
1.17469,0.288522,,,
1.17873,0.281807,,,
1.18279,0.288252,,,
1.18686,0.282485,,,
1.19095,0.277913,,,
1.19505,0.280381,,,
1.19916,0.279956,,,
1.20329,0.275703,,,
1.20743,0.274779,,,
1.21158,0.279161,,,
1.21576,0.270776,,,
1.21994,0.271731,,,
1.22414,0.27298,,,
1.22835,0.270472,,,
1.23258,0.268066,,,
1.23682,0.271168,,,
1.24108,0.27226,,,
1.24535,0.267027,,,
1.24964,0.26628,,,
1.25394,0.264461,,,
1.25826,0.261511,,,
1.26259,0.264329,,,
1.26694,0.261181,,,
1.2713,0.261208,,,
1.27567,0.257042,,,
1.28006,0.257963,,,
1.28447,0.255977,,,
1.28889,0.255038,,,
1.29333,0.25759,,,
1.29778,0.254026,,,
1.30225,0.251934,,,
1.30673,0.251121,,,
1.31123,0.251211,,,
1.31574,0.249004,,,
1.32027,0.248678,,,
1.32482,0.247287,,,
1.32938,0.245802,,,
1.33395,0.246748,,,
1.33854,0.242162,,,
1.34315,0.244063,,,
1.34777,0.24493,,,
1.35241,0.242326,,,
1.35707,0.240893,,,
1.36174,0.240764,,,
1.36643,0.243951,,,
1.37113,0.242732,,,
1.37585,0.236527,,,
1.38059,0.23554,,,
1.38534,0.234269,,,
1.39011,0.237013,,,
1.39489,0.237625,,,
1.3997,0.237937,,,
1.40451,0.233702,,,
1.40935,0.238015,,,
1.4142,0.233828,,,
1.41907,0.23274,,,
1.42395,0.230272,,,
1.42885,0.230562,,,
1.43377,0.228259,,,
1.43871,0.227588,,,
1.44366,0.231828,,,
1.44863,0.227492,,,
1.45362,0.226347,,,
1.45862,0.22521,,,
1.46364,0.223734,,,
1.46868,0.227023,,,
1.47373,0.221227,,,
1.47881,0.221509,,,
1.4839,0.222796,,,
1.48901,0.219208,,,
1.49413,0.218697,,,
1.49927,0.217075,,,
1.50443,0.222873,,,
1.50961,0.22023,,,
1.51481,0.214541,,,
1.52002,0.216705,,,
1.52526,0.214602,,,
1.53051,0.212236,,,
1.53577,0.214019,,,
1.54106,0.215291,,,
1.54637,0.214296,,,
1.55169,0.208654,,,
1.55703,0.212814,,,
1.56239,0.211137,,,
1.56777,0.208681,,,
1.57316,0.203632,,,
1.57858,0.204101,,,
1.58401,0.206857,,,
1.58947,0.208221,,,
1.59494,0.203869,,,
1.60043,0.201963,,,
1.60594,0.20092,,,
1.61146,0.200322,,,
1.61701,0.20067,,,
1.62258,0.197351,,,
1.62816,0.201533,,,
1.63377,0.19717,,,
1.63939,0.195387,,,
1.64503,0.194808,,,
1.6507,0.194168,,,
1.65638,0.194748,,,
1.66208,0.192784,,,
1.6678,0.191266,,,
1.67354,0.189033,,,
1.6793,0.190826,,,
1.68508,0.189514,,,
1.69088,0.190868,,,
1.69671,0.188649,,,
1.70255,0.188588,,,
1.70841,0.183847,,,
1.71429,0.186142,,,
1.72019,0.186816,,,
1.72611,0.182075,,,
1.73205,0.180458,,,
1.73801,0.182994,,,
1.744,0.179395,,,
1.75,0.18076,,,
1.75602,0.177849,,,
1.76207,0.17872,,,
1.76813,0.176846,,,
1.77422,0.175098,,,
1.78033,0.174013,,,
1.78645,0.174637,,,
1.7926,0.1717,,,
1.79877,0.173232,,,
1.80497,0.171509,,,
1.81118,0.172041,,,
1.81741,0.167667,,,
1.82367,0.169057,,,
1.82995,0.16588,,,
1.83625,0.166989,,,
1.84257,0.168091,,,
1.84891,0.166321,,,
1.85527,0.167601,,,
1.86166,0.163856,,,
1.86807,0.163248,,,
1.8745,0.163872,,,
1.88095,0.159335,,,
1.88743,0.164758,,,
1.89392,0.160322,,,
1.90044,0.157697,,,
1.90698,0.157422,,,
1.91355,0.159506,,,
1.92014,0.157244,,,
1.92674,0.157194,,,
1.93338,0.158317,,,
1.94003,0.154071,,,
1.94671,0.155382,,,
1.95341,0.153676,,,
1.96014,0.153793,,,
1.96688,0.149682,,,
1.97365,0.149118,,,
1.98045,0.151166,,,
1.98726,0.149726,,,
1.9941,0.148401,,,
2.00097,0.147529,,,
2.00786,0.14445,,,
2.01477,0.146491,,,
2.0217,0.146639,,,
2.02866,0.140685,,,
2.03565,0.141768,,,
2.04265,0.142517,,,
2.04968,0.142454,,,
2.05674,0.140753,,,
2.06382,0.141559,,,
2.07092,0.139082,,,
2.07805,0.140477,,,
2.08521,0.139976,,,
2.09238,0.138756,,,
2.09959,0.136677,,,
2.10681,0.136539,,,
2.11406,0.138217,,,
2.12134,0.134922,,,
2.12864,0.136825,,,
2.13597,0.134019,,,
2.14332,0.12971,,,
2.1507,0.132385,,,
2.1581,0.127085,,,
2.16553,0.131823,,,
2.17299,0.13225,,,
2.18047,0.131006,,,
2.18797,0.129346,,,
2.19551,0.128963,,,
2.20306,0.126521,,,
2.21065,0.12751,,,
2.21826,0.12546,,,
2.22589,0.127479,,,
2.23355,0.124483,,,
2.24124,0.123611,,,
2.24896,0.121011,,,
2.2567,0.124662,,,
2.26447,0.119306,,,
2.27226,0.122663,,,
2.28008,0.120642,,,
2.28793,0.118482,,,
2.29581,0.121578,,,
2.30371,0.117126,,,
2.31164,0.118175,,,
2.3196,0.119051,,,
2.32758,0.119615,,,
2.33559,0.116714,,,
2.34363,0.116442,,,
2.3517,0.11658,,,
2.3598,0.114863,,,
2.36792,0.11494,,,
2.37607,0.114279,,,
2.38425,0.114971,,,
2.39245,0.11382,,,
2.40069,0.117001,,,
2.40895,0.110039,,,
2.41725,0.112254,,,
2.42557,0.111934,,,
2.43392,0.110743,,,
2.44229,0.10945,,,
2.4507,0.10865,,,
2.45914,0.109993,,,
2.4676,0.106762,,,
2.4761,0.109365,,,
2.48462,0.106026,,,
2.49317,0.106446,,,
2.50175,0.107367,,,
2.51037,0.10502,,,
2.51901,0.105635,,,
2.52768,0.104362,,,
2.53638,0.104355,,,
2.54511,0.102876,,,
2.55387,0.100667,,,
2.56266,0.102327,,,
2.57148,0.0998935,,,
2.58033,0.100136,,,
2.58922,0.101327,,,
2.59813,0.0988252,,,
2.60707,0.0999411,,,
2.61605,0.100715,,,
2.62505,0.0985962,,,
2.63409,0.0968898,,,
2.64315,0.095778,,,
2.65225,0.0966087,,,
2.66138,0.0964849,,,
2.67054,0.0959358,,,
2.67974,0.0948066,,,
2.68896,0.0970921,,,
2.69822,0.0977718,,,
2.7075,0.0919357,,,
2.71682,0.0918941,,,
2.72618,0.0926083,,,
2.73556,0.0924618,,,
2.74498,0.0911961,,,
2.75443,0.0905295,,,
2.76391,0.0909661,,,
2.77342,0.0913824,,,
2.78297,0.0918168,,,
2.79255,0.0909825,,,
2.80216,0.0876017,,,
2.81181,0.0879102,,,
2.82148,0.0882013,,,
2.8312,0.0863597,,,
2.84094,0.089536,,,
2.85072,0.0897853,,,
2.86053,0.0867027,,,
2.87038,0.0851526,,,
2.88026,0.083444,,,
2.89018,0.0838419,,,
2.90012,0.0850062,,,
2.91011,0.0850418,,,
2.92013,0.0848143,,,
2.93018,0.0838766,,,
2.94026,0.081844,,,
2.95038,0.0812485,,,
2.96054,0.0830622,,,
2.97073,0.0821191,,,
2.98096,0.0814081,,,
2.99122,0.0817538,,,
3.00151,0.081835,,,
3.01185,0.0787144,,,
3.02221,0.0775624,,,
3.03262,0.0798276,,,
3.04306,0.0771797,,,
3.05353,0.0789301,,,
3.06404,0.0762557,,,
3.07459,0.0771596,,,
3.08517,0.0777876,,,
3.09579,0.076125,,,
3.10645,0.0739436,,,
3.11714,0.0746902,,,
3.12787,0.0745519,,,
3.13864,0.0742222,,,
3.14944,0.0735788,,,
3.16028,0.0749885,,,
3.17116,0.0723265,,,
3.18208,0.0730108,,,
3.19303,0.0749435,,,
3.20402,0.072916,,,
3.21505,0.0728845,,,
3.22612,0.0721239,,,
3.23722,0.0709825,,,
3.24837,0.0703861,,,
3.25955,0.0717145,,,
3.27077,0.0703472,,,
3.28203,0.0684084,,,
3.29332,0.0702236,,,
3.30466,0.0674791,,,
3.31604,0.0676124,,,
3.32745,0.0692783,,,
3.3389,0.0695452,,,
3.3504,0.0701095,,,
3.36193,0.0665246,,,
3.3735,0.0670588,,,
3.38512,0.0659245,,,
3.39677,0.0676571,,,
3.40846,0.0644515,,,
3.42019,0.0657754,,,
3.43197,0.065846,,,
3.44378,0.0655713,,,
3.45563,0.0650349,,,
3.46753,0.0657645,,,
3.47947,0.0665971,,,
3.49144,0.0635878,,,
3.50346,0.064326,,,
3.51552,0.0635618,,,
3.52762,0.0632167,,,
3.53976,0.0626661,,,
3.55195,0.0624773,,,
3.56418,0.0607343,,,
3.57644,0.062931,,,
3.58876,0.0620502,,,
3.60111,0.0615552,,,
3.6135,0.059594,,,
3.62594,0.0617217,,,
3.63842,0.0592287,,,
3.65095,0.058762,,,
3.66352,0.0604502,,,
3.67613,0.0594593,,,
3.68878,0.0601463,,,
3.70148,0.0575195,,,
3.71422,0.0576921,,,
3.72701,0.0571392,,,
3.73983,0.055059,,,
3.75271,0.0571292,,,
3.76563,0.0569727,,,
3.77859,0.058444,,,
3.79159,0.0560581,,,
3.80465,0.0544549,,,
3.81774,0.0542759,,,
3.83088,0.0560325,,,
3.84407,0.0558476,,,
3.8573,0.0534566,,,
3.87058,0.0536683,,,
3.8839,0.0543243,,,
3.89727,0.0545751,,,
3.91069,0.0552546,,,
3.92415,0.0516479,,,
3.93766,0.0534438,,,
3.95121,0.0526514,,,
3.96481,0.052767,,,
3.97846,0.0510998,,,
3.99216,0.0506442,,,
4.0059,0.0520679,,,
4.01969,0.0521879,,,
4.03352,0.0504647,,,
4.04741,0.0508216,,,
4.06134,0.0493629,,,
4.07532,0.0510355,,,
4.08935,0.0499299,,,
4.10342,0.050877,,,
4.11755,0.0506956,,,
4.13172,0.0485917,,,
4.14595,0.049915,,,
4.16022,0.0484021,,,
4.17454,0.0494199,,,
4.18891,0.0486826,,,
4.20333,0.0482648,,,
4.21779,0.0464262,,,
4.23231,0.0469591,,,
4.24688,0.0468142,,,
4.2615,0.0456402,,,
4.27617,0.0469067,,,
4.29089,0.0467461,,,
4.30566,0.0460241,,,
4.32048,0.0468512,,,
4.33535,0.0461832,,,
4.35028,0.0441781,,,
4.36525,0.045774,,,
4.38028,0.0451532,,,
4.39535,0.0447303,,,
4.41048,0.0445582,,,
4.42567,0.043849,,,
4.4409,0.0431379,,,
4.45619,0.0435225,,,
4.47153,0.0424674,,,
4.48692,0.0427991,,,
4.50236,0.0426002,,,
4.51786,0.0430956,,,
4.53341,0.0414761,,,
4.54902,0.04124,,,
4.56468,0.0418287,,,
4.58039,0.0414507,,,
4.59616,0.0418104,,,
4.61198,0.0404773,,,
4.62785,0.0406997,,,
4.64378,0.0421591,,,
4.65977,0.0403584,,,
4.67581,0.03842,,,
4.6919,0.0388786,,,
4.70805,0.0404834,,,
4.72426,0.0386618,,,
4.74052,0.0406634,,,
4.75684,0.0400054,,,
4.77321,0.0394275,,,
4.78964,0.0393568,,,
4.80613,0.0386397,,,
4.82268,0.0380976,,,
4.83928,0.0376524,,,
4.85593,0.038215,,,
4.87265,0.0388103,,,
4.88942,0.0372514,,,
4.90625,0.0367812,,,
4.92314,0.0372495,,,
4.94009,0.0363452,,,
4.95709,0.0372491,,,
4.97416,0.0366843,,,
4.99128,0.035754,,,
5.00846,0.0366215,,,
5.0257,0.0366174,,,
5.043,0.0353751,,,
5.06036,0.0355161,,,
5.07778,0.0348908,,,
5.09526,0.0354542,,,
5.11279,0.0333708,,,
5.13039,0.0333704,,,
5.14805,0.0338228,,,
5.16578,0.0332214,,,
5.18356,0.0327207,,,
5.2014,0.033072,,,
5.2193,0.0322741,,,
5.23727,0.0324918,,,
5.2553,0.0312671,,,
5.27339,0.0327311,,,
5.29154,0.032455,,,
5.30976,0.0315534,,,
5.32803,0.0312139,,,
5.34637,0.0329735,,,
5.36478,0.0316139,,,
5.38324,0.0310766,,,
5.40177,0.0305585,,,
5.42037,0.0308183,,,
5.43903,0.0293875,,,
5.45775,0.0304954,,,
5.47653,0.0306086,,,
5.49539,0.0305743,,,
5.5143,0.0295498,,,
5.53328,0.0302704,,,
5.55233,0.0300385,,,
5.57144,0.0298609,,,
5.59062,0.0295659,,,
5.60987,0.0280013,,,
5.62918,0.0288797,,,
5.64855,0.0275552,,,
5.668,0.0289312,,,
5.68751,0.0267331,,,
5.70708,0.0273682,,,
5.72673,0.0266516,,,
5.74644,0.0270965,,,
5.76622,0.0273883,,,
5.78607,0.0270007,,,
5.80599,0.0263509,,,
5.82597,0.0259276,,,
5.84603,0.0268691,,,
5.86615,0.0261026,,,
5.88634,0.0260366,,,
5.90661,0.0253163,,,
5.92694,0.0263255,,,
5.94734,0.0261703,,,
5.96781,0.024769,,,
5.98836,0.0250055,,,
6.00897,0.0251453,,,
6.02965,0.0246406,,,
6.05041,0.0245628,,,
6.07124,0.0242013,,,
6.09213,0.0237756,,,
6.1131,0.0235964,,,
6.13415,0.0242738,,,
6.15526,0.024087,,,
6.17645,0.0232519,,,
6.19771,0.023397,,,
6.21904,0.0236744,,,
6.24045,0.022574,,,
6.26193,0.0224669,,,
6.28349,0.0228292,,,
6.30512,0.0216908,,,
6.32682,0.0224962,,,
6.3486,0.0219031,,,
6.37045,0.0217357,,,
6.39238,0.0217039,,,
6.41439,0.0220436,,,
6.43647,0.0216559,,,
6.45862,0.0207749,,,
6.48085,0.021971,,,
6.50316,0.0206174,,,
6.52555,0.0207144,,,
6.54801,0.019756,,,
6.57055,0.0204811,,,
6.59317,0.0202311,,,
6.61586,0.0210427,,,
6.63863,0.0199861,,,
6.66149,0.0192364,,,
6.68442,0.0198605,,,
6.70743,0.0197069,,,
6.73051,0.0195768,,,
6.75368,0.0189524,,,
6.77693,0.0196754,,,
6.80026,0.0189828,,,
6.82367,0.0185742,,,
6.84715,0.0179739,,,
6.87072,0.0178698,,,
6.89437,0.017721,,,
6.91811,0.0171302,,,
6.94192,0.0178225,,,
6.96582,0.0176549,,,
6.98979,0.0171835,,,
7.01385,0.0172483,,,
7.038,0.0173098,,,
7.06222,0.0174405,,,
7.08653,0.0176993,,,
7.11093,0.0164073,,,
7.13541,0.016536,,,
7.15997,0.0168327,,,
7.18461,0.0166731,,,
7.20934,0.0143454,,,
7.23416,0.0156325,,,
7.25906,0.0155328,,,
7.28405,0.0159309,,,
7.30912,0.0155914,,,
7.33428,0.0150312,,,
7.35953,0.0147911,,,
7.38486,0.0146905,,,
7.41028,0.0145108,,,
7.43579,0.0143414,,,
7.46139,0.0151242,,,
7.48707,0.0145436,,,
7.51284,0.0140712,,,
7.5387,0.0137861,,,
7.56465,0.0134165,,,
7.59069,0.0135274,,,
7.61682,0.0127509,,,
7.64304,0.0131943,,,
7.66935,0.0127287,,,
7.69575,0.0135933,,,
7.72224,0.0122867,,,
7.74882,0.0128307,,,
7.77549,0.0122565,,,
7.80226,0.0122985,,,
7.82912,0.0125818,,,
7.85607,0.011722,,,
7.88311,0.0125198,,,
7.91024,0.0110469,,,
7.93747,0.0118155,,,
7.96479,0.0115063,,,
7.99221,0.0111787,,,
8.01972,0.0109364,,,
8.04733,0.0112607,,,
8.07503,0.010987,,,
8.10283,0.0100039,,,
8.13072,0.0104725,,,
8.1587,0.0110441,,,
8.18679,0.0104724,,,
8.21497,0.0101974,,,
8.24325,0.010065,,,
8.27162,0.00966736,,,
8.3001,0.0102145,,,
8.32867,0.00993809,,,
8.35734,0.0096731,,,
8.3861,0.00962362,,,
8.41497,0.00878431,,,
8.44394,0.00841792,,,
8.473,0.00941654,,,
8.50217,0.00949376,,,
8.53143,0.00834436,,,
8.5608,0.00851648,,,
8.59027,0.00855472,,,
8.61984,0.00792221,,,
8.64951,0.0081117,,,
8.67928,0.0078595,,,
8.70916,0.00834585,,,
8.73914,0.00785518,,,
8.76922,0.0073811,,,
8.79941,0.00739364,,,
8.8297,0.00704499,,,
8.86009,0.00717217,,,
8.89059,0.00699705,,,
8.92119,0.00756155,,,
8.9519,0.00730177,,,
8.98272,0.0067717,,,
9.01364,0.00724494,,,
9.04466,0.00638218,,,
9.0758,0.00662778,,,
9.10704,0.00675872,,,
9.13839,0.00644796,,,
9.16984,0.00646745,,,
9.20141,0.00619971,,,
9.23308,0.0059348,,,
9.26486,0.00590065,,,
9.29676,0.00596819,,,
9.32876,0.00546214,,,
9.36087,0.00499229,,,
9.39309,0.00555534,,,
9.42542,0.00513066,,,
9.45787,0.00493301,,,
9.49042,0.00502032,,,
9.52309,0.00509482,,,
9.55587,0.00478321,,,
9.58877,0.00468708,,,
9.62177,0.00463003,,,
9.65489,0.00451778,,,
9.68813,0.00454496,,,
9.72148,0.00435931,,,
9.75494,0.00415286,,,
9.78852,0.00426701,,,
9.82221,0.00415693,,,
9.85602,0.00367212,,,
9.88995,0.00379775,,,
9.92399,0.0037454,,,
9.95816,0.00412134,,,
9.99243,0.00356597,,,
10.0268,0.0035509,,,
10.0613,0.00338758,,,
10.096,0.00336921,,,
10.1307,0.00333832,,,
10.1656,0.00305442,,,
10.2006,0.00286521,,,
10.2357,0.00283184,,,
10.2709,0.00290764,,,
10.3063,0.00292103,,,
10.3418,0.00297516,,,
10.3774,0.0029251,,,
10.4131,0.00264803,,,
10.4489,0.00247129,,,
10.4849,0.00256038,,,
10.521,0.00283911,,,
10.5572,0.00251452,,,
10.5936,0.00223841,,,
10.63,0.00230311,,,
10.6666,0.00242612,,,
10.7033,0.00238177,,,
10.7402,0.0022917,,,
10.7771,0.00206248,,,
10.8142,0.00212953,,,
10.8515,0.00178427,,,
10.8888,0.00193786,,,
10.9263,0.00204313,,,
10.9639,0.00177246,,,
11.0016,0.00196434,,,
11.0395,0.00179906,,,
11.0775,0.00205441,,,
11.1156,0.00163798,,,
11.1539,0.0017154,,,
11.1923,0.00157077,,,
11.2308,0.00143217,,,
11.2695,0.00152584,,,
11.3083,0.00160919,,,
11.3472,0.0015175,,,
11.3863,0.00123953,,,
11.4255,0.00122309,,,
11.4648,0.00121083,,,
11.5043,0.00122735,,,
11.5439,0.00140932,,,
11.5836,0.00130233,,,
11.6235,0.00105009,,,
11.6635,0.00122482,,,
11.7036,0.00119693,,,
11.7439,0.00121836,,,
11.7843,0.0010681,,,
11.8249,0.000897155,,,
11.8656,0.0010368,,,
11.9065,0.00114135,,,
11.9474,0.000938933,,,
11.9886,0.00084103,,,
12.0298,0.000881431,,,
12.0712,0.000879689,,,
12.1128,0.000672333,,,
12.1545,0.000785792,,,
12.1963,0.000832258,,,
12.2383,0.000789262,,,
12.2804,0.000866712,,,
12.3227,0.00071031,,,
12.3651,0.000659108,,,
12.4077,0.000672254,,,
12.4504,0.000740515,,,
12.4933,0.000723982,,,
12.5363,0.000787516,,,
12.5794,0.000705001,,,
12.6227,0.000730755,,,
12.6662,0.000772743,,,
12.7098,0.000565696,,,
12.7535,0.000548126,,,
12.7974,0.000574488,,,
12.8415,0.000470261,,,
12.8857,0.000618269,,,
12.93,0.000590446,,,
12.9745,0.000519724,,,
13.0192,0.000509112,,,
13.064,0.00041489,,,
13.109,0.000575722,,,
13.1541,0.000526969,,,
13.1994,0.000524256,,,
13.2448,0.000460813,,,
13.2904,0.000419447,,,
13.3362,0.000399884,,,
13.3821,0.000371507,,,
13.4281,0.000274705,,,
13.4743,0.000368944,,,
13.5207,0.000368963,,,
13.5673,0.000360764,,,
13.614,0.00031479,,,
13.6608,0.000361393,,,
13.7079,0.000330411,,,
13.755,0.000257389,,,
13.8024,0.000303157,,,
13.8499,0.000322176,,,
13.8976,0.000285382,,,
13.9454,0.000254232,,,
13.9934,0.000197289,,,
14.0416,0.000320908,,,
14.0899,0.000229618,,,
14.1384,0.000253379,,,
14.1871,0.000193597,,,
14.2359,0.000261587,,,
14.2849,0.000243173,,,
14.3341,0.000149496,,,
14.3834,0.000250885,,,
14.433,0.000184887,,,
14.4826,0.000184228,,,
14.5325,0.00020332,,,
14.5825,0.000182428,,,
14.6327,0.000199817,,,
14.6831,0.000169816,,,
14.7336,0.000234024,,,
14.7843,0.000223856,,,
14.8352,0.00017731,,,
14.8863,0.000167911,,,
14.9375,0.000182905,,,
14.989,0.000134546,,,
15.0406,0.000182065,,,
15.0923,0.000153153,,,
15.1443,0.000198963,,,
15.1964,0.000146433,,,
15.2487,0.000150733,,,
15.3012,0.000132487,,,
15.3539,0.000114352,,,
15.4067,0.0001185,,,
15.4598,0.000139632,,,
15.513,0.000130612,,,
15.5664,0.000126951,,,
15.62,9.77E-05,,,
15.6737,0.000134479,,,
15.7277,0.000192687,,,
15.7818,0.000162718,,,
15.8361,0.000122118,,,
15.8907,0.000127086,,,
15.9454,0.000121004,,,
16.0002,0.000110774,,,
16.0553,0.000122433,,,
16.1106,0.000102146,,,
16.166,0.000121218,,,
16.2217,0.000112419,,,
16.2775,0.000109037,,,
16.3336,9.19E-05,,,
16.3898,0.000115527,,,
16.4462,0.000108993,,,
16.5028,0.000105037,,,
16.5596,8.90E-05,,,
16.6166,6.99E-05,,,
16.6738,9.51E-05,,,
16.7312,9.52E-05,,,
16.7888,8.35E-05,,,
16.8466,9.27E-05,,,
16.9046,8.40E-05,,,
16.9628,7.35E-05,,,
17.0212,8.29E-05,,,
17.0798,7.17E-05,,,
17.1385,7.25E-05,,,
17.1975,6.24E-05,,,
17.2567,9.05E-05,,,
17.3161,7.11E-05,,,
17.3757,9.74E-05,,,
17.4356,7.99E-05,,,
17.4956,6.04E-05,,,
17.5558,6.08E-05,,,
17.6162,5.91E-05,,,
17.6769,6.84E-05,,,
17.7377,5.79E-05,,,
17.7988,5.90E-05,,,
17.86,6.59E-05,,,
17.9215,5.61E-05,,,
17.9832,7.57E-05,,,
18.0451,6.53E-05,,,
18.1072,5.47E-05,,,
18.1696,5.38E-05,,,
18.2321,8.20E-05,,,
18.2949,8.07E-05,,,
18.3578,5.33E-05,,,
18.421,5.29E-05,,,
18.4844,6.16E-05,,,
18.5481,5.21E-05,,,
18.6119,5.98E-05,,,
18.676,5.06E-05,,,
18.7403,5.13E-05,,,
18.8048,5.02E-05,,,
18.8695,7.77E-05,,,
18.9345,4.88E-05,,,
18.9996,4.97E-05,,,
19.065,4.88E-05,,,
19.1307,5.72E-05,,,
19.1965,4.83E-05,,,
19.2626,4.75E-05,,,
19.3289,4.70E-05,,,
19.3954,5.64E-05,,,
19.4622,5.54E-05,,,
19.5292,4.64E-05,,,
19.5964,4.57E-05,,,
19.6639,4.55E-05,,,
19.7316,4.56E-05,,,
19.7995,4.40E-05,,,
19.8676,4.41E-05,,,
19.936,4.49E-05,,,
20.0046,4.39E-05,,,
20.0735,4.29E-05,,,
20.1426,4.27E-05,,,
20.2119,4.29E-05,,,
20.2815,4.22E-05,,,
20.3513,4.19E-05,,,
20.4214,4.15E-05,,,
20.4917,4.15E-05,,,
20.5622,4.06E-05,,,
20.633,4.07E-05,,,
20.704,4.05E-05,,,
20.7753,4.87E-05,,,
20.8468,3.97E-05,,,
20.9186,3.97E-05,,,
20.9906,3.90E-05,,,
21.0628,4.75E-05,,,
21.1353,3.83E-05,,,
21.2081,3.83E-05,,,
21.2811,3.73E-05,,,
21.3543,3.74E-05,,,
21.4278,3.72E-05,,,
21.5016,3.67E-05,,,
21.5756,3.73E-05,,,
21.6499,3.59E-05,,,
21.7244,3.59E-05,,,
21.7992,4.50E-05,,,
21.8742,3.54E-05,,,
21.9495,3.49E-05,,,
22.0251,3.52E-05,,,
22.1009,3.52E-05,,,
22.177,3.45E-05,,,
22.2533,3.43E-05,,,
22.3299,3.37E-05,,,
22.4068,3.34E-05,,,
22.4839,3.33E-05,,,
22.5613,3.37E-05,,,
22.6389,3.26E-05,,,
22.7169,3.24E-05,,,
22.7951,3.21E-05,,,
22.8735,3.19E-05,,,
22.9523,3.18E-05,,,
23.0313,3.13E-05,,,
23.1106,3.11E-05,,,
23.1901,3.08E-05,,,
23.2699,3.07E-05,,,
23.35,3.07E-05,,,
23.4304,3.05E-05,,,
23.5111,2.99E-05,,,
23.592,2.99E-05,,,
23.6732,3.02E-05,,,
23.7547,2.92E-05,,,
23.8365,2.93E-05,,,
23.9185,2.91E-05,,,
24.0008,2.89E-05,,,
24.0835,2.84E-05,,,
24.1664,2.82E-05,,,
24.2496,2.83E-05,,,
24.333,2.76E-05,,,
24.4168,2.80E-05,,,
24.5008,2.74E-05,,,
24.5852,2.73E-05,,,
24.6698,2.69E-05,,,
24.7547,2.68E-05,,,
24.8399,2.67E-05,,,
24.9254,2.66E-05,,,
25.0112,2.65E-05,,,
25.0973,2.61E-05,,,
25.1837,2.61E-05,,,
25.2704,2.56E-05,,,
25.3574,2.54E-05,,,
25.4447,2.53E-05,,,
25.5323,2.54E-05,,,
25.6202,2.47E-05,,,
25.7083,2.46E-05,,,
25.7968,2.46E-05,,,
25.8856,2.43E-05,,,
25.9747,2.44E-05,,,
26.0641,2.40E-05,,,
26.1539,2.40E-05,,,
26.2439,2.35E-05,,,
26.3342,2.38E-05,,,
26.4249,2.31E-05,,,
26.5158,2.34E-05,,,
26.6071,2.29E-05,,,
26.6987,2.28E-05,,,
26.7906,2.27E-05,,,
26.8828,2.24E-05,,,
26.9754,2.22E-05,,,
27.0682,2.22E-05,,,
27.1614,2.21E-05,,,
27.2549,2.20E-05,,,
27.3487,2.19E-05,,,
27.4428,2.19E-05,,,
27.5373,2.16E-05,,,
27.6321,2.14E-05,,,
27.7272,2.09E-05,,,
27.8227,2.09E-05,,,
27.9184,2.10E-05,,,
28.0145,2.07E-05,,,
28.111,2.06E-05,,,
28.2077,2.04E-05,,,
28.3048,2.05E-05,,,
28.4023,2.02E-05,,,
28.5,1.99E-05,,,
28.5981,1.98E-05,,,
28.6966,1.97E-05,,,
28.7954,1.96E-05,,,
28.8945,1.97E-05,,,
28.9939,1.95E-05,,,
29.0937,1.92E-05,,,
29.1939,1.93E-05,,,
29.2944,1.90E-05,,,
29.3952,1.91E-05,,,
29.4964,1.86E-05,,,
29.5979,1.87E-05,,,
29.6998,1.83E-05,,,
29.802,1.86E-05,,,
29.9046,1.83E-05,,,
30.0076,1.82E-05,,,
30.1109,1.80E-05,,,
30.2145,1.79E-05,,,
30.3185,1.80E-05,,,
30.4229,1.77E-05,,,
30.5276,1.74E-05,,,
30.6327,1.76E-05,,,
30.7381,1.73E-05,,,
30.8439,1.70E-05,,,
30.9501,1.73E-05,,,
31.0566,1.68E-05,,,
31.1636,1.69E-05,,,
31.2708,1.66E-05,,,
31.3785,1.67E-05,,,
31.4865,1.66E-05,,,
31.5949,1.65E-05,,,
31.7036,1.64E-05,,,
31.8128,1.62E-05,,,
31.9223,1.62E-05,,,
32.0321,1.60E-05,,,
32.1424,1.59E-05,,,
32.253,1.58E-05,,,
32.3641,1.57E-05,,,
32.4755,1.57E-05,,,
32.5873,1.56E-05,,,
32.6994,1.55E-05,,,
32.812,1.50E-05,,,
32.9249,1.53E-05,,,
33.0383,1.50E-05,,,
33.152,1.54E-05,,,
33.2661,1.49E-05,,,
33.3806,1.49E-05,,,
33.4955,1.49E-05,,,
33.6108,1.46E-05,,,
33.7265,1.45E-05,,,
33.8426,1.44E-05,,,
33.9591,1.45E-05,,,
34.076,1.44E-05,,,
34.1933,1.43E-05,,,
34.311,1.40E-05,,,
34.4291,1.38E-05,,,
34.5476,1.37E-05,,,
34.6665,1.39E-05,,,
34.7859,1.36E-05,,,
34.9056,1.37E-05,,,
35.0258,1.34E-05,,,
35.1463,1.35E-05,,,
35.2673,1.34E-05,,,
35.3887,1.33E-05,,,
35.5105,1.33E-05,,,
35.6328,1.33E-05,,,
35.7554,1.31E-05,,,
35.8785,1.29E-05,,,
36.002,1.27E-05,,,
36.1259,1.31E-05,,,
36.2503,1.28E-05,,,
36.3751,1.26E-05,,,
36.5003,1.27E-05,,,
36.6259,1.26E-05,,,
36.752,1.23E-05,,,
36.8785,1.25E-05,,,
37.0054,1.23E-05,,,
37.1328,1.22E-05,,,
37.2606,1.22E-05,,,
37.3889,1.20E-05,,,
37.5176,1.19E-05,,,
37.6468,1.20E-05,,,
37.7763,1.19E-05,,,
37.9064,1.16E-05,,,
38.0369,1.15E-05,,,
38.1678,1.17E-05,,,
38.2992,1.15E-05,,,
38.431,1.14E-05,,,
38.5633,1.13E-05,,,
38.696,1.11E-05,,,
38.8292,1.11E-05,,,
38.9629,1.11E-05,,,
39.097,1.12E-05,,,
39.2316,1.10E-05,,,
39.3666,1.08E-05,,,
39.5022,1.07E-05,,,
39.6381,1.08E-05,,,
39.7746,1.07E-05,,,
39.9115,1.06E-05,,,
40.0489,1.07E-05,,,
40.1867,1.05E-05,,,
40.3251,1.04E-05,,,
40.4639,1.03E-05,,,
40.6032,1.03E-05,,,
40.7429,1.02E-05,,,
40.8832,1.02E-05,,,
41.0239,1.01E-05,,,
41.1651,1.01E-05,,,
41.3068,9.88E-06,,,
41.449,9.74E-06,,,
41.5917,9.75E-06,,,
41.7348,9.67E-06,,,
41.8785,9.81E-06,,,
42.0227,9.54E-06,,,
42.1673,9.67E-06,,,
42.3125,9.46E-06,,,
42.4581,9.42E-06,,,
42.6043,9.22E-06,,,
42.7509,9.33E-06,,,
42.8981,9.29E-06,,,
43.0457,9.04E-06,,,
43.1939,9.06E-06,,,
43.3426,8.91E-06,,,
43.4918,9.07E-06,,,
43.6415,8.79E-06,,,
43.7917,8.74E-06,,,
43.9425,8.87E-06,,,
44.0937,8.81E-06,,,
44.2455,8.58E-06,,,
44.3978,8.67E-06,,,
44.5506,8.60E-06,,,
44.704,8.47E-06,,,
44.8579,8.53E-06,,,
45.0123,8.27E-06,,,
45.1672,8.28E-06,,,
45.3227,8.19E-06,,,
45.4787,8.17E-06,,,
45.6353,7.97E-06,,,
45.7923,8.16E-06,,,
45.95,8.10E-06,,,
46.1081,7.73E-06,,,
46.2669,7.93E-06,,,
46.4261,7.92E-06,,,
46.5859,7.71E-06,,,
46.7463,7.62E-06,,,
46.9072,7.78E-06,,,
47.0687,7.76E-06,,,
47.2307,7.38E-06,,,
47.3933,7.51E-06,,,
47.5564,7.49E-06,,,
47.7201,7.28E-06,,,
47.8844,7.47E-06,,,
48.0492,7.32E-06,,,
48.2146,7.23E-06,,,
48.3806,7.11E-06,,,
48.5471,7.37E-06,,,
48.7142,7.00E-06,,,
48.8819,7.13E-06,,,
49.0501,7.08E-06,,,
49.219,6.94E-06,,,
49.3884,6.92E-06,,,
49.5584,6.73E-06,,,
49.729,6.85E-06,,,
49.9002,6.81E-06,,,
50.072,6.73E-06,,,
50.2443,6.71E-06,,,
50.4173,6.62E-06,,,
50.5908,6.52E-06,,,
50.765,6.45E-06,,,
50.9397,6.46E-06,,,
51.1151,6.32E-06,,,
51.291,6.51E-06,,,
51.4676,6.36E-06,,,
51.6447,6.20E-06,,,
51.8225,6.27E-06,,,
52.0009,6.22E-06,,,
52.1799,6.04E-06,,,
52.3595,6.11E-06,,,
52.5397,5.98E-06,,,
52.7206,5.97E-06,,,
52.9021,6.00E-06,,,
53.0842,5.87E-06,,,
53.2669,5.82E-06,,,
53.4502,5.87E-06,,,
53.6342,5.76E-06,,,
53.8188,5.83E-06,,,
54.0041,5.80E-06,,,
54.19,5.71E-06,,,
54.3765,5.67E-06,,,
54.5637,5.57E-06,,,
54.7515,5.59E-06,,,
54.94,5.51E-06,,,
55.1291,5.44E-06,,,
55.3189,5.37E-06,,,
55.5093,5.45E-06,,,
55.7004,5.41E-06,,,
55.8921,5.37E-06,,,
56.0845,5.40E-06,,,
56.2776,5.24E-06,,,
56.4713,5.25E-06,,,
56.6657,5.13E-06,,,
56.8607,5.12E-06,,,
57.0565,5.12E-06,,,
57.2529,5.06E-06,,,
57.4499,4.93E-06,,,
57.6477,5.01E-06,,,
57.8461,4.95E-06,,,
58.0452,5.03E-06,,,
58.245,4.94E-06,,,
58.4455,4.79E-06,,,
58.6467,4.70E-06,,,
58.8486,4.79E-06,,,
59.0512,4.74E-06,,,
59.2544,4.63E-06,,,
59.4584,4.67E-06,,,
59.6631,4.63E-06,,,
59.8684,4.58E-06,,,
60.0745,4.54E-06,,,
60.2813,4.43E-06,,,
60.4888,4.49E-06,,,
60.697,4.48E-06,,,
60.906,4.39E-06,,,
61.1156,4.37E-06,,,
61.326,4.28E-06,,,
61.5371,4.30E-06,,,
61.7489,4.18E-06,,,
61.9615,4.24E-06,,,
62.1748,4.14E-06,,,
62.3888,4.19E-06,,,
62.6035,4.16E-06,,,
62.819,4.13E-06,,,
63.0353,3.97E-06,,,
63.2522,4.01E-06,,,
63.47,3.96E-06,,,
63.6885,3.92E-06,,,
63.9077,3.87E-06,,,
64.1277,3.90E-06,,,
64.3484,3.75E-06,,,
64.5699,3.69E-06,,,
64.7922,3.67E-06,,,
65.0152,3.67E-06,,,
65.239,3.69E-06,,,
65.4636,3.56E-06,,,
65.6889,3.50E-06,,,
65.915,3.57E-06,,,
66.1419,3.57E-06,,,
66.3696,3.42E-06,,,
66.5981,3.41E-06,,,
66.8273,3.42E-06,,,
67.0573,3.38E-06,,,
67.2882,3.31E-06,,,
67.5198,3.21E-06,,,
67.7522,3.21E-06,,,
67.9854,3.17E-06,,,
68.2194,3.13E-06,,,
68.4543,3.14E-06,,,
68.6899,3.08E-06,,,
68.9264,3.04E-06,,,
69.1636,3.12E-06,,,
69.4017,3.04E-06,,,
69.6406,3.01E-06,,,
69.8803,2.98E-06,,,
70.1209,2.95E-06,,,
70.3622,2.88E-06,,,
70.6044,2.90E-06,,,
70.8475,2.79E-06,,,
71.0913,2.85E-06,,,
71.336,2.78E-06,,,
71.5816,2.69E-06,,,
71.828,2.71E-06,,,
72.0753,2.66E-06,,,
72.3234,2.58E-06,,,
72.5723,2.66E-06,,,
72.8221,2.67E-06,,,
73.0728,2.64E-06,,,
73.3243,2.54E-06,,,
73.5767,2.57E-06,,,
73.83,2.55E-06,,,
74.0841,2.50E-06,,,
74.3391,2.51E-06,,,
74.595,2.43E-06,,,
74.8518,2.40E-06,,,
75.1095,2.39E-06,,,
75.368,2.37E-06,,,
75.6274,2.31E-06,,,
75.8878,2.33E-06,,,
76.149,2.31E-06,,,
76.4111,2.34E-06,,,
76.6741,2.27E-06,,,
76.9381,2.28E-06,,,
77.2029,2.21E-06,,,
77.4687,2.18E-06,,,
77.7353,2.21E-06,,,
78.0029,2.12E-06,,,
78.2714,2.06E-06,,,
78.5408,2.15E-06,,,
78.8112,2.10E-06,,,
79.0825,2.08E-06,,,
79.3547,2.01E-06,,,
79.6279,2.05E-06,,,
79.902,2.00E-06,,,
80.177,2.07E-06,,,
80.453,2.04E-06,,,
80.7299,2.02E-06,,,
81.0078,1.99E-06,,,
81.2867,1.84E-06,,,
81.5665,1.88E-06,,,
81.8472,1.89E-06,,,
82.129,1.87E-06,,,
82.4117,1.85E-06,,,
82.6954,1.78E-06,,,
82.98,1.79E-06,,,
83.2656,1.78E-06,,,
83.5523,1.80E-06,,,
83.8399,1.78E-06,,,
84.1285,1.76E-06,,,
84.4181,1.73E-06,,,
84.7086,1.67E-06,,,
85.0002,1.71E-06,,,
85.2928,1.68E-06,,,
85.5864,1.66E-06,,,
85.881,1.60E-06,,,
86.1767,1.69E-06,,,
86.4733,1.62E-06,,,
86.771,1.58E-06,,,
87.0696,1.54E-06,,,
87.3693,1.54E-06,,,
87.6701,1.62E-06,,,
87.9719,1.53E-06,,,
88.2747,1.55E-06,,,
88.5786,1.47E-06,,,
88.8835,1.53E-06,,,
89.1894,1.51E-06,,,
89.4964,1.44E-06,,,
89.8045,1.49E-06,,,
90.1136,1.47E-06,,,
90.4238,1.47E-06,,,
90.7351,1.40E-06,,,
91.0474,1.42E-06,,,
91.3608,1.39E-06,,,
91.6753,1.41E-06,,,
91.9909,1.36E-06,,,
92.3075,1.37E-06,,,
92.6253,1.34E-06,,,
92.9441,1.38E-06,,,
93.264,1.33E-06,,,
93.5851,1.33E-06,,,
93.9072,1.33E-06,,,
94.2305,1.29E-06,,,
94.5548,1.27E-06,,,
94.8803,1.31E-06,,,
95.2069,1.25E-06,,,
95.5346,1.29E-06,,,
95.8635,1.23E-06,,,
96.1935,1.20E-06,,,
96.5246,1.20E-06,,,
96.8568,1.18E-06,,,
97.1902,1.25E-06,,,
97.5248,1.19E-06,,,
97.8605,1.15E-06,,,
98.1974,1.17E-06,,,
98.5354,1.15E-06,,,
98.8746,1.10E-06,,,
99.2149,1.10E-06,,,
99.5564,1.11E-06,,,
99.8991,1.15E-06,,,
100.243,1.07E-06,,,
100.588,1.05E-06,,,
100.934,1.08E-06,,,
101.282,1.08E-06,,,
101.63,1.10E-06,,,
101.98,1.07E-06,,,
102.331,1.04E-06,,,
102.684,1.06E-06,,,
103.037,9.79E-07,,,
103.392,1.01E-06,,,
103.748,9.49E-07,,,
104.105,9.84E-07,,,
104.463,9.67E-07,,,
104.823,9.64E-07,,,
105.183,9.46E-07,,,
105.545,9.55E-07,,,
105.909,9.23E-07,,,
106.273,9.29E-07,,,
106.639,9.15E-07,,,
107.006,9.33E-07,,,
107.375,8.78E-07,,,
107.744,8.51E-07,,,
108.115,8.30E-07,,,
108.487,8.07E-07,,,
108.861,8.53E-07,,,
109.235,8.34E-07,,,
109.611,8.40E-07,,,
109.989,8.13E-07,,,
110.367,7.66E-07,,,
110.747,7.90E-07,,,
111.128,7.22E-07,,,
111.511,7.19E-07,,,
111.895,7.09E-07,,,
112.28,6.54E-07,,,
112.666,6.89E-07,,,
113.054,6.14E-07,,,
113.443,6.71E-07,,,
113.834,5.99E-07,,,
114.226,5.95E-07,,,
114.619,5.56E-07,,,
115.014,5.31E-07,,,
115.409,5.02E-07,,,
115.807,4.92E-07,,,
116.205,4.95E-07,,,
116.605,4.72E-07,,,
117.007,4.24E-07,,,
117.41,4.03E-07,,,
117.814,3.52E-07,,,
118.219,3.12E-07,,,
118.626,2.98E-07,,,
119.034,2.91E-07,,,
119.444,2.40E-07,,,
119.855,2.03E-07,,,
120.268,2.03E-07,,,
120.682,1.70E-07,,,
121.097,1.53E-07,,,
121.514,1.27E-07,,,
121.932,1.21E-07,,,
122.352,1.13E-07,,,
122.773,9.23E-08,,,
123.196,7.27E-08,,,
123.62,5.23E-08,,,
124.046,5.04E-08,,,
124.473,4.30E-08,,,
124.901,2.72E-08,,,
125.331,2.69E-08,,,
125.762,2.45E-08,,,
126.195,2.11E-08,,,
126.63,1.89E-08,,,
127.066,1.48E-08,,,
127.503,1.21E-08,,,
127.942,1.12E-08,,,
128.382,1.12E-08,,,
128.824,8.53E-09,,,
129.268,7.18E-09,,,
129.713,7.04E-09,,,
130.159,6.04E-09,,,
130.607,6.58E-09,,,
131.057,4.64E-09,,,
131.508,5.35E-09,,,
131.961,4.96E-09,,,
132.415,6.79E-09,,,
132.871,3.84E-09,,,
133.328,2.64E-09,,,
133.787,4.72E-09,,,
134.247,2.26E-09,,,
134.709,4.96E-09,,,
135.173,2.72E-09,,,
135.638,3.26E-09,,,
136.105,3.39E-09,,,
136.574,1.92E-09,,,
137.044,7.30E-10,,,
137.516,4.41E-09,,,
137.989,1.80E-09,,,
138.464,3.57E-09,,,
138.941,2.00E-09,,,
139.419,2.51E-09,,,
139.899,2.89E-09,,,
140.38,1.40E-09,,,
140.864,3.22E-09,,,
141.349,2.50E-09,,,
141.835,6.72E-10,,,
142.323,3.13E-09,,,
142.813,2.63E-10,,,
143.305,1.91E-09,,,
143.798,5.92E-10,,,
144.293,2.59E-09,,,
144.79,1.66E-09,,,
145.288,8.82E-10,,,
145.788,1.22E-09,,,
146.29,2.62E-09,,,
146.794,7.30E-10,,,
147.299,1.26E-09,,,
147.806,1.06E-09,,,
148.315,1.07E-09,,,
148.825,4.67E-10,,,
149.338,2.26E-09,,,
149.852,1.19E-09,,,
150.368,7.23E-10,,,
150.885,3.69E-09,,,
151.405,1.47E-09,,,
151.926,7.30E-10,,,
152.449,1.07E-09,,,
152.973,2.17E-09,,,
153.5,0,,,
154.028,1.57E-09,,,
154.559,5.99E-10,,,
155.091,5.92E-10,,,
155.624,0,,,
156.16,5.92E-10,,,
156.698,9.34E-10,,,
157.237,0,,,
157.778,1.32E-10,,,
158.321,1.26E-09,,,
158.866,1.89E-09,,,
159.413,8.82E-10,,,
159.962,0,,,
160.513,0,,,
161.065,1.19E-09,,,
161.62,0,,,
162.176,9.73E-10,,,
162.734,7.50E-10,,,
163.294,7.50E-10,,,
163.856,1.22E-09,,,
164.42,1.06E-09,,,
164.986,5.99E-10,,,
165.554,0,,,
166.124,0,,,
166.696,0,,,
167.27,0,,,
167.846,1.32E-10,,,
168.423,7.50E-10,,,
169.003,0,,,
169.585,9.73E-10,,,
170.169,2.40E-09,,,
170.754,7.50E-10,,,
171.342,0,,,
171.932,5.92E-10,,,
172.524,1.18E-09,,,
173.118,0,,,
173.714,0,,,
174.312,7.50E-10,,,
174.912,7.50E-10,,,
175.514,0,,,
176.118,0,,,
176.724,0,,,
177.332,7.50E-10,,,
177.943,7.50E-10,,,
178.555,7.50E-10,,,
179.17,0,,,
179.787,0,,,
180.406,5.92E-10,,,
181.027,0,,,
181.65,0,,,
182.275,7.50E-10,,,
182.902,0,,,
183.532,0,,,
184.164,0,,,
184.798,0,,,
185.434,0,,,
186.072,0,,,
186.713,0,,,
187.355,0,,,
188,0,,,
188.647,0,,,
189.297,0,,,
189.948,0,,,
190.602,0,,,
191.258,7.50E-10,,,
191.917,0,,,
192.577,0,,,
193.24,0,,,
193.905,0,,,
194.573,0,,,
195.243,0,,,
195.915,0,,,
196.589,0,,,
197.266,0,,,
197.945,0,,,
198.626,0,,,
199.31,0,,,
199.996,7.50E-10,,,
200.684,0,,,
201.375,0,,,
202.068,0,,,
202.764,0,,,
203.462,8.75E-10,,,
204.162,8.75E-10,,,
204.865,0,,,
205.57,0,,,
206.278,0,,,
206.988,0,,,
207.7,0,,,
208.415,7.50E-10,,,
209.133,0,,,
209.853,7.50E-10,,,
210.575,0,,,
211.3,8.75E-10,,,
212.027,0,,,
212.757,0,,,
213.489,0,,,
214.224,0,,,
214.962,0,,,
215.702,7.50E-10,,,
216.444,0,,,
217.189,0,,,
217.937,0,,,
218.687,0,,,
219.44,7.50E-10,,,
220.195,8.75E-10,,,
220.953,0,,,
221.714,0,,,
222.477,9.34E-10,,,
223.243,0,,,
224.011,0,,,
224.782,0,,,
225.556,8.75E-10,,,
226.332,8.75E-10,,,
227.111,0,,,
227.893,8.75E-10,,,
228.678,0,,,
229.465,0,,,
230.255,0,,,
231.047,0,,,
231.843,9.34E-10,,,
232.641,0,,,
233.441,0,,,
234.245,0,,,
235.051,0,,,
235.86,0,,,
236.672,0,,,
237.487,9.34E-10,,,
238.304,0,,,
239.125,0,,,
239.948,0,,,
240.774,0,,,
241.603,0,,,
242.434,0,,,
243.269,0,,,
244.106,0,,,
244.946,0,,,
245.79,0,,,
246.636,9.34E-10,,,
247.485,0,,,
248.337,0,,,
249.191,0,,,
250.049,0,,,
250.91,0,,,
251.774,0,,,
252.64,0,,,
253.51,0,,,
254.383,0,,,
255.258,0,,,
256.137,0,,,
257.019,0,,,
257.903,9.34E-10,,,
258.791,0,,,
259.682,0,,,
260.576,0,,,
261.473,0,,,
262.373,0,,,
263.276,0,,,
264.182,0,,,
265.092,0,,,
266.004,0,,,
266.92,0,,,
267.838,0,,,
268.76,0,,,
269.686,0,,,
270.614,0,,,
271.545,0,,,
272.48,0,,,
273.418,0,,,
274.359,0,,,
275.304,0,,,
276.251,0,,,
277.202,0,,,
278.156,0,,,
279.114,0,,,
280.075,0,,,
281.039,0,,,
282.006,0,,,
282.977,0,,,
283.951,0,,,
284.928,0,,,
285.909,0,,,
286.893,0,,,
287.881,0,,,
288.872,0,,,
289.866,0,,,
290.864,0,,,
291.865,0,,,
292.87,0,,,
293.878,0,,,
294.89,0,,,
295.905,0,,,
296.923,0,,,
297.945,0,,,
298.971,0,,,
300,,,,
