0.01,0.000129258,1.16,0.3903299,0.929071975
0.0100344,0.000107349,,0.7806598,0.908562656
0.010069,0.000154704,,1.366155,0.787557725
0.0101036,0.000146534,,1.951649,0.670654594
0.0101384,0.000100395,,2.927474,0.629635963
0.0101733,0.000153117,,3.903299,0.412237219
0.0102083,0.000160466,,,
0.0102435,9.73E-05,,,
0.0102787,0.000115535,,,
0.0103141,0.000112906,,,
0.0103496,0.0001318,,,
0.0103852,0.000192236,,,
0.010421,0.000174041,,,
0.0104568,0.00030422,,,
0.0104928,0.000359128,,,
0.010529,0.000423085,,,
0.0105652,0.000402504,,,
0.0106016,0.000521095,,,
0.0106381,0.000467142,,,
0.0106747,0.000498615,,,
0.0107114,0.000364699,,,
0.0107483,0.000512257,,,
0.0107853,0.000597552,,,
0.0108224,0.000532915,,,
0.0108597,0.000523189,,,
0.0108971,0.000510735,,,
0.0109346,0.000700715,,,
0.0109722,0.00116511,,,
0.01101,0.00131449,,,
0.0110479,0.00156171,,,
0.0110859,0.00580032,,,
0.0111241,0.00815695,,,
0.0111624,0.00814359,,,
0.0112008,0.00802532,,,
0.0112393,0.00821455,,,
0.011278,0.00805258,,,
0.0113168,0.00776964,,,
0.0113558,0.00779626,,,
0.0113949,0.00762876,,,
0.0114341,0.00750972,,,
0.0114735,0.00785391,,,
0.011513,0.00766136,,,
0.0115526,0.00764413,,,
0.0115924,0.00734332,,,
0.0116323,0.0076768,,,
0.0116723,0.00751091,,,
0.0117125,0.00718755,,,
0.0117528,0.00737639,,,
0.0117933,0.00756972,,,
0.0118339,0.00728378,,,
0.0118746,0.00706421,,,
0.0119155,0.00737802,,,
0.0119565,0.00717995,,,
0.0119976,0.0069405,,,
0.0120389,0.00716582,,,
0.0120804,0.00690282,,,
0.012122,0.00722124,,,
0.0121637,0.00694417,,,
0.0122056,0.00675524,,,
0.0122476,0.0069421,,,
0.0122897,0.011725,,,
0.012332,0.00702553,,,
0.0123745,0.00669739,,,
0.0124171,0.00703967,,,
0.0124598,0.00681586,,,
0.0125027,0.00667316,,,
0.0125458,0.00683146,,,
0.0125889,0.00682667,,,
0.0126323,0.00670338,,,
0.0126758,0.00640635,,,
0.0127194,0.0065827,,,
0.0127632,0.00655591,,,
0.0128071,0.00629861,,,
0.0128512,0.00651489,,,
0.0128954,0.00631893,,,
0.0129398,0.00631998,,,
0.0129844,0.00621174,,,
0.0130291,0.00618639,,,
0.0130739,0.00629856,,,
0.0131189,0.00643486,,,
0.0131641,0.00631372,,,
0.0132094,0.00612635,,,
0.0132548,0.00602309,,,
0.0133005,0.00589194,,,
0.0133463,0.00571832,,,
0.0133922,0.00607637,,,
0.0134383,0.00578059,,,
0.0134846,0.00574027,,,
0.013531,0.00563425,,,
0.0135775,0.00574349,,,
0.0136243,0.00570076,,,
0.0136712,0.00571602,,,
0.0137182,0.00531322,,,
0.0137655,0.00547401,,,
0.0138128,0.00551978,,,
0.0138604,0.00553009,,,
0.0139081,0.00560163,,,
0.013956,0.00539397,,,
0.014004,0.00523032,,,
0.0140522,0.00547628,,,
0.0141006,0.00547984,,,
0.0141491,0.00534118,,,
0.0141978,0.00511774,,,
0.0142467,0.00534192,,,
0.0142957,0.00507796,,,
0.014345,0.00521409,,,
0.0143943,0.00516003,,,
0.0144439,0.00509863,,,
0.0144936,0.00503029,,,
0.0145435,0.00506337,,,
0.0145936,0.00505992,,,
0.0146438,0.00477459,,,
0.0146942,0.00502337,,,
0.0147448,0.00524049,,,
0.0147955,0.00514664,,,
0.0148465,0.00499969,,,
0.0148976,0.00502661,,,
0.0149488,0.0127714,,,
0.0150003,0.00514754,,,
0.0150519,0.00514773,,,
0.0151038,0.00529486,,,
0.0151557,0.00486828,,,
0.0152079,0.00474797,,,
0.0152603,0.00512249,,,
0.0153128,0.00486552,,,
0.0153655,0.0050136,,,
0.0154184,0.0047343,,,
0.0154715,0.00489812,,,
0.0155247,0.00495529,,,
0.0155782,0.0046811,,,
0.0156318,0.00480374,,,
0.0156856,0.00479457,,,
0.0157396,0.00489297,,,
0.0157938,0.00466747,,,
0.0158481,0.00479479,,,
0.0159027,0.00465827,,,
0.0159574,0.00468784,,,
0.0160124,0.00442637,,,
0.0160675,0.00461343,,,
0.0161228,0.00449551,,,
0.0161783,0.123156,,,
0.016234,0.00723634,,,
0.0162898,0.0108524,,,
0.0163459,0.00711831,,,
0.0164022,0.00670904,,,
0.0164586,0.00792521,,,
0.0165153,0.00575743,,,
0.0165722,0.00634391,,,
0.0166292,0.00589695,,,
0.0166864,0.0058275,,,
0.0167439,0.00561375,,,
0.0168015,0.00693314,,,
0.0168593,0.0120742,,,
0.0169174,0.00684835,,,
0.0169756,0.00623942,,,
0.0170341,0.00645801,,,
0.0170927,0.00603466,,,
0.0171515,0.00567461,,,
0.0172106,0.0057515,,,
0.0172698,0.00533677,,,
0.0173293,0.00524999,,,
0.0173889,0.00546461,,,
0.0174488,0.0053482,,,
0.0175088,0.00568099,,,
0.0175691,0.00555631,,,
0.0176296,0.00567838,,,
0.0176903,0.00528168,,,
0.0177511,0.0050907,,,
0.0178123,0.00524712,,,
0.0178736,0.00522083,,,
0.0179351,0.00511259,,,
0.0179968,0.0052471,,,
0.0180588,0.00513993,,,
0.0181209,0.00483067,,,
0.0181833,0.00496841,,,
0.0182459,0.00494891,,,
0.0183087,0.00518418,,,
0.0183717,0.005354,,,
0.018435,0.00502276,,,
0.0184984,0.00514867,,,
0.0185621,0.00490431,,,
0.018626,0.00519018,,,
0.0186901,0.00512657,,,
0.0187545,0.00487204,,,
0.018819,0.0049573,,,
0.0188838,0.0109414,,,
0.0189488,0.00523341,,,
0.019014,0.00528883,,,
0.0190795,0.00512887,,,
0.0191451,0.00512811,,,
0.019211,0.00493736,,,
0.0192772,0.00518901,,,
0.0193435,0.00520226,,,
0.0194101,0.00522454,,,
0.0194769,0.00503548,,,
0.019544,0.00485854,,,
0.0196112,0.00516925,,,
0.0196788,0.004946,,,
0.0197465,0.00498347,,,
0.0198145,0.00488917,,,
0.0198827,0.0053542,,,
0.0199511,0.00512433,,,
0.0200198,0.113023,,,
0.0200887,0.00772584,,,
0.0201579,0.0121594,,,
0.0202272,0.00727559,,,
0.0202969,0.00849568,,,
0.0203667,0.00699287,,,
0.0204368,0.00680575,,,
0.0205072,0.00637561,,,
0.0205778,0.00616919,,,
0.0206486,0.015245,,,
0.0207197,0.00663775,,,
0.020791,0.00798452,,,
0.0208626,0.00664401,,,
0.0209344,0.006956,,,
0.0210065,0.00686399,,,
0.0210788,0.00638892,,,
0.0211513,0.0067037,,,
0.0212241,0.00633855,,,
0.0212972,0.00648375,,,
0.0213705,0.0068701,,,
0.0214441,0.00693051,,,
0.0215179,0.00630479,,,
0.0215919,0.006603,,,
0.0216663,0.00655033,,,
0.0217408,0.00657858,,,
0.0218157,0.00654973,,,
0.0218908,0.00691794,,,
0.0219661,0.00640908,,,
0.0220417,0.00652222,,,
0.0221176,0.00690552,,,
0.0221938,0.00685051,,,
0.0222701,0.00686877,,,
0.0223468,0.00700013,,,
0.0224237,0.00706564,,,
0.0225009,0.00679924,,,
0.0225784,0.00688974,,,
0.0226561,0.00721739,,,
0.0227341,0.00674206,,,
0.0228123,0.00669872,,,
0.0228909,0.00713574,,,
0.0229697,0.00708743,,,
0.0230487,0.00712122,,,
0.0231281,0.00733576,,,
0.0232077,0.0072445,,,
0.0232876,0.00736872,,,
0.0233677,0.00775526,,,
0.0234482,0.00736914,,,
0.0235289,0.00765833,,,
0.0236099,0.0078165,,,
0.0236911,0.00763432,,,
0.0237727,0.00770802,,,
0.0238545,0.00766514,,,
0.0239366,0.00761556,,,
0.024019,0.090506,,,
0.0241017,0.0115169,,,
0.0241847,0.0128714,,,
0.0242679,0.0108606,,,
0.0243514,0.00975124,,,
0.0244353,0.00999367,,,
0.0245194,0.00938766,,,
0.0246038,0.00917508,,,
0.0246885,0.0102187,,,
0.0247735,0.0101426,,,
0.0248587,0.00948161,,,
0.0249443,0.0100069,,,
0.0250302,0.00957823,,,
0.0251163,0.00927271,,,
0.0252028,0.00916224,,,
0.0252895,0.00954787,,,
0.0253766,0.00993902,,,
0.0254639,0.00957926,,,
0.0255516,0.00986299,,,
0.0256396,0.00977586,,,
0.0257278,0.00952046,,,
0.0258164,0.00966547,,,
0.0259052,0.00980054,,,
0.0259944,0.0101609,,,
0.0260839,0.0100571,,,
0.0261737,0.010108,,,
0.0262638,0.0101175,,,
0.0263542,0.0102049,,,
0.0264449,0.010314,,,
0.0265359,0.0100207,,,
0.0266273,0.0103215,,,
0.0267189,0.0104729,,,
0.0268109,0.0101758,,,
0.0269032,0.0104671,,,
0.0269958,0.0101907,,,
0.0270887,0.0103066,,,
0.027182,0.0110207,,,
0.0272755,0.01122,,,
0.0273694,0.0106804,,,
0.0274636,0.0110764,,,
0.0275582,0.0112594,,,
0.027653,0.0110095,,,
0.0277482,0.0112216,,,
0.0278437,0.0112872,,,
0.0279396,0.0112917,,,
0.0280357,0.0114072,,,
0.0281323,0.0113155,,,
0.0282291,0.0110965,,,
0.0283263,0.0112947,,,
0.0284238,0.0130752,,,
0.0285216,0.0115939,,,
0.0286198,0.0113429,,,
0.0287183,0.0114917,,,
0.0288172,0.0115492,,,
0.0289164,0.011448,,,
0.0290159,0.0116183,,,
0.0291158,0.0116121,,,
0.029216,0.0114888,,,
0.0293166,0.0117736,,,
0.0294175,0.0122075,,,
0.0295187,0.0118827,,,
0.0296203,0.0109839,,,
0.0297223,0.0116188,,,
0.0298246,0.0113136,,,
0.0299273,0.0118211,,,
0.0300303,0.0118377,,,
0.0301337,0.0119967,,,
0.0302374,0.0118041,,,
0.0303415,0.0117542,,,
0.0304459,0.0119532,,,
0.0305507,0.0120331,,,
0.0306559,0.0117109,,,
0.0307614,0.0118563,,,
0.0308673,0.0118178,,,
0.0309735,0.01194,,,
0.0310802,0.015701,,,
0.0311872,0.0128924,,,
0.0312945,0.0124021,,,
0.0314022,0.0123538,,,
0.0315103,0.0125278,,,
0.0316188,0.0126279,,,
0.0317276,0.0125611,,,
0.0318368,0.0129087,,,
0.0319464,0.0128173,,,
0.0320564,0.0125296,,,
0.0321667,0.0127278,,,
0.0322775,0.014451,,,
0.0323886,0.0149456,,,
0.0325001,0.0136368,,,
0.0326119,0.0134207,,,
0.0327242,0.0127106,,,
0.0328368,0.0129067,,,
0.0329499,0.0158963,,,
0.0330633,0.0134149,,,
0.0331771,0.0134455,,,
0.0332913,0.013151,,,
0.0334059,0.0128718,,,
0.0335209,0.0125185,,,
0.0336363,0.0130896,,,
0.0337521,0.0129466,,,
0.0338682,0.0134938,,,
0.0339848,0.0128092,,,
0.0341018,0.0129348,,,
0.0342192,0.0132051,,,
0.034337,0.0132269,,,
0.0344552,0.0131436,,,
0.0345738,0.0128563,,,
0.0346928,0.0127582,,,
0.0348122,0.0131548,,,
0.034932,0.0134108,,,
0.0350523,0.0191186,,,
0.035173,0.0142575,,,
0.035294,0.0141847,,,
0.0354155,0.0132294,,,
0.0355374,0.0144593,,,
0.0356597,0.0136152,,,
0.0357825,0.0132871,,,
0.0359057,0.0134164,,,
0.0360293,0.0135821,,,
0.0361533,0.0160065,,,
0.0362777,0.014675,,,
0.0364026,0.0161128,,,
0.0365279,0.0148083,,,
0.0366537,0.0137722,,,
0.0367798,0.0173513,,,
0.0369064,0.0168806,,,
0.0370335,0.0145225,,,
0.0371609,0.0144711,,,
0.0372889,0.0141138,,,
0.0374172,0.0147485,,,
0.037546,0.014262,,,
0.0376753,0.0140554,,,
0.0378049,0.0151415,,,
0.0379351,0.0144862,,,
0.0380657,0.0142083,,,
0.0381967,0.0142829,,,
0.0383282,0.0145801,,,
0.0384601,0.0145924,,,
0.0385925,0.0147196,,,
0.0387253,0.0145424,,,
0.0388586,0.0143913,,,
0.0389924,0.0198141,,,
0.0391266,0.0151535,,,
0.0392613,0.0146678,,,
0.0393965,0.0149416,,,
0.0395321,0.0148233,,,
0.0396681,0.0144436,,,
0.0398047,0.0149639,,,
0.0399417,0.0152336,,,
0.0400792,0.0161949,,,
0.0402172,0.0177144,,,
0.0403556,0.0158046,,,
0.0404945,0.0151675,,,
0.0406339,0.0185513,,,
0.0407738,0.0158168,,,
0.0409141,0.0175805,,,
0.041055,0.015601,,,
0.0411963,0.0163517,,,
0.0413381,0.0153237,,,
0.0414804,0.0152886,,,
0.0416232,0.0155173,,,
0.0417664,0.0155469,,,
0.0419102,0.015282,,,
0.0420545,0.0156715,,,
0.0421992,0.0160195,,,
0.0423445,0.0158281,,,
0.0424903,0.0157867,,,
0.0426365,0.015892,,,
0.0427833,0.0158413,,,
0.0429306,0.0176853,,,
0.0430783,0.016447,,,
0.0432266,0.0162475,,,
0.0433754,0.0162555,,,
0.0435247,0.0157577,,,
0.0436745,0.0161788,,,
0.0438249,0.01633,,,
0.0439757,0.0165778,,,
0.0441271,0.0177301,,,
0.044279,0.0168639,,,
0.0444314,0.0167834,,,
0.0445844,0.0190889,,,
0.0447378,0.0171682,,,
0.0448918,0.0169438,,,
0.0450464,0.0172223,,,
0.0452014,0.016635,,,
0.045357,0.0167299,,,
0.0455131,0.0169461,,,
0.0456698,0.017407,,,
0.045827,0.0174156,,,
0.0459848,0.0170363,,,
0.0461431,0.0173315,,,
0.0463019,0.0172086,,,
0.0464613,0.017161,,,
0.0466212,0.0173491,,,
0.0467817,0.0169536,,,
0.0469427,0.0179432,,,
0.0471043,0.0178298,,,
0.0472664,0.0176168,,,
0.0474291,0.0179748,,,
0.0475924,0.0177622,,,
0.0477562,0.0180328,,,
0.0479206,0.0177252,,,
0.0480856,0.018355,,,
0.0482511,0.0185291,,,
0.0484172,0.0396077,,,
0.0485839,0.0205158,,,
0.0487511,0.0194509,,,
0.0489189,0.0195179,,,
0.0490873,0.0194285,,,
0.0492563,0.0198109,,,
0.0494258,0.019597,,,
0.0495959,0.0186843,,,
0.0497667,0.0200002,,,
0.049938,0.0196196,,,
0.0501099,0.0197522,,,
0.0502824,0.0194339,,,
0.0504554,0.0201951,,,
0.0506291,0.0192652,,,
0.0508034,0.0199461,,,
0.0509783,0.0199135,,,
0.0511538,0.0206418,,,
0.0513298,0.0203959,,,
0.0515065,0.0201147,,,
0.0516838,0.0201216,,,
0.0518617,0.0204005,,,
0.0520403,0.0200675,,,
0.0522194,0.0205221,,,
0.0523991,0.0211155,,,
0.0525795,0.0207186,,,
0.0527605,0.0210329,,,
0.0529421,0.021304,,,
0.0531244,0.0212028,,,
0.0533072,0.0213128,,,
0.0534907,0.0219821,,,
0.0536748,0.0211728,,,
0.0538596,0.0219387,,,
0.054045,0.0212937,,,
0.054231,0.0213506,,,
0.0544177,0.0219519,,,
0.054605,0.0215119,,,
0.054793,0.0220447,,,
0.0549816,0.0221724,,,
0.0551709,0.0224966,,,
0.0553608,0.0225771,,,
0.0555513,0.0231052,,,
0.0557426,0.022453,,,
0.0559344,0.0223573,,,
0.056127,0.0232888,,,
0.0563202,0.0226454,,,
0.056514,0.0232811,,,
0.0567086,0.0240954,,,
0.0569038,0.0240242,,,
0.0570997,0.0239316,,,
0.0572962,0.0237366,,,
0.0574934,0.023531,,,
0.0576913,0.0243537,,,
0.0578899,0.0240458,,,
0.0580892,0.0241073,,,
0.0582892,0.0245706,,,
0.0584898,0.0245784,,,
0.0586911,0.0242619,,,
0.0588932,0.0247089,,,
0.0590959,0.0245981,,,
0.0592993,0.0250786,,,
0.0595034,0.0252485,,,
0.0597083,0.0246109,,,
0.0599138,0.0252349,,,
0.06012,0.0258353,,,
0.060327,0.026086,,,
0.0605346,0.0260494,,,
0.060743,0.0261456,,,
0.0609521,0.0255989,,,
0.0611619,0.0266679,,,
0.0613724,0.0263397,,,
0.0615837,0.0258505,,,
0.0617957,0.0265373,,,
0.0620084,0.026374,,,
0.0622218,0.0266162,,,
0.062436,0.0269773,,,
0.0626509,0.027365,,,
0.0628666,0.026236,,,
0.063083,0.0271544,,,
0.0633001,0.0282013,,,
0.063518,0.0272448,,,
0.0637367,0.0277073,,,
0.0639561,0.0280276,,,
0.0641762,0.0280573,,,
0.0643971,0.0283531,,,
0.0646188,0.0288398,,,
0.0648412,0.0285072,,,
0.0650644,0.0283047,,,
0.0652884,0.029615,,,
0.0655131,0.0290284,,,
0.0657387,0.0285653,,,
0.0659649,0.0290183,,,
0.066192,0.0293115,,,
0.0664199,0.0295141,,,
0.0666485,0.02951,,,
0.0668779,0.0295725,,,
0.0671081,0.029504,,,
0.0673391,0.0302472,,,
0.0675709,0.0307092,,,
0.0678035,0.0303302,,,
0.0680369,0.0296638,,,
0.0682711,0.0312092,,,
0.0685061,0.0313161,,,
0.0687419,0.0305891,,,
0.0689785,0.0314166,,,
0.069216,0.0308233,,,
0.0694542,0.0315207,,,
0.0696933,0.0315001,,,
0.0699332,0.0314763,,,
0.0701739,0.0312587,,,
0.0704155,0.0318923,,,
0.0706579,0.0321328,,,
0.0709011,0.0319835,,,
0.0711452,0.032361,,,
0.0713901,0.0323077,,,
0.0716358,0.0322397,,,
0.0718824,0.0320613,,,
0.0721298,0.0326455,,,
0.0723781,0.0331089,,,
0.0726273,0.0327478,,,
0.0728773,0.0332073,,,
0.0731281,0.0340137,,,
0.0733798,0.0331199,,,
0.0736324,0.0335343,,,
0.0738859,0.0342574,,,
0.0741402,0.0343632,,,
0.0743954,0.0344782,,,
0.0746515,0.0339183,,,
0.0749085,0.0338285,,,
0.0751663,0.0347438,,,
0.0754251,0.0346242,,,
0.0756847,0.0351779,,,
0.0759452,0.0344659,,,
0.0762067,0.0344389,,,
0.076469,0.0353537,,,
0.0767322,0.0362476,,,
0.0769963,0.0352588,,,
0.0772614,0.0358918,,,
0.0775273,0.0358933,,,
0.0777942,0.036016,,,
0.078062,0.0360415,,,
0.0783307,0.0376123,,,
0.0786003,0.0362582,,,
0.0788709,0.0366206,,,
0.0791424,0.0369031,,,
0.0794148,0.0365996,,,
0.0796882,0.0367152,,,
0.0799625,0.0378532,,,
0.0802377,0.0381463,,,
0.0805139,0.0372398,,,
0.080791,0.037452,,,
0.0810692,0.0379099,,,
0.0813482,0.0382818,,,
0.0816282,0.0386874,,,
0.0819092,0.0386125,,,
0.0821912,0.0391125,,,
0.0824741,0.038984,,,
0.082758,0.0390892,,,
0.0830428,0.0393229,,,
0.0833287,0.0399116,,,
0.0836155,0.0398421,,,
0.0839034,0.0400785,,,
0.0841922,0.0396059,,,
0.084482,0.0403199,,,
0.0847728,0.0405859,,,
0.0850646,0.0404695,,,
0.0853574,0.040996,,,
0.0856512,0.0410634,,,
0.0859461,0.0415387,,,
0.0862419,0.041968,,,
0.0865388,0.0420501,,,
0.0868367,0.0412066,,,
0.0871356,0.0431696,,,
0.0874355,0.0425088,,,
0.0877365,0.0420737,,,
0.0880385,0.0423897,,,
0.0883415,0.042157,,,
0.0886456,0.0432863,,,
0.0889508,0.0427342,,,
0.089257,0.0436386,,,
0.0895642,0.0439204,,,
0.0898725,0.0448429,,,
0.0901819,0.0439085,,,
0.0904923,0.0444511,,,
0.0908038,0.0443258,,,
0.0911164,0.0446018,,,
0.09143,0.0449624,,,
0.0917447,0.045188,,,
0.0920605,0.0447452,,,
0.0923774,0.0449073,,,
0.0926954,0.0458236,,,
0.0930145,0.0461102,,,
0.0933347,0.0462383,,,
0.0936559,0.0472456,,,
0.0939783,0.0471433,,,
0.0943018,0.0473415,,,
0.0946264,0.0476475,,,
0.0949522,0.0470731,,,
0.095279,0.0481101,,,
0.095607,0.0483265,,,
0.0959361,0.0472333,,,
0.0962663,0.0487077,,,
0.0965977,0.0490757,,,
0.0969302,0.0487753,,,
0.0972638,0.0496533,,,
0.0975986,0.0497279,,,
0.0979346,0.0497108,,,
0.0982717,0.0489335,,,
0.09861,0.0501132,,,
0.0989494,0.0501454,,,
0.09929,0.0506104,,,
0.0996318,0.0513441,,,
0.0999748,0.0510654,,,
0.100319,0.0510359,,,
0.100664,0.0520479,,,
0.101011,0.0520533,,,
0.101358,0.0519635,,,
0.101707,0.0523904,,,
0.102057,0.0524541,,,
0.102409,0.0536812,,,
0.102761,0.0537196,,,
0.103115,0.0530095,,,
0.10347,0.0539792,,,
0.103826,0.0541235,,,
0.104183,0.0542792,,,
0.104542,0.0547635,,,
0.104902,0.0551152,,,
0.105263,0.0549132,,,
0.105625,0.0554816,,,
0.105989,0.0553082,,,
0.106354,0.0552396,,,
0.10672,0.0569275,,,
0.107087,0.0561062,,,
0.107456,0.0565247,,,
0.107826,0.0569567,,,
0.108197,0.0570716,,,
0.108569,0.0572407,,,
0.108943,0.0578693,,,
0.109318,0.0581,,,
0.109694,0.0582339,,,
0.110072,0.0593937,,,
0.110451,0.0586699,,,
0.110831,0.0596414,,,
0.111213,0.0592481,,,
0.111595,0.0596822,,,
0.11198,0.0610757,,,
0.112365,0.0601025,,,
0.112752,0.0613222,,,
0.11314,0.0617654,,,
0.113529,0.0607893,,,
0.11392,0.0617405,,,
0.114312,0.06262,,,
0.114706,0.0633438,,,
0.115101,0.0634201,,,
0.115497,0.0630467,,,
0.115894,0.0634396,,,
0.116293,0.0639497,,,
0.116694,0.063811,,,
0.117095,0.0633416,,,
0.117498,0.0654283,,,
0.117903,0.0649713,,,
0.118309,0.0655517,,,
0.118716,0.0660644,,,
0.119125,0.0661264,,,
0.119535,0.0658842,,,
0.119946,0.0658989,,,
0.120359,0.0671109,,,
0.120773,0.0675348,,,
0.121189,0.0682801,,,
0.121606,0.0670467,,,
0.122025,0.0680277,,,
0.122445,0.0695363,,,
0.122866,0.0681721,,,
0.123289,0.0698186,,,
0.123714,0.0700711,,,
0.124139,0.0694874,,,
0.124567,0.0700464,,,
0.124996,0.0710242,,,
0.125426,0.0709122,,,
0.125858,0.0709542,,,
0.126291,0.0713416,,,
0.126726,0.0734684,,,
0.127162,0.0712252,,,
0.127599,0.072989,,,
0.128039,0.0732843,,,
0.128479,0.0738744,,,
0.128922,0.0735007,,,
0.129365,0.0739109,,,
0.129811,0.0746987,,,
0.130258,0.0743299,,,
0.130706,0.0749018,,,
0.131156,0.0754355,,,
0.131607,0.0775711,,,
0.13206,0.0768825,,,
0.132515,0.0770092,,,
0.132971,0.0757584,,,
0.133429,0.0781072,,,
0.133888,0.0785227,,,
0.134349,0.0782977,,,
0.134811,0.0783068,,,
0.135276,0.08027,,,
0.135741,0.0800394,,,
0.136208,0.0809951,,,
0.136677,0.080832,,,
0.137148,0.0812218,,,
0.13762,0.0810386,,,
0.138094,0.082501,,,
0.138569,0.0827356,,,
0.139046,0.0825016,,,
0.139525,0.0835036,,,
0.140005,0.0834003,,,
0.140487,0.0839469,,,
0.14097,0.0839563,,,
0.141456,0.0848584,,,
0.141943,0.0842478,,,
0.142431,0.0858959,,,
0.142921,0.0858634,,,
0.143413,0.0867578,,,
0.143907,0.0856794,,,
0.144402,0.0879831,,,
0.144899,0.088443,,,
0.145398,0.0891279,,,
0.145899,0.0890381,,,
0.146401,0.0905275,,,
0.146905,0.0902656,,,
0.147411,0.0907244,,,
0.147918,0.0916763,,,
0.148427,0.0914446,,,
0.148938,0.0922917,,,
0.149451,0.092648,,,
0.149965,0.0944401,,,
0.150481,0.0937581,,,
0.150999,0.0949113,,,
0.151519,0.0949273,,,
0.152041,0.095048,,,
0.152564,0.0943874,,,
0.153089,0.09676,,,
0.153616,0.0970024,,,
0.154145,0.0971449,,,
0.154676,0.0961123,,,
0.155208,0.0981452,,,
0.155742,0.0990059,,,
0.156278,0.0989647,,,
0.156816,0.0987467,,,
0.157356,0.0980384,,,
0.157898,0.101626,,,
0.158441,0.100428,,,
0.158987,0.10139,,,
0.159534,0.102269,,,
0.160083,0.101046,,,
0.160634,0.10277,,,
0.161187,0.102162,,,
0.161742,0.103592,,,
0.162299,0.104567,,,
0.162857,0.104252,,,
0.163418,0.106382,,,
0.163981,0.104785,,,
0.164545,0.107529,,,
0.165111,0.106807,,,
0.16568,0.107563,,,
0.16625,0.108327,,,
0.166822,0.110345,,,
0.167397,0.10934,,,
0.167973,0.110777,,,
0.168551,0.109735,,,
0.169131,0.10952,,,
0.169713,0.110913,,,
0.170298,0.111328,,,
0.170884,0.112792,,,
0.171472,0.114011,,,
0.172062,0.114539,,,
0.172654,0.115156,,,
0.173249,0.11379,,,
0.173845,0.115449,,,
0.174444,0.11695,,,
0.175044,0.116736,,,
0.175647,0.116861,,,
0.176251,0.119239,,,
0.176858,0.119041,,,
0.177467,0.118342,,,
0.178078,0.12059,,,
0.178691,0.122034,,,
0.179306,0.122209,,,
0.179923,0.122339,,,
0.180542,0.123013,,,
0.181164,0.123893,,,
0.181787,0.124384,,,
0.182413,0.124904,,,
0.183041,0.126779,,,
0.183671,0.124924,,,
0.184303,0.1274,,,
0.184938,0.127019,,,
0.185574,0.128452,,,
0.186213,0.127606,,,
0.186854,0.12883,,,
0.187497,0.13091,,,
0.188143,0.1301,,,
0.18879,0.13004,,,
0.18944,0.131893,,,
0.190092,0.133424,,,
0.190747,0.133001,,,
0.191403,0.134714,,,
0.192062,0.134838,,,
0.192723,0.134761,,,
0.193387,0.137114,,,
0.194052,0.137747,,,
0.19472,0.137909,,,
0.19539,0.139102,,,
0.196063,0.13838,,,
0.196738,0.139824,,,
0.197415,0.139477,,,
0.198095,0.141367,,,
0.198777,0.141789,,,
0.199461,0.142427,,,
0.200147,0.143908,,,
0.200836,0.143465,,,
0.201528,0.144754,,,
0.202221,0.144754,,,
0.202917,0.14551,,,
0.203616,0.147292,,,
0.204317,0.148275,,,
0.20502,0.148287,,,
0.205726,0.149325,,,
0.206434,0.149398,,,
0.207145,0.151015,,,
0.207858,0.150326,,,
0.208573,0.15215,,,
0.209291,0.151414,,,
0.210012,0.155084,,,
0.210734,0.153935,,,
0.21146,0.156354,,,
0.212188,0.156417,,,
0.212918,0.159057,,,
0.213651,0.158291,,,
0.214386,0.159446,,,
0.215124,0.160846,,,
0.215865,0.160574,,,
0.216608,0.162039,,,
0.217354,0.162605,,,
0.218102,0.162411,,,
0.218853,0.164307,,,
0.219606,0.165948,,,
0.220362,0.166667,,,
0.22112,0.168144,,,
0.221882,0.169419,,,
0.222645,0.16884,,,
0.223412,0.169457,,,
0.224181,0.170319,,,
0.224952,0.171555,,,
0.225727,0.170262,,,
0.226504,0.172952,,,
0.227283,0.17544,,,
0.228066,0.174231,,,
0.228851,0.17589,,,
0.229639,0.177182,,,
0.230429,0.178594,,,
0.231222,0.179573,,,
0.232018,0.177182,,,
0.232817,0.181898,,,
0.233618,0.181064,,,
0.234422,0.183144,,,
0.235229,0.180947,,,
0.236039,0.18589,,,
0.236852,0.186567,,,
0.237667,0.187984,,,
0.238485,0.188552,,,
0.239306,0.188747,,,
0.24013,0.189872,,,
0.240956,0.188821,,,
0.241786,0.191882,,,
0.242618,0.190739,,,
0.243453,0.19199,,,
0.244291,0.193696,,,
0.245132,0.195568,,,
0.245976,0.197724,,,
0.246822,0.197172,,,
0.247672,0.196313,,,
0.248525,0.199123,,,
0.24938,0.200277,,,
0.250239,0.2019,,,
0.2511,0.203432,,,
0.251964,0.203567,,,
0.252832,0.205665,,,
0.253702,0.206459,,,
0.254575,0.207111,,,
0.255452,0.207065,,,
0.256331,0.21007,,,
0.257213,0.209337,,,
0.258099,0.212327,,,
0.258987,0.213267,,,
0.259878,0.212178,,,
0.260773,0.213427,,,
0.261671,0.215674,,,
0.262571,0.217718,,,
0.263475,0.218113,,,
0.264382,0.221769,,,
0.265292,0.222327,,,
0.266205,0.221582,,,
0.267122,0.223136,,,
0.268041,0.225212,,,
0.268964,0.224409,,,
0.26989,0.226641,,,
0.270819,0.227818,,,
0.271751,0.225824,,,
0.272686,0.228148,,,
0.273625,0.228091,,,
0.274567,0.230084,,,
0.275512,0.233061,,,
0.27646,0.234696,,,
0.277412,0.234094,,,
0.278367,0.237644,,,
0.279325,0.240016,,,
0.280287,0.238888,,,
0.281252,0.241804,,,
0.28222,0.240872,,,
0.283191,0.243636,,,
0.284166,0.242869,,,
0.285144,0.244864,,,
0.286126,0.248293,,,
0.287111,0.248108,,,
0.288099,0.24653,,,
0.289091,0.248122,,,
0.290086,0.250388,,,
0.291084,0.252806,,,
0.292086,0.252551,,,
0.293092,0.254492,,,
0.294101,0.254619,,,
0.295113,0.258417,,,
0.296129,0.259911,,,
0.297148,0.260485,,,
0.298171,0.261054,,,
0.299197,0.262711,,,
0.300227,0.26257,,,
0.301261,0.264677,,,
0.302298,0.266878,,,
0.303338,0.270407,,,
0.304382,0.268839,,,
0.30543,0.272785,,,
0.306482,0.272753,,,
0.307536,0.272107,,,
0.308595,0.275452,,,
0.309657,0.276487,,,
0.310723,0.278879,,,
0.311793,0.280338,,,
0.312866,0.28155,,,
0.313943,0.282877,,,
0.315024,0.286334,,,
0.316108,0.287128,,,
0.317196,0.288034,,,
0.318288,0.290146,,,
0.319384,0.291681,,,
0.320483,0.291601,,,
0.321586,0.294086,,,
0.322693,0.295663,,,
0.323804,0.296046,,,
0.324919,0.295541,,,
0.326037,0.296575,,,
0.327159,0.297392,,,
0.328286,0.299725,,,
0.329416,0.300152,,,
0.330549,0.303544,,,
0.331687,0.304894,,,
0.332829,0.307302,,,
0.333975,0.310486,,,
0.335124,0.309562,,,
0.336278,0.311779,,,
0.337435,0.312081,,,
0.338597,0.315414,,,
0.339763,0.316141,,,
0.340932,0.31843,,,
0.342106,0.320558,,,
0.343283,0.31868,,,
0.344465,0.322134,,,
0.345651,0.323892,,,
0.34684,0.323941,,,
0.348034,0.326561,,,
0.349232,0.329315,,,
0.350434,0.330726,,,
0.351641,0.333261,,,
0.352851,0.331573,,,
0.354066,0.334122,,,
0.355285,0.338225,,,
0.356508,0.338963,,,
0.357735,0.338705,,,
0.358966,0.339951,,,
0.360202,0.341464,,,
0.361442,0.345229,,,
0.362686,0.345279,,,
0.363934,0.348226,,,
0.365187,0.347016,,,
0.366444,0.349385,,,
0.367705,0.351563,,,
0.368971,0.351774,,,
0.370241,0.354503,,,
0.371516,0.359758,,,
0.372795,0.358127,,,
0.374078,0.360235,,,
0.375365,0.36028,,,
0.376658,0.364104,,,
0.377954,0.366978,,,
0.379255,0.367331,,,
0.380561,0.365853,,,
0.381871,0.370878,,,
0.383185,0.372855,,,
0.384504,0.372229,,,
0.385828,0.373416,,,
0.387156,0.375402,,,
0.388488,0.378241,,,
0.389826,0.378548,,,
0.391168,0.378151,,,
0.392514,0.378388,,,
0.393865,0.385837,,,
0.395221,0.387135,,,
0.396581,0.386953,,,
0.397946,0.388037,,,
0.399316,0.393902,,,
0.400691,0.391727,,,
0.40207,0.395638,,,
0.403454,0.39757,,,
0.404843,0.400113,,,
0.406236,0.400889,,,
0.407635,0.399285,,,
0.409038,0.40176,,,
0.410446,0.404194,,,
0.411859,0.404031,,,
0.413277,0.408742,,,
0.414699,0.409398,,,
0.416127,0.410432,,,
0.417559,0.410464,,,
0.418996,0.414482,,,
0.420439,0.417629,,,
0.421886,0.418788,,,
0.423338,0.420978,,,
0.424795,0.421256,,,
0.426258,0.423796,,,
0.427725,0.424496,,,
0.429197,0.426003,,,
0.430675,0.428351,,,
0.432157,0.428916,,,
0.433645,0.430233,,,
0.435137,0.430674,,,
0.436635,0.433911,,,
0.438138,0.43615,,,
0.439646,0.439648,,,
0.44116,0.443842,,,
0.442678,0.442347,,,
0.444202,0.445245,,,
0.445731,0.446363,,,
0.447265,0.446581,,,
0.448805,0.446308,,,
0.45035,0.448628,,,
0.4519,0.451737,,,
0.453456,0.454509,,,
0.455017,0.453327,,,
0.456583,0.456767,,,
0.458155,0.458993,,,
0.459732,0.461134,,,
0.461314,0.460394,,,
0.462902,0.463374,,,
0.464495,0.465608,,,
0.466094,0.471598,,,
0.467699,0.466949,,,
0.469309,0.475485,,,
0.470924,0.470208,,,
0.472545,0.470811,,,
0.474172,0.472858,,,
0.475804,0.475437,,,
0.477442,0.476227,,,
0.479085,0.477506,,,
0.480734,0.480224,,,
0.482389,0.482743,,,
0.48405,0.484136,,,
0.485716,0.480132,,,
0.487388,0.486905,,,
0.489066,0.488841,,,
0.490749,0.492174,,,
0.492438,0.494125,,,
0.494133,0.493411,,,
0.495834,0.493936,,,
0.497541,0.496674,,,
0.499254,0.495315,,,
0.500972,0.500237,,,
0.502697,0.501076,,,
0.504427,0.499614,,,
0.506164,0.505302,,,
0.507906,0.502263,,,
0.509654,0.506257,,,
0.511409,0.50811,,,
0.513169,0.506848,,,
0.514935,0.510813,,,
0.516708,0.512922,,,
0.518486,0.513774,,,
0.520271,0.510019,,,
0.522062,0.516355,,,
0.523859,0.515896,,,
0.525662,0.52038,,,
0.527472,0.525307,,,
0.529288,0.521425,,,
0.531109,0.519414,,,
0.532938,0.520363,,,
0.534772,0.525498,,,
0.536613,0.526176,,,
0.53846,0.527268,,,
0.540314,0.525602,,,
0.542174,0.531457,,,
0.54404,0.533374,,,
0.545913,0.535764,,,
0.547792,0.536433,,,
0.549677,0.533845,,,
0.551569,0.53036,,,
0.553468,0.538995,,,
0.555373,0.536488,,,
0.557285,0.542457,,,
0.559203,0.540646,,,
0.561128,0.54026,,,
0.56306,0.539351,,,
0.564998,0.544239,,,
0.566943,0.54451,,,
0.568894,0.548298,,,
0.570853,0.547531,,,
0.572818,0.547634,,,
0.574789,0.543642,,,
0.576768,0.548747,,,
0.578753,0.549817,,,
0.580745,0.552791,,,
0.582744,0.551087,,,
0.58475,0.548765,,,
0.586763,0.552863,,,
0.588783,0.55451,,,
0.59081,0.55407,,,
0.592843,0.557611,,,
0.594884,0.561458,,,
0.596932,0.558036,,,
0.598987,0.560185,,,
0.601049,0.55689,,,
0.603117,0.559644,,,
0.605194,0.558504,,,
0.607277,0.558643,,,
0.609367,0.558992,,,
0.611465,0.561589,,,
0.61357,0.561163,,,
0.615682,0.562299,,,
0.617801,0.565568,,,
0.619927,0.564167,,,
0.622061,0.565191,,,
0.624203,0.566707,,,
0.626351,0.563162,,,
0.628507,0.565339,,,
0.630671,0.568051,,,
0.632842,0.567492,,,
0.63502,0.573195,,,
0.637206,0.568162,,,
0.639399,0.568818,,,
0.6416,0.565543,,,
0.643809,0.567274,,,
0.646025,0.571403,,,
0.648249,0.568561,,,
0.65048,0.572639,,,
0.652719,0.570641,,,
0.654966,0.57317,,,
0.657221,0.572085,,,
0.659483,0.569041,,,
0.661753,0.572979,,,
0.664031,0.572352,,,
0.666317,0.572061,,,
0.66861,0.575002,,,
0.670912,0.569702,,,
0.673221,0.570837,,,
0.675539,0.572541,,,
0.677864,0.567685,,,
0.680197,0.570605,,,
0.682539,0.572339,,,
0.684888,0.568386,,,
0.687246,0.571065,,,
0.689611,0.568292,,,
0.691985,0.569578,,,
0.694367,0.570018,,,
0.696757,0.571574,,,
0.699156,0.572005,,,
0.701562,0.569547,,,
0.703977,0.568045,,,
0.706401,0.566144,,,
0.708832,0.567619,,,
0.711272,0.566393,,,
0.713721,0.570247,,,
0.716177,0.569771,,,
0.718643,0.56628,,,
0.721116,0.567094,,,
0.723599,0.564332,,,
0.726089,0.564024,,,
0.728589,0.565115,,,
0.731097,0.567643,,,
0.733613,0.56287,,,
0.736139,0.565179,,,
0.738673,0.565777,,,
0.741215,0.56714,,,
0.743767,0.564088,,,
0.746327,0.564774,,,
0.748896,0.56211,,,
0.751474,0.560403,,,
0.754061,0.559649,,,
0.756656,0.555494,,,
0.759261,0.556515,,,
0.761874,0.559517,,,
0.764497,0.556257,,,
0.767128,0.554711,,,
0.769769,0.555136,,,
0.772419,0.555121,,,
0.775078,0.551921,,,
0.777746,0.549278,,,
0.780423,0.551793,,,
0.783109,0.548694,,,
0.785805,0.546442,,,
0.78851,0.544506,,,
0.791224,0.550969,,,
0.793948,0.546847,,,
0.79668,0.545708,,,
0.799423,0.542809,,,
0.802175,0.540306,,,
0.804936,0.541621,,,
0.807707,0.540982,,,
0.810487,0.537455,,,
0.813277,0.540005,,,
0.816076,0.53823,,,
0.818885,0.536693,,,
0.821704,0.536314,,,
0.824533,0.534523,,,
0.827371,0.532501,,,
0.830219,0.528703,,,
0.833077,0.527288,,,
0.835944,0.526729,,,
0.838822,0.527218,,,
0.841709,0.522969,,,
0.844607,0.517832,,,
0.847514,0.520501,,,
0.850431,0.521402,,,
0.853359,0.521836,,,
0.856296,0.518538,,,
0.859244,0.513738,,,
0.862201,0.51354,,,
0.865169,0.510586,,,
0.868147,0.509584,,,
0.871136,0.509133,,,
0.874135,0.507068,,,
0.877143,0.504506,,,
0.880163,0.501503,,,
0.883193,0.501174,,,
0.886233,0.502502,,,
0.889283,0.498093,,,
0.892344,0.496924,,,
0.895416,0.495445,,,
0.898498,0.495381,,,
0.901591,0.490254,,,
0.904695,0.49225,,,
0.907809,0.488076,,,
0.910934,0.488644,,,
0.914069,0.483755,,,
0.917216,0.484363,,,
0.920373,0.481593,,,
0.923541,0.48103,,,
0.92672,0.481081,,,
0.92991,0.475384,,,
0.933111,0.473613,,,
0.936323,0.471234,,,
0.939546,0.472417,,,
0.94278,0.468697,,,
0.946026,0.465023,,,
0.949282,0.463787,,,
0.95255,0.465024,,,
0.955829,0.461086,,,
0.959119,0.45859,,,
0.96242,0.457171,,,
0.965733,0.457657,,,
0.969057,0.452435,,,
0.972393,0.455517,,,
0.97574,0.449821,,,
0.979099,0.451273,,,
0.982469,0.448236,,,
0.985851,0.446128,,,
0.989245,0.444625,,,
0.99265,0.439436,,,
0.996067,0.438232,,,
0.999495,0.438019,,,
1.00294,0.434405,,,
1.00639,0.437119,,,
1.00985,0.432968,,,
1.01333,0.425231,,,
1.01682,0.429824,,,
1.02032,0.428365,,,
1.02383,0.424823,,,
1.02735,0.420887,,,
1.03089,0.421591,,,
1.03444,0.417927,,,
1.038,0.416975,,,
1.04157,0.415066,,,
1.04516,0.411979,,,
1.04876,0.408905,,,
1.05237,0.408075,,,
1.05599,0.409155,,,
1.05962,0.40427,,,
1.06327,0.403818,,,
1.06693,0.401385,,,
1.0706,0.39868,,,
1.07429,0.398939,,,
1.07799,0.397871,,,
1.0817,0.392023,,,
1.08542,0.39054,,,
1.08916,0.389881,,,
1.09291,0.389257,,,
1.09667,0.38557,,,
1.10044,0.384838,,,
1.10423,0.384556,,,
1.10803,0.382655,,,
1.11185,0.379433,,,
1.11567,0.377674,,,
1.11951,0.374446,,,
1.12337,0.373716,,,
1.12723,0.372174,,,
1.13111,0.369584,,,
1.13501,0.370262,,,
1.13891,0.364847,,,
1.14283,0.362768,,,
1.14677,0.361783,,,
1.15072,0.359496,,,
1.15468,0.357563,,,
1.15865,0.359688,,,
1.16264,0.357295,,,
1.16664,0.355493,,,
1.17066,0.3521,,,
1.17469,0.353671,,,
1.17873,0.351174,,,
1.18279,0.344461,,,
1.18686,0.348523,,,
1.19095,0.346165,,,
1.19505,0.3415,,,
1.19916,0.343159,,,
1.20329,0.340575,,,
1.20743,0.336131,,,
1.21158,0.335558,,,
1.21576,0.336919,,,
1.21994,0.332292,,,
1.22414,0.330747,,,
1.22835,0.330109,,,
1.23258,0.330849,,,
1.23682,0.327363,,,
1.24108,0.328207,,,
1.24535,0.324957,,,
1.24964,0.322521,,,
1.25394,0.322202,,,
1.25826,0.322012,,,
1.26259,0.31948,,,
1.26694,0.317359,,,
1.2713,0.312194,,,
1.27567,0.315902,,,
1.28006,0.312031,,,
1.28447,0.308761,,,
1.28889,0.308929,,,
1.29333,0.306449,,,
1.29778,0.305876,,,
1.30225,0.306687,,,
1.30673,0.304406,,,
1.31123,0.30432,,,
1.31574,0.301834,,,
1.32027,0.301597,,,
1.32482,0.298942,,,
1.32938,0.295717,,,
1.33395,0.294462,,,
1.33854,0.294832,,,
1.34315,0.293874,,,
1.34777,0.291912,,,
1.35241,0.291651,,,
1.35707,0.289069,,,
1.36174,0.288769,,,
1.36643,0.286568,,,
1.37113,0.287021,,,
1.37585,0.286182,,,
1.38059,0.285134,,,
1.38534,0.284463,,,
1.39011,0.281249,,,
1.39489,0.278708,,,
1.3997,0.280714,,,
1.40451,0.279729,,,
1.40935,0.276919,,,
1.4142,0.275773,,,
1.41907,0.274657,,,
1.42395,0.274061,,,
1.42885,0.270647,,,
1.43377,0.271601,,,
1.43871,0.271057,,,
1.44366,0.269264,,,
1.44863,0.267327,,,
1.45362,0.265192,,,
1.45862,0.263391,,,
1.46364,0.264667,,,
1.46868,0.261146,,,
1.47373,0.263307,,,
1.47881,0.261221,,,
1.4839,0.259306,,,
1.48901,0.258403,,,
1.49413,0.259582,,,
1.49927,0.256519,,,
1.50443,0.258089,,,
1.50961,0.257762,,,
1.51481,0.252238,,,
1.52002,0.250413,,,
1.52526,0.250734,,,
1.53051,0.250532,,,
1.53577,0.247594,,,
1.54106,0.249216,,,
1.54637,0.247521,,,
1.55169,0.249233,,,
1.55703,0.244107,,,
1.56239,0.245279,,,
1.56777,0.246601,,,
1.57316,0.242043,,,
1.57858,0.241222,,,
1.58401,0.24058,,,
1.58947,0.24174,,,
1.59494,0.238649,,,
1.60043,0.238679,,,
1.60594,0.23695,,,
1.61146,0.236998,,,
1.61701,0.234298,,,
1.62258,0.234204,,,
1.62816,0.232626,,,
1.63377,0.231131,,,
1.63939,0.230539,,,
1.64503,0.228282,,,
1.6507,0.227408,,,
1.65638,0.229222,,,
1.66208,0.226882,,,
1.6678,0.226156,,,
1.67354,0.223241,,,
1.6793,0.225202,,,
1.68508,0.223528,,,
1.69088,0.221283,,,
1.69671,0.220663,,,
1.70255,0.219558,,,
1.70841,0.218685,,,
1.71429,0.216204,,,
1.72019,0.215357,,,
1.72611,0.215103,,,
1.73205,0.215234,,,
1.73801,0.213049,,,
1.744,0.214671,,,
1.75,0.210908,,,
1.75602,0.212134,,,
1.76207,0.212056,,,
1.76813,0.211308,,,
1.77422,0.209858,,,
1.78033,0.210065,,,
1.78645,0.207476,,,
1.7926,0.205454,,,
1.79877,0.205268,,,
1.80497,0.205236,,,
1.81118,0.202596,,,
1.81741,0.2023,,,
1.82367,0.200532,,,
1.82995,0.201698,,,
1.83625,0.200038,,,
1.84257,0.198741,,,
1.84891,0.196983,,,
1.85527,0.196506,,,
1.86166,0.197366,,,
1.86807,0.195615,,,
1.8745,0.196151,,,
1.88095,0.193086,,,
1.88743,0.19183,,,
1.89392,0.190923,,,
1.90044,0.191399,,,
1.90698,0.189108,,,
1.91355,0.189454,,,
1.92014,0.18852,,,
1.92674,0.188351,,,
1.93338,0.185173,,,
1.94003,0.186734,,,
1.94671,0.184645,,,
1.95341,0.182828,,,
1.96014,0.180605,,,
1.96688,0.181766,,,
1.97365,0.180693,,,
1.98045,0.181389,,,
1.98726,0.180115,,,
1.9941,0.178277,,,
2.00097,0.177968,,,
2.00786,0.175636,,,
2.01477,0.175661,,,
2.0217,0.174255,,,
2.02866,0.173123,,,
2.03565,0.173472,,,
2.04265,0.173153,,,
2.04968,0.171159,,,
2.05674,0.170851,,,
2.06382,0.171304,,,
2.07092,0.169109,,,
2.07805,0.166688,,,
2.08521,0.167563,,,
2.09238,0.165053,,,
2.09959,0.164736,,,
2.10681,0.164108,,,
2.11406,0.162551,,,
2.12134,0.160665,,,
2.12864,0.162363,,,
2.13597,0.161716,,,
2.14332,0.159862,,,
2.1507,0.160185,,,
2.1581,0.158386,,,
2.16553,0.158952,,,
2.17299,0.157341,,,
2.18047,0.155934,,,
2.18797,0.155815,,,
2.19551,0.154513,,,
2.20306,0.154175,,,
2.21065,0.154221,,,
2.21826,0.152587,,,
2.22589,0.150805,,,
2.23355,0.151264,,,
2.24124,0.151053,,,
2.24896,0.148697,,,
2.2567,0.148535,,,
2.26447,0.148468,,,
2.27226,0.146353,,,
2.28008,0.145537,,,
2.28793,0.143718,,,
2.29581,0.144315,,,
2.30371,0.143768,,,
2.31164,0.143102,,,
2.3196,0.14202,,,
2.32758,0.140415,,,
2.33559,0.14096,,,
2.34363,0.139038,,,
2.3517,0.140179,,,
2.3598,0.136888,,,
2.36792,0.136695,,,
2.37607,0.137449,,,
2.38425,0.134577,,,
2.39245,0.136823,,,
2.40069,0.132556,,,
2.40895,0.132414,,,
2.41725,0.132807,,,
2.42557,0.13311,,,
2.43392,0.13279,,,
2.44229,0.132163,,,
2.4507,0.130093,,,
2.45914,0.128648,,,
2.4676,0.129577,,,
2.4761,0.128267,,,
2.48462,0.125891,,,
2.49317,0.127424,,,
2.50175,0.126832,,,
2.51037,0.125796,,,
2.51901,0.125508,,,
2.52768,0.122768,,,
2.53638,0.123734,,,
2.54511,0.124132,,,
2.55387,0.121112,,,
2.56266,0.121143,,,
2.57148,0.121227,,,
2.58033,0.121224,,,
2.58922,0.121277,,,
2.59813,0.119161,,,
2.60707,0.118439,,,
2.61605,0.118312,,,
2.62505,0.117312,,,
2.63409,0.115754,,,
2.64315,0.116017,,,
2.65225,0.114556,,,
2.66138,0.114433,,,
2.67054,0.113897,,,
2.67974,0.11118,,,
2.68896,0.112829,,,
2.69822,0.110739,,,
2.7075,0.111582,,,
2.71682,0.109995,,,
2.72618,0.109786,,,
2.73556,0.109208,,,
2.74498,0.109645,,,
2.75443,0.107132,,,
2.76391,0.108078,,,
2.77342,0.107635,,,
2.78297,0.105838,,,
2.79255,0.106611,,,
2.80216,0.10607,,,
2.81181,0.103517,,,
2.82148,0.104882,,,
2.8312,0.103844,,,
2.84094,0.102468,,,
2.85072,0.103632,,,
2.86053,0.100731,,,
2.87038,0.101795,,,
2.88026,0.101146,,,
2.89018,0.100889,,,
2.90012,0.100543,,,
2.91011,0.0978211,,,
2.92013,0.0975166,,,
2.93018,0.0977878,,,
2.94026,0.0977439,,,
2.95038,0.0972923,,,
2.96054,0.0974513,,,
2.97073,0.096012,,,
2.98096,0.095398,,,
2.99122,0.0948842,,,
3.00151,0.0934873,,,
3.01185,0.0943858,,,
3.02221,0.0931133,,,
3.03262,0.0924439,,,
3.04306,0.0929247,,,
3.05353,0.0921978,,,
3.06404,0.0921911,,,
3.07459,0.0909183,,,
3.08517,0.0903805,,,
3.09579,0.0900416,,,
3.10645,0.0906877,,,
3.11714,0.0894545,,,
3.12787,0.0888317,,,
3.13864,0.0883342,,,
3.14944,0.0879296,,,
3.16028,0.0866705,,,
3.17116,0.0847757,,,
3.18208,0.0865205,,,
3.19303,0.0855315,,,
3.20402,0.0841784,,,
3.21505,0.0843887,,,
3.22612,0.0847372,,,
3.23722,0.0825553,,,
3.24837,0.0838641,,,
3.25955,0.0836916,,,
3.27077,0.0843779,,,
3.28203,0.0826298,,,
3.29332,0.0808279,,,
3.30466,0.0826786,,,
3.31604,0.0808455,,,
3.32745,0.0806387,,,
3.3389,0.0800385,,,
3.3504,0.0802956,,,
3.36193,0.0801098,,,
3.3735,0.0783259,,,
3.38512,0.0779455,,,
3.39677,0.0764401,,,
3.40846,0.0781874,,,
3.42019,0.0772107,,,
3.43197,0.076091,,,
3.44378,0.076222,,,
3.45563,0.0765885,,,
3.46753,0.0756244,,,
3.47947,0.0754655,,,
3.49144,0.074292,,,
3.50346,0.07433,,,
3.51552,0.0737828,,,
3.52762,0.0737049,,,
3.53976,0.0732882,,,
3.55195,0.07263,,,
3.56418,0.073791,,,
3.57644,0.0721797,,,
3.58876,0.0716439,,,
3.60111,0.0705498,,,
3.6135,0.0714663,,,
3.62594,0.0706025,,,
3.63842,0.0694883,,,
3.65095,0.0691631,,,
3.66352,0.0683503,,,
3.67613,0.0683917,,,
3.68878,0.0686065,,,
3.70148,0.0681025,,,
3.71422,0.0663055,,,
3.72701,0.0679486,,,
3.73983,0.0661636,,,
3.75271,0.0667476,,,
3.76563,0.0652119,,,
3.77859,0.0653331,,,
3.79159,0.0648649,,,
3.80465,0.0655214,,,
3.81774,0.0643142,,,
3.83088,0.0643964,,,
3.84407,0.0624352,,,
3.8573,0.0637969,,,
3.87058,0.0631771,,,
3.8839,0.0627648,,,
3.89727,0.063619,,,
3.91069,0.0623846,,,
3.92415,0.0627312,,,
3.93766,0.0617339,,,
3.95121,0.0611204,,,
3.96481,0.0604061,,,
3.97846,0.0604803,,,
3.99216,0.0598044,,,
4.0059,0.0602104,,,
4.01969,0.0595275,,,
4.03352,0.0593118,,,
4.04741,0.0586312,,,
4.06134,0.0587322,,,
4.07532,0.05761,,,
4.08935,0.0585889,,,
4.10342,0.0566987,,,
4.11755,0.0574606,,,
4.13172,0.0568368,,,
4.14595,0.056275,,,
4.16022,0.0557916,,,
4.17454,0.0555839,,,
4.18891,0.0552342,,,
4.20333,0.0552798,,,
4.21779,0.054872,,,
4.23231,0.0540423,,,
4.24688,0.0540231,,,
4.2615,0.053594,,,
4.27617,0.0542951,,,
4.29089,0.0532982,,,
4.30566,0.052762,,,
4.32048,0.0529471,,,
4.33535,0.053152,,,
4.35028,0.05249,,,
4.36525,0.0519584,,,
4.38028,0.0518356,,,
4.39535,0.0504589,,,
4.41048,0.0510983,,,
4.42567,0.0506412,,,
4.4409,0.0504234,,,
4.45619,0.0498908,,,
4.47153,0.049396,,,
4.48692,0.0488658,,,
4.50236,0.0490438,,,
4.51786,0.0491005,,,
4.53341,0.0488968,,,
4.54902,0.0483985,,,
4.56468,0.0484031,,,
4.58039,0.0490222,,,
4.59616,0.0472194,,,
4.61198,0.0476287,,,
4.62785,0.0463424,,,
4.64378,0.0465146,,,
4.65977,0.0469826,,,
4.67581,0.0460051,,,
4.6919,0.045747,,,
4.70805,0.0452841,,,
4.72426,0.0444224,,,
4.74052,0.0453403,,,
4.75684,0.0456648,,,
4.77321,0.0444121,,,
4.78964,0.0452066,,,
4.80613,0.0440007,,,
4.82268,0.0436885,,,
4.83928,0.0441918,,,
4.85593,0.0436237,,,
4.87265,0.042446,,,
4.88942,0.0414302,,,
4.90625,0.0419318,,,
4.92314,0.0420626,,,
4.94009,0.0412992,,,
4.95709,0.0418604,,,
4.97416,0.0415312,,,
4.99128,0.0411798,,,
5.00846,0.0401166,,,
5.0257,0.0398921,,,
5.043,0.0405869,,,
5.06036,0.0402043,,,
5.07778,0.0392756,,,
5.09526,0.039256,,,
5.11279,0.0391386,,,
5.13039,0.0387876,,,
5.14805,0.0388599,,,
5.16578,0.0390449,,,
5.18356,0.0392698,,,
5.2014,0.0386544,,,
5.2193,0.0378164,,,
5.23727,0.0380409,,,
5.2553,0.0374608,,,
5.27339,0.0373871,,,
5.29154,0.0368101,,,
5.30976,0.0365314,,,
5.32803,0.0355529,,,
5.34637,0.0354365,,,
5.36478,0.0355013,,,
5.38324,0.0355824,,,
5.40177,0.0346717,,,
5.42037,0.0355413,,,
5.43903,0.0347185,,,
5.45775,0.0348942,,,
5.47653,0.0341707,,,
5.49539,0.0343393,,,
5.5143,0.0339103,,,
5.53328,0.0341816,,,
5.55233,0.0334821,,,
5.57144,0.0336176,,,
5.59062,0.0334466,,,
5.60987,0.0331591,,,
5.62918,0.0326005,,,
5.64855,0.0335003,,,
5.668,0.0317001,,,
5.68751,0.0315367,,,
5.70708,0.0313345,,,
5.72673,0.0318044,,,
5.74644,0.0310266,,,
5.76622,0.0307177,,,
5.78607,0.0308465,,,
5.80599,0.0299788,,,
5.82597,0.0308317,,,
5.84603,0.0297404,,,
5.86615,0.0300519,,,
5.88634,0.0293192,,,
5.90661,0.029831,,,
5.92694,0.0290627,,,
5.94734,0.0290809,,,
5.96781,0.0287419,,,
5.98836,0.028996,,,
6.00897,0.028079,,,
6.02965,0.0288497,,,
6.05041,0.0279206,,,
6.07124,0.0276783,,,
6.09213,0.0274109,,,
6.1131,0.0269452,,,
6.13415,0.026987,,,
6.15526,0.0270765,,,
6.17645,0.0271222,,,
6.19771,0.0266342,,,
6.21904,0.0258896,,,
6.24045,0.0258478,,,
6.26193,0.0265787,,,
6.28349,0.0260662,,,
6.30512,0.0260674,,,
6.32682,0.0251575,,,
6.3486,0.0252044,,,
6.37045,0.0253984,,,
6.39238,0.0250665,,,
6.41439,0.0253127,,,
6.43647,0.0241818,,,
6.45862,0.0242169,,,
6.48085,0.0242014,,,
6.50316,0.0238478,,,
6.52555,0.0232543,,,
6.54801,0.0232553,,,
6.57055,0.0231388,,,
6.59317,0.0225128,,,
6.61586,0.022547,,,
6.63863,0.0219377,,,
6.66149,0.0221387,,,
6.68442,0.0224068,,,
6.70743,0.0210604,,,
6.73051,0.022244,,,
6.75368,0.0216999,,,
6.77693,0.0214958,,,
6.80026,0.0210496,,,
6.82367,0.0213868,,,
6.84715,0.0207814,,,
6.87072,0.0209145,,,
6.89437,0.0199483,,,
6.91811,0.0200918,,,
6.94192,0.020141,,,
6.96582,0.0201836,,,
6.98979,0.0196488,,,
7.01385,0.0196761,,,
7.038,0.0191076,,,
7.06222,0.0198977,,,
7.08653,0.0187483,,,
7.11093,0.0185692,,,
7.13541,0.018876,,,
7.15997,0.0183992,,,
7.18461,0.0181343,,,
7.20934,0.0180113,,,
7.23416,0.0173293,,,
7.25906,0.0175602,,,
7.28405,0.0179722,,,
7.30912,0.0177818,,,
7.33428,0.0168631,,,
7.35953,0.0173318,,,
7.38486,0.0168558,,,
7.41028,0.0168517,,,
7.43579,0.0162741,,,
7.46139,0.0160655,,,
7.48707,0.0159503,,,
7.51284,0.0155526,,,
7.5387,0.015904,,,
7.56465,0.0159359,,,
7.59069,0.0157911,,,
7.61682,0.0154874,,,
7.64304,0.015476,,,
7.66935,0.0147573,,,
7.69575,0.0151882,,,
7.72224,0.0148744,,,
7.74882,0.0146964,,,
7.77549,0.0140759,,,
7.80226,0.0144704,,,
7.82912,0.0137468,,,
7.85607,0.0134739,,,
7.88311,0.0130525,,,
7.91024,0.0135463,,,
7.93747,0.0127026,,,
7.96479,0.0130521,,,
7.99221,0.0127691,,,
8.01972,0.012802,,,
8.04733,0.0127064,,,
8.07503,0.0125425,,,
8.10283,0.0122164,,,
8.13072,0.0123631,,,
8.1587,0.0117373,,,
8.18679,0.0115487,,,
8.21497,0.011314,,,
8.24325,0.0114125,,,
8.27162,0.0112155,,,
8.3001,0.0109468,,,
8.32867,0.0110584,,,
8.35734,0.0110223,,,
8.3861,0.0104621,,,
8.41497,0.0105302,,,
8.44394,0.0102502,,,
8.473,0.0105194,,,
8.50217,0.0100846,,,
8.53143,0.0100582,,,
8.5608,0.00994282,,,
8.59027,0.0095941,,,
8.61984,0.00951107,,,
8.64951,0.00949979,,,
8.67928,0.00892862,,,
8.70916,0.00909458,,,
8.73914,0.00875102,,,
8.76922,0.0085499,,,
8.79941,0.00890746,,,
8.8297,0.0085467,,,
8.86009,0.00819672,,,
8.89059,0.00820634,,,
8.92119,0.00785588,,,
8.9519,0.00774373,,,
8.98272,0.00771088,,,
9.01364,0.00747425,,,
9.04466,0.00706931,,,
9.0758,0.00690461,,,
9.10704,0.00702265,,,
9.13839,0.00714311,,,
9.16984,0.00666042,,,
9.20141,0.00706198,,,
9.23308,0.00659794,,,
9.26486,0.00659055,,,
9.29676,0.00625264,,,
9.32876,0.00639051,,,
9.36087,0.00603359,,,
9.39309,0.00636008,,,
9.42542,0.00585501,,,
9.45787,0.00557246,,,
9.49042,0.00574076,,,
9.52309,0.00563702,,,
9.55587,0.00582176,,,
9.58877,0.00511951,,,
9.62177,0.00535801,,,
9.65489,0.00525457,,,
9.68813,0.00491874,,,
9.72148,0.00517318,,,
9.75494,0.00476928,,,
9.78852,0.00490462,,,
9.82221,0.00462539,,,
9.85602,0.00453726,,,
9.88995,0.00438862,,,
9.92399,0.00422252,,,
9.95816,0.00412649,,,
9.99243,0.00422476,,,
10.0268,0.00412576,,,
10.0613,0.00406969,,,
10.096,0.00383614,,,
10.1307,0.00389711,,,
10.1656,0.00375713,,,
10.2006,0.00361272,,,
10.2357,0.00368782,,,
10.2709,0.00375127,,,
10.3063,0.00344803,,,
10.3418,0.00346269,,,
10.3774,0.00319325,,,
10.4131,0.00328567,,,
10.4489,0.00292622,,,
10.4849,0.00305534,,,
10.521,0.00302062,,,
10.5572,0.00290341,,,
10.5936,0.00274098,,,
10.63,0.00287695,,,
10.6666,0.00266274,,,
10.7033,0.00264213,,,
10.7402,0.00271494,,,
10.7771,0.00249896,,,
10.8142,0.00236963,,,
10.8515,0.00244383,,,
10.8888,0.00238172,,,
10.9263,0.00235568,,,
10.9639,0.0022711,,,
11.0016,0.00218949,,,
11.0395,0.00210141,,,
11.0775,0.00204257,,,
11.1156,0.00203132,,,
11.1539,0.00182558,,,
11.1923,0.00209893,,,
11.2308,0.00192675,,,
11.2695,0.00174663,,,
11.3083,0.00173981,,,
11.3472,0.00167867,,,
11.3863,0.00175806,,,
11.4255,0.00154586,,,
11.4648,0.00164554,,,
11.5043,0.00148332,,,
11.5439,0.00153941,,,
11.5836,0.00145149,,,
11.6235,0.00139879,,,
11.6635,0.00132694,,,
11.7036,0.00134837,,,
11.7439,0.00133363,,,
11.7843,0.00130135,,,
11.8249,0.00118119,,,
11.8656,0.00135285,,,
11.9065,0.00121042,,,
11.9474,0.00115959,,,
11.9886,0.00110832,,,
12.0298,0.00113741,,,
12.0712,0.00107996,,,
12.1128,0.00108541,,,
12.1545,0.000935499,,,
12.1963,0.000997666,,,
12.2383,0.000940721,,,
12.2804,0.000895278,,,
12.3227,0.000815568,,,
12.3651,0.000889049,,,
12.4077,0.000847744,,,
12.4504,0.000809893,,,
12.4933,0.00078285,,,
12.5363,0.000737027,,,
12.5794,0.000755372,,,
12.6227,0.00080491,,,
12.6662,0.000811397,,,
12.7098,0.000747288,,,
12.7535,0.000645024,,,
12.7974,0.000714036,,,
12.8415,0.000732623,,,
12.8857,0.000574268,,,
12.93,0.000644342,,,
12.9745,0.000574745,,,
13.0192,0.000561792,,,
13.064,0.000486279,,,
13.109,0.000560028,,,
13.1541,0.000525157,,,
13.1994,0.000433646,,,
13.2448,0.00048262,,,
13.2904,0.000458894,,,
13.3362,0.000479306,,,
13.3821,0.000491344,,,
13.4281,0.000521018,,,
13.4743,0.000449438,,,
13.5207,0.000477558,,,
13.5673,0.000427645,,,
13.614,0.000374445,,,
13.6608,0.000450603,,,
13.7079,0.000500482,,,
13.755,0.000391633,,,
13.8024,0.000364711,,,
13.8499,0.000336215,,,
13.8976,0.000337201,,,
13.9454,0.000301824,,,
13.9934,0.000302432,,,
14.0416,0.00032979,,,
14.0899,0.000327711,,,
14.1384,0.000289483,,,
14.1871,0.000278194,,,
14.2359,0.000319858,,,
14.2849,0.000303772,,,
14.3341,0.000249642,,,
14.3834,0.000268903,,,
14.433,0.000266123,,,
14.4826,0.000223247,,,
14.5325,0.000239598,,,
14.5825,0.000200264,,,
14.6327,0.000251271,,,
14.6831,0.000256344,,,
14.7336,0.000234334,,,
14.7843,0.00018411,,,
14.8352,0.000178511,,,
14.8863,0.000191244,,,
14.9375,0.000207736,,,
14.989,0.00014279,,,
15.0406,0.000206718,,,
15.0923,0.000229059,,,
15.1443,0.000151421,,,
15.1964,0.000153716,,,
15.2487,0.000166733,,,
15.3012,0.000180221,,,
15.3539,0.000182888,,,
15.4067,0.000150614,,,
15.4598,0.000152464,,,
15.513,0.000166009,,,
15.5664,0.000146237,,,
15.62,0.000131668,,,
15.6737,0.000104019,,,
15.7277,0.000117749,,,
15.7818,0.000144571,,,
15.8361,9.30E-05,,,
15.8907,0.000109246,,,
15.9454,9.83E-05,,,
16.0002,8.51E-05,,,
16.0553,0.000100896,,,
16.1106,8.12E-05,,,
16.166,9.07E-05,,,
16.2217,7.50E-05,,,
16.2775,8.73E-05,,,
16.3336,9.46E-05,,,
16.3898,9.46E-05,,,
16.4462,7.82E-05,,,
16.5028,8.03E-05,,,
16.5596,0.000104123,,,
16.6166,0.000113317,,,
16.6738,0.000113813,,,
16.7312,7.23E-05,,,
16.7888,6.81E-05,,,
16.8466,7.76E-05,,,
16.9046,8.31E-05,,,
16.9628,9.56E-05,,,
17.0212,8.81E-05,,,
17.0798,7.42E-05,,,
17.1385,6.85E-05,,,
17.1975,6.75E-05,,,
17.2567,7.36E-05,,,
17.3161,5.82E-05,,,
17.3757,7.41E-05,,,
17.4356,8.24E-05,,,
17.4956,5.75E-05,,,
17.5558,6.30E-05,,,
17.6162,5.14E-05,,,
17.6769,8.16E-05,,,
17.7377,5.50E-05,,,
17.7988,6.83E-05,,,
17.86,4.70E-05,,,
17.9215,5.97E-05,,,
17.9832,5.09E-05,,,
18.0451,5.80E-05,,,
18.1072,4.95E-05,,,
18.1696,5.14E-05,,,
18.2321,4.12E-05,,,
18.2949,5.84E-05,,,
18.3578,4.86E-05,,,
18.421,4.56E-05,,,
18.4844,4.97E-05,,,
18.5481,4.78E-05,,,
18.6119,4.19E-05,,,
18.676,3.76E-05,,,
18.7403,4.38E-05,,,
18.8048,4.17E-05,,,
18.8695,3.98E-05,,,
18.9345,4.43E-05,,,
18.9996,4.06E-05,,,
19.065,4.03E-05,,,
19.1307,3.65E-05,,,
19.1965,4.45E-05,,,
19.2626,3.93E-05,,,
19.3289,3.88E-05,,,
19.3954,3.89E-05,,,
19.4622,3.43E-05,,,
19.5292,3.38E-05,,,
19.5964,3.59E-05,,,
19.6639,3.45E-05,,,
19.7316,3.68E-05,,,
19.7995,3.26E-05,,,
19.8676,3.30E-05,,,
19.936,3.29E-05,,,
20.0046,3.24E-05,,,
20.0735,3.67E-05,,,
20.1426,3.16E-05,,,
20.2119,3.19E-05,,,
20.2815,3.10E-05,,,
20.3513,3.38E-05,,,
20.4214,3.50E-05,,,
20.4917,3.01E-05,,,
20.5622,2.99E-05,,,
20.633,2.96E-05,,,
20.704,3.17E-05,,,
20.7753,3.01E-05,,,
20.8468,4.20E-05,,,
20.9186,3.14E-05,,,
20.9906,3.11E-05,,,
21.0628,2.83E-05,,,
21.1353,2.83E-05,,,
21.2081,2.90E-05,,,
21.2811,3.27E-05,,,
21.3543,2.84E-05,,,
21.4278,2.74E-05,,,
21.5016,2.72E-05,,,
21.5756,2.72E-05,,,
21.6499,2.65E-05,,,
21.7244,2.73E-05,,,
21.7992,2.66E-05,,,
21.8742,2.61E-05,,,
21.9495,2.57E-05,,,
22.0251,2.60E-05,,,
22.1009,2.69E-05,,,
22.177,2.56E-05,,,
22.2533,2.53E-05,,,
22.3299,2.49E-05,,,
22.4068,2.47E-05,,,
22.4839,2.53E-05,,,
22.5613,2.42E-05,,,
22.6389,2.41E-05,,,
22.7169,2.39E-05,,,
22.7951,2.80E-05,,,
22.8735,2.36E-05,,,
22.9523,2.36E-05,,,
23.0313,2.31E-05,,,
23.1106,2.29E-05,,,
23.1901,2.28E-05,,,
23.2699,2.27E-05,,,
23.35,2.27E-05,,,
23.4304,2.26E-05,,,
23.5111,2.21E-05,,,
23.592,2.21E-05,,,
23.6732,2.20E-05,,,
23.7547,2.16E-05,,,
23.8365,2.16E-05,,,
23.9185,2.14E-05,,,
24.0008,2.14E-05,,,
24.0835,2.10E-05,,,
24.1664,2.09E-05,,,
24.2496,2.09E-05,,,
24.333,2.04E-05,,,
24.4168,2.07E-05,,,
24.5008,2.03E-05,,,
24.5852,2.02E-05,,,
24.6698,1.99E-05,,,
24.7547,1.99E-05,,,
24.8399,1.98E-05,,,
24.9254,1.96E-05,,,
25.0112,1.95E-05,,,
25.0973,1.93E-05,,,
25.1837,1.93E-05,,,
25.2704,1.90E-05,,,
25.3574,1.88E-05,,,
25.4447,1.87E-05,,,
25.5323,1.87E-05,,,
25.6202,1.84E-05,,,
25.7083,1.82E-05,,,
25.7968,1.81E-05,,,
25.8856,1.79E-05,,,
25.9747,1.80E-05,,,
26.0641,1.76E-05,,,
26.1539,1.77E-05,,,
26.2439,1.73E-05,,,
26.3342,1.75E-05,,,
26.4249,1.70E-05,,,
26.5158,1.72E-05,,,
26.6071,1.69E-05,,,
26.6987,1.67E-05,,,
26.7906,1.67E-05,,,
26.8828,1.65E-05,,,
26.9754,1.63E-05,,,
27.0682,1.63E-05,,,
27.1614,1.61E-05,,,
27.2549,1.61E-05,,,
27.3487,1.60E-05,,,
27.4428,1.60E-05,,,
27.5373,1.59E-05,,,
27.6321,1.56E-05,,,
27.7272,1.53E-05,,,
27.8227,1.53E-05,,,
27.9184,1.53E-05,,,
28.0145,1.51E-05,,,
28.111,1.50E-05,,,
28.2077,1.49E-05,,,
28.3048,1.49E-05,,,
28.4023,1.46E-05,,,
28.5,1.45E-05,,,
28.5981,1.44E-05,,,
28.6966,1.42E-05,,,
28.7954,1.42E-05,,,
28.8945,1.42E-05,,,
28.9939,1.40E-05,,,
29.0937,1.39E-05,,,
29.1939,1.40E-05,,,
29.2944,1.36E-05,,,
29.3952,1.38E-05,,,
29.4964,1.34E-05,,,
29.5979,1.35E-05,,,
29.6998,1.32E-05,,,
29.802,1.33E-05,,,
29.9046,1.31E-05,,,
30.0076,1.31E-05,,,
30.1109,1.28E-05,,,
30.2145,1.28E-05,,,
30.3185,1.28E-05,,,
30.4229,1.26E-05,,,
30.5276,1.24E-05,,,
30.6327,1.25E-05,,,
30.7381,1.22E-05,,,
30.8439,1.20E-05,,,
30.9501,1.22E-05,,,
31.0566,1.19E-05,,,
31.1636,1.19E-05,,,
31.2708,1.17E-05,,,
31.3785,1.17E-05,,,
31.4865,1.16E-05,,,
31.5949,1.16E-05,,,
31.7036,1.15E-05,,,
31.8128,1.13E-05,,,
31.9223,1.13E-05,,,
32.0321,1.11E-05,,,
32.1424,1.10E-05,,,
32.253,1.10E-05,,,
32.3641,1.08E-05,,,
32.4755,1.08E-05,,,
32.5873,1.07E-05,,,
32.6994,1.06E-05,,,
32.812,1.03E-05,,,
32.9249,1.04E-05,,,
33.0383,1.03E-05,,,
33.152,1.04E-05,,,
33.2661,1.01E-05,,,
33.3806,1.00E-05,,,
33.4955,1.00E-05,,,
33.6108,9.80E-06,,,
33.7265,9.74E-06,,,
33.8426,9.67E-06,,,
33.9591,9.71E-06,,,
34.076,9.61E-06,,,
34.1933,9.53E-06,,,
34.311,9.26E-06,,,
34.4291,9.16E-06,,,
34.5476,9.02E-06,,,
34.6665,9.19E-06,,,
34.7859,8.96E-06,,,
34.9056,8.96E-06,,,
35.0258,8.74E-06,,,
35.1463,8.77E-06,,,
35.2673,8.63E-06,,,
35.3887,8.60E-06,,,
35.5105,8.53E-06,,,
35.6328,8.52E-06,,,
35.7554,8.42E-06,,,
35.8785,8.28E-06,,,
36.002,8.09E-06,,,
36.1259,8.28E-06,,,
36.2503,8.11E-06,,,
36.3751,7.94E-06,,,
36.5003,7.96E-06,,,
36.6259,7.91E-06,,,
36.752,7.68E-06,,,
36.8785,7.80E-06,,,
37.0054,7.61E-06,,,
37.1328,7.54E-06,,,
37.2606,7.54E-06,,,
37.3889,7.40E-06,,,
37.5176,7.32E-06,,,
37.6468,7.34E-06,,,
37.7763,7.29E-06,,,
37.9064,7.04E-06,,,
38.0369,7.00E-06,,,
38.1678,7.04E-06,,,
38.2992,6.96E-06,,,
38.431,6.78E-06,,,
38.5633,6.74E-06,,,
38.696,6.61E-06,,,
38.8292,6.57E-06,,,
38.9629,6.54E-06,,,
39.097,6.60E-06,,,
39.2316,6.41E-06,,,
39.3666,6.34E-06,,,
39.5022,6.25E-06,,,
39.6381,6.24E-06,,,
39.7746,6.12E-06,,,
39.9115,6.13E-06,,,
40.0489,6.12E-06,,,
40.1867,5.97E-06,,,
40.3251,5.89E-06,,,
40.4639,5.81E-06,,,
40.6032,5.81E-06,,,
40.7429,5.77E-06,,,
40.8832,5.73E-06,,,
41.0239,5.64E-06,,,
41.1651,5.65E-06,,,
41.3068,5.52E-06,,,
41.449,5.44E-06,,,
41.5917,5.38E-06,,,
41.7348,5.37E-06,,,
41.8785,5.45E-06,,,
42.0227,5.24E-06,,,
42.1673,5.32E-06,,,
42.3125,5.16E-06,,,
42.4581,5.15E-06,,,
42.6043,5.01E-06,,,
42.7509,5.08E-06,,,
42.8981,5.00E-06,,,
43.0457,4.92E-06,,,
43.1939,4.92E-06,,,
43.3426,4.81E-06,,,
43.4918,4.86E-06,,,
43.6415,4.73E-06,,,
43.7917,4.69E-06,,,
43.9425,4.79E-06,,,
44.0937,4.71E-06,,,
44.2455,4.60E-06,,,
44.3978,4.64E-06,,,
44.5506,4.62E-06,,,
44.704,4.51E-06,,,
44.8579,4.54E-06,,,
45.0123,4.39E-06,,,
45.1672,4.40E-06,,,
45.3227,4.36E-06,,,
45.4787,4.32E-06,,,
45.6353,4.25E-06,,,
45.7923,4.35E-06,,,
45.95,4.32E-06,,,
46.1081,4.12E-06,,,
46.2669,4.24E-06,,,
46.4261,4.23E-06,,,
46.5859,4.12E-06,,,
46.7463,4.04E-06,,,
46.9072,4.14E-06,,,
47.0687,4.10E-06,,,
47.2307,3.92E-06,,,
47.3933,4.00E-06,,,
47.5564,3.97E-06,,,
47.7201,3.91E-06,,,
47.8844,3.98E-06,,,
48.0492,3.91E-06,,,
48.2146,3.87E-06,,,
48.3806,3.82E-06,,,
48.5471,3.93E-06,,,
48.7142,3.75E-06,,,
48.8819,3.83E-06,,,
49.0501,3.79E-06,,,
49.219,3.78E-06,,,
49.3884,3.72E-06,,,
49.5584,3.64E-06,,,
49.729,3.72E-06,,,
49.9002,3.66E-06,,,
50.072,3.63E-06,,,
50.2443,3.60E-06,,,
50.4173,3.59E-06,,,
50.5908,3.53E-06,,,
50.765,3.50E-06,,,
50.9397,3.52E-06,,,
51.1151,3.45E-06,,,
51.291,3.57E-06,,,
51.4676,3.51E-06,,,
51.6447,3.43E-06,,,
51.8225,3.43E-06,,,
52.0009,3.45E-06,,,
52.1799,3.33E-06,,,
52.3595,3.37E-06,,,
52.5397,3.32E-06,,,
52.7206,3.29E-06,,,
52.9021,3.33E-06,,,
53.0842,3.27E-06,,,
53.2669,3.24E-06,,,
53.4502,3.27E-06,,,
53.6342,3.20E-06,,,
53.8188,3.26E-06,,,
54.0041,3.22E-06,,,
54.19,3.21E-06,,,
54.3765,3.16E-06,,,
54.5637,3.12E-06,,,
54.7515,3.13E-06,,,
54.94,3.10E-06,,,
55.1291,3.06E-06,,,
55.3189,3.00E-06,,,
55.5093,3.06E-06,,,
55.7004,3.03E-06,,,
55.8921,3.00E-06,,,
56.0845,3.01E-06,,,
56.2776,2.95E-06,,,
56.4713,2.95E-06,,,
56.6657,2.88E-06,,,
56.8607,2.86E-06,,,
57.0565,2.91E-06,,,
57.2529,2.83E-06,,,
57.4499,2.80E-06,,,
57.6477,2.82E-06,,,
57.8461,2.76E-06,,,
58.0452,2.84E-06,,,
58.245,2.77E-06,,,
58.4455,2.69E-06,,,
58.6467,2.65E-06,,,
58.8486,2.68E-06,,,
59.0512,2.64E-06,,,
59.2544,2.60E-06,,,
59.4584,2.61E-06,,,
59.6631,2.60E-06,,,
59.8684,2.59E-06,,,
60.0745,2.52E-06,,,
60.2813,2.49E-06,,,
60.4888,2.51E-06,,,
60.697,2.51E-06,,,
60.906,2.46E-06,,,
61.1156,2.45E-06,,,
61.326,2.37E-06,,,
61.5371,2.41E-06,,,
61.7489,2.34E-06,,,
61.9615,2.38E-06,,,
62.1748,2.31E-06,,,
62.3888,2.36E-06,,,
62.6035,2.31E-06,,,
62.819,2.31E-06,,,
63.0353,2.21E-06,,,
63.2522,2.24E-06,,,
63.47,2.21E-06,,,
63.6885,2.19E-06,,,
63.9077,2.14E-06,,,
64.1277,2.18E-06,,,
64.3484,2.08E-06,,,
64.5699,2.07E-06,,,
64.7922,2.05E-06,,,
65.0152,2.05E-06,,,
65.239,2.04E-06,,,
65.4636,1.98E-06,,,
65.6889,1.97E-06,,,
65.915,1.98E-06,,,
66.1419,1.96E-06,,,
66.3696,1.94E-06,,,
66.5981,1.92E-06,,,
66.8273,1.90E-06,,,
67.0573,1.90E-06,,,
67.2882,1.86E-06,,,
67.5198,1.80E-06,,,
67.7522,1.80E-06,,,
67.9854,1.78E-06,,,
68.2194,1.76E-06,,,
68.4543,1.76E-06,,,
68.6899,1.74E-06,,,
68.9264,1.71E-06,,,
69.1636,1.78E-06,,,
69.4017,1.73E-06,,,
69.6406,1.72E-06,,,
69.8803,1.71E-06,,,
70.1209,1.69E-06,,,
70.3622,1.65E-06,,,
70.6044,1.68E-06,,,
70.8475,1.62E-06,,,
71.0913,1.64E-06,,,
71.336,1.60E-06,,,
71.5816,1.57E-06,,,
71.828,1.59E-06,,,
72.0753,1.57E-06,,,
72.3234,1.51E-06,,,
72.5723,1.56E-06,,,
72.8221,1.57E-06,,,
73.0728,1.55E-06,,,
73.3243,1.50E-06,,,
73.5767,1.52E-06,,,
73.83,1.53E-06,,,
74.0841,1.48E-06,,,
74.3391,1.49E-06,,,
74.595,1.46E-06,,,
74.8518,1.45E-06,,,
75.1095,1.46E-06,,,
75.368,1.44E-06,,,
75.6274,1.40E-06,,,
75.8878,1.44E-06,,,
76.149,1.41E-06,,,
76.4111,1.41E-06,,,
76.6741,1.40E-06,,,
76.9381,1.41E-06,,,
77.2029,1.37E-06,,,
77.4687,1.37E-06,,,
77.7353,1.38E-06,,,
78.0029,1.34E-06,,,
78.2714,1.30E-06,,,
78.5408,1.36E-06,,,
78.8112,1.32E-06,,,
79.0825,1.31E-06,,,
79.3547,1.27E-06,,,
79.6279,1.28E-06,,,
79.902,1.29E-06,,,
80.177,1.31E-06,,,
80.453,1.29E-06,,,
80.7299,1.28E-06,,,
81.0078,1.26E-06,,,
81.2867,1.20E-06,,,
81.5665,1.23E-06,,,
81.8472,1.24E-06,,,
82.129,1.22E-06,,,
82.4117,1.21E-06,,,
82.6954,1.17E-06,,,
82.98,1.19E-06,,,
83.2656,1.17E-06,,,
83.5523,1.16E-06,,,
83.8399,1.17E-06,,,
84.1285,1.14E-06,,,
84.4181,1.14E-06,,,
84.7086,1.10E-06,,,
85.0002,1.13E-06,,,
85.2928,1.09E-06,,,
85.5864,1.10E-06,,,
85.881,1.06E-06,,,
86.1767,1.11E-06,,,
86.4733,1.06E-06,,,
86.771,1.04E-06,,,
87.0696,1.01E-06,,,
87.3693,1.04E-06,,,
87.6701,1.06E-06,,,
87.9719,1.00E-06,,,
88.2747,1.03E-06,,,
88.5786,9.91E-07,,,
88.8835,1.02E-06,,,
89.1894,9.95E-07,,,
89.4964,9.70E-07,,,
89.8045,9.93E-07,,,
90.1136,9.55E-07,,,
90.4238,9.74E-07,,,
90.7351,9.26E-07,,,
91.0474,9.17E-07,,,
91.3608,9.14E-07,,,
91.6753,9.64E-07,,,
91.9909,9.08E-07,,,
92.3075,9.07E-07,,,
92.6253,8.83E-07,,,
92.9441,9.11E-07,,,
93.264,8.61E-07,,,
93.5851,8.73E-07,,,
93.9072,8.67E-07,,,
94.2305,8.52E-07,,,
94.5548,8.33E-07,,,
94.8803,8.59E-07,,,
95.2069,8.17E-07,,,
95.5346,8.33E-07,,,
95.8635,7.92E-07,,,
96.1935,7.75E-07,,,
96.5246,7.79E-07,,,
96.8568,7.62E-07,,,
97.1902,7.87E-07,,,
97.5248,7.51E-07,,,
97.8605,7.35E-07,,,
98.1974,7.40E-07,,,
98.5354,7.33E-07,,,
98.8746,7.09E-07,,,
99.2149,7.02E-07,,,
99.5564,7.15E-07,,,
99.8991,7.29E-07,,,
100.243,6.67E-07,,,
100.588,6.73E-07,,,
100.934,6.81E-07,,,
101.282,6.57E-07,,,
101.63,6.77E-07,,,
101.98,6.66E-07,,,
102.331,6.29E-07,,,
102.684,6.23E-07,,,
103.037,5.93E-07,,,
103.392,6.27E-07,,,
103.748,6.02E-07,,,
104.105,5.83E-07,,,
104.463,5.83E-07,,,
104.823,5.72E-07,,,
105.183,5.63E-07,,,
105.545,5.71E-07,,,
105.909,5.54E-07,,,
106.273,5.38E-07,,,
106.639,5.38E-07,,,
107.006,5.45E-07,,,
107.375,5.14E-07,,,
107.744,4.98E-07,,,
108.115,4.90E-07,,,
108.487,4.71E-07,,,
108.861,5.02E-07,,,
109.235,4.60E-07,,,
109.611,4.68E-07,,,
109.989,4.54E-07,,,
110.367,4.34E-07,,,
110.747,4.57E-07,,,
111.128,4.16E-07,,,
111.511,4.01E-07,,,
111.895,4.09E-07,,,
112.28,3.76E-07,,,
112.666,3.94E-07,,,
113.054,3.46E-07,,,
113.443,3.67E-07,,,
113.834,3.40E-07,,,
114.226,3.42E-07,,,
114.619,3.09E-07,,,
115.014,2.86E-07,,,
115.409,2.78E-07,,,
115.807,2.59E-07,,,
116.205,2.69E-07,,,
116.605,2.48E-07,,,
117.007,2.36E-07,,,
117.41,2.21E-07,,,
117.814,1.91E-07,,,
118.219,1.79E-07,,,
118.626,1.57E-07,,,
119.034,1.67E-07,,,
119.444,1.29E-07,,,
119.855,1.15E-07,,,
120.268,1.10E-07,,,
120.682,9.45E-08,,,
121.097,8.90E-08,,,
121.514,7.42E-08,,,
121.932,6.44E-08,,,
122.352,6.04E-08,,,
122.773,4.56E-08,,,
123.196,4.25E-08,,,
123.62,3.18E-08,,,
124.046,2.97E-08,,,
124.473,1.88E-08,,,
124.901,1.49E-08,,,
125.331,1.55E-08,,,
125.762,1.19E-08,,,
126.195,9.62E-09,,,
126.63,1.01E-08,,,
127.066,9.27E-09,,,
127.503,7.41E-09,,,
127.942,5.95E-09,,,
128.382,5.10E-09,,,
128.824,4.20E-09,,,
129.268,3.17E-09,,,
129.713,4.21E-09,,,
130.159,3.84E-09,,,
130.607,4.09E-09,,,
131.057,3.57E-09,,,
131.508,3.42E-09,,,
131.961,2.81E-09,,,
132.415,3.51E-09,,,
132.871,3.10E-09,,,
133.328,1.32E-09,,,
133.787,1.76E-09,,,
134.247,1.66E-09,,,
134.709,2.04E-09,,,
135.173,2.02E-09,,,
135.638,1.73E-09,,,
136.105,1.84E-09,,,
136.574,1.55E-09,,,
137.044,8.66E-10,,,
137.516,2.29E-09,,,
137.989,1.84E-09,,,
138.464,1.50E-09,,,
138.941,1.71E-09,,,
139.419,1.07E-09,,,
139.899,1.35E-09,,,
140.38,1.09E-09,,,
140.864,9.18E-10,,,
141.349,1.15E-09,,,
141.835,3.64E-10,,,
142.323,1.62E-09,,,
142.813,5.02E-10,,,
143.305,1.22E-09,,,
143.798,6.67E-11,,,
144.293,1.36E-09,,,
144.79,1.05E-09,,,
145.288,9.38E-10,,,
145.788,1.05E-09,,,
146.29,1.29E-09,,,
146.794,8.66E-10,,,
147.299,4.31E-10,,,
147.806,4.31E-10,,,
148.315,9.79E-10,,,
148.825,3.64E-10,,,
149.338,1.66E-09,,,
149.852,6.82E-10,,,
150.368,3.18E-10,,,
150.885,1.56E-09,,,
151.405,1.00E-09,,,
151.926,8.66E-10,,,
152.449,9.79E-10,,,
152.973,1.31E-09,,,
153.5,0,,,
154.028,4.21E-10,,,
154.559,6.15E-10,,,
155.091,6.67E-11,,,
155.624,0,,,
156.16,6.67E-11,,,
156.698,7.28E-10,,,
157.237,0,,,
157.778,2.51E-10,,,
158.321,4.31E-10,,,
158.866,1.42E-09,,,
159.413,9.38E-10,,,
159.962,0,,,
160.513,0,,,
161.065,6.82E-10,,,
161.62,0,,,
162.176,3.54E-10,,,
162.734,6.87E-10,,,
163.294,6.87E-10,,,
163.856,1.05E-09,,,
164.42,4.31E-10,,,
164.986,6.15E-10,,,
165.554,0,,,
166.124,0,,,
166.696,0,,,
167.27,0,,,
167.846,2.51E-10,,,
168.423,6.87E-10,,,
169.003,0,,,
169.585,3.54E-10,,,
170.169,1.18E-09,,,
170.754,6.87E-10,,,
171.342,0,,,
171.932,6.67E-11,,,
172.524,1.33E-10,,,
173.118,0,,,
173.714,0,,,
174.312,6.87E-10,,,
174.912,6.87E-10,,,
175.514,0,,,
176.118,0,,,
176.724,0,,,
177.332,6.87E-10,,,
177.943,6.87E-10,,,
178.555,6.87E-10,,,
179.17,0,,,
179.787,0,,,
180.406,6.67E-11,,,
181.027,0,,,
181.65,0,,,
182.275,6.87E-10,,,
182.902,0,,,
183.532,0,,,
184.164,0,,,
184.798,0,,,
185.434,0,,,
186.072,0,,,
186.713,0,,,
187.355,0,,,
188,0,,,
188.647,0,,,
189.297,0,,,
189.948,0,,,
190.602,0,,,
191.258,6.87E-10,,,
191.917,0,,,
192.577,0,,,
193.24,0,,,
193.905,0,,,
194.573,0,,,
195.243,0,,,
195.915,0,,,
196.589,0,,,
197.266,0,,,
197.945,0,,,
198.626,0,,,
199.31,0,,,
199.996,6.87E-10,,,
200.684,0,,,
201.375,0,,,
202.068,0,,,
202.764,0,,,
203.462,3.33E-10,,,
204.162,3.33E-10,,,
204.865,0,,,
205.57,0,,,
206.278,0,,,
206.988,0,,,
207.7,0,,,
208.415,6.87E-10,,,
209.133,0,,,
209.853,6.87E-10,,,
210.575,0,,,
211.3,3.33E-10,,,
212.027,0,,,
212.757,0,,,
213.489,0,,,
214.224,0,,,
214.962,0,,,
215.702,6.87E-10,,,
216.444,0,,,
217.189,0,,,
217.937,0,,,
218.687,0,,,
219.44,6.87E-10,,,
220.195,3.33E-10,,,
220.953,0,,,
221.714,0,,,
222.477,4.57E-10,,,
223.243,0,,,
224.011,0,,,
224.782,0,,,
225.556,3.33E-10,,,
226.332,3.33E-10,,,
227.111,0,,,
227.893,3.33E-10,,,
228.678,0,,,
229.465,0,,,
230.255,0,,,
231.047,0,,,
231.843,4.57E-10,,,
232.641,0,,,
233.441,0,,,
234.245,0,,,
235.051,0,,,
235.86,0,,,
236.672,0,,,
237.487,4.57E-10,,,
238.304,0,,,
239.125,0,,,
239.948,0,,,
240.774,0,,,
241.603,0,,,
242.434,0,,,
243.269,0,,,
244.106,0,,,
244.946,0,,,
245.79,0,,,
246.636,4.57E-10,,,
247.485,0,,,
248.337,0,,,
249.191,0,,,
250.049,0,,,
250.91,0,,,
251.774,0,,,
252.64,0,,,
253.51,0,,,
254.383,0,,,
255.258,0,,,
256.137,0,,,
257.019,0,,,
257.903,4.57E-10,,,
258.791,0,,,
259.682,0,,,
260.576,0,,,
261.473,0,,,
262.373,0,,,
263.276,0,,,
264.182,0,,,
265.092,0,,,
266.004,0,,,
266.92,0,,,
267.838,0,,,
268.76,0,,,
269.686,0,,,
270.614,0,,,
271.545,0,,,
272.48,0,,,
273.418,0,,,
274.359,0,,,
275.304,0,,,
276.251,0,,,
277.202,0,,,
278.156,0,,,
279.114,0,,,
280.075,0,,,
281.039,0,,,
282.006,0,,,
282.977,0,,,
283.951,0,,,
284.928,0,,,
285.909,0,,,
286.893,0,,,
287.881,0,,,
288.872,0,,,
289.866,0,,,
290.864,0,,,
291.865,0,,,
292.87,0,,,
293.878,0,,,
294.89,0,,,
295.905,0,,,
296.923,0,,,
297.945,0,,,
298.971,0,,,
300,,,,
