0.01,3.89E-05,1.93,0.3109079,0.959835988
0.0100344,7.04E-05,,0.6218159,1.039822363
0.010069,4.56E-05,,0.9327238,0.922919206
0.0101036,3.04E-05,,1.243632,0.847034756
0.0101384,8.94E-05,,1.55454,0.775252088
0.0101733,0.000104854,,1.865448,0.740386263
0.0102083,7.55E-05,,2.176355,0.693214875
0.0102435,0.000128113,,2.487263,0.639890631
0.0102787,7.18E-05,,3.109079,0.570158963
0.0103141,0.000104118,,4.663619,0.31789435
0.0103496,0.000110005,,6.218158,0.178431019
0.0103852,8.48E-05,,,
0.010421,8.15E-05,,,
0.0104568,0.000160338,,,
0.0104928,0.000237161,,,
0.010529,0.00016282,,,
0.0105652,0.000289122,,,
0.0106016,0.000242794,,,
0.0106381,0.000334627,,,
0.0106747,0.000206579,,,
0.0107114,0.000302014,,,
0.0107483,0.000348455,,,
0.0107853,0.000343749,,,
0.0108224,0.000348589,,,
0.0108597,0.000377888,,,
0.0108971,0.000354349,,,
0.0109346,0.000703012,,,
0.0109722,0.000925306,,,
0.01101,0.000961939,,,
0.0110479,0.0010838,,,
0.0110859,0.00376133,,,
0.0111241,0.00557032,,,
0.0111624,0.00600304,,,
0.0112008,0.00564647,,,
0.0112393,0.00571713,,,
0.011278,0.00595857,,,
0.0113168,0.00586537,,,
0.0113558,0.00586052,,,
0.0113949,0.00533268,,,
0.0114341,0.00551816,,,
0.0114735,0.00594739,,,
0.011513,0.00531894,,,
0.0115526,0.00526159,,,
0.0115924,0.00507579,,,
0.0116323,0.00564388,,,
0.0116723,0.00529178,,,
0.0117125,0.00541655,,,
0.0117528,0.00549407,,,
0.0117933,0.00544938,,,
0.0118339,0.00520282,,,
0.0118746,0.00510513,,,
0.0119155,0.00495557,,,
0.0119565,0.0051833,,,
0.0119976,0.005287,,,
0.0120389,0.00514018,,,
0.0120804,0.00501429,,,
0.012122,0.00472411,,,
0.0121637,0.00479624,,,
0.0122056,0.00487123,,,
0.0122476,0.00465995,,,
0.0122897,0.00616525,,,
0.012332,0.00508314,,,
0.0123745,0.0044788,,,
0.0124171,0.00504431,,,
0.0124598,0.00520084,,,
0.0125027,0.00471595,,,
0.0125458,0.00498962,,,
0.0125889,0.00429362,,,
0.0126323,0.0047321,,,
0.0126758,0.00450794,,,
0.0127194,0.00474359,,,
0.0127632,0.00488456,,,
0.0128071,0.00443215,,,
0.0128512,0.00451215,,,
0.0128954,0.00460306,,,
0.0129398,0.00475433,,,
0.0129844,0.00417459,,,
0.0130291,0.00396434,,,
0.0130739,0.00474503,,,
0.0131189,0.004412,,,
0.0131641,0.00443659,,,
0.0132094,0.00395041,,,
0.0132548,0.00404791,,,
0.0133005,0.00389804,,,
0.0133463,0.00417758,,,
0.0133922,0.00419109,,,
0.0134383,0.00403947,,,
0.0134846,0.0042887,,,
0.013531,0.00400765,,,
0.0135775,0.00369285,,,
0.0136243,0.00347512,,,
0.0136712,0.00392466,,,
0.0137182,0.0036878,,,
0.0137655,0.00362182,,,
0.0138128,0.0038999,,,
0.0138604,0.00384469,,,
0.0139081,0.00370916,,,
0.013956,0.00375639,,,
0.014004,0.00341899,,,
0.0140522,0.00386522,,,
0.0141006,0.00369926,,,
0.0141491,0.00365277,,,
0.0141978,0.00374522,,,
0.0142467,0.0038677,,,
0.0142957,0.00389176,,,
0.014345,0.00374809,,,
0.0143943,0.0037524,,,
0.0144439,0.00370549,,,
0.0144936,0.00362233,,,
0.0145435,0.0035068,,,
0.0145936,0.00333967,,,
0.0146438,0.00354454,,,
0.0146942,0.00390861,,,
0.0147448,0.00371537,,,
0.0147955,0.0035199,,,
0.0148465,0.00319062,,,
0.0148976,0.00335375,,,
0.0149488,0.00523602,,,
0.0150003,0.00348579,,,
0.0150519,0.00333793,,,
0.0151038,0.00345229,,,
0.0151557,0.00337396,,,
0.0152079,0.00391927,,,
0.0152603,0.00372525,,,
0.0153128,0.00346505,,,
0.0153655,0.00341174,,,
0.0154184,0.00347048,,,
0.0154715,0.00315198,,,
0.0155247,0.00340246,,,
0.0155782,0.00352815,,,
0.0156318,0.0031586,,,
0.0156856,0.0036151,,,
0.0157396,0.00359497,,,
0.0157938,0.00333343,,,
0.0158481,0.00330562,,,
0.0159027,0.00346078,,,
0.0159574,0.00327701,,,
0.0160124,0.00296437,,,
0.0160675,0.0032946,,,
0.0161228,0.00304006,,,
0.0161783,0.0281483,,,
0.016234,0.0039555,,,
0.0162898,0.00518142,,,
0.0163459,0.00393511,,,
0.0164022,0.00400635,,,
0.0164586,0.00440817,,,
0.0165153,0.00384917,,,
0.0165722,0.00350811,,,
0.0166292,0.00396692,,,
0.0166864,0.00357483,,,
0.0167439,0.00331579,,,
0.0168015,0.00390102,,,
0.0168593,0.00502092,,,
0.0169174,0.00364211,,,
0.0169756,0.0035583,,,
0.0170341,0.00321399,,,
0.0170927,0.00350544,,,
0.0171515,0.00327655,,,
0.0172106,0.00350013,,,
0.0172698,0.00316077,,,
0.0173293,0.00320038,,,
0.0173889,0.00338808,,,
0.0174488,0.0028501,,,
0.0175088,0.00329887,,,
0.0175691,0.00349418,,,
0.0176296,0.00292857,,,
0.0176903,0.00295424,,,
0.0177511,0.00267159,,,
0.0178123,0.00261032,,,
0.0178736,0.00272071,,,
0.0179351,0.00258915,,,
0.0179968,0.00302652,,,
0.0180588,0.00273474,,,
0.0181209,0.0026502,,,
0.0181833,0.00289267,,,
0.0182459,0.00277874,,,
0.0183087,0.00304184,,,
0.0183717,0.00215757,,,
0.018435,0.00269887,,,
0.0184984,0.00276359,,,
0.0185621,0.00253309,,,
0.018626,0.00259604,,,
0.0186901,0.00251501,,,
0.0187545,0.0022591,,,
0.018819,0.00237991,,,
0.0188838,0.00397654,,,
0.0189488,0.00248433,,,
0.019014,0.00270573,,,
0.0190795,0.00259434,,,
0.0191451,0.00253862,,,
0.019211,0.00217279,,,
0.0192772,0.00247156,,,
0.0193435,0.00248426,,,
0.0194101,0.00270002,,,
0.0194769,0.00229779,,,
0.019544,0.0024761,,,
0.0196112,0.00239727,,,
0.0196788,0.00236915,,,
0.0197465,0.00253485,,,
0.0198145,0.00248454,,,
0.0198827,0.00200577,,,
0.0199511,0.00223618,,,
0.0200198,0.0237138,,,
0.0200887,0.00348889,,,
0.0201579,0.00465444,,,
0.0202272,0.00293239,,,
0.0202969,0.00329629,,,
0.0203667,0.00281189,,,
0.0204368,0.00255361,,,
0.0205072,0.0026557,,,
0.0205778,0.00247326,,,
0.0206486,0.00454584,,,
0.0207197,0.00274521,,,
0.020791,0.0030549,,,
0.0208626,0.00258142,,,
0.0209344,0.00290106,,,
0.0210065,0.00251662,,,
0.0210788,0.0028107,,,
0.0211513,0.00257366,,,
0.0212241,0.00223225,,,
0.0212972,0.00247615,,,
0.0213705,0.00249095,,,
0.0214441,0.00261265,,,
0.0215179,0.00256301,,,
0.0215919,0.00261965,,,
0.0216663,0.00222423,,,
0.0217408,0.00237216,,,
0.0218157,0.00227009,,,
0.0218908,0.00218638,,,
0.0219661,0.00234532,,,
0.0220417,0.00226623,,,
0.0221176,0.00256727,,,
0.0221938,0.00229682,,,
0.0222701,0.00253752,,,
0.0223468,0.00237975,,,
0.0224237,0.0020475,,,
0.0225009,0.00262505,,,
0.0225784,0.00232131,,,
0.0226561,0.00240265,,,
0.0227341,0.00243697,,,
0.0228123,0.00258671,,,
0.0228909,0.0025781,,,
0.0229697,0.00239687,,,
0.0230487,0.00251078,,,
0.0231281,0.00273381,,,
0.0232077,0.00267857,,,
0.0232876,0.00283762,,,
0.0233677,0.00264602,,,
0.0234482,0.00257553,,,
0.0235289,0.00256587,,,
0.0236099,0.00268357,,,
0.0236911,0.00285095,,,
0.0237727,0.00276794,,,
0.0238545,0.00291852,,,
0.0239366,0.00265443,,,
0.024019,0.0183123,,,
0.0241017,0.00391193,,,
0.0241847,0.00434508,,,
0.0242679,0.00367538,,,
0.0243514,0.00291039,,,
0.0244353,0.00359277,,,
0.0245194,0.002878,,,
0.0246038,0.00327514,,,
0.0246885,0.0037246,,,
0.0247735,0.00308067,,,
0.0248587,0.00316807,,,
0.0249443,0.00332374,,,
0.0250302,0.00303622,,,
0.0251163,0.00289266,,,
0.0252028,0.00331327,,,
0.0252895,0.00323404,,,
0.0253766,0.00334413,,,
0.0254639,0.00304347,,,
0.0255516,0.00324362,,,
0.0256396,0.00325297,,,
0.0257278,0.00308846,,,
0.0258164,0.00315456,,,
0.0259052,0.00313561,,,
0.0259944,0.00314897,,,
0.0260839,0.00302634,,,
0.0261737,0.00282425,,,
0.0262638,0.00324602,,,
0.0263542,0.00287394,,,
0.0264449,0.00305701,,,
0.0265359,0.00309983,,,
0.0266273,0.00338198,,,
0.0267189,0.00315629,,,
0.0268109,0.00315105,,,
0.0269032,0.00297501,,,
0.0269958,0.00306079,,,
0.0270887,0.00330696,,,
0.027182,0.00337021,,,
0.0272755,0.0033273,,,
0.0273694,0.00371477,,,
0.0274636,0.0033489,,,
0.0275582,0.00363883,,,
0.027653,0.0032092,,,
0.0277482,0.00369567,,,
0.0278437,0.00341667,,,
0.0279396,0.00336045,,,
0.0280357,0.00344899,,,
0.0281323,0.00333105,,,
0.0282291,0.00365505,,,
0.0283263,0.00325043,,,
0.0284238,0.00368486,,,
0.0285216,0.00331314,,,
0.0286198,0.0034517,,,
0.0287183,0.00359696,,,
0.0288172,0.00347756,,,
0.0289164,0.00329006,,,
0.0290159,0.00349449,,,
0.0291158,0.00311132,,,
0.029216,0.00316124,,,
0.0293166,0.00356801,,,
0.0294175,0.00330437,,,
0.0295187,0.00342901,,,
0.0296203,0.00365717,,,
0.0297223,0.00330913,,,
0.0298246,0.0033983,,,
0.0299273,0.00358916,,,
0.0300303,0.00331253,,,
0.0301337,0.0033063,,,
0.0302374,0.00307689,,,
0.0303415,0.00347282,,,
0.0304459,0.00348472,,,
0.0305507,0.00319241,,,
0.0306559,0.00318021,,,
0.0307614,0.00320386,,,
0.0308673,0.00306376,,,
0.0309735,0.00314274,,,
0.0310802,0.00376027,,,
0.0311872,0.00354579,,,
0.0312945,0.00338608,,,
0.0314022,0.00320595,,,
0.0315103,0.00353348,,,
0.0316188,0.00382329,,,
0.0317276,0.00343842,,,
0.0318368,0.00335148,,,
0.0319464,0.00373188,,,
0.0320564,0.00352172,,,
0.0321667,0.00340005,,,
0.0322775,0.00388732,,,
0.0323886,0.00410803,,,
0.0325001,0.00387403,,,
0.0326119,0.00360652,,,
0.0327242,0.00381548,,,
0.0328368,0.0036234,,,
0.0329499,0.00413367,,,
0.0330633,0.00344009,,,
0.0331771,0.00325811,,,
0.0332913,0.00373699,,,
0.0334059,0.00359182,,,
0.0335209,0.00319466,,,
0.0336363,0.00354325,,,
0.0337521,0.00387703,,,
0.0338682,0.0032052,,,
0.0339848,0.0035295,,,
0.0341018,0.00365682,,,
0.0342192,0.00342218,,,
0.034337,0.00368709,,,
0.0344552,0.00324853,,,
0.0345738,0.00351971,,,
0.0346928,0.00352007,,,
0.0348122,0.00353383,,,
0.034932,0.00344853,,,
0.0350523,0.0044079,,,
0.035173,0.00370451,,,
0.035294,0.00336939,,,
0.0354155,0.00358382,,,
0.0355374,0.0033796,,,
0.0356597,0.00320348,,,
0.0357825,0.00373682,,,
0.0359057,0.00340917,,,
0.0360293,0.00355854,,,
0.0361533,0.00417483,,,
0.0362777,0.00375951,,,
0.0364026,0.00389867,,,
0.0365279,0.00413151,,,
0.0366537,0.00386286,,,
0.0367798,0.00453952,,,
0.0369064,0.00454956,,,
0.0370335,0.00379908,,,
0.0371609,0.00402251,,,
0.0372889,0.00341897,,,
0.0374172,0.00386512,,,
0.037546,0.00369399,,,
0.0376753,0.00378891,,,
0.0378049,0.0036352,,,
0.0379351,0.00368749,,,
0.0380657,0.0036461,,,
0.0381967,0.00375893,,,
0.0383282,0.00337537,,,
0.0384601,0.00356404,,,
0.0385925,0.00353405,,,
0.0387253,0.00373267,,,
0.0388586,0.00373986,,,
0.0389924,0.0047491,,,
0.0391266,0.00385708,,,
0.0392613,0.00362606,,,
0.0393965,0.00360501,,,
0.0395321,0.00382901,,,
0.0396681,0.00351754,,,
0.0398047,0.00349483,,,
0.0399417,0.00364234,,,
0.0400792,0.0041719,,,
0.0402172,0.00507487,,,
0.0403556,0.00374712,,,
0.0404945,0.00393859,,,
0.0406339,0.00443873,,,
0.0407738,0.00371668,,,
0.0409141,0.00478126,,,
0.041055,0.00379802,,,
0.0411963,0.00371044,,,
0.0413381,0.00399436,,,
0.0414804,0.00443552,,,
0.0416232,0.0039424,,,
0.0417664,0.00394619,,,
0.0419102,0.0042411,,,
0.0420545,0.00392278,,,
0.0421992,0.00394746,,,
0.0423445,0.00429678,,,
0.0424903,0.00399115,,,
0.0426365,0.00405828,,,
0.0427833,0.00429061,,,
0.0429306,0.00424086,,,
0.0430783,0.00404298,,,
0.0432266,0.00410612,,,
0.0433754,0.00405975,,,
0.0435247,0.00368513,,,
0.0436745,0.00399578,,,
0.0438249,0.00397617,,,
0.0439757,0.00422206,,,
0.0441271,0.00455181,,,
0.044279,0.00426427,,,
0.0444314,0.00420037,,,
0.0445844,0.00469098,,,
0.0447378,0.00422106,,,
0.0448918,0.00393478,,,
0.0450464,0.00445175,,,
0.0452014,0.00464711,,,
0.045357,0.00440801,,,
0.0455131,0.00433344,,,
0.0456698,0.00407259,,,
0.045827,0.00449581,,,
0.0459848,0.00429713,,,
0.0461431,0.00356097,,,
0.0463019,0.00414269,,,
0.0464613,0.00449712,,,
0.0466212,0.00458806,,,
0.0467817,0.00437633,,,
0.0469427,0.00440424,,,
0.0471043,0.00428573,,,
0.0472664,0.00450377,,,
0.0474291,0.00413573,,,
0.0475924,0.00456879,,,
0.0477562,0.00447802,,,
0.0479206,0.00457261,,,
0.0480856,0.00469959,,,
0.0482511,0.00454547,,,
0.0484172,0.00885669,,,
0.0485839,0.00518048,,,
0.0487511,0.00494738,,,
0.0489189,0.00489088,,,
0.0490873,0.00478658,,,
0.0492563,0.00490608,,,
0.0494258,0.00491412,,,
0.0495959,0.00470337,,,
0.0497667,0.00464328,,,
0.049938,0.0047424,,,
0.0501099,0.0047737,,,
0.0502824,0.0047705,,,
0.0504554,0.00472139,,,
0.0506291,0.00507576,,,
0.0508034,0.00490117,,,
0.0509783,0.00508827,,,
0.0511538,0.00486966,,,
0.0513298,0.00524028,,,
0.0515065,0.00461563,,,
0.0516838,0.00522212,,,
0.0518617,0.00491277,,,
0.0520403,0.00465737,,,
0.0522194,0.00523072,,,
0.0523991,0.00514554,,,
0.0525795,0.00476457,,,
0.0527605,0.00498535,,,
0.0529421,0.00529412,,,
0.0531244,0.0051955,,,
0.0533072,0.00497515,,,
0.0534907,0.0049981,,,
0.0536748,0.00489428,,,
0.0538596,0.005116,,,
0.054045,0.00470754,,,
0.054231,0.00574709,,,
0.0544177,0.00500551,,,
0.054605,0.00483542,,,
0.054793,0.00532036,,,
0.0549816,0.00496439,,,
0.0551709,0.00588492,,,
0.0553608,0.00475712,,,
0.0555513,0.00458477,,,
0.0557426,0.00488988,,,
0.0559344,0.00564816,,,
0.056127,0.00560846,,,
0.0563202,0.00582035,,,
0.056514,0.00475077,,,
0.0567086,0.00549217,,,
0.0569038,0.0056976,,,
0.0570997,0.00514631,,,
0.0572962,0.00585025,,,
0.0574934,0.0053449,,,
0.0576913,0.00585157,,,
0.0578899,0.0055509,,,
0.0580892,0.00503936,,,
0.0582892,0.00584973,,,
0.0584898,0.00561791,,,
0.0586911,0.00492414,,,
0.0588932,0.00608048,,,
0.0590959,0.00515589,,,
0.0592993,0.00552448,,,
0.0595034,0.00567159,,,
0.0597083,0.00606662,,,
0.0599138,0.00559607,,,
0.06012,0.00606159,,,
0.060327,0.005532,,,
0.0605346,0.00573243,,,
0.060743,0.00620545,,,
0.0609521,0.00576158,,,
0.0611619,0.00608822,,,
0.0613724,0.00574895,,,
0.0615837,0.00589617,,,
0.0617957,0.00626263,,,
0.0620084,0.00601133,,,
0.0622218,0.0063347,,,
0.062436,0.00567248,,,
0.0626509,0.00593877,,,
0.0628666,0.00607335,,,
0.063083,0.00601977,,,
0.0633001,0.00642008,,,
0.063518,0.00637009,,,
0.0637367,0.00606737,,,
0.0639561,0.00618778,,,
0.0641762,0.00678745,,,
0.0643971,0.00635888,,,
0.0646188,0.00670311,,,
0.0648412,0.00674094,,,
0.0650644,0.00637324,,,
0.0652884,0.00672347,,,
0.0655131,0.00625423,,,
0.0657387,0.00677657,,,
0.0659649,0.0061737,,,
0.066192,0.00663172,,,
0.0664199,0.00649002,,,
0.0666485,0.00671038,,,
0.0668779,0.00648204,,,
0.0671081,0.00666318,,,
0.0673391,0.00657914,,,
0.0675709,0.00688247,,,
0.0678035,0.00652443,,,
0.0680369,0.00664496,,,
0.0682711,0.00629494,,,
0.0685061,0.00704746,,,
0.0687419,0.00719878,,,
0.0689785,0.00718686,,,
0.069216,0.00660061,,,
0.0694542,0.00684359,,,
0.0696933,0.00727866,,,
0.0699332,0.00700223,,,
0.0701739,0.00720672,,,
0.0704155,0.00725263,,,
0.0706579,0.00699638,,,
0.0709011,0.00730359,,,
0.0711452,0.00704728,,,
0.0713901,0.00731159,,,
0.0716358,0.00723692,,,
0.0718824,0.00722382,,,
0.0721298,0.00728288,,,
0.0723781,0.0071563,,,
0.0726273,0.00759182,,,
0.0728773,0.00700217,,,
0.0731281,0.00824998,,,
0.0733798,0.00786898,,,
0.0736324,0.00771564,,,
0.0738859,0.00743218,,,
0.0741402,0.00701574,,,
0.0743954,0.00756902,,,
0.0746515,0.00753762,,,
0.0749085,0.00786835,,,
0.0751663,0.00774747,,,
0.0754251,0.00758314,,,
0.0756847,0.00739101,,,
0.0759452,0.00745983,,,
0.0762067,0.00702654,,,
0.076469,0.00756063,,,
0.0767322,0.00793924,,,
0.0769963,0.00730449,,,
0.0772614,0.00784498,,,
0.0775273,0.00823929,,,
0.0777942,0.0078982,,,
0.078062,0.0078225,,,
0.0783307,0.00744319,,,
0.0786003,0.0078244,,,
0.0788709,0.00805207,,,
0.0791424,0.00858959,,,
0.0794148,0.00791849,,,
0.0796882,0.00818633,,,
0.0799625,0.00831789,,,
0.0802377,0.00828665,,,
0.0805139,0.00817801,,,
0.080791,0.00814389,,,
0.0810692,0.00760356,,,
0.0813482,0.00857283,,,
0.0816282,0.00838494,,,
0.0819092,0.00820262,,,
0.0821912,0.00881826,,,
0.0824741,0.00932157,,,
0.082758,0.00781173,,,
0.0830428,0.00856055,,,
0.0833287,0.00806643,,,
0.0836155,0.00907696,,,
0.0839034,0.00843361,,,
0.0841922,0.00847461,,,
0.084482,0.00848351,,,
0.0847728,0.00834887,,,
0.0850646,0.00841312,,,
0.0853574,0.00891577,,,
0.0856512,0.00884947,,,
0.0859461,0.00886288,,,
0.0862419,0.00879239,,,
0.0865388,0.00930103,,,
0.0868367,0.00916463,,,
0.0871356,0.00904971,,,
0.0874355,0.00923738,,,
0.0877365,0.0092397,,,
0.0880385,0.00889646,,,
0.0883415,0.00958859,,,
0.0886456,0.0098342,,,
0.0889508,0.00885792,,,
0.089257,0.0091791,,,
0.0895642,0.00929868,,,
0.0898725,0.00914074,,,
0.0901819,0.00978871,,,
0.0904923,0.00939984,,,
0.0908038,0.00962502,,,
0.0911164,0.00910371,,,
0.09143,0.00942576,,,
0.0917447,0.00984817,,,
0.0920605,0.0100064,,,
0.0923774,0.00934036,,,
0.0926954,0.00974638,,,
0.0930145,0.00992167,,,
0.0933347,0.00966187,,,
0.0936559,0.00970089,,,
0.0939783,0.0098364,,,
0.0943018,0.010285,,,
0.0946264,0.0101227,,,
0.0949522,0.0102566,,,
0.095279,0.0100381,,,
0.095607,0.010469,,,
0.0959361,0.0104755,,,
0.0962663,0.0102945,,,
0.0965977,0.0102139,,,
0.0969302,0.0103741,,,
0.0972638,0.0107382,,,
0.0975986,0.0106193,,,
0.0979346,0.00969776,,,
0.0982717,0.0104635,,,
0.09861,0.0106555,,,
0.0989494,0.0107224,,,
0.09929,0.0105333,,,
0.0996318,0.0104481,,,
0.0999748,0.0109749,,,
0.100319,0.0108175,,,
0.100664,0.0106996,,,
0.101011,0.0112269,,,
0.101358,0.0109544,,,
0.101707,0.0113187,,,
0.102057,0.0109601,,,
0.102409,0.0113382,,,
0.102761,0.0109689,,,
0.103115,0.0112261,,,
0.10347,0.0114904,,,
0.103826,0.0116911,,,
0.104183,0.0117844,,,
0.104542,0.0111222,,,
0.104902,0.0111259,,,
0.105263,0.0117922,,,
0.105625,0.0116659,,,
0.105989,0.0113248,,,
0.106354,0.0116747,,,
0.10672,0.0116114,,,
0.107087,0.0116478,,,
0.107456,0.0116743,,,
0.107826,0.0115658,,,
0.108197,0.0119897,,,
0.108569,0.0124302,,,
0.108943,0.0120844,,,
0.109318,0.0119668,,,
0.109694,0.0117658,,,
0.110072,0.011576,,,
0.110451,0.0120774,,,
0.110831,0.0126372,,,
0.111213,0.0130117,,,
0.111595,0.0123693,,,
0.11198,0.0127794,,,
0.112365,0.0126616,,,
0.112752,0.0128367,,,
0.11314,0.0128232,,,
0.113529,0.0130737,,,
0.11392,0.0130947,,,
0.114312,0.0126163,,,
0.114706,0.0121917,,,
0.115101,0.012803,,,
0.115497,0.0130549,,,
0.115894,0.0127319,,,
0.116293,0.0138803,,,
0.116694,0.0131325,,,
0.117095,0.0133103,,,
0.117498,0.0137712,,,
0.117903,0.0141663,,,
0.118309,0.0134987,,,
0.118716,0.0134181,,,
0.119125,0.0134919,,,
0.119535,0.0133472,,,
0.119946,0.0132999,,,
0.120359,0.0140933,,,
0.120773,0.0136674,,,
0.121189,0.0146805,,,
0.121606,0.0141754,,,
0.122025,0.0144803,,,
0.122445,0.0147379,,,
0.122866,0.0138526,,,
0.123289,0.0144586,,,
0.123714,0.0140545,,,
0.124139,0.0140289,,,
0.124567,0.0141727,,,
0.124996,0.0154075,,,
0.125426,0.0150861,,,
0.125858,0.0148068,,,
0.126291,0.0162352,,,
0.126726,0.0153958,,,
0.127162,0.0151922,,,
0.127599,0.0152973,,,
0.128039,0.0157669,,,
0.128479,0.015257,,,
0.128922,0.0155749,,,
0.129365,0.0156213,,,
0.129811,0.0160728,,,
0.130258,0.0153658,,,
0.130706,0.015659,,,
0.131156,0.0157788,,,
0.131607,0.0151172,,,
0.13206,0.0156352,,,
0.132515,0.0157595,,,
0.132971,0.0160106,,,
0.133429,0.0159988,,,
0.133888,0.015938,,,
0.134349,0.0156695,,,
0.134811,0.0156439,,,
0.135276,0.0170766,,,
0.135741,0.016284,,,
0.136208,0.0171453,,,
0.136677,0.0164251,,,
0.137148,0.0157096,,,
0.13762,0.0170594,,,
0.138094,0.0166174,,,
0.138569,0.0178343,,,
0.139046,0.0176955,,,
0.139525,0.0178889,,,
0.140005,0.0173798,,,
0.140487,0.0179869,,,
0.14097,0.0175585,,,
0.141456,0.0176313,,,
0.141943,0.0165117,,,
0.142431,0.0180157,,,
0.142921,0.0178588,,,
0.143413,0.0181587,,,
0.143907,0.0173704,,,
0.144402,0.0181961,,,
0.144899,0.0190751,,,
0.145398,0.0190547,,,
0.145899,0.0182703,,,
0.146401,0.0181031,,,
0.146905,0.0172632,,,
0.147411,0.0184734,,,
0.147918,0.0190382,,,
0.148427,0.0199246,,,
0.148938,0.0192067,,,
0.149451,0.0185151,,,
0.149965,0.0190189,,,
0.150481,0.0188058,,,
0.150999,0.0188282,,,
0.151519,0.0197782,,,
0.152041,0.0196394,,,
0.152564,0.0190489,,,
0.153089,0.0192414,,,
0.153616,0.020183,,,
0.154145,0.0204672,,,
0.154676,0.0194518,,,
0.155208,0.0204348,,,
0.155742,0.0203784,,,
0.156278,0.0192267,,,
0.156816,0.0204135,,,
0.157356,0.0205867,,,
0.157898,0.0210797,,,
0.158441,0.0211022,,,
0.158987,0.0201474,,,
0.159534,0.0212681,,,
0.160083,0.0212383,,,
0.160634,0.0207528,,,
0.161187,0.0212523,,,
0.161742,0.0216409,,,
0.162299,0.0222676,,,
0.162857,0.0219097,,,
0.163418,0.0223939,,,
0.163981,0.0213391,,,
0.164545,0.0217349,,,
0.165111,0.0214093,,,
0.16568,0.0227754,,,
0.16625,0.0220959,,,
0.166822,0.0218536,,,
0.167397,0.023632,,,
0.167973,0.0219892,,,
0.168551,0.0228128,,,
0.169131,0.0226384,,,
0.169713,0.0229624,,,
0.170298,0.0238804,,,
0.170884,0.0222398,,,
0.171472,0.023555,,,
0.172062,0.0241787,,,
0.172654,0.0238707,,,
0.173249,0.023326,,,
0.173845,0.023526,,,
0.174444,0.024039,,,
0.175044,0.024468,,,
0.175647,0.0237272,,,
0.176251,0.0238077,,,
0.176858,0.0238598,,,
0.177467,0.0249954,,,
0.178078,0.0242216,,,
0.178691,0.0253708,,,
0.179306,0.0254113,,,
0.179923,0.0251971,,,
0.180542,0.0250811,,,
0.181164,0.0251726,,,
0.181787,0.0254204,,,
0.182413,0.0257814,,,
0.183041,0.0253922,,,
0.183671,0.0257857,,,
0.184303,0.0260053,,,
0.184938,0.0272552,,,
0.185574,0.0256137,,,
0.186213,0.0265305,,,
0.186854,0.0272887,,,
0.187497,0.0258582,,,
0.188143,0.0264667,,,
0.18879,0.0269727,,,
0.18944,0.0272932,,,
0.190092,0.0269865,,,
0.190747,0.0270948,,,
0.191403,0.0262605,,,
0.192062,0.0280162,,,
0.192723,0.0277239,,,
0.193387,0.0278969,,,
0.194052,0.0275261,,,
0.19472,0.0283108,,,
0.19539,0.0283954,,,
0.196063,0.0280592,,,
0.196738,0.0288179,,,
0.197415,0.0281464,,,
0.198095,0.0286582,,,
0.198777,0.0290322,,,
0.199461,0.0302015,,,
0.200147,0.0280553,,,
0.200836,0.0294255,,,
0.201528,0.0309409,,,
0.202221,0.029606,,,
0.202917,0.0315725,,,
0.203616,0.0299206,,,
0.204317,0.0301555,,,
0.20502,0.0297142,,,
0.205726,0.0293663,,,
0.206434,0.0306222,,,
0.207145,0.030536,,,
0.207858,0.0314918,,,
0.208573,0.0321551,,,
0.209291,0.0311088,,,
0.210012,0.031061,,,
0.210734,0.032887,,,
0.21146,0.0315225,,,
0.212188,0.0316596,,,
0.212918,0.0320339,,,
0.213651,0.0321858,,,
0.214386,0.0324242,,,
0.215124,0.0339102,,,
0.215865,0.0326922,,,
0.216608,0.0341,,,
0.217354,0.0334967,,,
0.218102,0.0359592,,,
0.218853,0.033549,,,
0.219606,0.0350368,,,
0.220362,0.0351282,,,
0.22112,0.0348759,,,
0.221882,0.0349788,,,
0.222645,0.0338425,,,
0.223412,0.0343745,,,
0.224181,0.0355725,,,
0.224952,0.0362467,,,
0.225727,0.0366593,,,
0.226504,0.0344498,,,
0.227283,0.0357129,,,
0.228066,0.0346539,,,
0.228851,0.0357502,,,
0.229639,0.035863,,,
0.230429,0.0370055,,,
0.231222,0.0370926,,,
0.232018,0.0374032,,,
0.232817,0.0380221,,,
0.233618,0.0366546,,,
0.234422,0.0377008,,,
0.235229,0.0379495,,,
0.236039,0.0382826,,,
0.236852,0.0376596,,,
0.237667,0.0386116,,,
0.238485,0.0381081,,,
0.239306,0.0393904,,,
0.24013,0.0393926,,,
0.240956,0.0391034,,,
0.241786,0.0394149,,,
0.242618,0.040407,,,
0.243453,0.0400554,,,
0.244291,0.0393756,,,
0.245132,0.0402947,,,
0.245976,0.0395389,,,
0.246822,0.0403109,,,
0.247672,0.0416634,,,
0.248525,0.0403559,,,
0.24938,0.0405944,,,
0.250239,0.0405202,,,
0.2511,0.0412583,,,
0.251964,0.0413986,,,
0.252832,0.041726,,,
0.253702,0.0422904,,,
0.254575,0.0426257,,,
0.255452,0.0424552,,,
0.256331,0.0440865,,,
0.257213,0.0440176,,,
0.258099,0.0431234,,,
0.258987,0.0448566,,,
0.259878,0.0443967,,,
0.260773,0.0435985,,,
0.261671,0.0447207,,,
0.262571,0.0446359,,,
0.263475,0.0440056,,,
0.264382,0.0449619,,,
0.265292,0.044577,,,
0.266205,0.0470906,,,
0.267122,0.0467345,,,
0.268041,0.047467,,,
0.268964,0.046331,,,
0.26989,0.0462761,,,
0.270819,0.0483218,,,
0.271751,0.0469396,,,
0.272686,0.0469603,,,
0.273625,0.0493479,,,
0.274567,0.0479101,,,
0.275512,0.0484479,,,
0.27646,0.047672,,,
0.277412,0.0494449,,,
0.278367,0.0504776,,,
0.279325,0.0499219,,,
0.280287,0.0487896,,,
0.281252,0.0505639,,,
0.28222,0.0507712,,,
0.283191,0.0497669,,,
0.284166,0.0507177,,,
0.285144,0.0490357,,,
0.286126,0.0516203,,,
0.287111,0.05053,,,
0.288099,0.0519519,,,
0.289091,0.0506567,,,
0.290086,0.0524285,,,
0.291084,0.0527236,,,
0.292086,0.0528797,,,
0.293092,0.0546086,,,
0.294101,0.0524197,,,
0.295113,0.0536411,,,
0.296129,0.0520936,,,
0.297148,0.0537168,,,
0.298171,0.054023,,,
0.299197,0.0545405,,,
0.300227,0.0550464,,,
0.301261,0.0554523,,,
0.302298,0.0552345,,,
0.303338,0.0563651,,,
0.304382,0.0576242,,,
0.30543,0.0577671,,,
0.306482,0.0565511,,,
0.307536,0.0569666,,,
0.308595,0.0575854,,,
0.309657,0.058303,,,
0.310723,0.0573432,,,
0.311793,0.0581136,,,
0.312866,0.0594748,,,
0.313943,0.0590861,,,
0.315024,0.0607005,,,
0.316108,0.0604927,,,
0.317196,0.0606878,,,
0.318288,0.0606571,,,
0.319384,0.0607629,,,
0.320483,0.0605931,,,
0.321586,0.062372,,,
0.322693,0.0619238,,,
0.323804,0.0624142,,,
0.324919,0.063914,,,
0.326037,0.0636401,,,
0.327159,0.062859,,,
0.328286,0.0635635,,,
0.329416,0.0631947,,,
0.330549,0.0641626,,,
0.331687,0.0642372,,,
0.332829,0.0646155,,,
0.333975,0.0660087,,,
0.335124,0.0662811,,,
0.336278,0.0657265,,,
0.337435,0.0681494,,,
0.338597,0.0675524,,,
0.339763,0.0699363,,,
0.340932,0.0691101,,,
0.342106,0.066635,,,
0.343283,0.0676589,,,
0.344465,0.0698671,,,
0.345651,0.0692479,,,
0.34684,0.0696515,,,
0.348034,0.0683364,,,
0.349232,0.0692629,,,
0.350434,0.069603,,,
0.351641,0.0712847,,,
0.352851,0.071361,,,
0.354066,0.0723416,,,
0.355285,0.073386,,,
0.356508,0.0738135,,,
0.357735,0.073225,,,
0.358966,0.0730587,,,
0.360202,0.0749083,,,
0.361442,0.0731229,,,
0.362686,0.0731786,,,
0.363934,0.0772301,,,
0.365187,0.0757665,,,
0.366444,0.0751582,,,
0.367705,0.0763342,,,
0.368971,0.0759275,,,
0.370241,0.0771452,,,
0.371516,0.0783552,,,
0.372795,0.0763061,,,
0.374078,0.0789056,,,
0.375365,0.0796931,,,
0.376658,0.0793267,,,
0.377954,0.0795676,,,
0.379255,0.0796014,,,
0.380561,0.0820166,,,
0.381871,0.080593,,,
0.383185,0.0793615,,,
0.384504,0.0818583,,,
0.385828,0.0827969,,,
0.387156,0.0815249,,,
0.388488,0.0836875,,,
0.389826,0.0819972,,,
0.391168,0.0844714,,,
0.392514,0.0829143,,,
0.393865,0.0837378,,,
0.395221,0.0862537,,,
0.396581,0.0857012,,,
0.397946,0.0883375,,,
0.399316,0.0866305,,,
0.400691,0.0876997,,,
0.40207,0.08745,,,
0.403454,0.0870953,,,
0.404843,0.0890931,,,
0.406236,0.0889228,,,
0.407635,0.0910767,,,
0.409038,0.0893313,,,
0.410446,0.0901482,,,
0.411859,0.0908484,,,
0.413277,0.0925178,,,
0.414699,0.0935232,,,
0.416127,0.0925562,,,
0.417559,0.0928646,,,
0.418996,0.0919847,,,
0.420439,0.0940931,,,
0.421886,0.0962483,,,
0.423338,0.0959103,,,
0.424795,0.0953985,,,
0.426258,0.0969213,,,
0.427725,0.0979162,,,
0.429197,0.0971596,,,
0.430675,0.0986094,,,
0.432157,0.0984026,,,
0.433645,0.0980117,,,
0.435137,0.100101,,,
0.436635,0.0986146,,,
0.438138,0.101648,,,
0.439646,0.102522,,,
0.44116,0.100781,,,
0.442678,0.104487,,,
0.444202,0.102679,,,
0.445731,0.101557,,,
0.447265,0.105113,,,
0.448805,0.10495,,,
0.45035,0.10658,,,
0.4519,0.104114,,,
0.453456,0.104537,,,
0.455017,0.108793,,,
0.456583,0.107987,,,
0.458155,0.107443,,,
0.459732,0.110057,,,
0.461314,0.109628,,,
0.462902,0.109776,,,
0.464495,0.112255,,,
0.466094,0.110337,,,
0.467699,0.111684,,,
0.469309,0.111398,,,
0.470924,0.11285,,,
0.472545,0.114107,,,
0.474172,0.110714,,,
0.475804,0.114817,,,
0.477442,0.116324,,,
0.479085,0.114811,,,
0.480734,0.117355,,,
0.482389,0.118383,,,
0.48405,0.118293,,,
0.485716,0.119906,,,
0.487388,0.120948,,,
0.489066,0.121335,,,
0.490749,0.121082,,,
0.492438,0.121527,,,
0.494133,0.122831,,,
0.495834,0.122105,,,
0.497541,0.121982,,,
0.499254,0.124615,,,
0.500972,0.124477,,,
0.502697,0.124956,,,
0.504427,0.126685,,,
0.506164,0.126108,,,
0.507906,0.128075,,,
0.509654,0.127509,,,
0.511409,0.132471,,,
0.513169,0.128299,,,
0.514935,0.131508,,,
0.516708,0.132493,,,
0.518486,0.133093,,,
0.520271,0.13087,,,
0.522062,0.134668,,,
0.523859,0.133575,,,
0.525662,0.136646,,,
0.527472,0.13562,,,
0.529288,0.137835,,,
0.531109,0.137949,,,
0.532938,0.137202,,,
0.534772,0.141607,,,
0.536613,0.139992,,,
0.53846,0.14061,,,
0.540314,0.142988,,,
0.542174,0.141443,,,
0.54404,0.144465,,,
0.545913,0.143116,,,
0.547792,0.144532,,,
0.549677,0.143286,,,
0.551569,0.145784,,,
0.553468,0.148677,,,
0.555373,0.147923,,,
0.557285,0.149844,,,
0.559203,0.148913,,,
0.561128,0.148881,,,
0.56306,0.153141,,,
0.564998,0.150652,,,
0.566943,0.150159,,,
0.568894,0.152578,,,
0.570853,0.150671,,,
0.572818,0.154645,,,
0.574789,0.157238,,,
0.576768,0.155487,,,
0.578753,0.155153,,,
0.580745,0.159023,,,
0.582744,0.157716,,,
0.58475,0.158521,,,
0.586763,0.159653,,,
0.588783,0.161214,,,
0.59081,0.162103,,,
0.592843,0.164455,,,
0.594884,0.16513,,,
0.596932,0.164636,,,
0.598987,0.166667,,,
0.601049,0.166921,,,
0.603117,0.169658,,,
0.605194,0.167245,,,
0.607277,0.17101,,,
0.609367,0.16816,,,
0.611465,0.172864,,,
0.61357,0.174964,,,
0.615682,0.172774,,,
0.617801,0.174702,,,
0.619927,0.174901,,,
0.622061,0.176582,,,
0.624203,0.174515,,,
0.626351,0.17931,,,
0.628507,0.179419,,,
0.630671,0.180301,,,
0.632842,0.18395,,,
0.63502,0.18226,,,
0.637206,0.18321,,,
0.639399,0.183233,,,
0.6416,0.184928,,,
0.643809,0.186378,,,
0.646025,0.188241,,,
0.648249,0.189422,,,
0.65048,0.187218,,,
0.652719,0.188939,,,
0.654966,0.190464,,,
0.657221,0.194002,,,
0.659483,0.191717,,,
0.661753,0.193069,,,
0.664031,0.192032,,,
0.666317,0.194817,,,
0.66861,0.197506,,,
0.670912,0.199988,,,
0.673221,0.198425,,,
0.675539,0.197066,,,
0.677864,0.199295,,,
0.680197,0.202029,,,
0.682539,0.20232,,,
0.684888,0.207711,,,
0.687246,0.205265,,,
0.689611,0.204799,,,
0.691985,0.206708,,,
0.694367,0.207759,,,
0.696757,0.20791,,,
0.699156,0.208014,,,
0.701562,0.212249,,,
0.703977,0.212136,,,
0.706401,0.213486,,,
0.708832,0.213596,,,
0.711272,0.215833,,,
0.713721,0.21786,,,
0.716177,0.217147,,,
0.718643,0.218091,,,
0.721116,0.217131,,,
0.723599,0.222628,,,
0.726089,0.22223,,,
0.728589,0.2256,,,
0.731097,0.225538,,,
0.733613,0.226284,,,
0.736139,0.225813,,,
0.738673,0.230641,,,
0.741215,0.239609,,,
0.743767,0.231938,,,
0.746327,0.229282,,,
0.748896,0.232458,,,
0.751474,0.233317,,,
0.754061,0.235247,,,
0.756656,0.237518,,,
0.759261,0.238828,,,
0.761874,0.241799,,,
0.764497,0.237612,,,
0.767128,0.239971,,,
0.769769,0.242989,,,
0.772419,0.242327,,,
0.775078,0.245013,,,
0.777746,0.24662,,,
0.780423,0.248098,,,
0.783109,0.249416,,,
0.785805,0.248023,,,
0.78851,0.250532,,,
0.791224,0.250137,,,
0.793948,0.249908,,,
0.79668,0.255762,,,
0.799423,0.256457,,,
0.802175,0.255043,,,
0.804936,0.254354,,,
0.807707,0.255925,,,
0.810487,0.259612,,,
0.813277,0.262164,,,
0.816076,0.260176,,,
0.818885,0.263191,,,
0.821704,0.266435,,,
0.824533,0.265393,,,
0.827371,0.266582,,,
0.830219,0.264693,,,
0.833077,0.268776,,,
0.835944,0.272427,,,
0.838822,0.271644,,,
0.841709,0.27012,,,
0.844607,0.273235,,,
0.847514,0.274066,,,
0.850431,0.274227,,,
0.853359,0.273643,,,
0.856296,0.278503,,,
0.859244,0.281892,,,
0.862201,0.276623,,,
0.865169,0.28259,,,
0.868147,0.280278,,,
0.871136,0.279382,,,
0.874135,0.281516,,,
0.877143,0.282602,,,
0.880163,0.289897,,,
0.883193,0.287981,,,
0.886233,0.289087,,,
0.889283,0.290798,,,
0.892344,0.291882,,,
0.895416,0.289488,,,
0.898498,0.294169,,,
0.901591,0.294798,,,
0.904695,0.296383,,,
0.907809,0.299786,,,
0.910934,0.299009,,,
0.914069,0.29831,,,
0.917216,0.299119,,,
0.920373,0.300267,,,
0.923541,0.298046,,,
0.92672,0.303601,,,
0.92991,0.304433,,,
0.933111,0.30539,,,
0.936323,0.311587,,,
0.939546,0.307907,,,
0.94278,0.306017,,,
0.946026,0.309829,,,
0.949282,0.307103,,,
0.95255,0.31107,,,
0.955829,0.312004,,,
0.959119,0.315824,,,
0.96242,0.317837,,,
0.965733,0.318233,,,
0.969057,0.318008,,,
0.972393,0.316569,,,
0.97574,0.315003,,,
0.979099,0.320296,,,
0.982469,0.3208,,,
0.985851,0.325044,,,
0.989245,0.322509,,,
0.99265,0.326523,,,
0.996067,0.326857,,,
0.999495,0.327465,,,
1.00294,0.32851,,,
1.00639,0.326829,,,
1.00985,0.332257,,,
1.01333,0.328751,,,
1.01682,0.327731,,,
1.02032,0.329889,,,
1.02383,0.328374,,,
1.02735,0.333242,,,
1.03089,0.334296,,,
1.03444,0.331529,,,
1.038,0.330906,,,
1.04157,0.339412,,,
1.04516,0.332968,,,
1.04876,0.340193,,,
1.05237,0.342644,,,
1.05599,0.338625,,,
1.05962,0.342794,,,
1.06327,0.342325,,,
1.06693,0.345543,,,
1.0706,0.34298,,,
1.07429,0.340995,,,
1.07799,0.347803,,,
1.0817,0.344798,,,
1.08542,0.34651,,,
1.08916,0.348362,,,
1.09291,0.347834,,,
1.09667,0.349292,,,
1.10044,0.349382,,,
1.10423,0.34778,,,
1.10803,0.350183,,,
1.11185,0.353769,,,
1.11567,0.349381,,,
1.11951,0.346699,,,
1.12337,0.346582,,,
1.12723,0.35479,,,
1.13111,0.352242,,,
1.13501,0.352021,,,
1.13891,0.348961,,,
1.14283,0.35651,,,
1.14677,0.354009,,,
1.15072,0.354581,,,
1.15468,0.354597,,,
1.15865,0.355343,,,
1.16264,0.358818,,,
1.16664,0.360769,,,
1.17066,0.358663,,,
1.17469,0.356268,,,
1.17873,0.356394,,,
1.18279,0.358726,,,
1.18686,0.356995,,,
1.19095,0.360212,,,
1.19505,0.357732,,,
1.19916,0.3604,,,
1.20329,0.354032,,,
1.20743,0.357287,,,
1.21158,0.359171,,,
1.21576,0.358818,,,
1.21994,0.360625,,,
1.22414,0.359886,,,
1.22835,0.361984,,,
1.23258,0.3564,,,
1.23682,0.360768,,,
1.24108,0.35828,,,
1.24535,0.357323,,,
1.24964,0.359342,,,
1.25394,0.362328,,,
1.25826,0.358447,,,
1.26259,0.360256,,,
1.26694,0.358494,,,
1.2713,0.360993,,,
1.27567,0.361052,,,
1.28006,0.362565,,,
1.28447,0.362244,,,
1.28889,0.358356,,,
1.29333,0.360136,,,
1.29778,0.357646,,,
1.30225,0.356448,,,
1.30673,0.361809,,,
1.31123,0.357373,,,
1.31574,0.355728,,,
1.32027,0.361092,,,
1.32482,0.35524,,,
1.32938,0.361169,,,
1.33395,0.359449,,,
1.33854,0.361477,,,
1.34315,0.356534,,,
1.34777,0.359001,,,
1.35241,0.356204,,,
1.35707,0.355974,,,
1.36174,0.357628,,,
1.36643,0.355495,,,
1.37113,0.35522,,,
1.37585,0.355188,,,
1.38059,0.356411,,,
1.38534,0.35211,,,
1.39011,0.351825,,,
1.39489,0.351593,,,
1.3997,0.351021,,,
1.40451,0.356068,,,
1.40935,0.357126,,,
1.4142,0.350605,,,
1.41907,0.355214,,,
1.42395,0.348982,,,
1.42885,0.349938,,,
1.43377,0.350286,,,
1.43871,0.351131,,,
1.44366,0.34938,,,
1.44863,0.351878,,,
1.45362,0.349303,,,
1.45862,0.348236,,,
1.46364,0.341901,,,
1.46868,0.343651,,,
1.47373,0.347698,,,
1.47881,0.344164,,,
1.4839,0.342734,,,
1.48901,0.344079,,,
1.49413,0.342614,,,
1.49927,0.340932,,,
1.50443,0.338523,,,
1.50961,0.337829,,,
1.51481,0.336948,,,
1.52002,0.337805,,,
1.52526,0.342341,,,
1.53051,0.336033,,,
1.53577,0.337904,,,
1.54106,0.332551,,,
1.54637,0.332933,,,
1.55169,0.337695,,,
1.55703,0.331862,,,
1.56239,0.332493,,,
1.56777,0.329088,,,
1.57316,0.32571,,,
1.57858,0.327909,,,
1.58401,0.32919,,,
1.58947,0.327117,,,
1.59494,0.326075,,,
1.60043,0.321881,,,
1.60594,0.326237,,,
1.61146,0.322813,,,
1.61701,0.322663,,,
1.62258,0.317317,,,
1.62816,0.321093,,,
1.63377,0.321956,,,
1.63939,0.320127,,,
1.64503,0.316561,,,
1.6507,0.311975,,,
1.65638,0.310429,,,
1.66208,0.318422,,,
1.6678,0.314315,,,
1.67354,0.312466,,,
1.6793,0.311016,,,
1.68508,0.30664,,,
1.69088,0.308838,,,
1.69671,0.307639,,,
1.70255,0.306322,,,
1.70841,0.305233,,,
1.71429,0.307649,,,
1.72019,0.302396,,,
1.72611,0.302888,,,
1.73205,0.301532,,,
1.73801,0.304072,,,
1.744,0.299021,,,
1.75,0.303617,,,
1.75602,0.30033,,,
1.76207,0.297601,,,
1.76813,0.29681,,,
1.77422,0.297563,,,
1.78033,0.294576,,,
1.78645,0.297314,,,
1.7926,0.291538,,,
1.79877,0.292977,,,
1.80497,0.290422,,,
1.81118,0.287948,,,
1.81741,0.28736,,,
1.82367,0.289468,,,
1.82995,0.284747,,,
1.83625,0.283072,,,
1.84257,0.281597,,,
1.84891,0.280797,,,
1.85527,0.280504,,,
1.86166,0.285864,,,
1.86807,0.280035,,,
1.8745,0.277536,,,
1.88095,0.277967,,,
1.88743,0.280837,,,
1.89392,0.276273,,,
1.90044,0.271802,,,
1.90698,0.275773,,,
1.91355,0.272664,,,
1.92014,0.271173,,,
1.92674,0.272401,,,
1.93338,0.2686,,,
1.94003,0.269637,,,
1.94671,0.260292,,,
1.95341,0.266108,,,
1.96014,0.265149,,,
1.96688,0.264807,,,
1.97365,0.262319,,,
1.98045,0.263383,,,
1.98726,0.261121,,,
1.9941,0.261146,,,
2.00097,0.258527,,,
2.00786,0.260079,,,
2.01477,0.259263,,,
2.0217,0.256493,,,
2.02866,0.255533,,,
2.03565,0.252504,,,
2.04265,0.250451,,,
2.04968,0.254722,,,
2.05674,0.252841,,,
2.06382,0.249004,,,
2.07092,0.246446,,,
2.07805,0.24996,,,
2.08521,0.243957,,,
2.09238,0.247466,,,
2.09959,0.244095,,,
2.10681,0.238689,,,
2.11406,0.24292,,,
2.12134,0.246296,,,
2.12864,0.242094,,,
2.13597,0.240142,,,
2.14332,0.240637,,,
2.1507,0.236488,,,
2.1581,0.23393,,,
2.16553,0.237268,,,
2.17299,0.238346,,,
2.18047,0.23239,,,
2.18797,0.231204,,,
2.19551,0.231137,,,
2.20306,0.233439,,,
2.21065,0.227534,,,
2.21826,0.226421,,,
2.22589,0.228292,,,
2.23355,0.225105,,,
2.24124,0.225446,,,
2.24896,0.223616,,,
2.2567,0.224496,,,
2.26447,0.220463,,,
2.27226,0.2233,,,
2.28008,0.22183,,,
2.28793,0.21882,,,
2.29581,0.220207,,,
2.30371,0.217663,,,
2.31164,0.216125,,,
2.3196,0.212879,,,
2.32758,0.212381,,,
2.33559,0.212514,,,
2.34363,0.21243,,,
2.3517,0.212473,,,
2.3598,0.210621,,,
2.36792,0.208506,,,
2.37607,0.20954,,,
2.38425,0.205833,,,
2.39245,0.207549,,,
2.40069,0.206397,,,
2.40895,0.203745,,,
2.41725,0.202599,,,
2.42557,0.204126,,,
2.43392,0.20519,,,
2.44229,0.19861,,,
2.4507,0.200944,,,
2.45914,0.19798,,,
2.4676,0.197659,,,
2.4761,0.197265,,,
2.48462,0.193443,,,
2.49317,0.191966,,,
2.50175,0.194355,,,
2.51037,0.195979,,,
2.51901,0.191401,,,
2.52768,0.188237,,,
2.53638,0.19108,,,
2.54511,0.189952,,,
2.55387,0.188948,,,
2.56266,0.185888,,,
2.57148,0.185307,,,
2.58033,0.18359,,,
2.58922,0.183744,,,
2.59813,0.183223,,,
2.60707,0.179568,,,
2.61605,0.18508,,,
2.62505,0.179822,,,
2.63409,0.181271,,,
2.64315,0.17859,,,
2.65225,0.182151,,,
2.66138,0.176388,,,
2.67054,0.17548,,,
2.67974,0.174038,,,
2.68896,0.1768,,,
2.69822,0.172187,,,
2.7075,0.170525,,,
2.71682,0.172733,,,
2.72618,0.168958,,,
2.73556,0.170714,,,
2.74498,0.17076,,,
2.75443,0.168941,,,
2.76391,0.168125,,,
2.77342,0.167828,,,
2.78297,0.1663,,,
2.79255,0.165499,,,
2.80216,0.16304,,,
2.81181,0.162977,,,
2.82148,0.162151,,,
2.8312,0.159186,,,
2.84094,0.162124,,,
2.85072,0.160917,,,
2.86053,0.157463,,,
2.87038,0.155353,,,
2.88026,0.159351,,,
2.89018,0.156001,,,
2.90012,0.155536,,,
2.91011,0.156514,,,
2.92013,0.152544,,,
2.93018,0.152833,,,
2.94026,0.151423,,,
2.95038,0.14981,,,
2.96054,0.153749,,,
2.97073,0.148434,,,
2.98096,0.148874,,,
2.99122,0.147585,,,
3.00151,0.145175,,,
3.01185,0.145959,,,
3.02221,0.143634,,,
3.03262,0.14358,,,
3.04306,0.1435,,,
3.05353,0.143203,,,
3.06404,0.142842,,,
3.07459,0.14037,,,
3.08517,0.139786,,,
3.09579,0.137505,,,
3.10645,0.139654,,,
3.11714,0.139949,,,
3.12787,0.136477,,,
3.13864,0.13564,,,
3.14944,0.134577,,,
3.16028,0.134598,,,
3.17116,0.132452,,,
3.18208,0.135753,,,
3.19303,0.131464,,,
3.20402,0.13209,,,
3.21505,0.130721,,,
3.22612,0.129472,,,
3.23722,0.127752,,,
3.24837,0.126849,,,
3.25955,0.129936,,,
3.27077,0.124201,,,
3.28203,0.125142,,,
3.29332,0.127834,,,
3.30466,0.123886,,,
3.31604,0.124578,,,
3.32745,0.122467,,,
3.3389,0.122185,,,
3.3504,0.123768,,,
3.36193,0.121182,,,
3.3735,0.121946,,,
3.38512,0.119022,,,
3.39677,0.120345,,,
3.40846,0.119923,,,
3.42019,0.118487,,,
3.43197,0.118629,,,
3.44378,0.117898,,,
3.45563,0.11721,,,
3.46753,0.115905,,,
3.47947,0.116625,,,
3.49144,0.113428,,,
3.50346,0.112887,,,
3.51552,0.111461,,,
3.52762,0.113874,,,
3.53976,0.110188,,,
3.55195,0.109695,,,
3.56418,0.11118,,,
3.57644,0.108623,,,
3.58876,0.108798,,,
3.60111,0.10871,,,
3.6135,0.108095,,,
3.62594,0.105424,,,
3.63842,0.107148,,,
3.65095,0.10486,,,
3.66352,0.105224,,,
3.67613,0.105493,,,
3.68878,0.105849,,,
3.70148,0.102955,,,
3.71422,0.102975,,,
3.72701,0.101417,,,
3.73983,0.100592,,,
3.75271,0.100468,,,
3.76563,0.102759,,,
3.77859,0.099168,,,
3.79159,0.100202,,,
3.80465,0.0971626,,,
3.81774,0.0975244,,,
3.83088,0.0987629,,,
3.84407,0.0974967,,,
3.8573,0.0952769,,,
3.87058,0.0944867,,,
3.8839,0.0973544,,,
3.89727,0.0962459,,,
3.91069,0.0945147,,,
3.92415,0.093449,,,
3.93766,0.0933642,,,
3.95121,0.0934868,,,
3.96481,0.0908587,,,
3.97846,0.090672,,,
3.99216,0.0874987,,,
4.0059,0.0894108,,,
4.01969,0.0901326,,,
4.03352,0.0884562,,,
4.04741,0.0877499,,,
4.06134,0.0874319,,,
4.07532,0.0877625,,,
4.08935,0.0884432,,,
4.10342,0.0866433,,,
4.11755,0.0847729,,,
4.13172,0.0859572,,,
4.14595,0.0840605,,,
4.16022,0.085011,,,
4.17454,0.0828614,,,
4.18891,0.082997,,,
4.20333,0.0827943,,,
4.21779,0.0803194,,,
4.23231,0.0812937,,,
4.24688,0.0810449,,,
4.2615,0.0806501,,,
4.27617,0.0796089,,,
4.29089,0.081991,,,
4.30566,0.0792396,,,
4.32048,0.077594,,,
4.33535,0.0774,,,
4.35028,0.0779254,,,
4.36525,0.0786268,,,
4.38028,0.0772741,,,
4.39535,0.0763947,,,
4.41048,0.0759579,,,
4.42567,0.0749116,,,
4.4409,0.0769259,,,
4.45619,0.0733319,,,
4.47153,0.0728457,,,
4.48692,0.0731505,,,
4.50236,0.074106,,,
4.51786,0.0734435,,,
4.53341,0.0717618,,,
4.54902,0.0724205,,,
4.56468,0.0709716,,,
4.58039,0.0714348,,,
4.59616,0.070735,,,
4.61198,0.0696577,,,
4.62785,0.070592,,,
4.64378,0.0691956,,,
4.65977,0.0673001,,,
4.67581,0.0675803,,,
4.6919,0.0668233,,,
4.70805,0.0668699,,,
4.72426,0.0662231,,,
4.74052,0.0657647,,,
4.75684,0.0662728,,,
4.77321,0.0648195,,,
4.78964,0.0653463,,,
4.80613,0.0663847,,,
4.82268,0.0651464,,,
4.83928,0.0643161,,,
4.85593,0.0620964,,,
4.87265,0.0642616,,,
4.88942,0.063371,,,
4.90625,0.0628285,,,
4.92314,0.0613429,,,
4.94009,0.0625172,,,
4.95709,0.0622348,,,
4.97416,0.0606295,,,
4.99128,0.0619191,,,
5.00846,0.059871,,,
5.0257,0.0599845,,,
5.043,0.0596622,,,
5.06036,0.0573241,,,
5.07778,0.0589479,,,
5.09526,0.0575832,,,
5.11279,0.0564469,,,
5.13039,0.0575888,,,
5.14805,0.0567248,,,
5.16578,0.0569608,,,
5.18356,0.055937,,,
5.2014,0.0585535,,,
5.2193,0.0564335,,,
5.23727,0.0532593,,,
5.2553,0.0543754,,,
5.27339,0.0540333,,,
5.29154,0.054394,,,
5.30976,0.0526934,,,
5.32803,0.0533869,,,
5.34637,0.0528122,,,
5.36478,0.0515841,,,
5.38324,0.0524161,,,
5.40177,0.0525923,,,
5.42037,0.0507293,,,
5.43903,0.0518589,,,
5.45775,0.0497779,,,
5.47653,0.0507414,,,
5.49539,0.0505643,,,
5.5143,0.050355,,,
5.53328,0.0483154,,,
5.55233,0.0475267,,,
5.57144,0.0485947,,,
5.59062,0.0479411,,,
5.60987,0.0477275,,,
5.62918,0.0474418,,,
5.64855,0.0471317,,,
5.668,0.0473204,,,
5.68751,0.0468616,,,
5.70708,0.04549,,,
5.72673,0.0468532,,,
5.74644,0.0449766,,,
5.76622,0.045173,,,
5.78607,0.0457507,,,
5.80599,0.0444727,,,
5.82597,0.0454002,,,
5.84603,0.0453613,,,
5.86615,0.0435732,,,
5.88634,0.0435675,,,
5.90661,0.0432621,,,
5.92694,0.0432673,,,
5.94734,0.0421508,,,
5.96781,0.0405682,,,
5.98836,0.0416212,,,
6.00897,0.0418781,,,
6.02965,0.0416402,,,
6.05041,0.0417826,,,
6.07124,0.0404761,,,
6.09213,0.0392889,,,
6.1131,0.0395414,,,
6.13415,0.0391128,,,
6.15526,0.03785,,,
6.17645,0.0379189,,,
6.19771,0.0383162,,,
6.21904,0.0378576,,,
6.24045,0.0381121,,,
6.26193,0.0367857,,,
6.28349,0.0385714,,,
6.30512,0.0377763,,,
6.32682,0.0351509,,,
6.3486,0.0360962,,,
6.37045,0.0377499,,,
6.39238,0.0360927,,,
6.41439,0.0361037,,,
6.43647,0.0355698,,,
6.45862,0.0343934,,,
6.48085,0.0337525,,,
6.50316,0.0337663,,,
6.52555,0.0339514,,,
6.54801,0.0329357,,,
6.57055,0.0323605,,,
6.59317,0.0334477,,,
6.61586,0.0321623,,,
6.63863,0.0325057,,,
6.66149,0.0325,,,
6.68442,0.0335108,,,
6.70743,0.0321255,,,
6.73051,0.031383,,,
6.75368,0.0324226,,,
6.77693,0.0304816,,,
6.80026,0.0307142,,,
6.82367,0.0306334,,,
6.84715,0.0302366,,,
6.87072,0.0287853,,,
6.89437,0.0291333,,,
6.91811,0.0297477,,,
6.94192,0.0295263,,,
6.96582,0.0278495,,,
6.98979,0.0283489,,,
7.01385,0.0293241,,,
7.038,0.0282875,,,
7.06222,0.0272606,,,
7.08653,0.0283488,,,
7.11093,0.0268978,,,
7.13541,0.0269633,,,
7.15997,0.0277924,,,
7.18461,0.0260444,,,
7.20934,0.0258122,,,
7.23416,0.0261865,,,
7.25906,0.0250099,,,
7.28405,0.024549,,,
7.30912,0.0252239,,,
7.33428,0.0249781,,,
7.35953,0.0253764,,,
7.38486,0.0248634,,,
7.41028,0.0244729,,,
7.43579,0.0242582,,,
7.46139,0.0241452,,,
7.48707,0.0231277,,,
7.51284,0.0235778,,,
7.5387,0.0218848,,,
7.56465,0.0228896,,,
7.59069,0.0219916,,,
7.61682,0.0215979,,,
7.64304,0.0218276,,,
7.66935,0.0206991,,,
7.69575,0.0220426,,,
7.72224,0.0222585,,,
7.74882,0.0225356,,,
7.77549,0.0209704,,,
7.80226,0.0212734,,,
7.82912,0.020092,,,
7.85607,0.0215747,,,
7.88311,0.0197268,,,
7.91024,0.0197892,,,
7.93747,0.0189759,,,
7.96479,0.0192686,,,
7.99221,0.0200113,,,
8.01972,0.018732,,,
8.04733,0.0194323,,,
8.07503,0.0187306,,,
8.10283,0.0188492,,,
8.13072,0.0183617,,,
8.1587,0.0180879,,,
8.18679,0.0180504,,,
8.21497,0.0173935,,,
8.24325,0.0172785,,,
8.27162,0.0172767,,,
8.3001,0.0174017,,,
8.32867,0.0167895,,,
8.35734,0.0156199,,,
8.3861,0.015777,,,
8.41497,0.0170862,,,
8.44394,0.0156484,,,
8.473,0.0154552,,,
8.50217,0.0157483,,,
8.53143,0.0148741,,,
8.5608,0.0153766,,,
8.59027,0.0140762,,,
8.61984,0.0147211,,,
8.64951,0.0144998,,,
8.67928,0.0142108,,,
8.70916,0.0135121,,,
8.73914,0.0131994,,,
8.76922,0.0137722,,,
8.79941,0.0133561,,,
8.8297,0.013149,,,
8.86009,0.0128887,,,
8.89059,0.0123147,,,
8.92119,0.013505,,,
8.9519,0.0122478,,,
8.98272,0.0123781,,,
9.01364,0.0124679,,,
9.04466,0.0122231,,,
9.0758,0.0120329,,,
9.10704,0.0110167,,,
9.13839,0.0112475,,,
9.16984,0.0110337,,,
9.20141,0.0110896,,,
9.23308,0.0113758,,,
9.26486,0.01076,,,
9.29676,0.0104536,,,
9.32876,0.00947915,,,
9.36087,0.00982426,,,
9.39309,0.0101706,,,
9.42542,0.0101637,,,
9.45787,0.00925414,,,
9.49042,0.00904541,,,
9.52309,0.0095311,,,
9.55587,0.00898518,,,
9.58877,0.0084225,,,
9.62177,0.0092502,,,
9.65489,0.00802949,,,
9.68813,0.00883849,,,
9.72148,0.00796893,,,
9.75494,0.00836808,,,
9.78852,0.00784311,,,
9.82221,0.00790977,,,
9.85602,0.00807021,,,
9.88995,0.00717912,,,
9.92399,0.00701213,,,
9.95816,0.00770477,,,
9.99243,0.00676382,,,
10.0268,0.00667236,,,
10.0613,0.0069982,,,
10.096,0.00691826,,,
10.1307,0.00628854,,,
10.1656,0.00611001,,,
10.2006,0.0063265,,,
10.2357,0.00615732,,,
10.2709,0.0061452,,,
10.3063,0.00625247,,,
10.3418,0.00557966,,,
10.3774,0.00602696,,,
10.4131,0.00570126,,,
10.4489,0.00566371,,,
10.4849,0.00564575,,,
10.521,0.00517432,,,
10.5572,0.00492764,,,
10.5936,0.00506896,,,
10.63,0.00526943,,,
10.6666,0.00441538,,,
10.7033,0.00494401,,,
10.7402,0.00457071,,,
10.7771,0.00468538,,,
10.8142,0.00419117,,,
10.8515,0.00405469,,,
10.8888,0.00401517,,,
10.9263,0.00413118,,,
10.9639,0.00373846,,,
11.0016,0.00390086,,,
11.0395,0.00389171,,,
11.0775,0.0038627,,,
11.1156,0.00381066,,,
11.1539,0.00330155,,,
11.1923,0.00386,,,
11.2308,0.00343895,,,
11.2695,0.00343605,,,
11.3083,0.00311257,,,
11.3472,0.0031963,,,
11.3863,0.0030794,,,
11.4255,0.00316181,,,
11.4648,0.0029609,,,
11.5043,0.00287138,,,
11.5439,0.00278554,,,
11.5836,0.00282071,,,
11.6235,0.00278706,,,
11.6635,0.00253379,,,
11.7036,0.00268238,,,
11.7439,0.00255431,,,
11.7843,0.00242479,,,
11.8249,0.00251574,,,
11.8656,0.00229602,,,
11.9065,0.00237569,,,
11.9474,0.0022261,,,
11.9886,0.00212552,,,
12.0298,0.00206338,,,
12.0712,0.00203663,,,
12.1128,0.00196063,,,
12.1545,0.0021219,,,
12.1963,0.00205951,,,
12.2383,0.00179041,,,
12.2804,0.00184692,,,
12.3227,0.00199314,,,
12.3651,0.00190077,,,
12.4077,0.00158966,,,
12.4504,0.00160439,,,
12.4933,0.0018013,,,
12.5363,0.00158332,,,
12.5794,0.00158737,,,
12.6227,0.00168988,,,
12.6662,0.00137535,,,
12.7098,0.00140202,,,
12.7535,0.00156051,,,
12.7974,0.00143699,,,
12.8415,0.00132731,,,
12.8857,0.00150583,,,
12.93,0.00134474,,,
12.9745,0.00123923,,,
13.0192,0.00123247,,,
13.064,0.00112839,,,
13.109,0.00133825,,,
13.1541,0.00137638,,,
13.1994,0.00120653,,,
13.2448,0.00116278,,,
13.2904,0.00108654,,,
13.3362,0.000880679,,,
13.3821,0.000884199,,,
13.4281,0.000996559,,,
13.4743,0.000853386,,,
13.5207,0.000821488,,,
13.5673,0.000838311,,,
13.614,0.00097864,,,
13.6608,0.000778663,,,
13.7079,0.000857574,,,
13.755,0.000763002,,,
13.8024,0.000913347,,,
13.8499,0.000733351,,,
13.8976,0.000964343,,,
13.9454,0.000771407,,,
13.9934,0.000689976,,,
14.0416,0.000707601,,,
14.0899,0.000786812,,,
14.1384,0.000754542,,,
14.1871,0.000663986,,,
14.2359,0.000780821,,,
14.2849,0.000529398,,,
14.3341,0.000649427,,,
14.3834,0.000667172,,,
14.433,0.000647206,,,
14.4826,0.000554453,,,
14.5325,0.000577856,,,
14.5825,0.000489491,,,
14.6327,0.00062007,,,
14.6831,0.000488184,,,
14.7336,0.000513552,,,
14.7843,0.000464184,,,
14.8352,0.000475818,,,
14.8863,0.000455725,,,
14.9375,0.000439682,,,
14.989,0.000439462,,,
15.0406,0.000423149,,,
15.0923,0.000405743,,,
15.1443,0.00045875,,,
15.1964,0.000420054,,,
15.2487,0.000419542,,,
15.3012,0.000432217,,,
15.3539,0.000378761,,,
15.4067,0.00036568,,,
15.4598,0.000398564,,,
15.513,0.00034013,,,
15.5664,0.000386804,,,
15.62,0.000288404,,,
15.6737,0.000303158,,,
15.7277,0.000278458,,,
15.7818,0.000284176,,,
15.8361,0.000336987,,,
15.8907,0.000277767,,,
15.9454,0.000302818,,,
16.0002,0.00028841,,,
16.0553,0.000263132,,,
16.1106,0.000295175,,,
16.166,0.000234657,,,
16.2217,0.000188821,,,
16.2775,0.000274654,,,
16.3336,0.000198233,,,
16.3898,0.000340094,,,
16.4462,0.000272316,,,
16.5028,0.000209434,,,
16.5596,0.000218159,,,
16.6166,0.000197187,,,
16.6738,0.000196202,,,
16.7312,0.000203232,,,
16.7888,0.000146168,,,
16.8466,0.000169911,,,
16.9046,0.000180001,,,
16.9628,0.000161511,,,
17.0212,0.00014763,,,
17.0798,0.000229717,,,
17.1385,0.000187716,,,
17.1975,0.000163861,,,
17.2567,0.000189562,,,
17.3161,0.000188102,,,
17.3757,0.000136569,,,
17.4356,0.000129126,,,
17.4956,0.000140369,,,
17.5558,0.000160286,,,
17.6162,0.000138115,,,
17.6769,0.000143255,,,
17.7377,0.000165623,,,
17.7988,0.000156255,,,
17.86,0.000145641,,,
17.9215,0.000154833,,,
17.9832,0.000132251,,,
18.0451,0.000122845,,,
18.1072,0.000118655,,,
18.1696,0.000154045,,,
18.2321,0.000125258,,,
18.2949,0.00011838,,,
18.3578,9.22E-05,,,
18.421,0.000103547,,,
18.4844,0.000106481,,,
18.5481,9.86E-05,,,
18.6119,0.000130863,,,
18.676,9.28E-05,,,
18.7403,0.000117157,,,
18.8048,8.53E-05,,,
18.8695,8.59E-05,,,
18.9345,8.61E-05,,,
18.9996,0.000105834,,,
19.065,8.86E-05,,,
19.1307,0.000114988,,,
19.1965,9.76E-05,,,
19.2626,0.000104759,,,
19.3289,8.22E-05,,,
19.3954,9.68E-05,,,
19.4622,9.53E-05,,,
19.5292,0.000105733,,,
19.5964,8.14E-05,,,
19.6639,0.000106687,,,
19.7316,7.73E-05,,,
19.7995,8.39E-05,,,
19.8676,7.72E-05,,,
19.936,8.96E-05,,,
20.0046,7.47E-05,,,
20.0735,7.22E-05,,,
20.1426,7.79E-05,,,
20.2119,0.000116635,,,
20.2815,7.08E-05,,,
20.3513,7.44E-05,,,
20.4214,7.00E-05,,,
20.4917,0.000107986,,,
20.5622,8.77E-05,,,
20.633,6.93E-05,,,
20.704,6.83E-05,,,
20.7753,6.71E-05,,,
20.8468,7.00E-05,,,
20.9186,6.67E-05,,,
20.9906,8.53E-05,,,
21.0628,7.79E-05,,,
21.1353,6.72E-05,,,
21.2081,6.41E-05,,,
21.2811,7.53E-05,,,
21.3543,6.63E-05,,,
21.4278,6.26E-05,,,
21.5016,8.17E-05,,,
21.5756,6.16E-05,,,
21.6499,6.02E-05,,,
21.7244,6.33E-05,,,
21.7992,7.00E-05,,,
21.8742,7.20E-05,,,
21.9495,5.84E-05,,,
22.0251,5.90E-05,,,
22.1009,5.89E-05,,,
22.177,5.79E-05,,,
22.2533,5.76E-05,,,
22.3299,5.65E-05,,,
22.4068,7.56E-05,,,
22.4839,6.54E-05,,,
22.5613,5.46E-05,,,
22.6389,5.44E-05,,,
22.7169,5.39E-05,,,
22.7951,5.35E-05,,,
22.8735,5.33E-05,,,
22.9523,5.32E-05,,,
23.0313,5.22E-05,,,
23.1106,5.18E-05,,,
23.1901,5.14E-05,,,
23.2699,5.12E-05,,,
23.35,6.13E-05,,,
23.4304,5.10E-05,,,
23.5111,4.98E-05,,,
23.592,5.97E-05,,,
23.6732,4.94E-05,,,
23.7547,4.87E-05,,,
23.8365,5.86E-05,,,
23.9185,5.82E-05,,,
24.0008,4.82E-05,,,
24.0835,4.72E-05,,,
24.1664,4.69E-05,,,
24.2496,4.70E-05,,,
24.333,4.94E-05,,,
24.4168,4.66E-05,,,
24.5008,4.55E-05,,,
24.5852,4.55E-05,,,
24.6698,4.47E-05,,,
24.7547,4.45E-05,,,
24.8399,4.44E-05,,,
24.9254,4.41E-05,,,
25.0112,4.39E-05,,,
25.0973,4.33E-05,,,
25.1837,4.33E-05,,,
25.2704,4.25E-05,,,
25.3574,5.21E-05,,,
25.4447,4.19E-05,,,
25.5323,4.20E-05,,,
25.6202,4.09E-05,,,
25.7083,4.08E-05,,,
25.7968,4.07E-05,,,
25.8856,4.02E-05,,,
25.9747,5.02E-05,,,
26.0641,3.97E-05,,,
26.1539,3.96E-05,,,
26.2439,3.88E-05,,,
26.3342,3.93E-05,,,
26.4249,3.82E-05,,,
26.5158,3.87E-05,,,
26.6071,3.79E-05,,,
26.6987,3.75E-05,,,
26.7906,3.74E-05,,,
26.8828,3.69E-05,,,
26.9754,3.66E-05,,,
27.0682,3.65E-05,,,
27.1614,3.63E-05,,,
27.2549,3.62E-05,,,
27.3487,3.60E-05,,,
27.4428,3.60E-05,,,
27.5373,3.56E-05,,,
27.6321,3.51E-05,,,
27.7272,3.44E-05,,,
27.8227,3.43E-05,,,
27.9184,3.44E-05,,,
28.0145,3.39E-05,,,
28.111,3.37E-05,,,
28.2077,3.34E-05,,,
28.3048,3.34E-05,,,
28.4023,3.30E-05,,,
28.5,3.25E-05,,,
28.5981,3.23E-05,,,
28.6966,3.20E-05,,,
28.7954,3.20E-05,,,
28.8945,3.20E-05,,,
28.9939,3.16E-05,,,
29.0937,3.12E-05,,,
29.1939,3.14E-05,,,
29.2944,3.07E-05,,,
29.3952,3.10E-05,,,
29.4964,3.02E-05,,,
29.5979,3.03E-05,,,
29.6998,2.97E-05,,,
29.802,3.00E-05,,,
29.9046,2.95E-05,,,
30.0076,2.94E-05,,,
30.1109,2.89E-05,,,
30.2145,2.89E-05,,,
30.3185,2.90E-05,,,
30.4229,2.85E-05,,,
30.5276,2.79E-05,,,
30.6327,2.81E-05,,,
30.7381,2.78E-05,,,
30.8439,2.72E-05,,,
30.9501,2.76E-05,,,
31.0566,2.68E-05,,,
31.1636,2.70E-05,,,
31.2708,2.65E-05,,,
31.3785,2.66E-05,,,
31.4865,2.63E-05,,,
31.5949,2.62E-05,,,
31.7036,2.60E-05,,,
31.8128,2.57E-05,,,
31.9223,2.56E-05,,,
32.0321,2.53E-05,,,
32.1424,2.51E-05,,,
32.253,2.50E-05,,,
32.3641,2.47E-05,,,
32.4755,2.47E-05,,,
32.5873,2.44E-05,,,
32.6994,2.43E-05,,,
32.812,2.35E-05,,,
32.9249,2.38E-05,,,
33.0383,2.35E-05,,,
33.152,2.39E-05,,,
33.2661,2.32E-05,,,
33.3806,2.30E-05,,,
33.4955,2.31E-05,,,
33.6108,2.25E-05,,,
33.7265,2.24E-05,,,
33.8426,2.22E-05,,,
33.9591,2.24E-05,,,
34.076,2.21E-05,,,
34.1933,2.20E-05,,,
34.311,2.14E-05,,,
34.4291,2.12E-05,,,
34.5476,2.09E-05,,,
34.6665,2.13E-05,,,
34.7859,2.07E-05,,,
34.9056,2.08E-05,,,
35.0258,2.03E-05,,,
35.1463,2.04E-05,,,
35.2673,2.01E-05,,,
35.3887,2.01E-05,,,
35.5105,2.00E-05,,,
35.6328,1.99E-05,,,
35.7554,1.97E-05,,,
35.8785,1.94E-05,,,
36.002,1.90E-05,,,
36.1259,1.95E-05,,,
36.2503,1.90E-05,,,
36.3751,1.87E-05,,,
36.5003,1.88E-05,,,
36.6259,1.86E-05,,,
36.752,1.81E-05,,,
36.8785,1.85E-05,,,
37.0054,1.80E-05,,,
37.1328,1.79E-05,,,
37.2606,1.79E-05,,,
37.3889,1.76E-05,,,
37.5176,1.74E-05,,,
37.6468,1.75E-05,,,
37.7763,1.74E-05,,,
37.9064,1.68E-05,,,
38.0369,1.67E-05,,,
38.1678,1.69E-05,,,
38.2992,1.67E-05,,,
38.431,1.64E-05,,,
38.5633,1.62E-05,,,
38.696,1.59E-05,,,
38.8292,1.58E-05,,,
38.9629,1.58E-05,,,
39.097,1.60E-05,,,
39.2316,1.56E-05,,,
39.3666,1.54E-05,,,
39.5022,1.52E-05,,,
39.6381,1.52E-05,,,
39.7746,1.50E-05,,,
39.9115,1.49E-05,,,
40.0489,1.50E-05,,,
40.1867,1.46E-05,,,
40.3251,1.44E-05,,,
40.4639,1.43E-05,,,
40.6032,1.43E-05,,,
40.7429,1.42E-05,,,
40.8832,1.41E-05,,,
41.0239,1.39E-05,,,
41.1651,1.40E-05,,,
41.3068,1.36E-05,,,
41.449,1.34E-05,,,
41.5917,1.34E-05,,,
41.7348,1.33E-05,,,
41.8785,1.35E-05,,,
42.0227,1.31E-05,,,
42.1673,1.32E-05,,,
42.3125,1.29E-05,,,
42.4581,1.28E-05,,,
42.6043,1.25E-05,,,
42.7509,1.27E-05,,,
42.8981,1.25E-05,,,
43.0457,1.23E-05,,,
43.1939,1.23E-05,,,
43.3426,1.21E-05,,,
43.4918,1.22E-05,,,
43.6415,1.18E-05,,,
43.7917,1.18E-05,,,
43.9425,1.20E-05,,,
44.0937,1.18E-05,,,
44.2455,1.15E-05,,,
44.3978,1.16E-05,,,
44.5506,1.16E-05,,,
44.704,1.14E-05,,,
44.8579,1.14E-05,,,
45.0123,1.11E-05,,,
45.1672,1.11E-05,,,
45.3227,1.09E-05,,,
45.4787,1.09E-05,,,
45.6353,1.06E-05,,,
45.7923,1.09E-05,,,
45.95,1.08E-05,,,
46.1081,1.03E-05,,,
46.2669,1.06E-05,,,
46.4261,1.06E-05,,,
46.5859,1.02E-05,,,
46.7463,1.01E-05,,,
46.9072,1.03E-05,,,
47.0687,1.03E-05,,,
47.2307,9.79E-06,,,
47.3933,9.90E-06,,,
47.5564,9.89E-06,,,
47.7201,9.64E-06,,,
47.8844,9.83E-06,,,
48.0492,9.67E-06,,,
48.2146,9.55E-06,,,
48.3806,9.38E-06,,,
48.5471,9.70E-06,,,
48.7142,9.25E-06,,,
48.8819,9.39E-06,,,
49.0501,9.34E-06,,,
49.219,9.17E-06,,,
49.3884,9.08E-06,,,
49.5584,8.87E-06,,,
49.729,8.99E-06,,,
49.9002,8.95E-06,,,
50.072,8.85E-06,,,
50.2443,8.75E-06,,,
50.4173,8.67E-06,,,
50.5908,8.53E-06,,,
50.765,8.45E-06,,,
50.9397,8.45E-06,,,
51.1151,8.30E-06,,,
51.291,8.50E-06,,,
51.4676,8.34E-06,,,
51.6447,8.10E-06,,,
51.8225,8.17E-06,,,
52.0009,8.12E-06,,,
52.1799,7.90E-06,,,
52.3595,7.94E-06,,,
52.5397,7.78E-06,,,
52.7206,7.75E-06,,,
52.9021,7.83E-06,,,
53.0842,7.64E-06,,,
53.2669,7.55E-06,,,
53.4502,7.61E-06,,,
53.6342,7.45E-06,,,
53.8188,7.54E-06,,,
54.0041,7.49E-06,,,
54.19,7.42E-06,,,
54.3765,7.33E-06,,,
54.5637,7.21E-06,,,
54.7515,7.23E-06,,,
54.94,7.09E-06,,,
55.1291,7.01E-06,,,
55.3189,6.89E-06,,,
55.5093,7.01E-06,,,
55.7004,6.93E-06,,,
55.8921,6.90E-06,,,
56.0845,6.91E-06,,,
56.2776,6.75E-06,,,
56.4713,6.69E-06,,,
56.6657,6.57E-06,,,
56.8607,6.58E-06,,,
57.0565,6.55E-06,,,
57.2529,6.48E-06,,,
57.4499,6.35E-06,,,
57.6477,6.41E-06,,,
57.8461,6.35E-06,,,
58.0452,6.42E-06,,,
58.245,6.29E-06,,,
58.4455,6.11E-06,,,
58.6467,6.02E-06,,,
58.8486,6.08E-06,,,
59.0512,6.01E-06,,,
59.2544,5.93E-06,,,
59.4584,5.99E-06,,,
59.6631,5.93E-06,,,
59.8684,5.87E-06,,,
60.0745,5.78E-06,,,
60.2813,5.68E-06,,,
60.4888,5.73E-06,,,
60.697,5.74E-06,,,
60.906,5.62E-06,,,
61.1156,5.61E-06,,,
61.326,5.45E-06,,,
61.5371,5.51E-06,,,
61.7489,5.34E-06,,,
61.9615,5.44E-06,,,
62.1748,5.31E-06,,,
62.3888,5.40E-06,,,
62.6035,5.33E-06,,,
62.819,5.30E-06,,,
63.0353,5.08E-06,,,
63.2522,5.15E-06,,,
63.47,5.10E-06,,,
63.6885,5.05E-06,,,
63.9077,4.97E-06,,,
64.1277,5.04E-06,,,
64.3484,4.85E-06,,,
64.5699,4.80E-06,,,
64.7922,4.78E-06,,,
65.0152,4.76E-06,,,
65.239,4.76E-06,,,
65.4636,4.62E-06,,,
65.6889,4.58E-06,,,
65.915,4.66E-06,,,
66.1419,4.61E-06,,,
66.3696,4.53E-06,,,
66.5981,4.47E-06,,,
66.8273,4.48E-06,,,
67.0573,4.44E-06,,,
67.2882,4.35E-06,,,
67.5198,4.21E-06,,,
67.7522,4.22E-06,,,
67.9854,4.19E-06,,,
68.2194,4.15E-06,,,
68.4543,4.14E-06,,,
68.6899,4.09E-06,,,
68.9264,4.03E-06,,,
69.1636,4.18E-06,,,
69.4017,4.06E-06,,,
69.6406,4.03E-06,,,
69.8803,4.02E-06,,,
70.1209,3.97E-06,,,
70.3622,3.87E-06,,,
70.6044,3.95E-06,,,
70.8475,3.79E-06,,,
71.0913,3.84E-06,,,
71.336,3.75E-06,,,
71.5816,3.71E-06,,,
71.828,3.73E-06,,,
72.0753,3.68E-06,,,
72.3234,3.55E-06,,,
72.5723,3.65E-06,,,
72.8221,3.69E-06,,,
73.0728,3.62E-06,,,
73.3243,3.51E-06,,,
73.5767,3.57E-06,,,
73.83,3.56E-06,,,
74.0841,3.48E-06,,,
74.3391,3.49E-06,,,
74.595,3.40E-06,,,
74.8518,3.37E-06,,,
75.1095,3.40E-06,,,
75.368,3.36E-06,,,
75.6274,3.27E-06,,,
75.8878,3.33E-06,,,
76.149,3.28E-06,,,
76.4111,3.29E-06,,,
76.6741,3.26E-06,,,
76.9381,3.26E-06,,,
77.2029,3.17E-06,,,
77.4687,3.17E-06,,,
77.7353,3.20E-06,,,
78.0029,3.10E-06,,,
78.2714,3.00E-06,,,
78.5408,3.15E-06,,,
78.8112,3.08E-06,,,
79.0825,3.04E-06,,,
79.3547,2.95E-06,,,
79.6279,2.97E-06,,,
79.902,2.98E-06,,,
80.177,3.03E-06,,,
80.453,3.01E-06,,,
80.7299,2.97E-06,,,
81.0078,2.93E-06,,,
81.2867,2.79E-06,,,
81.5665,2.86E-06,,,
81.8472,2.87E-06,,,
82.129,2.84E-06,,,
82.4117,2.81E-06,,,
82.6954,2.73E-06,,,
82.98,2.76E-06,,,
83.2656,2.72E-06,,,
83.5523,2.71E-06,,,
83.8399,2.73E-06,,,
84.1285,2.66E-06,,,
84.4181,2.65E-06,,,
84.7086,2.58E-06,,,
85.0002,2.65E-06,,,
85.2928,2.56E-06,,,
85.5864,2.59E-06,,,
85.881,2.47E-06,,,
86.1767,2.60E-06,,,
86.4733,2.49E-06,,,
86.771,2.46E-06,,,
87.0696,2.40E-06,,,
87.3693,2.44E-06,,,
87.6701,2.50E-06,,,
87.9719,2.38E-06,,,
88.2747,2.41E-06,,,
88.5786,2.33E-06,,,
88.8835,2.39E-06,,,
89.1894,2.36E-06,,,
89.4964,2.30E-06,,,
89.8045,2.36E-06,,,
90.1136,2.27E-06,,,
90.4238,2.31E-06,,,
90.7351,2.22E-06,,,
91.0474,2.20E-06,,,
91.3608,2.21E-06,,,
91.6753,2.31E-06,,,
91.9909,2.18E-06,,,
92.3075,2.18E-06,,,
92.6253,2.12E-06,,,
92.9441,2.19E-06,,,
93.264,2.10E-06,,,
93.5851,2.11E-06,,,
93.9072,2.09E-06,,,
94.2305,2.07E-06,,,
94.5548,2.03E-06,,,
94.8803,2.07E-06,,,
95.2069,2.00E-06,,,
95.5346,2.04E-06,,,
95.8635,1.94E-06,,,
96.1935,1.89E-06,,,
96.5246,1.92E-06,,,
96.8568,1.88E-06,,,
97.1902,1.93E-06,,,
97.5248,1.84E-06,,,
97.8605,1.82E-06,,,
98.1974,1.84E-06,,,
98.5354,1.81E-06,,,
98.8746,1.77E-06,,,
99.2149,1.75E-06,,,
99.5564,1.76E-06,,,
99.8991,1.82E-06,,,
100.243,1.67E-06,,,
100.588,1.67E-06,,,
100.934,1.71E-06,,,
101.282,1.67E-06,,,
101.63,1.69E-06,,,
101.98,1.67E-06,,,
102.331,1.59E-06,,,
102.684,1.60E-06,,,
103.037,1.49E-06,,,
103.392,1.57E-06,,,
103.748,1.51E-06,,,
104.105,1.51E-06,,,
104.463,1.49E-06,,,
104.823,1.46E-06,,,
105.183,1.45E-06,,,
105.545,1.44E-06,,,
105.909,1.41E-06,,,
106.273,1.38E-06,,,
106.639,1.40E-06,,,
107.006,1.41E-06,,,
107.375,1.32E-06,,,
107.744,1.30E-06,,,
108.115,1.27E-06,,,
108.487,1.21E-06,,,
108.861,1.30E-06,,,
109.235,1.21E-06,,,
109.611,1.23E-06,,,
109.989,1.19E-06,,,
110.367,1.14E-06,,,
110.747,1.19E-06,,,
111.128,1.09E-06,,,
111.511,1.06E-06,,,
111.895,1.08E-06,,,
112.28,9.84E-07,,,
112.666,1.04E-06,,,
113.054,9.17E-07,,,
113.443,9.71E-07,,,
113.834,9.02E-07,,,
114.226,9.01E-07,,,
114.619,8.31E-07,,,
115.014,7.79E-07,,,
115.409,7.52E-07,,,
115.807,7.13E-07,,,
116.205,7.32E-07,,,
116.605,6.79E-07,,,
117.007,6.23E-07,,,
117.41,5.97E-07,,,
117.814,5.20E-07,,,
118.219,4.82E-07,,,
118.626,4.25E-07,,,
119.034,4.35E-07,,,
119.444,3.56E-07,,,
119.855,2.99E-07,,,
120.268,3.03E-07,,,
120.682,2.56E-07,,,
121.097,2.34E-07,,,
121.514,1.97E-07,,,
121.932,1.77E-07,,,
122.352,1.63E-07,,,
122.773,1.23E-07,,,
123.196,1.11E-07,,,
123.62,7.86E-08,,,
124.046,7.60E-08,,,
124.473,5.93E-08,,,
124.901,4.04E-08,,,
125.331,4.05E-08,,,
125.762,3.58E-08,,,
126.195,2.75E-08,,,
126.63,2.64E-08,,,
127.066,2.42E-08,,,
127.503,1.95E-08,,,
127.942,1.62E-08,,,
128.382,1.33E-08,,,
128.824,9.98E-09,,,
129.268,9.82E-09,,,
129.713,1.00E-08,,,
130.159,9.26E-09,,,
130.607,8.79E-09,,,
131.057,8.43E-09,,,
131.508,8.14E-09,,,
131.961,6.91E-09,,,
132.415,9.55E-09,,,
132.871,7.78E-09,,,
133.328,4.14E-09,,,
133.787,5.49E-09,,,
134.247,3.87E-09,,,
134.709,5.68E-09,,,
135.173,4.54E-09,,,
135.638,4.59E-09,,,
136.105,4.43E-09,,,
136.574,3.89E-09,,,
137.044,2.06E-09,,,
137.516,6.75E-09,,,
137.989,4.10E-09,,,
138.464,4.57E-09,,,
138.941,3.38E-09,,,
139.419,3.44E-09,,,
139.899,4.09E-09,,,
140.38,2.01E-09,,,
140.864,3.16E-09,,,
141.349,2.91E-09,,,
141.835,8.04E-10,,,
142.323,3.68E-09,,,
142.813,1.39E-09,,,
143.305,3.30E-09,,,
143.798,4.60E-10,,,
144.293,3.79E-09,,,
144.79,2.50E-09,,,
145.288,1.64E-09,,,
145.788,1.61E-09,,,
146.29,3.25E-09,,,
146.794,2.06E-09,,,
147.299,1.26E-09,,,
147.806,1.13E-09,,,
148.315,2.04E-09,,,
148.825,6.71E-10,,,
149.338,3.87E-09,,,
149.852,1.83E-09,,,
150.368,1.16E-09,,,
150.885,4.47E-09,,,
151.405,2.10E-09,,,
151.926,2.06E-09,,,
152.449,2.04E-09,,,
152.973,3.58E-09,,,
153.5,0,,,
154.028,1.57E-09,,,
154.559,1.37E-09,,,
155.091,4.60E-10,,,
155.624,0,,,
156.16,4.60E-10,,,
156.698,1.34E-09,,,
157.237,0,,,
157.778,6.96E-10,,,
158.321,1.26E-09,,,
158.866,2.41E-09,,,
159.413,1.64E-09,,,
159.962,0,,,
160.513,0,,,
161.065,1.83E-09,,,
161.62,0,,,
162.176,1.11E-09,,,
162.734,9.39E-10,,,
163.294,9.39E-10,,,
163.856,1.61E-09,,,
164.42,1.13E-09,,,
164.986,1.37E-09,,,
165.554,0,,,
166.124,0,,,
166.696,0,,,
167.27,0,,,
167.846,6.96E-10,,,
168.423,9.39E-10,,,
169.003,0,,,
169.585,1.11E-09,,,
170.169,2.53E-09,,,
170.754,9.39E-10,,,
171.342,0,,,
171.932,4.60E-10,,,
172.524,9.19E-10,,,
173.118,0,,,
173.714,0,,,
174.312,9.39E-10,,,
174.912,9.39E-10,,,
175.514,0,,,
176.118,0,,,
176.724,0,,,
177.332,9.39E-10,,,
177.943,9.39E-10,,,
178.555,9.39E-10,,,
179.17,0,,,
179.787,0,,,
180.406,4.60E-10,,,
181.027,0,,,
181.65,0,,,
182.275,9.39E-10,,,
182.902,0,,,
183.532,0,,,
184.164,0,,,
184.798,0,,,
185.434,0,,,
186.072,0,,,
186.713,0,,,
187.355,0,,,
188,0,,,
188.647,0,,,
189.297,0,,,
189.948,0,,,
190.602,0,,,
191.258,9.39E-10,,,
191.917,0,,,
192.577,0,,,
193.24,0,,,
193.905,0,,,
194.573,0,,,
195.243,0,,,
195.915,0,,,
196.589,0,,,
197.266,0,,,
197.945,0,,,
198.626,0,,,
199.31,0,,,
199.996,9.39E-10,,,
200.684,0,,,
201.375,0,,,
202.068,0,,,
202.764,0,,,
203.462,1.37E-09,,,
204.162,1.37E-09,,,
204.865,0,,,
205.57,0,,,
206.278,0,,,
206.988,0,,,
207.7,0,,,
208.415,9.39E-10,,,
209.133,0,,,
209.853,9.39E-10,,,
210.575,0,,,
211.3,1.37E-09,,,
212.027,0,,,
212.757,0,,,
213.489,0,,,
214.224,0,,,
214.962,0,,,
215.702,9.39E-10,,,
216.444,0,,,
217.189,0,,,
217.937,0,,,
218.687,0,,,
219.44,9.39E-10,,,
220.195,1.37E-09,,,
220.953,0,,,
221.714,0,,,
222.477,1.07E-09,,,
223.243,0,,,
224.011,0,,,
224.782,0,,,
225.556,1.37E-09,,,
226.332,1.37E-09,,,
227.111,0,,,
227.893,1.37E-09,,,
228.678,0,,,
229.465,0,,,
230.255,0,,,
231.047,0,,,
231.843,1.07E-09,,,
232.641,0,,,
233.441,0,,,
234.245,0,,,
235.051,0,,,
235.86,0,,,
236.672,0,,,
237.487,1.07E-09,,,
238.304,0,,,
239.125,0,,,
239.948,0,,,
240.774,0,,,
241.603,0,,,
242.434,0,,,
243.269,0,,,
244.106,0,,,
244.946,0,,,
245.79,0,,,
246.636,1.07E-09,,,
247.485,0,,,
248.337,0,,,
249.191,0,,,
250.049,0,,,
250.91,0,,,
251.774,0,,,
252.64,0,,,
253.51,0,,,
254.383,0,,,
255.258,0,,,
256.137,0,,,
257.019,0,,,
257.903,1.07E-09,,,
258.791,0,,,
259.682,0,,,
260.576,0,,,
261.473,0,,,
262.373,0,,,
263.276,0,,,
264.182,0,,,
265.092,0,,,
266.004,0,,,
266.92,0,,,
267.838,0,,,
268.76,0,,,
269.686,0,,,
270.614,0,,,
271.545,0,,,
272.48,0,,,
273.418,0,,,
274.359,0,,,
275.304,0,,,
276.251,0,,,
277.202,0,,,
278.156,0,,,
279.114,0,,,
280.075,0,,,
281.039,0,,,
282.006,0,,,
282.977,0,,,
283.951,0,,,
284.928,0,,,
285.909,0,,,
286.893,0,,,
287.881,0,,,
288.872,0,,,
289.866,0,,,
290.864,0,,,
291.865,0,,,
292.87,0,,,
293.878,0,,,
294.89,0,,,
295.905,0,,,
296.923,0,,,
297.945,0,,,
298.971,0,,,
300,,,,
