0.01,0.000144643,1.11,0,1
0.0100344,0.000132933,,0.25,0.838
0.010069,0.000104204,,0.75,0.522
0.0101036,0.000103995,,2,0.142
0.0101384,0.00011225,,3,0.037
0.0101733,0.000103662,,,
0.0102083,0.000170896,,,
0.0102435,0.000109838,,,
0.0102787,0.000139687,,,
0.0103141,0.000147608,,,
0.0103496,0.000115715,,,
0.0103852,0.00017814,,,
0.010421,0.000177295,,,
0.0104568,0.000343403,,,
0.0104928,0.000352143,,,
0.010529,0.000437397,,,
0.0105652,0.000367163,,,
0.0106016,0.000383324,,,
0.0106381,0.000413548,,,
0.0106747,0.000414865,,,
0.0107114,0.000437933,,,
0.0107483,0.000424837,,,
0.0107853,0.000494554,,,
0.0108224,0.000516717,,,
0.0108597,0.000558073,,,
0.0108971,0.000604866,,,
0.0109346,0.000754113,,,
0.0109722,0.00114623,,,
0.01101,0.0014837,,,
0.0110479,0.00167538,,,
0.0110859,0.00578316,,,
0.0111241,0.00803788,,,
0.0111624,0.00796943,,,
0.0112008,0.00789923,,,
0.0112393,0.00791661,,,
0.011278,0.00758232,,,
0.0113168,0.00771253,,,
0.0113558,0.0073379,,,
0.0113949,0.0075109,,,
0.0114341,0.00749975,,,
0.0114735,0.0076768,,,
0.011513,0.00727333,,,
0.0115526,0.00732784,,,
0.0115924,0.00710246,,,
0.0116323,0.00752118,,,
0.0116723,0.00738196,,,
0.0117125,0.00726218,,,
0.0117528,0.00728915,,,
0.0117933,0.00690944,,,
0.0118339,0.00694986,,,
0.0118746,0.00714248,,,
0.0119155,0.00718709,,,
0.0119565,0.00672117,,,
0.0119976,0.00712272,,,
0.0120389,0.0067895,,,
0.0120804,0.00688402,,,
0.012122,0.00684599,,,
0.0121637,0.0067863,,,
0.0122056,0.00708369,,,
0.0122476,0.0065159,,,
0.0122897,0.0114356,,,
0.012332,0.00684248,,,
0.0123745,0.00645735,,,
0.0124171,0.00655901,,,
0.0124598,0.00688071,,,
0.0125027,0.00676173,,,
0.0125458,0.00606623,,,
0.0125889,0.00653474,,,
0.0126323,0.00635597,,,
0.0126758,0.0066444,,,
0.0127194,0.00630786,,,
0.0127632,0.0062378,,,
0.0128071,0.006105,,,
0.0128512,0.00599805,,,
0.0128954,0.00605502,,,
0.0129398,0.00603091,,,
0.0129844,0.00621178,,,
0.0130291,0.00591089,,,
0.0130739,0.00629626,,,
0.0131189,0.00590658,,,
0.0131641,0.00606816,,,
0.0132094,0.00570961,,,
0.0132548,0.00584165,,,
0.0133005,0.00571635,,,
0.0133463,0.00559779,,,
0.0133922,0.00567524,,,
0.0134383,0.00565176,,,
0.0134846,0.00553159,,,
0.013531,0.00551142,,,
0.0135775,0.00561929,,,
0.0136243,0.00561137,,,
0.0136712,0.00544212,,,
0.0137182,0.00534944,,,
0.0137655,0.00539205,,,
0.0138128,0.0053537,,,
0.0138604,0.00523658,,,
0.0139081,0.00538871,,,
0.013956,0.00544907,,,
0.014004,0.00527798,,,
0.0140522,0.00523608,,,
0.0141006,0.00517079,,,
0.0141491,0.005067,,,
0.0141978,0.00529922,,,
0.0142467,0.00528465,,,
0.0142957,0.00523278,,,
0.014345,0.00505156,,,
0.0143943,0.00518164,,,
0.0144439,0.00494785,,,
0.0144936,0.00514758,,,
0.0145435,0.00507564,,,
0.0145936,0.00513125,,,
0.0146438,0.00499139,,,
0.0146942,0.00483899,,,
0.0147448,0.00461663,,,
0.0147955,0.00480285,,,
0.0148465,0.00477383,,,
0.0148976,0.00492736,,,
0.0149488,0.0129863,,,
0.0150003,0.00495031,,,
0.0150519,0.00503463,,,
0.0151038,0.00532006,,,
0.0151557,0.00481663,,,
0.0152079,0.00482621,,,
0.0152603,0.0049272,,,
0.0153128,0.0047406,,,
0.0153655,0.0048295,,,
0.0154184,0.00481091,,,
0.0154715,0.00468955,,,
0.0155247,0.00470034,,,
0.0155782,0.00465169,,,
0.0156318,0.00470484,,,
0.0156856,0.00470046,,,
0.0157396,0.00453425,,,
0.0157938,0.00467083,,,
0.0158481,0.00445368,,,
0.0159027,0.00448222,,,
0.0159574,0.0042139,,,
0.0160124,0.00438906,,,
0.0160675,0.00435846,,,
0.0161228,0.00441568,,,
0.0161783,0.124747,,,
0.016234,0.00729442,,,
0.0162898,0.0105438,,,
0.0163459,0.00687293,,,
0.0164022,0.00667283,,,
0.0164586,0.00780339,,,
0.0165153,0.00576585,,,
0.0165722,0.00599715,,,
0.0166292,0.00576801,,,
0.0166864,0.00551942,,,
0.0167439,0.00539315,,,
0.0168015,0.00706687,,,
0.0168593,0.0117463,,,
0.0169174,0.00636051,,,
0.0169756,0.00633179,,,
0.0170341,0.00633171,,,
0.0170927,0.005804,,,
0.0171515,0.00563487,,,
0.0172106,0.00535958,,,
0.0172698,0.00543077,,,
0.0173293,0.00506229,,,
0.0173889,0.00538922,,,
0.0174488,0.00513364,,,
0.0175088,0.00556873,,,
0.0175691,0.00586296,,,
0.0176296,0.00529705,,,
0.0176903,0.00541547,,,
0.0177511,0.00516643,,,
0.0178123,0.00512041,,,
0.0178736,0.00524673,,,
0.0179351,0.0049711,,,
0.0179968,0.00506899,,,
0.0180588,0.00487623,,,
0.0181209,0.00508008,,,
0.0181833,0.00498297,,,
0.0182459,0.00524177,,,
0.0183087,0.00510382,,,
0.0183717,0.00494158,,,
0.018435,0.00506504,,,
0.0184984,0.00496326,,,
0.0185621,0.00475402,,,
0.018626,0.00488889,,,
0.0186901,0.0046815,,,
0.0187545,0.00491242,,,
0.018819,0.00495957,,,
0.0188838,0.0113324,,,
0.0189488,0.00499475,,,
0.019014,0.00509913,,,
0.0190795,0.0054797,,,
0.0191451,0.00494018,,,
0.019211,0.00501091,,,
0.0192772,0.00494293,,,
0.0193435,0.00505227,,,
0.0194101,0.00494776,,,
0.0194769,0.00516257,,,
0.019544,0.00496671,,,
0.0196112,0.00515343,,,
0.0196788,0.00502595,,,
0.0197465,0.00475448,,,
0.0198145,0.00491289,,,
0.0198827,0.00498191,,,
0.0199511,0.00504526,,,
0.0200198,0.114793,,,
0.0200887,0.00793467,,,
0.0201579,0.0118497,,,
0.0202272,0.00735185,,,
0.0202969,0.00814596,,,
0.0203667,0.00694883,,,
0.0204368,0.0067965,,,
0.0205072,0.00672055,,,
0.0205778,0.00628019,,,
0.0206486,0.015483,,,
0.0207197,0.00671952,,,
0.020791,0.00781993,,,
0.0208626,0.00703821,,,
0.0209344,0.00692832,,,
0.0210065,0.00686196,,,
0.0210788,0.00655721,,,
0.0211513,0.00626408,,,
0.0212241,0.00652732,,,
0.0212972,0.00637476,,,
0.0213705,0.00687186,,,
0.0214441,0.00692028,,,
0.0215179,0.00654441,,,
0.0215919,0.00660074,,,
0.0216663,0.00628701,,,
0.0217408,0.00645792,,,
0.0218157,0.00646818,,,
0.0218908,0.00639293,,,
0.0219661,0.00652504,,,
0.0220417,0.00656753,,,
0.0221176,0.00642049,,,
0.0221938,0.0068333,,,
0.0222701,0.0067798,,,
0.0223468,0.00674653,,,
0.0224237,0.00663999,,,
0.0225009,0.00676582,,,
0.0225784,0.0071215,,,
0.0226561,0.00690917,,,
0.0227341,0.00707386,,,
0.0228123,0.00672477,,,
0.0228909,0.00720586,,,
0.0229697,0.00672956,,,
0.0230487,0.00701412,,,
0.0231281,0.00714946,,,
0.0232077,0.00777716,,,
0.0232876,0.00745845,,,
0.0233677,0.00777731,,,
0.0234482,0.00746714,,,
0.0235289,0.00769447,,,
0.0236099,0.00781622,,,
0.0236911,0.00766305,,,
0.0237727,0.00763271,,,
0.0238545,0.0077428,,,
0.0239366,0.00779725,,,
0.024019,0.0914495,,,
0.0241017,0.011497,,,
0.0241847,0.012814,,,
0.0242679,0.0107741,,,
0.0243514,0.00992889,,,
0.0244353,0.00971234,,,
0.0245194,0.00925756,,,
0.0246038,0.00922327,,,
0.0246885,0.0098788,,,
0.0247735,0.00991996,,,
0.0248587,0.00944216,,,
0.0249443,0.0098028,,,
0.0250302,0.00959674,,,
0.0251163,0.00938806,,,
0.0252028,0.00903975,,,
0.0252895,0.00928314,,,
0.0253766,0.0094347,,,
0.0254639,0.00971323,,,
0.0255516,0.00986237,,,
0.0256396,0.00951094,,,
0.0257278,0.00934633,,,
0.0258164,0.00984405,,,
0.0259052,0.00982599,,,
0.0259944,0.00988428,,,
0.0260839,0.00971682,,,
0.0261737,0.0100733,,,
0.0262638,0.0101079,,,
0.0263542,0.010232,,,
0.0264449,0.00989092,,,
0.0265359,0.0103507,,,
0.0266273,0.0102078,,,
0.0267189,0.0101276,,,
0.0268109,0.0105243,,,
0.0269032,0.0101228,,,
0.0269958,0.0106718,,,
0.0270887,0.0108486,,,
0.027182,0.0109841,,,
0.0272755,0.0111981,,,
0.0273694,0.0112826,,,
0.0274636,0.0111642,,,
0.0275582,0.011158,,,
0.027653,0.0109224,,,
0.0277482,0.0110423,,,
0.0278437,0.0118466,,,
0.0279396,0.0113126,,,
0.0280357,0.0114366,,,
0.0281323,0.0118521,,,
0.0282291,0.0117857,,,
0.0283263,0.0115988,,,
0.0284238,0.0130533,,,
0.0285216,0.0118631,,,
0.0286198,0.011525,,,
0.0287183,0.0114328,,,
0.0288172,0.0115036,,,
0.0289164,0.011462,,,
0.0290159,0.011931,,,
0.0291158,0.0121378,,,
0.029216,0.0115735,,,
0.0293166,0.0117874,,,
0.0294175,0.0119183,,,
0.0295187,0.0115369,,,
0.0296203,0.0117725,,,
0.0297223,0.0112874,,,
0.0298246,0.0118997,,,
0.0299273,0.0117899,,,
0.0300303,0.0117085,,,
0.0301337,0.0119427,,,
0.0302374,0.012056,,,
0.0303415,0.0119205,,,
0.0304459,0.0123863,,,
0.0305507,0.0120984,,,
0.0306559,0.0122922,,,
0.0307614,0.0115681,,,
0.0308673,0.0121369,,,
0.0309735,0.0121536,,,
0.0310802,0.016079,,,
0.0311872,0.0126475,,,
0.0312945,0.0128592,,,
0.0314022,0.0127323,,,
0.0315103,0.0124459,,,
0.0316188,0.0127065,,,
0.0317276,0.0125993,,,
0.0318368,0.0129626,,,
0.0319464,0.0129101,,,
0.0320564,0.0128108,,,
0.0321667,0.0127896,,,
0.0322775,0.0143095,,,
0.0323886,0.0150241,,,
0.0325001,0.0134836,,,
0.0326119,0.0131465,,,
0.0327242,0.012805,,,
0.0328368,0.0127913,,,
0.0329499,0.0155308,,,
0.0330633,0.0132464,,,
0.0331771,0.0132316,,,
0.0332913,0.0127574,,,
0.0334059,0.0130374,,,
0.0335209,0.0130797,,,
0.0336363,0.013157,,,
0.0337521,0.0130511,,,
0.0338682,0.013967,,,
0.0339848,0.0131949,,,
0.0341018,0.0135259,,,
0.0342192,0.0128638,,,
0.034337,0.0127774,,,
0.0344552,0.0130179,,,
0.0345738,0.0132553,,,
0.0346928,0.0132009,,,
0.0348122,0.0135238,,,
0.034932,0.0134449,,,
0.0350523,0.0198045,,,
0.035173,0.0138814,,,
0.035294,0.0139912,,,
0.0354155,0.0136714,,,
0.0355374,0.0143508,,,
0.0356597,0.0138165,,,
0.0357825,0.0136772,,,
0.0359057,0.013825,,,
0.0360293,0.0136689,,,
0.0361533,0.0162895,,,
0.0362777,0.0145314,,,
0.0364026,0.0164798,,,
0.0365279,0.0143801,,,
0.0366537,0.0145131,,,
0.0367798,0.0178029,,,
0.0369064,0.0166386,,,
0.0370335,0.014643,,,
0.0371609,0.0147335,,,
0.0372889,0.0145774,,,
0.0374172,0.0144325,,,
0.037546,0.0143992,,,
0.0376753,0.0139959,,,
0.0378049,0.0144775,,,
0.0379351,0.0144539,,,
0.0380657,0.014438,,,
0.0381967,0.0146975,,,
0.0383282,0.0141855,,,
0.0384601,0.0146084,,,
0.0385925,0.0141886,,,
0.0387253,0.0146813,,,
0.0388586,0.0145988,,,
0.0389924,0.0200098,,,
0.0391266,0.0148034,,,
0.0392613,0.0146598,,,
0.0393965,0.0147889,,,
0.0395321,0.0153045,,,
0.0396681,0.0146926,,,
0.0398047,0.0148172,,,
0.0399417,0.0148073,,,
0.0400792,0.0158913,,,
0.0402172,0.0173954,,,
0.0403556,0.0156125,,,
0.0404945,0.0155924,,,
0.0406339,0.018525,,,
0.0407738,0.0161786,,,
0.0409141,0.0174741,,,
0.041055,0.0155234,,,
0.0411963,0.0158516,,,
0.0413381,0.0162578,,,
0.0414804,0.0160708,,,
0.0416232,0.0157142,,,
0.0417664,0.0159865,,,
0.0419102,0.0158491,,,
0.0420545,0.0155425,,,
0.0421992,0.0153978,,,
0.0423445,0.0159564,,,
0.0424903,0.0163619,,,
0.0426365,0.0158638,,,
0.0427833,0.0161855,,,
0.0429306,0.017685,,,
0.0430783,0.0166145,,,
0.0432266,0.0159624,,,
0.0433754,0.0164807,,,
0.0435247,0.0162918,,,
0.0436745,0.0160726,,,
0.0438249,0.0163945,,,
0.0439757,0.0163333,,,
0.0441271,0.0176002,,,
0.044279,0.0171244,,,
0.0444314,0.0167487,,,
0.0445844,0.0191524,,,
0.0447378,0.017375,,,
0.0448918,0.0174486,,,
0.0450464,0.0171707,,,
0.0452014,0.0177433,,,
0.045357,0.0171635,,,
0.0455131,0.0176117,,,
0.0456698,0.0169059,,,
0.045827,0.0174637,,,
0.0459848,0.0174713,,,
0.0461431,0.017445,,,
0.0463019,0.0174801,,,
0.0464613,0.0177868,,,
0.0466212,0.0175099,,,
0.0467817,0.0173774,,,
0.0469427,0.0173016,,,
0.0471043,0.0175238,,,
0.0472664,0.0174647,,,
0.0474291,0.0175784,,,
0.0475924,0.017326,,,
0.0477562,0.0176308,,,
0.0479206,0.0182101,,,
0.0480856,0.0186829,,,
0.0482511,0.0183251,,,
0.0484172,0.0396443,,,
0.0485839,0.0200603,,,
0.0487511,0.0193654,,,
0.0489189,0.0190029,,,
0.0490873,0.0194167,,,
0.0492563,0.019479,,,
0.0494258,0.0193246,,,
0.0495959,0.0187958,,,
0.0497667,0.0196529,,,
0.049938,0.0200561,,,
0.0501099,0.0198831,,,
0.0502824,0.0197582,,,
0.0504554,0.0196855,,,
0.0506291,0.0195385,,,
0.0508034,0.0197797,,,
0.0509783,0.0197348,,,
0.0511538,0.0203464,,,
0.0513298,0.0207225,,,
0.0515065,0.0199265,,,
0.0516838,0.0204969,,,
0.0518617,0.0206778,,,
0.0520403,0.0206831,,,
0.0522194,0.0205069,,,
0.0523991,0.0208043,,,
0.0525795,0.0213807,,,
0.0527605,0.0211327,,,
0.0529421,0.0204449,,,
0.0531244,0.0215691,,,
0.0533072,0.0212609,,,
0.0534907,0.0214609,,,
0.0536748,0.0222155,,,
0.0538596,0.0218949,,,
0.054045,0.0215084,,,
0.054231,0.0217361,,,
0.0544177,0.0217785,,,
0.054605,0.0219558,,,
0.054793,0.0216539,,,
0.0549816,0.0215922,,,
0.0551709,0.0226699,,,
0.0553608,0.0224669,,,
0.0555513,0.0232592,,,
0.0557426,0.023395,,,
0.0559344,0.0227307,,,
0.056127,0.0230748,,,
0.0563202,0.0235209,,,
0.056514,0.0232753,,,
0.0567086,0.022955,,,
0.0569038,0.0232096,,,
0.0570997,0.0240674,,,
0.0572962,0.0240705,,,
0.0574934,0.0237104,,,
0.0576913,0.0240914,,,
0.0578899,0.0244594,,,
0.0580892,0.0244093,,,
0.0582892,0.0247235,,,
0.0584898,0.0248095,,,
0.0586911,0.0252527,,,
0.0588932,0.0245379,,,
0.0590959,0.0253252,,,
0.0592993,0.0254005,,,
0.0595034,0.0254274,,,
0.0597083,0.0256436,,,
0.0599138,0.0258058,,,
0.06012,0.0263529,,,
0.060327,0.0263254,,,
0.0605346,0.0260731,,,
0.060743,0.0267821,,,
0.0609521,0.027028,,,
0.0611619,0.0266282,,,
0.0613724,0.0264978,,,
0.0615837,0.0267783,,,
0.0617957,0.0265345,,,
0.0620084,0.027387,,,
0.0622218,0.0266409,,,
0.062436,0.0273315,,,
0.0626509,0.0268445,,,
0.0628666,0.0271408,,,
0.063083,0.0278192,,,
0.0633001,0.0287553,,,
0.063518,0.0278348,,,
0.0637367,0.0281788,,,
0.0639561,0.0282796,,,
0.0641762,0.0286356,,,
0.0643971,0.0283705,,,
0.0646188,0.0288326,,,
0.0648412,0.0289975,,,
0.0650644,0.0287569,,,
0.0652884,0.0301039,,,
0.0655131,0.0287397,,,
0.0657387,0.0290723,,,
0.0659649,0.0287086,,,
0.066192,0.0290586,,,
0.0664199,0.0294235,,,
0.0666485,0.0297834,,,
0.0668779,0.0296976,,,
0.0671081,0.0299204,,,
0.0673391,0.0307745,,,
0.0675709,0.0307112,,,
0.0678035,0.0301853,,,
0.0680369,0.0307992,,,
0.0682711,0.0316441,,,
0.0685061,0.0316427,,,
0.0687419,0.0315145,,,
0.0689785,0.032023,,,
0.069216,0.0317958,,,
0.0694542,0.032183,,,
0.0696933,0.0317382,,,
0.0699332,0.0311299,,,
0.0701739,0.032208,,,
0.0704155,0.0321911,,,
0.0706579,0.0321929,,,
0.0709011,0.0316992,,,
0.0711452,0.0323441,,,
0.0713901,0.0339904,,,
0.0716358,0.0327324,,,
0.0718824,0.0330773,,,
0.0721298,0.0327405,,,
0.0723781,0.0321904,,,
0.0726273,0.0334582,,,
0.0728773,0.0332328,,,
0.0731281,0.0335284,,,
0.0733798,0.0337847,,,
0.0736324,0.0331019,,,
0.0738859,0.0337429,,,
0.0741402,0.0337671,,,
0.0743954,0.0338689,,,
0.0746515,0.034527,,,
0.0749085,0.0339723,,,
0.0751663,0.0344882,,,
0.0754251,0.0343377,,,
0.0756847,0.0347394,,,
0.0759452,0.0346826,,,
0.0762067,0.0357073,,,
0.076469,0.0363777,,,
0.0767322,0.0353588,,,
0.0769963,0.036813,,,
0.0772614,0.0355316,,,
0.0775273,0.0365795,,,
0.0777942,0.0360718,,,
0.078062,0.0365712,,,
0.0783307,0.0363047,,,
0.0786003,0.0365286,,,
0.0788709,0.0367166,,,
0.0791424,0.0368611,,,
0.0794148,0.0370236,,,
0.0796882,0.0376271,,,
0.0799625,0.0384321,,,
0.0802377,0.0374634,,,
0.0805139,0.0376431,,,
0.080791,0.0383831,,,
0.0810692,0.0382531,,,
0.0813482,0.0384627,,,
0.0816282,0.0386905,,,
0.0819092,0.0389656,,,
0.0821912,0.0380856,,,
0.0824741,0.0385194,,,
0.082758,0.0393851,,,
0.0830428,0.0399047,,,
0.0833287,0.0400711,,,
0.0836155,0.0403777,,,
0.0839034,0.0401969,,,
0.0841922,0.0405697,,,
0.084482,0.0398137,,,
0.0847728,0.0400864,,,
0.0850646,0.0410945,,,
0.0853574,0.041916,,,
0.0856512,0.0410197,,,
0.0859461,0.0423333,,,
0.0862419,0.0422137,,,
0.0865388,0.0425008,,,
0.0868367,0.0424541,,,
0.0871356,0.0423524,,,
0.0874355,0.0427277,,,
0.0877365,0.0428137,,,
0.0880385,0.0437647,,,
0.0883415,0.0432936,,,
0.0886456,0.0440382,,,
0.0889508,0.0435329,,,
0.089257,0.0434945,,,
0.0895642,0.0440673,,,
0.0898725,0.0447491,,,
0.0901819,0.0441266,,,
0.0904923,0.0447313,,,
0.0908038,0.0450969,,,
0.0911164,0.0447555,,,
0.09143,0.0453073,,,
0.0917447,0.0458069,,,
0.0920605,0.0450872,,,
0.0923774,0.046337,,,
0.0926954,0.0465303,,,
0.0930145,0.0466323,,,
0.0933347,0.0464285,,,
0.0936559,0.0475171,,,
0.0939783,0.0469746,,,
0.0943018,0.0472685,,,
0.0946264,0.0478742,,,
0.0949522,0.0477885,,,
0.095279,0.0479741,,,
0.095607,0.048649,,,
0.0959361,0.0484647,,,
0.0962663,0.04934,,,
0.0965977,0.0490018,,,
0.0969302,0.049107,,,
0.0972638,0.0498305,,,
0.0975986,0.0488073,,,
0.0979346,0.0507943,,,
0.0982717,0.0501742,,,
0.09861,0.0497735,,,
0.0989494,0.0509791,,,
0.09929,0.0509749,,,
0.0996318,0.0504155,,,
0.0999748,0.0511894,,,
0.100319,0.0511669,,,
0.100664,0.0517042,,,
0.101011,0.0528298,,,
0.101358,0.0532719,,,
0.101707,0.0528586,,,
0.102057,0.0528619,,,
0.102409,0.0533735,,,
0.102761,0.05433,,,
0.103115,0.0537914,,,
0.10347,0.054001,,,
0.103826,0.0539467,,,
0.104183,0.0555351,,,
0.104542,0.0549979,,,
0.104902,0.0549365,,,
0.105263,0.0557383,,,
0.105625,0.0568448,,,
0.105989,0.0570668,,,
0.106354,0.0563163,,,
0.10672,0.0561817,,,
0.107087,0.0568121,,,
0.107456,0.0568428,,,
0.107826,0.0552327,,,
0.108197,0.0571595,,,
0.108569,0.0587406,,,
0.108943,0.0583979,,,
0.109318,0.0591338,,,
0.109694,0.0589103,,,
0.110072,0.0593075,,,
0.110451,0.0590063,,,
0.110831,0.0600801,,,
0.111213,0.0617311,,,
0.111595,0.0612153,,,
0.11198,0.0621717,,,
0.112365,0.0616733,,,
0.112752,0.0610471,,,
0.11314,0.0617535,,,
0.113529,0.061796,,,
0.11392,0.0623015,,,
0.114312,0.0638449,,,
0.114706,0.0630675,,,
0.115101,0.0639715,,,
0.115497,0.0632664,,,
0.115894,0.0642426,,,
0.116293,0.0630731,,,
0.116694,0.0642287,,,
0.117095,0.0648173,,,
0.117498,0.0659387,,,
0.117903,0.0654522,,,
0.118309,0.0669025,,,
0.118716,0.0654513,,,
0.119125,0.0658498,,,
0.119535,0.0663602,,,
0.119946,0.0674351,,,
0.120359,0.066427,,,
0.120773,0.0685342,,,
0.121189,0.0684272,,,
0.121606,0.0690897,,,
0.122025,0.0685346,,,
0.122445,0.0694764,,,
0.122866,0.069774,,,
0.123289,0.0696955,,,
0.123714,0.0710573,,,
0.124139,0.0706016,,,
0.124567,0.0700238,,,
0.124996,0.0715363,,,
0.125426,0.0707943,,,
0.125858,0.0709384,,,
0.126291,0.0725068,,,
0.126726,0.0724701,,,
0.127162,0.0730147,,,
0.127599,0.0730876,,,
0.128039,0.0734897,,,
0.128479,0.0747922,,,
0.128922,0.0734494,,,
0.129365,0.0742326,,,
0.129811,0.0752118,,,
0.130258,0.075435,,,
0.130706,0.0769316,,,
0.131156,0.0772051,,,
0.131607,0.0760639,,,
0.13206,0.0773964,,,
0.132515,0.0776958,,,
0.132971,0.0786027,,,
0.133429,0.0771127,,,
0.133888,0.0788723,,,
0.134349,0.0802231,,,
0.134811,0.080804,,,
0.135276,0.0798917,,,
0.135741,0.0811983,,,
0.136208,0.0805069,,,
0.136677,0.0804761,,,
0.137148,0.0818931,,,
0.13762,0.0814893,,,
0.138094,0.0811288,,,
0.138569,0.0822625,,,
0.139046,0.0844155,,,
0.139525,0.0835721,,,
0.140005,0.0842788,,,
0.140487,0.0851245,,,
0.14097,0.084185,,,
0.141456,0.0853372,,,
0.141943,0.0868498,,,
0.142431,0.0873484,,,
0.142921,0.0860925,,,
0.143413,0.086795,,,
0.143907,0.0879041,,,
0.144402,0.0879379,,,
0.144899,0.0884142,,,
0.145398,0.0892059,,,
0.145899,0.0909337,,,
0.146401,0.0893404,,,
0.146905,0.0896178,,,
0.147411,0.0904795,,,
0.147918,0.0902409,,,
0.148427,0.0923688,,,
0.148938,0.0933728,,,
0.149451,0.093485,,,
0.149965,0.093658,,,
0.150481,0.0934193,,,
0.150999,0.0928506,,,
0.151519,0.0944349,,,
0.152041,0.0940781,,,
0.152564,0.0948549,,,
0.153089,0.0963131,,,
0.153616,0.097267,,,
0.154145,0.0978281,,,
0.154676,0.0979706,,,
0.155208,0.0983144,,,
0.155742,0.0990082,,,
0.156278,0.0983664,,,
0.156816,0.100354,,,
0.157356,0.100794,,,
0.157898,0.100843,,,
0.158441,0.101568,,,
0.158987,0.102013,,,
0.159534,0.10317,,,
0.160083,0.101862,,,
0.160634,0.103067,,,
0.161187,0.104412,,,
0.161742,0.105853,,,
0.162299,0.10529,,,
0.162857,0.106059,,,
0.163418,0.106301,,,
0.163981,0.106467,,,
0.164545,0.107176,,,
0.165111,0.108392,,,
0.16568,0.108513,,,
0.16625,0.108136,,,
0.166822,0.109304,,,
0.167397,0.110495,,,
0.167973,0.110574,,,
0.168551,0.112428,,,
0.169131,0.110366,,,
0.169713,0.11404,,,
0.170298,0.112904,,,
0.170884,0.113379,,,
0.171472,0.113952,,,
0.172062,0.11507,,,
0.172654,0.116834,,,
0.173249,0.115386,,,
0.173845,0.117687,,,
0.174444,0.118445,,,
0.175044,0.117333,,,
0.175647,0.1185,,,
0.176251,0.11848,,,
0.176858,0.117831,,,
0.177467,0.120674,,,
0.178078,0.12184,,,
0.178691,0.121311,,,
0.179306,0.121855,,,
0.179923,0.121557,,,
0.180542,0.122855,,,
0.181164,0.125987,,,
0.181787,0.124625,,,
0.182413,0.126236,,,
0.183041,0.124873,,,
0.183671,0.12724,,,
0.184303,0.127259,,,
0.184938,0.127935,,,
0.185574,0.128768,,,
0.186213,0.129339,,,
0.186854,0.129693,,,
0.187497,0.129645,,,
0.188143,0.129775,,,
0.18879,0.131352,,,
0.18944,0.133615,,,
0.190092,0.133403,,,
0.190747,0.134878,,,
0.191403,0.135169,,,
0.192062,0.134975,,,
0.192723,0.138976,,,
0.193387,0.136243,,,
0.194052,0.138086,,,
0.19472,0.138439,,,
0.19539,0.139462,,,
0.196063,0.139782,,,
0.196738,0.140387,,,
0.197415,0.141423,,,
0.198095,0.142745,,,
0.198777,0.144038,,,
0.199461,0.142784,,,
0.200147,0.144095,,,
0.200836,0.144791,,,
0.201528,0.145535,,,
0.202221,0.145524,,,
0.202917,0.147722,,,
0.203616,0.147848,,,
0.204317,0.149272,,,
0.20502,0.149059,,,
0.205726,0.150676,,,
0.206434,0.151127,,,
0.207145,0.153738,,,
0.207858,0.154082,,,
0.208573,0.152137,,,
0.209291,0.155619,,,
0.210012,0.155987,,,
0.210734,0.154965,,,
0.21146,0.15562,,,
0.212188,0.158727,,,
0.212918,0.157883,,,
0.213651,0.157284,,,
0.214386,0.159558,,,
0.215124,0.161819,,,
0.215865,0.162802,,,
0.216608,0.162354,,,
0.217354,0.165438,,,
0.218102,0.164005,,,
0.218853,0.164735,,,
0.219606,0.16594,,,
0.220362,0.166009,,,
0.22112,0.167372,,,
0.221882,0.168556,,,
0.222645,0.172215,,,
0.223412,0.168914,,,
0.224181,0.170808,,,
0.224952,0.17288,,,
0.225727,0.173433,,,
0.226504,0.173527,,,
0.227283,0.173313,,,
0.228066,0.175563,,,
0.228851,0.174106,,,
0.229639,0.176414,,,
0.230429,0.176638,,,
0.231222,0.180846,,,
0.232018,0.180712,,,
0.232817,0.182,,,
0.233618,0.181887,,,
0.234422,0.181904,,,
0.235229,0.183732,,,
0.236039,0.184283,,,
0.236852,0.187546,,,
0.237667,0.186702,,,
0.238485,0.187435,,,
0.239306,0.189199,,,
0.24013,0.190566,,,
0.240956,0.189862,,,
0.241786,0.190822,,,
0.242618,0.194438,,,
0.243453,0.195139,,,
0.244291,0.194167,,,
0.245132,0.195753,,,
0.245976,0.196866,,,
0.246822,0.198233,,,
0.247672,0.199158,,,
0.248525,0.200015,,,
0.24938,0.201857,,,
0.250239,0.203613,,,
0.2511,0.203382,,,
0.251964,0.205874,,,
0.252832,0.207911,,,
0.253702,0.205177,,,
0.254575,0.205574,,,
0.255452,0.209906,,,
0.256331,0.212119,,,
0.257213,0.211571,,,
0.258099,0.211682,,,
0.258987,0.212856,,,
0.259878,0.214013,,,
0.260773,0.215062,,,
0.261671,0.215914,,,
0.262571,0.21525,,,
0.263475,0.215915,,,
0.264382,0.217498,,,
0.265292,0.221347,,,
0.266205,0.221531,,,
0.267122,0.223834,,,
0.268041,0.224025,,,
0.268964,0.224008,,,
0.26989,0.228111,,,
0.270819,0.227048,,,
0.271751,0.230388,,,
0.272686,0.232154,,,
0.273625,0.232606,,,
0.274567,0.231654,,,
0.275512,0.233301,,,
0.27646,0.235379,,,
0.277412,0.233865,,,
0.278367,0.237393,,,
0.279325,0.2391,,,
0.280287,0.23984,,,
0.281252,0.240842,,,
0.28222,0.241813,,,
0.283191,0.24347,,,
0.284166,0.244273,,,
0.285144,0.24558,,,
0.286126,0.248128,,,
0.287111,0.249576,,,
0.288099,0.249428,,,
0.289091,0.250477,,,
0.290086,0.251728,,,
0.291084,0.252634,,,
0.292086,0.252472,,,
0.293092,0.2556,,,
0.294101,0.255692,,,
0.295113,0.258284,,,
0.296129,0.258343,,,
0.297148,0.259337,,,
0.298171,0.260985,,,
0.299197,0.262855,,,
0.300227,0.263723,,,
0.301261,0.265144,,,
0.302298,0.266166,,,
0.303338,0.266457,,,
0.304382,0.268936,,,
0.30543,0.272118,,,
0.306482,0.2711,,,
0.307536,0.274413,,,
0.308595,0.276712,,,
0.309657,0.275802,,,
0.310723,0.275797,,,
0.311793,0.280105,,,
0.312866,0.280692,,,
0.313943,0.281286,,,
0.315024,0.28066,,,
0.316108,0.280702,,,
0.317196,0.282833,,,
0.318288,0.285516,,,
0.319384,0.28986,,,
0.320483,0.288783,,,
0.321586,0.290236,,,
0.322693,0.292358,,,
0.323804,0.2928,,,
0.324919,0.294149,,,
0.326037,0.296779,,,
0.327159,0.297159,,,
0.328286,0.299036,,,
0.329416,0.297267,,,
0.330549,0.302095,,,
0.331687,0.30102,,,
0.332829,0.304254,,,
0.333975,0.308164,,,
0.335124,0.305769,,,
0.336278,0.306333,,,
0.337435,0.310327,,,
0.338597,0.314366,,,
0.339763,0.313463,,,
0.340932,0.316093,,,
0.342106,0.316989,,,
0.343283,0.317129,,,
0.344465,0.318575,,,
0.345651,0.321784,,,
0.34684,0.319615,,,
0.348034,0.323886,,,
0.349232,0.326319,,,
0.350434,0.32599,,,
0.351641,0.327448,,,
0.352851,0.332332,,,
0.354066,0.33395,,,
0.355285,0.333292,,,
0.356508,0.336635,,,
0.357735,0.333478,,,
0.358966,0.335639,,,
0.360202,0.340045,,,
0.361442,0.340932,,,
0.362686,0.342284,,,
0.363934,0.342933,,,
0.365187,0.346334,,,
0.366444,0.346357,,,
0.367705,0.348667,,,
0.368971,0.34913,,,
0.370241,0.351335,,,
0.371516,0.357126,,,
0.372795,0.353921,,,
0.374078,0.35718,,,
0.375365,0.35635,,,
0.376658,0.357451,,,
0.377954,0.36001,,,
0.379255,0.364426,,,
0.380561,0.364253,,,
0.381871,0.364498,,,
0.383185,0.366466,,,
0.384504,0.369601,,,
0.385828,0.36742,,,
0.387156,0.371024,,,
0.388488,0.372993,,,
0.389826,0.371491,,,
0.391168,0.374689,,,
0.392514,0.375701,,,
0.393865,0.379933,,,
0.395221,0.382077,,,
0.396581,0.383062,,,
0.397946,0.383049,,,
0.399316,0.383354,,,
0.400691,0.38754,,,
0.40207,0.389823,,,
0.403454,0.386804,,,
0.404843,0.390273,,,
0.406236,0.39299,,,
0.407635,0.394334,,,
0.409038,0.395751,,,
0.410446,0.398376,,,
0.411859,0.400026,,,
0.413277,0.400928,,,
0.414699,0.403874,,,
0.416127,0.401877,,,
0.417559,0.405353,,,
0.418996,0.406673,,,
0.420439,0.40842,,,
0.421886,0.412775,,,
0.423338,0.409703,,,
0.424795,0.416545,,,
0.426258,0.417445,,,
0.427725,0.416578,,,
0.429197,0.41848,,,
0.430675,0.419041,,,
0.432157,0.418993,,,
0.433645,0.422996,,,
0.435137,0.423035,,,
0.436635,0.424209,,,
0.438138,0.425605,,,
0.439646,0.427979,,,
0.44116,0.432356,,,
0.442678,0.432963,,,
0.444202,0.430101,,,
0.445731,0.434043,,,
0.447265,0.437181,,,
0.448805,0.434766,,,
0.45035,0.438249,,,
0.4519,0.437987,,,
0.453456,0.441699,,,
0.455017,0.440939,,,
0.456583,0.44177,,,
0.458155,0.447932,,,
0.459732,0.447214,,,
0.461314,0.452891,,,
0.462902,0.448504,,,
0.464495,0.453167,,,
0.466094,0.4548,,,
0.467699,0.456504,,,
0.469309,0.455525,,,
0.470924,0.458197,,,
0.472545,0.456455,,,
0.474172,0.461085,,,
0.475804,0.463246,,,
0.477442,0.464204,,,
0.479085,0.462456,,,
0.480734,0.466137,,,
0.482389,0.468332,,,
0.48405,0.470984,,,
0.485716,0.468706,,,
0.487388,0.47353,,,
0.489066,0.473882,,,
0.490749,0.470536,,,
0.492438,0.473869,,,
0.494133,0.477557,,,
0.495834,0.47822,,,
0.497541,0.47719,,,
0.499254,0.480377,,,
0.500972,0.479412,,,
0.502697,0.48588,,,
0.504427,0.485185,,,
0.506164,0.486003,,,
0.507906,0.491215,,,
0.509654,0.491108,,,
0.511409,0.488178,,,
0.513169,0.488491,,,
0.514935,0.492723,,,
0.516708,0.495425,,,
0.518486,0.493246,,,
0.520271,0.494419,,,
0.522062,0.500133,,,
0.523859,0.4967,,,
0.525662,0.497577,,,
0.527472,0.498184,,,
0.529288,0.503105,,,
0.531109,0.502262,,,
0.532938,0.503809,,,
0.534772,0.50577,,,
0.536613,0.506285,,,
0.53846,0.507337,,,
0.540314,0.508281,,,
0.542174,0.506827,,,
0.54404,0.50884,,,
0.545913,0.509039,,,
0.547792,0.510812,,,
0.549677,0.513373,,,
0.551569,0.51255,,,
0.553468,0.51535,,,
0.555373,0.517231,,,
0.557285,0.515824,,,
0.559203,0.516457,,,
0.561128,0.517545,,,
0.56306,0.518174,,,
0.564998,0.520132,,,
0.566943,0.52322,,,
0.568894,0.521442,,,
0.570853,0.521301,,,
0.572818,0.523508,,,
0.574789,0.521906,,,
0.576768,0.527316,,,
0.578753,0.527554,,,
0.580745,0.527061,,,
0.582744,0.526813,,,
0.58475,0.529229,,,
0.586763,0.526945,,,
0.588783,0.529451,,,
0.59081,0.529586,,,
0.592843,0.528291,,,
0.594884,0.528269,,,
0.596932,0.532245,,,
0.598987,0.527545,,,
0.601049,0.531585,,,
0.603117,0.533771,,,
0.605194,0.532203,,,
0.607277,0.531377,,,
0.609367,0.531545,,,
0.611465,0.533529,,,
0.61357,0.533193,,,
0.615682,0.534794,,,
0.617801,0.535428,,,
0.619927,0.535369,,,
0.622061,0.536179,,,
0.624203,0.533713,,,
0.626351,0.537528,,,
0.628507,0.532624,,,
0.630671,0.535653,,,
0.632842,0.537219,,,
0.63502,0.534636,,,
0.637206,0.541323,,,
0.639399,0.538401,,,
0.6416,0.540191,,,
0.643809,0.535401,,,
0.646025,0.536776,,,
0.648249,0.537011,,,
0.65048,0.53735,,,
0.652719,0.541313,,,
0.654966,0.537373,,,
0.657221,0.540437,,,
0.659483,0.537478,,,
0.661753,0.535496,,,
0.664031,0.53978,,,
0.666317,0.538265,,,
0.66861,0.540085,,,
0.670912,0.542768,,,
0.673221,0.536848,,,
0.675539,0.536881,,,
0.677864,0.535914,,,
0.680197,0.536924,,,
0.682539,0.535327,,,
0.684888,0.534205,,,
0.687246,0.53661,,,
0.689611,0.538577,,,
0.691985,0.534106,,,
0.694367,0.535148,,,
0.696757,0.534398,,,
0.699156,0.535836,,,
0.701562,0.535093,,,
0.703977,0.533711,,,
0.706401,0.531555,,,
0.708832,0.532825,,,
0.711272,0.532839,,,
0.713721,0.536607,,,
0.716177,0.528917,,,
0.718643,0.529613,,,
0.721116,0.528979,,,
0.723599,0.528562,,,
0.726089,0.528978,,,
0.728589,0.530175,,,
0.731097,0.529136,,,
0.733613,0.527158,,,
0.736139,0.526308,,,
0.738673,0.527224,,,
0.741215,0.531641,,,
0.743767,0.525449,,,
0.746327,0.523571,,,
0.748896,0.52096,,,
0.751474,0.521481,,,
0.754061,0.519268,,,
0.756656,0.522529,,,
0.759261,0.517855,,,
0.761874,0.523009,,,
0.764497,0.517643,,,
0.767128,0.514605,,,
0.769769,0.518267,,,
0.772419,0.512502,,,
0.775078,0.512282,,,
0.777746,0.510435,,,
0.780423,0.513014,,,
0.783109,0.511228,,,
0.785805,0.510862,,,
0.78851,0.508976,,,
0.791224,0.502789,,,
0.793948,0.506712,,,
0.79668,0.504134,,,
0.799423,0.503497,,,
0.802175,0.503325,,,
0.804936,0.504211,,,
0.807707,0.499478,,,
0.810487,0.498817,,,
0.813277,0.495489,,,
0.816076,0.496981,,,
0.818885,0.493039,,,
0.821704,0.493657,,,
0.824533,0.497567,,,
0.827371,0.492971,,,
0.830219,0.489128,,,
0.833077,0.486561,,,
0.835944,0.487974,,,
0.838822,0.489068,,,
0.841709,0.481971,,,
0.844607,0.48335,,,
0.847514,0.482297,,,
0.850431,0.482354,,,
0.853359,0.479446,,,
0.856296,0.480047,,,
0.859244,0.475097,,,
0.862201,0.472749,,,
0.865169,0.469637,,,
0.868147,0.472034,,,
0.871136,0.471122,,,
0.874135,0.469555,,,
0.877143,0.467637,,,
0.880163,0.466215,,,
0.883193,0.46436,,,
0.886233,0.463093,,,
0.889283,0.461282,,,
0.892344,0.458524,,,
0.895416,0.456634,,,
0.898498,0.454672,,,
0.901591,0.454992,,,
0.904695,0.45387,,,
0.907809,0.450117,,,
0.910934,0.450558,,,
0.914069,0.447741,,,
0.917216,0.44826,,,
0.920373,0.445076,,,
0.923541,0.439987,,,
0.92672,0.438391,,,
0.92991,0.438736,,,
0.933111,0.437715,,,
0.936323,0.431986,,,
0.939546,0.436636,,,
0.94278,0.433869,,,
0.946026,0.431911,,,
0.949282,0.429878,,,
0.95255,0.428827,,,
0.955829,0.425635,,,
0.959119,0.423731,,,
0.96242,0.425489,,,
0.965733,0.425038,,,
0.969057,0.421665,,,
0.972393,0.415054,,,
0.97574,0.417376,,,
0.979099,0.415861,,,
0.982469,0.409615,,,
0.985851,0.409678,,,
0.989245,0.408487,,,
0.99265,0.408554,,,
0.996067,0.406593,,,
0.999495,0.40363,,,
1.00294,0.403475,,,
1.00639,0.399475,,,
1.00985,0.399545,,,
1.01333,0.400059,,,
1.01682,0.394082,,,
1.02032,0.392082,,,
1.02383,0.392758,,,
1.02735,0.388759,,,
1.03089,0.389534,,,
1.03444,0.386851,,,
1.038,0.386462,,,
1.04157,0.385161,,,
1.04516,0.382052,,,
1.04876,0.381479,,,
1.05237,0.380612,,,
1.05599,0.376354,,,
1.05962,0.373768,,,
1.06327,0.374361,,,
1.06693,0.372647,,,
1.0706,0.369479,,,
1.07429,0.36956,,,
1.07799,0.366347,,,
1.0817,0.365561,,,
1.08542,0.364852,,,
1.08916,0.360895,,,
1.09291,0.362989,,,
1.09667,0.36156,,,
1.10044,0.356571,,,
1.10423,0.355778,,,
1.10803,0.353493,,,
1.11185,0.352218,,,
1.11567,0.350045,,,
1.11951,0.351353,,,
1.12337,0.348573,,,
1.12723,0.344203,,,
1.13111,0.346067,,,
1.13501,0.341251,,,
1.13891,0.341468,,,
1.14283,0.34035,,,
1.14677,0.336839,,,
1.15072,0.335806,,,
1.15468,0.333521,,,
1.15865,0.332767,,,
1.16264,0.332559,,,
1.16664,0.328223,,,
1.17066,0.328954,,,
1.17469,0.33123,,,
1.17873,0.325898,,,
1.18279,0.327149,,,
1.18686,0.323627,,,
1.19095,0.324555,,,
1.19505,0.318835,,,
1.19916,0.320138,,,
1.20329,0.316568,,,
1.20743,0.315697,,,
1.21158,0.313896,,,
1.21576,0.312687,,,
1.21994,0.309195,,,
1.22414,0.310589,,,
1.22835,0.308723,,,
1.23258,0.308727,,,
1.23682,0.308488,,,
1.24108,0.305826,,,
1.24535,0.303382,,,
1.24964,0.303065,,,
1.25394,0.299514,,,
1.25826,0.299671,,,
1.26259,0.298015,,,
1.26694,0.297104,,,
1.2713,0.296696,,,
1.27567,0.294981,,,
1.28006,0.292517,,,
1.28447,0.291951,,,
1.28889,0.292152,,,
1.29333,0.292477,,,
1.29778,0.289726,,,
1.30225,0.285708,,,
1.30673,0.286362,,,
1.31123,0.285596,,,
1.31574,0.285198,,,
1.32027,0.28344,,,
1.32482,0.282525,,,
1.32938,0.282244,,,
1.33395,0.277799,,,
1.33854,0.280499,,,
1.34315,0.277245,,,
1.34777,0.276237,,,
1.35241,0.275729,,,
1.35707,0.274283,,,
1.36174,0.27424,,,
1.36643,0.271653,,,
1.37113,0.272283,,,
1.37585,0.269489,,,
1.38059,0.269366,,,
1.38534,0.270748,,,
1.39011,0.266001,,,
1.39489,0.265999,,,
1.3997,0.263929,,,
1.40451,0.265897,,,
1.40935,0.26441,,,
1.4142,0.264273,,,
1.41907,0.260006,,,
1.42395,0.261758,,,
1.42885,0.261021,,,
1.43377,0.259517,,,
1.43871,0.255504,,,
1.44366,0.256859,,,
1.44863,0.255773,,,
1.45362,0.253333,,,
1.45862,0.253288,,,
1.46364,0.254922,,,
1.46868,0.250172,,,
1.47373,0.250654,,,
1.47881,0.249751,,,
1.4839,0.248096,,,
1.48901,0.245289,,,
1.49413,0.24821,,,
1.49927,0.246573,,,
1.50443,0.245087,,,
1.50961,0.243155,,,
1.51481,0.24149,,,
1.52002,0.244383,,,
1.52526,0.241136,,,
1.53051,0.241609,,,
1.53577,0.239185,,,
1.54106,0.240006,,,
1.54637,0.238475,,,
1.55169,0.238088,,,
1.55703,0.234852,,,
1.56239,0.236535,,,
1.56777,0.232452,,,
1.57316,0.23302,,,
1.57858,0.232071,,,
1.58401,0.230513,,,
1.58947,0.230372,,,
1.59494,0.228054,,,
1.60043,0.229141,,,
1.60594,0.228359,,,
1.61146,0.227272,,,
1.61701,0.226153,,,
1.62258,0.225237,,,
1.62816,0.225046,,,
1.63377,0.222444,,,
1.63939,0.221822,,,
1.64503,0.219627,,,
1.6507,0.221173,,,
1.65638,0.220212,,,
1.66208,0.217348,,,
1.6678,0.217791,,,
1.67354,0.217957,,,
1.6793,0.216367,,,
1.68508,0.215676,,,
1.69088,0.214433,,,
1.69671,0.213615,,,
1.70255,0.213074,,,
1.70841,0.213592,,,
1.71429,0.212116,,,
1.72019,0.210418,,,
1.72611,0.210821,,,
1.73205,0.207513,,,
1.73801,0.20858,,,
1.744,0.206007,,,
1.75,0.205603,,,
1.75602,0.207159,,,
1.76207,0.205821,,,
1.76813,0.204314,,,
1.77422,0.203047,,,
1.78033,0.202264,,,
1.78645,0.199669,,,
1.7926,0.199481,,,
1.79877,0.199623,,,
1.80497,0.19735,,,
1.81118,0.197358,,,
1.81741,0.19709,,,
1.82367,0.195398,,,
1.82995,0.194592,,,
1.83625,0.194177,,,
1.84257,0.191219,,,
1.84891,0.193894,,,
1.85527,0.192831,,,
1.86166,0.190813,,,
1.86807,0.190484,,,
1.8745,0.188793,,,
1.88095,0.189504,,,
1.88743,0.186787,,,
1.89392,0.187108,,,
1.90044,0.186343,,,
1.90698,0.18276,,,
1.91355,0.184164,,,
1.92014,0.182491,,,
1.92674,0.184192,,,
1.93338,0.183706,,,
1.94003,0.180639,,,
1.94671,0.180906,,,
1.95341,0.178202,,,
1.96014,0.178662,,,
1.96688,0.178066,,,
1.97365,0.177065,,,
1.98045,0.175266,,,
1.98726,0.175056,,,
1.9941,0.175484,,,
2.00097,0.173814,,,
2.00786,0.173047,,,
2.01477,0.172544,,,
2.0217,0.170878,,,
2.02866,0.169751,,,
2.03565,0.170601,,,
2.04265,0.168119,,,
2.04968,0.168406,,,
2.05674,0.166171,,,
2.06382,0.166475,,,
2.07092,0.165051,,,
2.07805,0.16617,,,
2.08521,0.164427,,,
2.09238,0.163766,,,
2.09959,0.161207,,,
2.10681,0.162202,,,
2.11406,0.160407,,,
2.12134,0.160968,,,
2.12864,0.159809,,,
2.13597,0.159415,,,
2.14332,0.157525,,,
2.1507,0.15654,,,
2.1581,0.155729,,,
2.16553,0.154191,,,
2.17299,0.154847,,,
2.18047,0.15192,,,
2.18797,0.15367,,,
2.19551,0.151193,,,
2.20306,0.152968,,,
2.21065,0.152823,,,
2.21826,0.149049,,,
2.22589,0.150112,,,
2.23355,0.147612,,,
2.24124,0.147355,,,
2.24896,0.146186,,,
2.2567,0.146943,,,
2.26447,0.146826,,,
2.27226,0.145161,,,
2.28008,0.143928,,,
2.28793,0.143694,,,
2.29581,0.141945,,,
2.30371,0.142021,,,
2.31164,0.142379,,,
2.3196,0.141061,,,
2.32758,0.139961,,,
2.33559,0.138905,,,
2.34363,0.139613,,,
2.3517,0.13775,,,
2.3598,0.137542,,,
2.36792,0.137847,,,
2.37607,0.136459,,,
2.38425,0.13395,,,
2.39245,0.134892,,,
2.40069,0.13546,,,
2.40895,0.133212,,,
2.41725,0.133473,,,
2.42557,0.132435,,,
2.43392,0.130539,,,
2.44229,0.131802,,,
2.4507,0.131762,,,
2.45914,0.131255,,,
2.4676,0.129002,,,
2.4761,0.128016,,,
2.48462,0.127632,,,
2.49317,0.126853,,,
2.50175,0.127025,,,
2.51037,0.125734,,,
2.51901,0.124475,,,
2.52768,0.124334,,,
2.53638,0.123434,,,
2.54511,0.123499,,,
2.55387,0.123337,,,
2.56266,0.121787,,,
2.57148,0.120881,,,
2.58033,0.120938,,,
2.58922,0.119257,,,
2.59813,0.1207,,,
2.60707,0.118433,,,
2.61605,0.117748,,,
2.62505,0.117282,,,
2.63409,0.117946,,,
2.64315,0.117491,,,
2.65225,0.11675,,,
2.66138,0.115297,,,
2.67054,0.113616,,,
2.67974,0.114345,,,
2.68896,0.115274,,,
2.69822,0.112329,,,
2.7075,0.113565,,,
2.71682,0.11202,,,
2.72618,0.111876,,,
2.73556,0.111545,,,
2.74498,0.110555,,,
2.75443,0.109945,,,
2.76391,0.109536,,,
2.77342,0.107656,,,
2.78297,0.107649,,,
2.79255,0.108289,,,
2.80216,0.106658,,,
2.81181,0.105144,,,
2.82148,0.10515,,,
2.8312,0.105059,,,
2.84094,0.10376,,,
2.85072,0.103559,,,
2.86053,0.103857,,,
2.87038,0.10281,,,
2.88026,0.102781,,,
2.89018,0.101477,,,
2.90012,0.101771,,,
2.91011,0.101791,,,
2.92013,0.100944,,,
2.93018,0.0992254,,,
2.94026,0.101671,,,
2.95038,0.0984584,,,
2.96054,0.0988014,,,
2.97073,0.0972299,,,
2.98096,0.0978943,,,
2.99122,0.0970739,,,
3.00151,0.0967648,,,
3.01185,0.0956062,,,
3.02221,0.0955761,,,
3.03262,0.094856,,,
3.04306,0.0943022,,,
3.05353,0.0938619,,,
3.06404,0.0932273,,,
3.07459,0.0922885,,,
3.08517,0.0927579,,,
3.09579,0.0919597,,,
3.10645,0.0916348,,,
3.11714,0.0908728,,,
3.12787,0.0904035,,,
3.13864,0.0906718,,,
3.14944,0.0907994,,,
3.16028,0.0888671,,,
3.17116,0.0905296,,,
3.18208,0.0876533,,,
3.19303,0.0887988,,,
3.20402,0.0898837,,,
3.21505,0.0873522,,,
3.22612,0.0870012,,,
3.23722,0.0861871,,,
3.24837,0.0860671,,,
3.25955,0.0848714,,,
3.27077,0.0854308,,,
3.28203,0.0849873,,,
3.29332,0.0844062,,,
3.30466,0.0839128,,,
3.31604,0.0827561,,,
3.32745,0.0827704,,,
3.3389,0.0828155,,,
3.3504,0.0834685,,,
3.36193,0.0818459,,,
3.3735,0.0802262,,,
3.38512,0.0806094,,,
3.39677,0.08081,,,
3.40846,0.0797702,,,
3.42019,0.0798417,,,
3.43197,0.0794198,,,
3.44378,0.0793151,,,
3.45563,0.0787922,,,
3.46753,0.0773494,,,
3.47947,0.0776044,,,
3.49144,0.0778666,,,
3.50346,0.0761957,,,
3.51552,0.0769829,,,
3.52762,0.0765462,,,
3.53976,0.0751436,,,
3.55195,0.0745051,,,
3.56418,0.0756642,,,
3.57644,0.0741812,,,
3.58876,0.0740858,,,
3.60111,0.0734856,,,
3.6135,0.0727048,,,
3.62594,0.073183,,,
3.63842,0.0721712,,,
3.65095,0.0723563,,,
3.66352,0.0716084,,,
3.67613,0.0710711,,,
3.68878,0.0712777,,,
3.70148,0.0709242,,,
3.71422,0.0706329,,,
3.72701,0.0691581,,,
3.73983,0.0696665,,,
3.75271,0.0684862,,,
3.76563,0.069414,,,
3.77859,0.069276,,,
3.79159,0.0674423,,,
3.80465,0.0684154,,,
3.81774,0.0678438,,,
3.83088,0.0664221,,,
3.84407,0.0658982,,,
3.8573,0.0673818,,,
3.87058,0.0659205,,,
3.8839,0.0658507,,,
3.89727,0.0653003,,,
3.91069,0.0654117,,,
3.92415,0.0641504,,,
3.93766,0.0646963,,,
3.95121,0.0637309,,,
3.96481,0.0636892,,,
3.97846,0.0645674,,,
3.99216,0.0639421,,,
4.0059,0.0632036,,,
4.01969,0.0638129,,,
4.03352,0.061921,,,
4.04741,0.0619776,,,
4.06134,0.0618377,,,
4.07532,0.0619333,,,
4.08935,0.0612897,,,
4.10342,0.0614303,,,
4.11755,0.0602465,,,
4.13172,0.0599062,,,
4.14595,0.0600834,,,
4.16022,0.0600509,,,
4.17454,0.0596123,,,
4.18891,0.0584713,,,
4.20333,0.0586703,,,
4.21779,0.0572599,,,
4.23231,0.0575625,,,
4.24688,0.0576734,,,
4.2615,0.0571748,,,
4.27617,0.0574715,,,
4.29089,0.0556845,,,
4.30566,0.0557171,,,
4.32048,0.0561992,,,
4.33535,0.0550776,,,
4.35028,0.0546734,,,
4.36525,0.054898,,,
4.38028,0.0550516,,,
4.39535,0.0541671,,,
4.41048,0.0531804,,,
4.42567,0.0534805,,,
4.4409,0.0544318,,,
4.45619,0.0532527,,,
4.47153,0.0528614,,,
4.48692,0.0528854,,,
4.50236,0.0523504,,,
4.51786,0.0524428,,,
4.53341,0.0522211,,,
4.54902,0.0512445,,,
4.56468,0.0503483,,,
4.58039,0.051768,,,
4.59616,0.0505501,,,
4.61198,0.0499367,,,
4.62785,0.0496132,,,
4.64378,0.0487204,,,
4.65977,0.0495082,,,
4.67581,0.0484995,,,
4.6919,0.049548,,,
4.70805,0.0480497,,,
4.72426,0.0484305,,,
4.74052,0.0476305,,,
4.75684,0.0473741,,,
4.77321,0.0468225,,,
4.78964,0.0468747,,,
4.80613,0.0466751,,,
4.82268,0.0465064,,,
4.83928,0.0466705,,,
4.85593,0.0464496,,,
4.87265,0.0455123,,,
4.88942,0.0451712,,,
4.90625,0.0453273,,,
4.92314,0.0445384,,,
4.94009,0.0447396,,,
4.95709,0.0443043,,,
4.97416,0.0447581,,,
4.99128,0.0445307,,,
5.00846,0.0440764,,,
5.0257,0.0441317,,,
5.043,0.0434655,,,
5.06036,0.0428353,,,
5.07778,0.0423634,,,
5.09526,0.0421404,,,
5.11279,0.0428603,,,
5.13039,0.041777,,,
5.14805,0.0420696,,,
5.16578,0.0417878,,,
5.18356,0.0406651,,,
5.2014,0.0404563,,,
5.2193,0.0417911,,,
5.23727,0.0405941,,,
5.2553,0.0402009,,,
5.27339,0.0406535,,,
5.29154,0.0394044,,,
5.30976,0.0389742,,,
5.32803,0.0389715,,,
5.34637,0.0392336,,,
5.36478,0.0388524,,,
5.38324,0.0391447,,,
5.40177,0.0381588,,,
5.42037,0.0379811,,,
5.43903,0.0385271,,,
5.45775,0.0377678,,,
5.47653,0.0381596,,,
5.49539,0.0370507,,,
5.5143,0.0373616,,,
5.53328,0.0364264,,,
5.55233,0.0366536,,,
5.57144,0.0366775,,,
5.59062,0.0368712,,,
5.60987,0.0362933,,,
5.62918,0.0356145,,,
5.64855,0.0353383,,,
5.668,0.0351477,,,
5.68751,0.0350047,,,
5.70708,0.0349533,,,
5.72673,0.0343155,,,
5.74644,0.0341182,,,
5.76622,0.0339238,,,
5.78607,0.033189,,,
5.80599,0.0333299,,,
5.82597,0.0332492,,,
5.84603,0.0326718,,,
5.86615,0.0327096,,,
5.88634,0.0330343,,,
5.90661,0.0318079,,,
5.92694,0.0321759,,,
5.94734,0.0319942,,,
5.96781,0.0314328,,,
5.98836,0.0309197,,,
6.00897,0.0312645,,,
6.02965,0.0311321,,,
6.05041,0.0307219,,,
6.07124,0.0303647,,,
6.09213,0.0303307,,,
6.1131,0.0310774,,,
6.13415,0.0298982,,,
6.15526,0.0299577,,,
6.17645,0.0296102,,,
6.19771,0.0295935,,,
6.21904,0.0289056,,,
6.24045,0.028314,,,
6.26193,0.028638,,,
6.28349,0.028855,,,
6.30512,0.0280127,,,
6.32682,0.0282414,,,
6.3486,0.0278927,,,
6.37045,0.02753,,,
6.39238,0.0272983,,,
6.41439,0.0269831,,,
6.43647,0.0276766,,,
6.45862,0.0269839,,,
6.48085,0.0262674,,,
6.50316,0.0266462,,,
6.52555,0.0262796,,,
6.54801,0.0262554,,,
6.57055,0.0259304,,,
6.59317,0.0253248,,,
6.61586,0.0252281,,,
6.63863,0.0254341,,,
6.66149,0.0251508,,,
6.68442,0.0249757,,,
6.70743,0.0242628,,,
6.73051,0.0242725,,,
6.75368,0.0242172,,,
6.77693,0.0242249,,,
6.80026,0.0235848,,,
6.82367,0.0240866,,,
6.84715,0.0231005,,,
6.87072,0.0231741,,,
6.89437,0.0231416,,,
6.91811,0.02273,,,
6.94192,0.0226071,,,
6.96582,0.0223164,,,
6.98979,0.0222939,,,
7.01385,0.022137,,,
7.038,0.022141,,,
7.06222,0.021594,,,
7.08653,0.0212216,,,
7.11093,0.0217326,,,
7.13541,0.0213068,,,
7.15997,0.0207818,,,
7.18461,0.0207349,,,
7.20934,0.0203546,,,
7.23416,0.0203092,,,
7.25906,0.0205766,,,
7.28405,0.0200091,,,
7.30912,0.0198841,,,
7.33428,0.0195132,,,
7.35953,0.019512,,,
7.38486,0.0188685,,,
7.41028,0.0191011,,,
7.43579,0.018651,,,
7.46139,0.0187523,,,
7.48707,0.0185274,,,
7.51284,0.0186273,,,
7.5387,0.0184085,,,
7.56465,0.0181697,,,
7.59069,0.0180481,,,
7.61682,0.0177228,,,
7.64304,0.0174007,,,
7.66935,0.0169869,,,
7.69575,0.0172274,,,
7.72224,0.01687,,,
7.74882,0.0165176,,,
7.77549,0.0165266,,,
7.80226,0.0158556,,,
7.82912,0.0160693,,,
7.85607,0.0159007,,,
7.88311,0.0158212,,,
7.91024,0.0154791,,,
7.93747,0.0152415,,,
7.96479,0.0149987,,,
7.99221,0.0149653,,,
8.01972,0.0147265,,,
8.04733,0.0148386,,,
8.07503,0.0148543,,,
8.10283,0.0142294,,,
8.13072,0.014489,,,
8.1587,0.0143383,,,
8.18679,0.0135334,,,
8.21497,0.013803,,,
8.24325,0.013914,,,
8.27162,0.0134893,,,
8.3001,0.0137271,,,
8.32867,0.013159,,,
8.35734,0.0128015,,,
8.3861,0.0129234,,,
8.41497,0.0129232,,,
8.44394,0.0126821,,,
8.473,0.0122067,,,
8.50217,0.0121697,,,
8.53143,0.0117938,,,
8.5608,0.0119495,,,
8.59027,0.0117288,,,
8.61984,0.0110669,,,
8.64951,0.0110648,,,
8.67928,0.0112012,,,
8.70916,0.0110626,,,
8.73914,0.0108023,,,
8.76922,0.0107791,,,
8.79941,0.0105309,,,
8.8297,0.0103267,,,
8.86009,0.0100924,,,
8.89059,0.0100832,,,
8.92119,0.0103016,,,
8.9519,0.00972932,,,
8.98272,0.00973337,,,
9.01364,0.00970102,,,
9.04466,0.00957347,,,
9.0758,0.00939125,,,
9.10704,0.0091853,,,
9.13839,0.00921314,,,
9.16984,0.00872404,,,
9.20141,0.00899414,,,
9.23308,0.00879592,,,
9.26486,0.00844525,,,
9.29676,0.00839135,,,
9.32876,0.0083198,,,
9.36087,0.0081791,,,
9.39309,0.00793032,,,
9.42542,0.00785639,,,
9.45787,0.00766845,,,
9.49042,0.00782344,,,
9.52309,0.00746873,,,
9.55587,0.00753274,,,
9.58877,0.00729823,,,
9.62177,0.00717737,,,
9.65489,0.00708653,,,
9.68813,0.0070021,,,
9.72148,0.00671718,,,
9.75494,0.00672827,,,
9.78852,0.00667336,,,
9.82221,0.00656104,,,
9.85602,0.00648269,,,
9.88995,0.00631857,,,
9.92399,0.00628594,,,
9.95816,0.006093,,,
9.99243,0.00584047,,,
10.0268,0.00590094,,,
10.0613,0.00560725,,,
10.096,0.0056208,,,
10.1307,0.00551004,,,
10.1656,0.00547987,,,
10.2006,0.00518128,,,
10.2357,0.00540003,,,
10.2709,0.005188,,,
10.3063,0.00514568,,,
10.3418,0.00510257,,,
10.3774,0.00502467,,,
10.4131,0.00482369,,,
10.4489,0.00480775,,,
10.4849,0.00460182,,,
10.521,0.00447639,,,
10.5572,0.00451802,,,
10.5936,0.00441321,,,
10.63,0.00445543,,,
10.6666,0.00419205,,,
10.7033,0.00405932,,,
10.7402,0.00400369,,,
10.7771,0.00394152,,,
10.8142,0.00402573,,,
10.8515,0.00385947,,,
10.8888,0.00392674,,,
10.9263,0.00373764,,,
10.9639,0.00386124,,,
11.0016,0.00365696,,,
11.0395,0.00378535,,,
11.0775,0.00351058,,,
11.1156,0.00357086,,,
11.1539,0.00349015,,,
11.1923,0.00336686,,,
11.2308,0.00321228,,,
11.2695,0.00324167,,,
11.3083,0.0033292,,,
11.3472,0.00313202,,,
11.3863,0.00314964,,,
11.4255,0.00302798,,,
11.4648,0.00310557,,,
11.5043,0.00298686,,,
11.5439,0.00287884,,,
11.5836,0.00283873,,,
11.6235,0.00279474,,,
11.6635,0.00285547,,,
11.7036,0.00275419,,,
11.7439,0.00269941,,,
11.7843,0.0026363,,,
11.8249,0.00270049,,,
11.8656,0.00266215,,,
11.9065,0.00257814,,,
11.9474,0.00243487,,,
11.9886,0.00252075,,,
12.0298,0.00236686,,,
12.0712,0.00236855,,,
12.1128,0.0023929,,,
12.1545,0.00224552,,,
12.1963,0.00224536,,,
12.2383,0.00221299,,,
12.2804,0.00214331,,,
12.3227,0.00216907,,,
12.3651,0.00217311,,,
12.4077,0.00210234,,,
12.4504,0.0020051,,,
12.4933,0.00202556,,,
12.5363,0.00195693,,,
12.5794,0.00204634,,,
12.6227,0.00189531,,,
12.6662,0.0019423,,,
12.7098,0.00181083,,,
12.7535,0.00182253,,,
12.7974,0.00186754,,,
12.8415,0.00176746,,,
12.8857,0.00172936,,,
12.93,0.00170451,,,
12.9745,0.00165341,,,
13.0192,0.00161649,,,
13.064,0.00160685,,,
13.109,0.00170667,,,
13.1541,0.00155541,,,
13.1994,0.00158669,,,
13.2448,0.00153406,,,
13.2904,0.00154994,,,
13.3362,0.0015394,,,
13.3821,0.00144686,,,
13.4281,0.00149608,,,
13.4743,0.00142993,,,
13.5207,0.00143105,,,
13.5673,0.00139624,,,
13.614,0.00141847,,,
13.6608,0.00131798,,,
13.7079,0.00136697,,,
13.755,0.00134104,,,
13.8024,0.00134835,,,
13.8499,0.00134566,,,
13.8976,0.00126983,,,
13.9454,0.00130967,,,
13.9934,0.00125053,,,
14.0416,0.00123367,,,
14.0899,0.00122373,,,
14.1384,0.0011862,,,
14.1871,0.00120211,,,
14.2359,0.00119575,,,
14.2849,0.00113576,,,
14.3341,0.00119318,,,
14.3834,0.00116296,,,
14.433,0.00113455,,,
14.4826,0.00106412,,,
14.5325,0.00110124,,,
14.5825,0.00106495,,,
14.6327,0.00109594,,,
14.6831,0.00109085,,,
14.7336,0.00105493,,,
14.7843,0.00105067,,,
14.8352,0.00100829,,,
14.8863,0.00101735,,,
14.9375,0.000980426,,,
14.989,0.000995392,,,
15.0406,0.000958956,,,
15.0923,0.000972785,,,
15.1443,0.000983158,,,
15.1964,0.000953125,,,
15.2487,0.000960441,,,
15.3012,0.000927556,,,
15.3539,0.00093973,,,
15.4067,0.000913906,,,
15.4598,0.000906955,,,
15.513,0.000934011,,,
15.5664,0.000894186,,,
15.62,0.000851927,,,
15.6737,0.000870002,,,
15.7277,0.000850339,,,
15.7818,0.000835832,,,
15.8361,0.000824487,,,
15.8907,0.000836761,,,
15.9454,0.000817748,,,
16.0002,0.000814797,,,
16.0553,0.000829671,,,
16.1106,0.000816755,,,
16.166,0.000780298,,,
16.2217,0.000792281,,,
16.2775,0.000787637,,,
16.3336,0.000755653,,,
16.3898,0.000789188,,,
16.4462,0.000757456,,,
16.5028,0.000736259,,,
16.5596,0.000754365,,,
16.6166,0.000731907,,,
16.6738,0.000714606,,,
16.7312,0.000723938,,,
16.7888,0.00069386,,,
16.8466,0.00070958,,,
16.9046,0.000695062,,,
16.9628,0.000689572,,,
17.0212,0.000684441,,,
17.0798,0.00067194,,,
17.1385,0.000658303,,,
17.1975,0.000651576,,,
17.2567,0.000655129,,,
17.3161,0.000649697,,,
17.3757,0.000648613,,,
17.4356,0.000652656,,,
17.4956,0.00063332,,,
17.5558,0.000629602,,,
17.6162,0.000636514,,,
17.6769,0.000628515,,,
17.7377,0.000601033,,,
17.7988,0.000608737,,,
17.86,0.000604588,,,
17.9215,0.000595827,,,
17.9832,0.000586829,,,
18.0451,0.000579819,,,
18.1072,0.000589383,,,
18.1696,0.00056474,,,
18.2321,0.000580832,,,
18.2949,0.000568374,,,
18.3578,0.000553778,,,
18.421,0.000555869,,,
18.4844,0.000556865,,,
18.5481,0.000547654,,,
18.6119,0.000526805,,,
18.676,0.000529782,,,
18.7403,0.000531844,,,
18.8048,0.00052111,,,
18.8695,0.000527813,,,
18.9345,0.000519594,,,
18.9996,0.000518599,,,
19.065,0.000514333,,,
19.1307,0.000501764,,,
19.1965,0.000505848,,,
19.2626,0.000493896,,,
19.3289,0.000488442,,,
19.3954,0.000491949,,,
19.4622,0.000485359,,,
19.5292,0.000485281,,,
19.5964,0.000474282,,,
19.6639,0.000474392,,,
19.7316,0.000471007,,,
19.7995,0.000458313,,,
19.8676,0.000449431,,,
19.936,0.000457675,,,
20.0046,0.000460608,,,
20.0735,0.000443253,,,
20.1426,0.000441415,,,
20.2119,0.000443742,,,
20.2815,0.000435458,,,
20.3513,0.000434772,,,
20.4214,0.000431308,,,
20.4917,0.000421027,,,
20.5622,0.000417616,,,
20.633,0.000413715,,,
20.704,0.000415075,,,
20.7753,0.000406201,,,
20.8468,0.000407913,,,
20.9186,0.000413838,,,
20.9906,0.000400481,,,
21.0628,0.00039292,,,
21.1353,0.000392781,,,
21.2081,0.000391869,,,
21.2811,0.000381968,,,
21.3543,0.000383261,,,
21.4278,0.00037981,,,
21.5016,0.000385581,,,
21.5756,0.000378152,,,
21.6499,0.000370303,,,
21.7244,0.000366081,,,
21.7992,0.000365564,,,
21.8742,0.00036063,,,
21.9495,0.000355346,,,
22.0251,0.000358306,,,
22.1009,0.000357523,,,
22.177,0.000356575,,,
22.2533,0.000347677,,,
22.3299,0.000341722,,,
22.4068,0.000338098,,,
22.4839,0.00033897,,,
22.5613,0.000330197,,,
22.6389,0.000330095,,,
22.7169,0.000326707,,,
22.7951,0.000323096,,,
22.8735,0.0003216,,,
22.9523,0.000321102,,,
23.0313,0.000315143,,,
23.1106,0.000312195,,,
23.1901,0.000309491,,,
23.2699,0.000307775,,,
23.35,0.000307358,,,
23.4304,0.000306271,,,
23.5111,0.00029902,,,
23.592,0.000299446,,,
23.6732,0.000296109,,,
23.7547,0.000291417,,,
23.8365,0.000294282,,,
23.9185,0.000289481,,,
24.0008,0.000287832,,,
24.0835,0.000282059,,,
24.1664,0.000280355,,,
24.2496,0.000280525,,,
24.333,0.000273645,,,
24.4168,0.000278285,,,
24.5008,0.000270745,,,
24.5852,0.000270055,,,
24.6698,0.0002654,,,
24.7547,0.000263669,,,
24.8399,0.000263277,,,
24.9254,0.000261319,,,
25.0112,0.000259861,,,
25.0973,0.000256353,,,
25.1837,0.00025663,,,
25.2704,0.0002513,,,
25.3574,0.000249086,,,
25.4447,0.000246781,,,
25.5323,0.000248007,,,
25.6202,0.000240594,,,
25.7083,0.000239658,,,
25.7968,0.00023913,,,
25.8856,0.00023637,,,
25.9747,0.000236913,,,
26.0641,0.00023194,,,
26.1539,0.000232184,,,
26.2439,0.000227488,,,
26.3342,0.000229567,,,
26.4249,0.000222666,,,
26.5158,0.000225585,,,
26.6071,0.000220835,,,
26.6987,0.00021884,,,
26.7906,0.000218353,,,
26.8828,0.000214963,,,
26.9754,0.000212192,,,
27.0682,0.000212229,,,
27.1614,0.0002103,,,
27.2549,0.000209361,,,
27.3487,0.000208806,,,
27.4428,0.000208429,,,
27.5373,0.000205592,,,
27.6321,0.000202881,,,
27.7272,0.000198015,,,
27.8227,0.00019794,,,
27.9184,0.000198816,,,
28.0145,0.000195453,,,
28.111,0.000193699,,,
28.2077,0.000191863,,,
28.3048,0.000192157,,,
28.4023,0.000189092,,,
28.5,0.000186314,,,
28.5981,0.000185072,,,
28.6966,0.000183454,,,
28.7954,0.000183235,,,
28.8945,0.000182961,,,
28.9939,0.000180542,,,
29.0937,0.000178705,,,
29.1939,0.000179774,,,
29.2944,0.000175515,,,
29.3952,0.000176244,,,
29.4964,0.000171777,,,
29.5979,0.000172593,,,
29.6998,0.000168915,,,
29.802,0.000170629,,,
29.9046,0.000167547,,,
30.0076,0.000167054,,,
30.1109,0.00016417,,,
30.2145,0.000163988,,,
30.3185,0.000164859,,,
30.4229,0.000160899,,,
30.5276,0.000158403,,,
30.6327,0.00015984,,,
30.7381,0.000156157,,,
30.8439,0.000153285,,,
30.9501,0.000156558,,,
31.0566,0.000151618,,,
31.1636,0.00015198,,,
31.2708,0.000149644,,,
31.3785,0.000150175,,,
31.4865,0.000148629,,,
31.5949,0.000148303,,,
31.7036,0.000146885,,,
31.8128,0.000144664,,,
31.9223,0.000144004,,,
32.0321,0.000142729,,,
32.1424,0.000141294,,,
32.253,0.000139784,,,
32.3641,0.000138549,,,
32.4755,0.000138603,,,
32.5873,0.000136601,,,
32.6994,0.000136176,,,
32.812,0.000131855,,,
32.9249,0.000133431,,,
33.0383,0.00013124,,,
33.152,0.000134726,,,
33.2661,0.000129179,,,
33.3806,0.000128682,,,
33.4955,0.000129007,,,
33.6108,0.000125397,,,
33.7265,0.000125134,,,
33.8426,0.000123901,,,
33.9591,0.00012507,,,
34.076,0.000123854,,,
34.1933,0.000122706,,,
34.311,0.000119312,,,
34.4291,0.00011772,,,
34.5476,0.000116048,,,
34.6665,0.000118422,,,
34.7859,0.000115629,,,
34.9056,0.000114901,,,
35.0258,0.000112415,,,
35.1463,0.000113062,,,
35.2673,0.000111837,,,
35.3887,0.000111301,,,
35.5105,0.000110476,,,
35.6328,0.000110754,,,
35.7554,0.000108512,,,
35.8785,0.00010793,,,
36.002,0.000105455,,,
36.1259,0.000107939,,,
36.2503,0.000105238,,,
36.3751,0.000102555,,,
36.5003,0.000103781,,,
36.6259,0.000102935,,,
36.752,0.000100285,,,
36.8785,0.000102032,,,
37.0054,9.99E-05,,,
37.1328,9.86E-05,,,
37.2606,9.87E-05,,,
37.3889,9.68E-05,,,
37.5176,9.61E-05,,,
37.6468,9.63E-05,,,
37.7763,9.55E-05,,,
37.9064,9.30E-05,,,
38.0369,9.20E-05,,,
38.1678,9.29E-05,,,
38.2992,9.12E-05,,,
38.431,8.97E-05,,,
38.5633,8.88E-05,,,
38.696,8.71E-05,,,
38.8292,8.65E-05,,,
38.9629,8.64E-05,,,
39.097,8.74E-05,,,
39.2316,8.50E-05,,,
39.3666,8.35E-05,,,
39.5022,8.32E-05,,,
39.6381,8.29E-05,,,
39.7746,8.07E-05,,,
39.9115,8.08E-05,,,
40.0489,8.14E-05,,,
40.1867,7.97E-05,,,
40.3251,7.89E-05,,,
40.4639,7.73E-05,,,
40.6032,7.78E-05,,,
40.7429,7.68E-05,,,
40.8832,7.62E-05,,,
41.0239,7.47E-05,,,
41.1651,7.55E-05,,,
41.3068,7.36E-05,,,
41.449,7.31E-05,,,
41.5917,7.17E-05,,,
41.7348,7.17E-05,,,
41.8785,7.27E-05,,,
42.0227,7.00E-05,,,
42.1673,7.09E-05,,,
42.3125,6.91E-05,,,
42.4581,6.91E-05,,,
42.6043,6.79E-05,,,
42.7509,6.77E-05,,,
42.8981,6.72E-05,,,
43.0457,6.56E-05,,,
43.1939,6.52E-05,,,
43.3426,6.41E-05,,,
43.4918,6.49E-05,,,
43.6415,6.33E-05,,,
43.7917,6.29E-05,,,
43.9425,6.38E-05,,,
44.0937,6.33E-05,,,
44.2455,6.15E-05,,,
44.3978,6.12E-05,,,
44.5506,6.14E-05,,,
44.704,6.01E-05,,,
44.8579,6.02E-05,,,
45.0123,5.87E-05,,,
45.1672,5.81E-05,,,
45.3227,5.76E-05,,,
45.4787,5.68E-05,,,
45.6353,5.55E-05,,,
45.7923,5.65E-05,,,
45.95,5.70E-05,,,
46.1081,5.40E-05,,,
46.2669,5.49E-05,,,
46.4261,5.48E-05,,,
46.5859,5.36E-05,,,
46.7463,5.30E-05,,,
46.9072,5.38E-05,,,
47.0687,5.35E-05,,,
47.2307,5.06E-05,,,
47.3933,5.10E-05,,,
47.5564,5.13E-05,,,
47.7201,4.94E-05,,,
47.8844,5.09E-05,,,
48.0492,4.98E-05,,,
48.2146,4.96E-05,,,
48.3806,4.73E-05,,,
48.5471,4.99E-05,,,
48.7142,4.73E-05,,,
48.8819,4.75E-05,,,
49.0501,4.70E-05,,,
49.219,4.69E-05,,,
49.3884,4.61E-05,,,
49.5584,4.47E-05,,,
49.729,4.59E-05,,,
49.9002,4.49E-05,,,
50.072,4.42E-05,,,
50.2443,4.38E-05,,,
50.4173,4.31E-05,,,
50.5908,4.22E-05,,,
50.765,4.16E-05,,,
50.9397,4.21E-05,,,
51.1151,4.13E-05,,,
51.291,4.14E-05,,,
51.4676,4.03E-05,,,
51.6447,3.96E-05,,,
51.8225,3.98E-05,,,
52.0009,3.98E-05,,,
52.1799,3.80E-05,,,
52.3595,3.85E-05,,,
52.5397,3.73E-05,,,
52.7206,3.73E-05,,,
52.9021,3.63E-05,,,
53.0842,3.61E-05,,,
53.2669,3.57E-05,,,
53.4502,3.58E-05,,,
53.6342,3.46E-05,,,
53.8188,3.50E-05,,,
54.0041,3.53E-05,,,
54.19,3.36E-05,,,
54.3765,3.31E-05,,,
54.5637,3.31E-05,,,
54.7515,3.27E-05,,,
54.94,3.21E-05,,,
55.1291,3.08E-05,,,
55.3189,3.11E-05,,,
55.5093,3.08E-05,,,
55.7004,3.10E-05,,,
55.8921,3.02E-05,,,
56.0845,3.00E-05,,,
56.2776,2.89E-05,,,
56.4713,2.98E-05,,,
56.6657,2.75E-05,,,
56.8607,2.70E-05,,,
57.0565,2.78E-05,,,
57.2529,2.63E-05,,,
57.4499,2.62E-05,,,
57.6477,2.57E-05,,,
57.8461,2.53E-05,,,
58.0452,2.60E-05,,,
58.245,2.54E-05,,,
58.4455,2.47E-05,,,
58.6467,2.32E-05,,,
58.8486,2.40E-05,,,
59.0512,2.37E-05,,,
59.2544,2.28E-05,,,
59.4584,2.26E-05,,,
59.6631,2.33E-05,,,
59.8684,2.19E-05,,,
60.0745,2.19E-05,,,
60.2813,2.11E-05,,,
60.4888,2.14E-05,,,
60.697,2.08E-05,,,
60.906,2.05E-05,,,
61.1156,1.99E-05,,,
61.326,1.93E-05,,,
61.5371,1.98E-05,,,
61.7489,1.93E-05,,,
61.9615,1.84E-05,,,
62.1748,1.80E-05,,,
62.3888,1.87E-05,,,
62.6035,1.75E-05,,,
62.819,1.79E-05,,,
63.0353,1.72E-05,,,
63.2522,1.74E-05,,,
63.47,1.71E-05,,,
63.6885,1.63E-05,,,
63.9077,1.69E-05,,,
64.1277,1.61E-05,,,
64.3484,1.58E-05,,,
64.5699,1.51E-05,,,
64.7922,1.50E-05,,,
65.0152,1.48E-05,,,
65.239,1.48E-05,,,
65.4636,1.50E-05,,,
65.6889,1.37E-05,,,
65.915,1.48E-05,,,
66.1419,1.49E-05,,,
66.3696,1.35E-05,,,
66.5981,1.35E-05,,,
66.8273,1.35E-05,,,
67.0573,1.35E-05,,,
67.2882,1.31E-05,,,
67.5198,1.28E-05,,,
67.7522,1.31E-05,,,
67.9854,1.27E-05,,,
68.2194,1.27E-05,,,
68.4543,1.21E-05,,,
68.6899,1.22E-05,,,
68.9264,1.26E-05,,,
69.1636,1.23E-05,,,
69.4017,1.21E-05,,,
69.6406,1.19E-05,,,
69.8803,1.18E-05,,,
70.1209,1.17E-05,,,
70.3622,1.15E-05,,,
70.6044,1.07E-05,,,
70.8475,1.10E-05,,,
71.0913,1.13E-05,,,
71.336,1.13E-05,,,
71.5816,1.12E-05,,,
71.828,1.10E-05,,,
72.0753,1.07E-05,,,
72.3234,1.08E-05,,,
72.5723,1.08E-05,,,
72.8221,1.08E-05,,,
73.0728,1.14E-05,,,
73.3243,1.12E-05,,,
73.5767,1.12E-05,,,
73.83,1.07E-05,,,
74.0841,1.12E-05,,,
74.3391,1.10E-05,,,
74.595,1.07E-05,,,
74.8518,1.05E-05,,,
75.1095,1.05E-05,,,
75.368,1.07E-05,,,
75.6274,1.06E-05,,,
75.8878,1.01E-05,,,
76.149,1.02E-05,,,
76.4111,1.11E-05,,,
76.6741,1.08E-05,,,
76.9381,1.00E-05,,,
77.2029,1.07E-05,,,
77.4687,9.88E-06,,,
77.7353,1.04E-05,,,
78.0029,1.01E-05,,,
78.2714,1.02E-05,,,
78.5408,1.03E-05,,,
78.8112,1.06E-05,,,
79.0825,1.06E-05,,,
79.3547,1.03E-05,,,
79.6279,1.11E-05,,,
79.902,9.83E-06,,,
80.177,1.10E-05,,,
80.453,1.10E-05,,,
80.7299,1.08E-05,,,
81.0078,1.08E-05,,,
81.2867,1.02E-05,,,
81.5665,1.00E-05,,,
81.8472,1.05E-05,,,
82.129,1.04E-05,,,
82.4117,1.00E-05,,,
82.6954,9.66E-06,,,
82.98,9.63E-06,,,
83.2656,1.01E-05,,,
83.5523,1.12E-05,,,
83.8399,1.04E-05,,,
84.1285,1.09E-05,,,
84.4181,1.01E-05,,,
84.7086,1.00E-05,,,
85.0002,1.04E-05,,,
85.2928,1.08E-05,,,
85.5864,1.02E-05,,,
85.881,9.88E-06,,,
86.1767,1.11E-05,,,
86.4733,1.07E-05,,,
86.771,1.06E-05,,,
87.0696,1.04E-05,,,
87.3693,1.01E-05,,,
87.6701,1.14E-05,,,
87.9719,1.09E-05,,,
88.2747,1.07E-05,,,
88.5786,9.96E-06,,,
88.8835,1.03E-05,,,
89.1894,1.06E-05,,,
89.4964,1.00E-05,,,
89.8045,1.04E-05,,,
90.1136,1.12E-05,,,
90.4238,1.06E-05,,,
90.7351,1.08E-05,,,
91.0474,1.12E-05,,,
91.3608,1.08E-05,,,
91.6753,1.03E-05,,,
91.9909,1.03E-05,,,
92.3075,1.04E-05,,,
92.6253,1.03E-05,,,
92.9441,1.07E-05,,,
93.264,1.13E-05,,,
93.5851,1.11E-05,,,
93.9072,1.08E-05,,,
94.2305,1.06E-05,,,
94.5548,1.09E-05,,,
94.8803,1.06E-05,,,
95.2069,1.06E-05,,,
95.5346,1.14E-05,,,
95.8635,1.08E-05,,,
96.1935,1.05E-05,,,
96.5246,1.07E-05,,,
96.8568,1.05E-05,,,
97.1902,1.14E-05,,,
97.5248,1.07E-05,,,
97.8605,1.07E-05,,,
98.1974,1.08E-05,,,
98.5354,1.09E-05,,,
98.8746,1.03E-05,,,
99.2149,1.04E-05,,,
99.5564,1.02E-05,,,
99.8991,1.10E-05,,,
100.243,1.06E-05,,,
100.588,9.84E-06,,,
100.934,1.06E-05,,,
101.282,1.11E-05,,,
101.63,1.09E-05,,,
101.98,1.06E-05,,,
102.331,1.05E-05,,,
102.684,1.17E-05,,,
103.037,1.02E-05,,,
103.392,1.01E-05,,,
103.748,9.42E-06,,,
104.105,1.08E-05,,,
104.463,1.02E-05,,,
104.823,1.04E-05,,,
105.183,1.03E-05,,,
105.545,1.00E-05,,,
105.909,9.83E-06,,,
106.273,1.04E-05,,,
106.639,1.03E-05,,,
107.006,1.04E-05,,,
107.375,9.73E-06,,,
107.744,9.65E-06,,,
108.115,9.23E-06,,,
108.487,9.00E-06,,,
108.861,9.73E-06,,,
109.235,1.00E-05,,,
109.611,1.01E-05,,,
109.989,9.63E-06,,,
110.367,9.20E-06,,,
110.747,9.17E-06,,,
111.128,8.47E-06,,,
111.511,8.58E-06,,,
111.895,8.29E-06,,,
112.28,7.61E-06,,,
112.666,8.11E-06,,,
113.054,7.34E-06,,,
113.443,8.02E-06,,,
113.834,6.96E-06,,,
114.226,6.88E-06,,,
114.619,6.70E-06,,,
115.014,6.77E-06,,,
115.409,6.14E-06,,,
115.807,6.44E-06,,,
116.205,6.16E-06,,,
116.605,6.00E-06,,,
117.007,4.89E-06,,,
117.41,4.90E-06,,,
117.814,4.39E-06,,,
118.219,3.71E-06,,,
118.626,3.67E-06,,,
119.034,3.20E-06,,,
119.444,3.08E-06,,,
119.855,2.27E-06,,,
120.268,2.54E-06,,,
120.682,2.06E-06,,,
121.097,1.72E-06,,,
121.514,1.46E-06,,,
121.932,1.51E-06,,,
122.352,1.35E-06,,,
122.773,1.14E-06,,,
123.196,7.94E-07,,,
123.62,5.02E-07,,,
124.046,5.27E-07,,,
124.473,6.78E-07,,,
124.901,3.34E-07,,,
125.331,2.94E-07,,,
125.762,3.76E-07,,,
126.195,2.94E-07,,,
126.63,2.25E-07,,,
127.066,1.41E-07,,,
127.503,1.18E-07,,,
127.942,1.39E-07,,,
128.382,1.27E-07,,,
128.824,9.74E-08,,,
129.268,9.88E-08,,,
129.713,7.79E-08,,,
130.159,4.87E-08,,,
130.607,4.17E-08,,,
131.057,2.78E-08,,,
131.508,2.92E-08,,,
131.961,3.06E-08,,,
132.415,7.10E-08,,,
132.871,2.78E-08,,,
133.328,4.17E-08,,,
133.787,7.10E-08,,,
134.247,1.39E-08,,,
134.709,6.96E-08,,,
135.173,1.39E-08,,,
135.638,3.06E-08,,,
136.105,2.92E-08,,,
136.574,1.39E-08,,,
137.044,0,,,
137.516,4.45E-08,,,
137.989,0,,,
138.464,5.57E-08,,,
138.941,0,,,
139.419,4.17E-08,,,
139.899,2.92E-08,,,
140.38,0,,,
140.864,4.31E-08,,,
141.349,1.53E-08,,,
141.835,1.39E-09,,,
142.323,2.23E-08,,,
142.813,0,,,
143.305,2.78E-09,,,
143.798,1.39E-08,,,
144.293,2.92E-08,,,
144.79,1.39E-08,,,
145.288,8.35E-09,,,
145.788,8.35E-09,,,
146.29,1.39E-08,,,
146.794,0,,,
147.299,1.53E-08,,,
147.806,1.39E-08,,,
148.315,0,,,
148.825,0,,,
149.338,1.39E-08,,,
149.852,1.39E-08,,,
150.368,1.39E-08,,,
150.885,3.62E-08,,,
151.405,2.23E-08,,,
151.926,0,,,
152.449,0,,,
152.973,8.35E-09,,,
153.5,0,,,
154.028,1.53E-08,,,
154.559,0,,,
155.091,1.39E-08,,,
155.624,0,,,
156.16,1.39E-08,,,
156.698,0,,,
157.237,0,,,
157.778,0,,,
158.321,1.53E-08,,,
158.866,9.74E-09,,,
159.413,8.35E-09,,,
159.962,0,,,
160.513,0,,,
161.065,1.39E-08,,,
161.62,0,,,
162.176,1.39E-09,,,
162.734,8.35E-09,,,
163.294,8.35E-09,,,
163.856,8.35E-09,,,
164.42,1.39E-08,,,
164.986,0,,,
165.554,0,,,
166.124,0,,,
166.696,0,,,
167.27,0,,,
167.846,0,,,
168.423,8.35E-09,,,
169.003,0,,,
169.585,1.39E-09,,,
170.169,3.62E-08,,,
170.754,8.35E-09,,,
171.342,0,,,
171.932,1.39E-08,,,
172.524,2.78E-08,,,
173.118,0,,,
173.714,0,,,
174.312,8.35E-09,,,
174.912,8.35E-09,,,
175.514,0,,,
176.118,0,,,
176.724,0,,,
177.332,8.35E-09,,,
177.943,8.35E-09,,,
178.555,8.35E-09,,,
179.17,0,,,
179.787,0,,,
180.406,1.39E-08,,,
181.027,0,,,
181.65,0,,,
182.275,8.35E-09,,,
182.902,0,,,
183.532,0,,,
184.164,0,,,
184.798,0,,,
185.434,0,,,
186.072,0,,,
186.713,0,,,
187.355,0,,,
188,0,,,
188.647,0,,,
189.297,0,,,
189.948,0,,,
190.602,0,,,
191.258,8.35E-09,,,
191.917,0,,,
192.577,0,,,
193.24,0,,,
193.905,0,,,
194.573,0,,,
195.243,0,,,
195.915,0,,,
196.589,0,,,
197.266,0,,,
197.945,0,,,
198.626,0,,,
199.31,0,,,
199.996,8.35E-09,,,
200.684,0,,,
201.375,0,,,
202.068,0,,,
202.764,0,,,
203.462,8.35E-09,,,
204.162,8.35E-09,,,
204.865,0,,,
205.57,0,,,
206.278,0,,,
206.988,0,,,
207.7,0,,,
208.415,8.35E-09,,,
209.133,0,,,
209.853,8.35E-09,,,
210.575,0,,,
211.3,8.35E-09,,,
212.027,0,,,
212.757,0,,,
213.489,0,,,
214.224,0,,,
214.962,0,,,
215.702,8.35E-09,,,
216.444,0,,,
217.189,0,,,
217.937,0,,,
218.687,0,,,
219.44,8.35E-09,,,
220.195,8.35E-09,,,
220.953,0,,,
221.714,0,,,
222.477,6.96E-09,,,
223.243,0,,,
224.011,0,,,
224.782,0,,,
225.556,8.35E-09,,,
226.332,8.35E-09,,,
227.111,0,,,
227.893,8.35E-09,,,
228.678,0,,,
229.465,0,,,
230.255,0,,,
231.047,0,,,
231.843,6.96E-09,,,
232.641,0,,,
233.441,0,,,
234.245,0,,,
235.051,0,,,
235.86,0,,,
236.672,0,,,
237.487,6.96E-09,,,
238.304,0,,,
239.125,0,,,
239.948,0,,,
240.774,0,,,
241.603,0,,,
242.434,0,,,
243.269,0,,,
244.106,0,,,
244.946,0,,,
245.79,0,,,
246.636,6.96E-09,,,
247.485,0,,,
248.337,0,,,
249.191,0,,,
250.049,0,,,
250.91,0,,,
251.774,0,,,
252.64,0,,,
253.51,0,,,
254.383,0,,,
255.258,0,,,
256.137,0,,,
257.019,0,,,
257.903,6.96E-09,,,
258.791,0,,,
259.682,0,,,
260.576,0,,,
261.473,0,,,
262.373,0,,,
263.276,0,,,
264.182,0,,,
265.092,0,,,
266.004,0,,,
266.92,0,,,
267.838,0,,,
268.76,0,,,
269.686,0,,,
270.614,0,,,
271.545,0,,,
272.48,0,,,
273.418,0,,,
274.359,0,,,
275.304,0,,,
276.251,0,,,
277.202,0,,,
278.156,0,,,
279.114,0,,,
280.075,0,,,
281.039,0,,,
282.006,0,,,
282.977,0,,,
283.951,0,,,
284.928,0,,,
285.909,0,,,
286.893,0,,,
287.881,0,,,
288.872,0,,,
289.866,0,,,
290.864,0,,,
291.865,0,,,
292.87,0,,,
293.878,0,,,
294.89,0,,,
295.905,0,,,
296.923,0,,,
297.945,0,,,
298.971,0,,,
