0.01,6.05E-06,21.7,0,1
0.0100344,8.11E-06,,1.5,0.3079
0.010069,1.06E-05,,3,0.0966
0.0101036,8.20E-06,,4.5,0.024
0.0101384,7.34E-06,,7,0.0031
0.0101733,1.29E-05,,,
0.0102083,1.12E-05,,,
0.0102435,1.64E-05,,,
0.0102787,1.04E-05,,,
0.0103141,8.55E-06,,,
0.0103496,2.40E-05,,,
0.0103852,1.18E-05,,,
0.010421,2.09E-05,,,
0.0104568,3.05E-05,,,
0.0104928,3.82E-05,,,
0.010529,4.19E-05,,,
0.0105652,4.65E-05,,,
0.0106016,5.13E-05,,,
0.0106381,5.62E-05,,,
0.0106747,5.77E-05,,,
0.0107114,5.48E-05,,,
0.0107483,4.89E-05,,,
0.0107853,6.55E-05,,,
0.0108224,7.26E-05,,,
0.0108597,6.26E-05,,,
0.0108971,6.41E-05,,,
0.0109346,8.30E-05,,,
0.0109722,0.000161114,,,
0.01101,0.00016293,,,
0.0110479,0.000216677,,,
0.0110859,0.000745248,,,
0.0111241,0.00108999,,,
0.0111624,0.00107674,,,
0.0112008,0.00109838,,,
0.0112393,0.00108232,,,
0.011278,0.00113021,,,
0.0113168,0.00102794,,,
0.0113558,0.00107716,,,
0.0113949,0.00107346,,,
0.0114341,0.00110694,,,
0.0114735,0.00108197,,,
0.011513,0.000994177,,,
0.0115526,0.0010569,,,
0.0115924,0.00103985,,,
0.0116323,0.00104714,,,
0.0116723,0.0010504,,,
0.0117125,0.00102651,,,
0.0117528,0.00105226,,,
0.0117933,0.00103378,,,
0.0118339,0.00103208,,,
0.0118746,0.000992492,,,
0.0119155,0.00101178,,,
0.0119565,0.000999122,,,
0.0119976,0.000951623,,,
0.0120389,0.000975397,,,
0.0120804,0.00100213,,,
0.012122,0.000996129,,,
0.0121637,0.00096268,,,
0.0122056,0.000952263,,,
0.0122476,0.000938246,,,
0.0122897,0.0010362,,,
0.012332,0.00102162,,,
0.0123745,0.000982824,,,
0.0124171,0.000959016,,,
0.0124598,0.000912585,,,
0.0125027,0.000930327,,,
0.0125458,0.000936096,,,
0.0125889,0.000910819,,,
0.0126323,0.000949319,,,
0.0126758,0.00090981,,,
0.0127194,0.000859717,,,
0.0127632,0.000871528,,,
0.0128071,0.00087078,,,
0.0128512,0.000903571,,,
0.0128954,0.000836843,,,
0.0129398,0.000882704,,,
0.0129844,0.000841001,,,
0.0130291,0.000854377,,,
0.0130739,0.000865785,,,
0.0131189,0.00087352,,,
0.0131641,0.000869855,,,
0.0132094,0.000902638,,,
0.0132548,0.000882716,,,
0.0133005,0.00085709,,,
0.0133463,0.000794244,,,
0.0133922,0.000800092,,,
0.0134383,0.000795051,,,
0.0134846,0.000829521,,,
0.013531,0.000784138,,,
0.0135775,0.000781938,,,
0.0136243,0.000830521,,,
0.0136712,0.000804065,,,
0.0137182,0.000769107,,,
0.0137655,0.000815114,,,
0.0138128,0.000752313,,,
0.0138604,0.000796548,,,
0.0139081,0.000744764,,,
0.013956,0.000771911,,,
0.014004,0.000775275,,,
0.0140522,0.0008209,,,
0.0141006,0.000772156,,,
0.0141491,0.000742244,,,
0.0141978,0.000735316,,,
0.0142467,0.000725066,,,
0.0142957,0.000710871,,,
0.014345,0.000755561,,,
0.0143943,0.000702398,,,
0.0144439,0.000761457,,,
0.0144936,0.00071345,,,
0.0145435,0.000721247,,,
0.0145936,0.000709804,,,
0.0146438,0.000686067,,,
0.0146942,0.000723753,,,
0.0147448,0.000692562,,,
0.0147955,0.000692073,,,
0.0148465,0.000679681,,,
0.0148976,0.000678024,,,
0.0149488,0.000759012,,,
0.0150003,0.000667698,,,
0.0150519,0.00068121,,,
0.0151038,0.000698453,,,
0.0151557,0.000676554,,,
0.0152079,0.000610166,,,
0.0152603,0.000665733,,,
0.0153128,0.000669756,,,
0.0153655,0.000673397,,,
0.0154184,0.000601554,,,
0.0154715,0.000634206,,,
0.0155247,0.000642963,,,
0.0155782,0.000626801,,,
0.0156318,0.000651371,,,
0.0156856,0.000638428,,,
0.0157396,0.000641842,,,
0.0157938,0.000620579,,,
0.0158481,0.000650234,,,
0.0159027,0.00064552,,,
0.0159574,0.000613134,,,
0.0160124,0.000621048,,,
0.0160675,0.000567829,,,
0.0161228,0.000602059,,,
0.0161783,0.00163219,,,
0.016234,0.00064979,,,
0.0162898,0.000654922,,,
0.0163459,0.000648063,,,
0.0164022,0.000616718,,,
0.0164586,0.000620628,,,
0.0165153,0.000603052,,,
0.0165722,0.000603121,,,
0.0166292,0.000550443,,,
0.0166864,0.000567958,,,
0.0167439,0.00057203,,,
0.0168015,0.000600988,,,
0.0168593,0.000654706,,,
0.0169174,0.000579054,,,
0.0169756,0.000578284,,,
0.0170341,0.000556231,,,
0.0170927,0.000578768,,,
0.0171515,0.00054794,,,
0.0172106,0.000527235,,,
0.0172698,0.000526713,,,
0.0173293,0.000517594,,,
0.0173889,0.000511322,,,
0.0174488,0.000450031,,,
0.0175088,0.000463538,,,
0.0175691,0.000456461,,,
0.0176296,0.000458777,,,
0.0176903,0.000438051,,,
0.0177511,0.000464324,,,
0.0178123,0.000433462,,,
0.0178736,0.00045655,,,
0.0179351,0.000411374,,,
0.0179968,0.000446587,,,
0.0180588,0.000397268,,,
0.0181209,0.000421823,,,
0.0181833,0.000444869,,,
0.0182459,0.000390983,,,
0.0183087,0.000395077,,,
0.0183717,0.000437596,,,
0.018435,0.000390814,,,
0.0184984,0.000406256,,,
0.0185621,0.000360225,,,
0.018626,0.000381157,,,
0.0186901,0.000380568,,,
0.0187545,0.000387497,,,
0.018819,0.000386609,,,
0.0188838,0.000385901,,,
0.0189488,0.000375245,,,
0.019014,0.000384195,,,
0.0190795,0.000333605,,,
0.0191451,0.000349883,,,
0.019211,0.000311514,,,
0.0192772,0.00032074,,,
0.0193435,0.00034802,,,
0.0194101,0.000320695,,,
0.0194769,0.000357284,,,
0.019544,0.000325555,,,
0.0196112,0.000354554,,,
0.0196788,0.00033479,,,
0.0197465,0.000318861,,,
0.0198145,0.000286194,,,
0.0198827,0.000330747,,,
0.0199511,0.000289629,,,
0.0200198,0.000943322,,,
0.0200887,0.000343155,,,
0.0201579,0.00032883,,,
0.0202272,0.000319467,,,
0.0202969,0.000317489,,,
0.0203667,0.000291669,,,
0.0204368,0.000303885,,,
0.0205072,0.00026167,,,
0.0205778,0.000295299,,,
0.0206486,0.000308189,,,
0.0207197,0.000262447,,,
0.020791,0.000284907,,,
0.0208626,0.000268597,,,
0.0209344,0.00026845,,,
0.0210065,0.000257205,,,
0.0210788,0.000288277,,,
0.0211513,0.000223871,,,
0.0212241,0.000268897,,,
0.0212972,0.000259986,,,
0.0213705,0.000245216,,,
0.0214441,0.000234138,,,
0.0215179,0.000237808,,,
0.0215919,0.000231862,,,
0.0216663,0.000240284,,,
0.0217408,0.000264407,,,
0.0218157,0.000241166,,,
0.0218908,0.000249787,,,
0.0219661,0.000214893,,,
0.0220417,0.000236422,,,
0.0221176,0.000233594,,,
0.0221938,0.000231542,,,
0.0222701,0.000219421,,,
0.0223468,0.000239884,,,
0.0224237,0.000225353,,,
0.0225009,0.000291018,,,
0.0225784,0.000282626,,,
0.0226561,0.000304638,,,
0.0227341,0.000296467,,,
0.0228123,0.000273684,,,
0.0228909,0.000305564,,,
0.0229697,0.000306615,,,
0.0230487,0.000286424,,,
0.0231281,0.000325978,,,
0.0232077,0.000329983,,,
0.0232876,0.000347032,,,
0.0233677,0.000331867,,,
0.0234482,0.000331351,,,
0.0235289,0.000374464,,,
0.0236099,0.000355185,,,
0.0236911,0.000356054,,,
0.0237727,0.00035667,,,
0.0238545,0.000396032,,,
0.0239366,0.000398974,,,
0.024019,0.000634018,,,
0.0241017,0.000373958,,,
0.0241847,0.000425127,,,
0.0242679,0.00043856,,,
0.0243514,0.000396355,,,
0.0244353,0.000408964,,,
0.0245194,0.0004137,,,
0.0246038,0.000399637,,,
0.0246885,0.000418939,,,
0.0247735,0.000424781,,,
0.0248587,0.000414749,,,
0.0249443,0.000426571,,,
0.0250302,0.000388462,,,
0.0251163,0.000431535,,,
0.0252028,0.000437085,,,
0.0252895,0.000417205,,,
0.0253766,0.000470309,,,
0.0254639,0.000460541,,,
0.0255516,0.000452418,,,
0.0256396,0.000469514,,,
0.0257278,0.000396121,,,
0.0258164,0.000442633,,,
0.0259052,0.000435089,,,
0.0259944,0.000438236,,,
0.0260839,0.00044045,,,
0.0261737,0.000452691,,,
0.0262638,0.000426045,,,
0.0263542,0.000497019,,,
0.0264449,0.000450041,,,
0.0265359,0.000477652,,,
0.0266273,0.000462189,,,
0.0267189,0.00043307,,,
0.0268109,0.000475359,,,
0.0269032,0.000439072,,,
0.0269958,0.000506628,,,
0.0270887,0.000508913,,,
0.027182,0.000510321,,,
0.0272755,0.000488922,,,
0.0273694,0.00046188,,,
0.0274636,0.00048507,,,
0.0275582,0.000494267,,,
0.027653,0.000515837,,,
0.0277482,0.00049075,,,
0.0278437,0.000465837,,,
0.0279396,0.000500217,,,
0.0280357,0.000526569,,,
0.0281323,0.000476334,,,
0.0282291,0.000492144,,,
0.0283263,0.000479448,,,
0.0284238,0.000490755,,,
0.0285216,0.000493498,,,
0.0286198,0.00049092,,,
0.0287183,0.000471336,,,
0.0288172,0.000480434,,,
0.0289164,0.000480739,,,
0.0290159,0.000494436,,,
0.0291158,0.000484444,,,
0.029216,0.000459997,,,
0.0293166,0.000520714,,,
0.0294175,0.000492186,,,
0.0295187,0.00045416,,,
0.0296203,0.000488927,,,
0.0297223,0.000475962,,,
0.0298246,0.000481988,,,
0.0299273,0.000487422,,,
0.0300303,0.000424537,,,
0.0301337,0.000468549,,,
0.0302374,0.000478014,,,
0.0303415,0.000483553,,,
0.0304459,0.000476069,,,
0.0305507,0.000450501,,,
0.0306559,0.000450927,,,
0.0307614,0.000456648,,,
0.0308673,0.000429758,,,
0.0309735,0.000459309,,,
0.0310802,0.000444296,,,
0.0311872,0.000412441,,,
0.0312945,0.000429979,,,
0.0314022,0.000451179,,,
0.0315103,0.00042497,,,
0.0316188,0.000463433,,,
0.0317276,0.000438714,,,
0.0318368,0.00042884,,,
0.0319464,0.000419735,,,
0.0320564,0.000410984,,,
0.0321667,0.000424087,,,
0.0322775,0.000458983,,,
0.0323886,0.000422307,,,
0.0325001,0.000406974,,,
0.0326119,0.000431033,,,
0.0327242,0.000380705,,,
0.0328368,0.000437568,,,
0.0329499,0.00041013,,,
0.0330633,0.000419588,,,
0.0331771,0.000388391,,,
0.0332913,0.000415965,,,
0.0334059,0.000407351,,,
0.0335209,0.000391456,,,
0.0336363,0.000388077,,,
0.0337521,0.000406902,,,
0.0338682,0.000352431,,,
0.0339848,0.000357225,,,
0.0341018,0.000366964,,,
0.0342192,0.000390937,,,
0.034337,0.000361917,,,
0.0344552,0.000374915,,,
0.0345738,0.000359011,,,
0.0346928,0.000378519,,,
0.0348122,0.00040069,,,
0.034932,0.000398656,,,
0.0350523,0.000366868,,,
0.035173,0.000397568,,,
0.035294,0.000386387,,,
0.0354155,0.000384283,,,
0.0355374,0.000345832,,,
0.0356597,0.000371216,,,
0.0357825,0.000369309,,,
0.0359057,0.000376546,,,
0.0360293,0.000353145,,,
0.0361533,0.000409237,,,
0.0362777,0.000388857,,,
0.0364026,0.000400719,,,
0.0365279,0.000390596,,,
0.0366537,0.000371856,,,
0.0367798,0.000378938,,,
0.0369064,0.000369229,,,
0.0370335,0.000379492,,,
0.0371609,0.000373189,,,
0.0372889,0.000385648,,,
0.0374172,0.000357082,,,
0.037546,0.000408279,,,
0.0376753,0.000389064,,,
0.0378049,0.000419488,,,
0.0379351,0.000365986,,,
0.0380657,0.000357413,,,
0.0381967,0.000395945,,,
0.0383282,0.000364416,,,
0.0384601,0.000384451,,,
0.0385925,0.000365917,,,
0.0387253,0.000379409,,,
0.0388586,0.000393911,,,
0.0389924,0.000404139,,,
0.0391266,0.000404925,,,
0.0392613,0.000396972,,,
0.0393965,0.000377893,,,
0.0395321,0.000387247,,,
0.0396681,0.000377811,,,
0.0398047,0.000340425,,,
0.0399417,0.000370349,,,
0.0400792,0.000426446,,,
0.0402172,0.00042152,,,
0.0403556,0.000425607,,,
0.0404945,0.000395587,,,
0.0406339,0.000399534,,,
0.0407738,0.000408856,,,
0.0409141,0.000419572,,,
0.041055,0.000425432,,,
0.0411963,0.000353966,,,
0.0413381,0.000415336,,,
0.0414804,0.000412621,,,
0.0416232,0.000423093,,,
0.0417664,0.000394538,,,
0.0419102,0.000414009,,,
0.0420545,0.000408997,,,
0.0421992,0.000403104,,,
0.0423445,0.000411601,,,
0.0424903,0.000413269,,,
0.0426365,0.000387698,,,
0.0427833,0.000400553,,,
0.0429306,0.000389082,,,
0.0430783,0.000429045,,,
0.0432266,0.000403045,,,
0.0433754,0.000378818,,,
0.0435247,0.000388943,,,
0.0436745,0.000413614,,,
0.0438249,0.000392857,,,
0.0439757,0.000415657,,,
0.0441271,0.000428995,,,
0.044279,0.000431114,,,
0.0444314,0.0004207,,,
0.0445844,0.000430203,,,
0.0447378,0.000409184,,,
0.0448918,0.000378398,,,
0.0450464,0.000401502,,,
0.0452014,0.000400382,,,
0.045357,0.000374763,,,
0.0455131,0.000413096,,,
0.0456698,0.000411474,,,
0.045827,0.000378908,,,
0.0459848,0.000376364,,,
0.0461431,0.000378919,,,
0.0463019,0.000380571,,,
0.0464613,0.000398897,,,
0.0466212,0.000385825,,,
0.0467817,0.000371559,,,
0.0469427,0.000384812,,,
0.0471043,0.000370308,,,
0.0472664,0.000379962,,,
0.0474291,0.000343543,,,
0.0475924,0.000359882,,,
0.0477562,0.000364711,,,
0.0479206,0.000391302,,,
0.0480856,0.00037687,,,
0.0482511,0.000402173,,,
0.0484172,0.000494273,,,
0.0485839,0.000371829,,,
0.0487511,0.000411824,,,
0.0489189,0.000405704,,,
0.0490873,0.000400442,,,
0.0492563,0.000382425,,,
0.0494258,0.000365925,,,
0.0495959,0.000382014,,,
0.0497667,0.000383384,,,
0.049938,0.000410457,,,
0.0501099,0.000362248,,,
0.0502824,0.000364144,,,
0.0504554,0.00037678,,,
0.0506291,0.000389707,,,
0.0508034,0.000392052,,,
0.0509783,0.000339334,,,
0.0511538,0.000397626,,,
0.0513298,0.000366448,,,
0.0515065,0.000383946,,,
0.0516838,0.000399097,,,
0.0518617,0.000407027,,,
0.0520403,0.000406258,,,
0.0522194,0.000386442,,,
0.0523991,0.000388956,,,
0.0525795,0.000390835,,,
0.0527605,0.00040068,,,
0.0529421,0.000391458,,,
0.0531244,0.00040663,,,
0.0533072,0.000417693,,,
0.0534907,0.000394597,,,
0.0536748,0.000398329,,,
0.0538596,0.000400489,,,
0.054045,0.000359486,,,
0.054231,0.000421173,,,
0.0544177,0.000401472,,,
0.054605,0.000386826,,,
0.054793,0.000353546,,,
0.0549816,0.000393935,,,
0.0551709,0.000385507,,,
0.0553608,0.000401583,,,
0.0555513,0.000368031,,,
0.0557426,0.000365519,,,
0.0559344,0.000373668,,,
0.056127,0.000372524,,,
0.0563202,0.000401696,,,
0.056514,0.000370319,,,
0.0567086,0.000357981,,,
0.0569038,0.000349019,,,
0.0570997,0.000378634,,,
0.0572962,0.000405656,,,
0.0574934,0.000357491,,,
0.0576913,0.0003642,,,
0.0578899,0.000380484,,,
0.0580892,0.000395024,,,
0.0582892,0.000365089,,,
0.0584898,0.000377558,,,
0.0586911,0.000378862,,,
0.0588932,0.000367548,,,
0.0590959,0.000339952,,,
0.0592993,0.000349089,,,
0.0595034,0.000367019,,,
0.0597083,0.00036155,,,
0.0599138,0.000357913,,,
0.06012,0.000373551,,,
0.060327,0.000376017,,,
0.0605346,0.00037516,,,
0.060743,0.000385726,,,
0.0609521,0.000404224,,,
0.0611619,0.000410101,,,
0.0613724,0.000401045,,,
0.0615837,0.00039249,,,
0.0617957,0.000385288,,,
0.0620084,0.000407178,,,
0.0622218,0.000384126,,,
0.062436,0.000397918,,,
0.0626509,0.00041818,,,
0.0628666,0.000361323,,,
0.063083,0.000362245,,,
0.0633001,0.000365165,,,
0.063518,0.000394361,,,
0.0637367,0.000385294,,,
0.0639561,0.000381536,,,
0.0641762,0.000372291,,,
0.0643971,0.000371165,,,
0.0646188,0.000385133,,,
0.0648412,0.000345778,,,
0.0650644,0.00040544,,,
0.0652884,0.000368871,,,
0.0655131,0.000379333,,,
0.0657387,0.000362325,,,
0.0659649,0.000371435,,,
0.066192,0.000398008,,,
0.0664199,0.000397306,,,
0.0666485,0.000392046,,,
0.0668779,0.000371445,,,
0.0671081,0.000387119,,,
0.0673391,0.000380425,,,
0.0675709,0.000378068,,,
0.0678035,0.000401942,,,
0.0680369,0.000398405,,,
0.0682711,0.000385666,,,
0.0685061,0.000359718,,,
0.0687419,0.000376635,,,
0.0689785,0.000379632,,,
0.069216,0.000354948,,,
0.0694542,0.000363948,,,
0.0696933,0.000393276,,,
0.0699332,0.000366495,,,
0.0701739,0.000376412,,,
0.0704155,0.00035048,,,
0.0706579,0.000384614,,,
0.0709011,0.000381689,,,
0.0711452,0.000374002,,,
0.0713901,0.000403977,,,
0.0716358,0.000357211,,,
0.0718824,0.000401844,,,
0.0721298,0.000405212,,,
0.0723781,0.000376615,,,
0.0726273,0.000407839,,,
0.0728773,0.000405373,,,
0.0731281,0.000372331,,,
0.0733798,0.000373452,,,
0.0736324,0.000361235,,,
0.0738859,0.000383738,,,
0.0741402,0.000368406,,,
0.0743954,0.00037493,,,
0.0746515,0.000382765,,,
0.0749085,0.000373993,,,
0.0751663,0.000375489,,,
0.0754251,0.000370469,,,
0.0756847,0.000348388,,,
0.0759452,0.000373558,,,
0.0762067,0.000353044,,,
0.076469,0.000350888,,,
0.0767322,0.000387498,,,
0.0769963,0.000368875,,,
0.0772614,0.000368521,,,
0.0775273,0.000387811,,,
0.0777942,0.000366056,,,
0.078062,0.000346455,,,
0.0783307,0.000380387,,,
0.0786003,0.00036615,,,
0.0788709,0.000368643,,,
0.0791424,0.000377027,,,
0.0794148,0.000397819,,,
0.0796882,0.000372591,,,
0.0799625,0.000356844,,,
0.0802377,0.000351972,,,
0.0805139,0.000368261,,,
0.080791,0.000374748,,,
0.0810692,0.000385583,,,
0.0813482,0.000356053,,,
0.0816282,0.000374674,,,
0.0819092,0.000374525,,,
0.0821912,0.000367178,,,
0.0824741,0.000380232,,,
0.082758,0.000377866,,,
0.0830428,0.000382919,,,
0.0833287,0.000373708,,,
0.0836155,0.000348857,,,
0.0839034,0.000369405,,,
0.0841922,0.000379416,,,
0.084482,0.0003882,,,
0.0847728,0.000339029,,,
0.0850646,0.0003874,,,
0.0853574,0.00038621,,,
0.0856512,0.000341992,,,
0.0859461,0.000383716,,,
0.0862419,0.000393113,,,
0.0865388,0.000373367,,,
0.0868367,0.000328569,,,
0.0871356,0.000409589,,,
0.0874355,0.000408398,,,
0.0877365,0.000403918,,,
0.0880385,0.00033808,,,
0.0883415,0.000405065,,,
0.0886456,0.000400874,,,
0.0889508,0.000399424,,,
0.089257,0.000369009,,,
0.0895642,0.000407969,,,
0.0898725,0.000392386,,,
0.0901819,0.000400763,,,
0.0904923,0.000367497,,,
0.0908038,0.000388647,,,
0.0911164,0.000373802,,,
0.09143,0.000395421,,,
0.0917447,0.000406687,,,
0.0920605,0.000398012,,,
0.0923774,0.000387384,,,
0.0926954,0.000387801,,,
0.0930145,0.000390589,,,
0.0933347,0.000376676,,,
0.0936559,0.000400199,,,
0.0939783,0.000404003,,,
0.0943018,0.000395264,,,
0.0946264,0.000391159,,,
0.0949522,0.000400962,,,
0.095279,0.000395492,,,
0.095607,0.000373007,,,
0.0959361,0.000354724,,,
0.0962663,0.000368455,,,
0.0965977,0.000378569,,,
0.0969302,0.00039452,,,
0.0972638,0.000350878,,,
0.0975986,0.000388492,,,
0.0979346,0.000391264,,,
0.0982717,0.000393032,,,
0.09861,0.00040786,,,
0.0989494,0.000385651,,,
0.09929,0.000382185,,,
0.0996318,0.000377588,,,
0.0999748,0.000371255,,,
0.100319,0.000387114,,,
0.100664,0.000354365,,,
0.101011,0.000411679,,,
0.101358,0.000402645,,,
0.101707,0.00039431,,,
0.102057,0.000395317,,,
0.102409,0.000385284,,,
0.102761,0.000409233,,,
0.103115,0.000396263,,,
0.10347,0.000412863,,,
0.103826,0.000362349,,,
0.104183,0.00039738,,,
0.104542,0.000397344,,,
0.104902,0.000367822,,,
0.105263,0.000437037,,,
0.105625,0.000401928,,,
0.105989,0.000367056,,,
0.106354,0.000390278,,,
0.10672,0.000395489,,,
0.107087,0.000410658,,,
0.107456,0.000367542,,,
0.107826,0.000416478,,,
0.108197,0.000374505,,,
0.108569,0.000373156,,,
0.108943,0.000405301,,,
0.109318,0.000407249,,,
0.109694,0.000392222,,,
0.110072,0.000379838,,,
0.110451,0.000383415,,,
0.110831,0.000389342,,,
0.111213,0.000413517,,,
0.111595,0.000404605,,,
0.11198,0.000406831,,,
0.112365,0.000373484,,,
0.112752,0.000403385,,,
0.11314,0.000388438,,,
0.113529,0.000378136,,,
0.11392,0.000384087,,,
0.114312,0.000424922,,,
0.114706,0.000422254,,,
0.115101,0.000410124,,,
0.115497,0.000401766,,,
0.115894,0.000434084,,,
0.116293,0.000386731,,,
0.116694,0.000411407,,,
0.117095,0.000434172,,,
0.117498,0.000393924,,,
0.117903,0.0004249,,,
0.118309,0.000404005,,,
0.118716,0.000415124,,,
0.119125,0.000390911,,,
0.119535,0.000380943,,,
0.119946,0.000440678,,,
0.120359,0.000405301,,,
0.120773,0.000418646,,,
0.121189,0.000421668,,,
0.121606,0.000409986,,,
0.122025,0.000411879,,,
0.122445,0.000431584,,,
0.122866,0.000389583,,,
0.123289,0.000422208,,,
0.123714,0.000409472,,,
0.124139,0.000391272,,,
0.124567,0.000419134,,,
0.124996,0.000409767,,,
0.125426,0.000398745,,,
0.125858,0.000396086,,,
0.126291,0.000421115,,,
0.126726,0.000426468,,,
0.127162,0.000393974,,,
0.127599,0.000420798,,,
0.128039,0.000406428,,,
0.128479,0.000397845,,,
0.128922,0.000381486,,,
0.129365,0.00046357,,,
0.129811,0.000402602,,,
0.130258,0.000414115,,,
0.130706,0.000414859,,,
0.131156,0.000437608,,,
0.131607,0.000386823,,,
0.13206,0.000405992,,,
0.132515,0.000405812,,,
0.132971,0.00042609,,,
0.133429,0.000452966,,,
0.133888,0.000445644,,,
0.134349,0.000429457,,,
0.134811,0.000463244,,,
0.135276,0.000446125,,,
0.135741,0.000423032,,,
0.136208,0.000419751,,,
0.136677,0.000446589,,,
0.137148,0.000410081,,,
0.13762,0.00041899,,,
0.138094,0.000443412,,,
0.138569,0.000449245,,,
0.139046,0.000434884,,,
0.139525,0.000400669,,,
0.140005,0.000435197,,,
0.140487,0.000470045,,,
0.14097,0.000433517,,,
0.141456,0.000437706,,,
0.141943,0.000445864,,,
0.142431,0.000474474,,,
0.142921,0.00045663,,,
0.143413,0.000420858,,,
0.143907,0.000471288,,,
0.144402,0.000443739,,,
0.144899,0.000446808,,,
0.145398,0.000466712,,,
0.145899,0.000425935,,,
0.146401,0.000464285,,,
0.146905,0.000474704,,,
0.147411,0.000444155,,,
0.147918,0.000448579,,,
0.148427,0.000432349,,,
0.148938,0.000436654,,,
0.149451,0.000462506,,,
0.149965,0.000494716,,,
0.150481,0.000442766,,,
0.150999,0.000430767,,,
0.151519,0.000447501,,,
0.152041,0.000430888,,,
0.152564,0.00044502,,,
0.153089,0.000446016,,,
0.153616,0.000478724,,,
0.154145,0.000456914,,,
0.154676,0.000429777,,,
0.155208,0.000444232,,,
0.155742,0.000467203,,,
0.156278,0.000477441,,,
0.156816,0.000464635,,,
0.157356,0.000467487,,,
0.157898,0.000464341,,,
0.158441,0.000440261,,,
0.158987,0.000458443,,,
0.159534,0.00044948,,,
0.160083,0.000442142,,,
0.160634,0.000469438,,,
0.161187,0.000498142,,,
0.161742,0.00046099,,,
0.162299,0.000468846,,,
0.162857,0.000465433,,,
0.163418,0.000492258,,,
0.163981,0.00046704,,,
0.164545,0.000481829,,,
0.165111,0.000443996,,,
0.16568,0.000429264,,,
0.16625,0.000472188,,,
0.166822,0.000468777,,,
0.167397,0.000480505,,,
0.167973,0.000531097,,,
0.168551,0.000472877,,,
0.169131,0.000493674,,,
0.169713,0.000465129,,,
0.170298,0.000480959,,,
0.170884,0.000462415,,,
0.171472,0.000485683,,,
0.172062,0.000491061,,,
0.172654,0.000506948,,,
0.173249,0.000455933,,,
0.173845,0.000514918,,,
0.174444,0.00052709,,,
0.175044,0.000519084,,,
0.175647,0.00052905,,,
0.176251,0.000474514,,,
0.176858,0.000510432,,,
0.177467,0.000566942,,,
0.178078,0.000472424,,,
0.178691,0.00051483,,,
0.179306,0.000464184,,,
0.179923,0.000483816,,,
0.180542,0.000496396,,,
0.181164,0.000525976,,,
0.181787,0.000486389,,,
0.182413,0.000524767,,,
0.183041,0.000526931,,,
0.183671,0.00051451,,,
0.184303,0.000491283,,,
0.184938,0.000495499,,,
0.185574,0.000510124,,,
0.186213,0.000557317,,,
0.186854,0.000542575,,,
0.187497,0.000540991,,,
0.188143,0.000501123,,,
0.18879,0.000518235,,,
0.18944,0.000538965,,,
0.190092,0.000515804,,,
0.190747,0.000549205,,,
0.191403,0.000532511,,,
0.192062,0.000529159,,,
0.192723,0.000533033,,,
0.193387,0.00055314,,,
0.194052,0.000515843,,,
0.19472,0.000530381,,,
0.19539,0.00053568,,,
0.196063,0.000529058,,,
0.196738,0.000535141,,,
0.197415,0.00053995,,,
0.198095,0.000573616,,,
0.198777,0.000568877,,,
0.199461,0.000565073,,,
0.200147,0.000557411,,,
0.200836,0.000520193,,,
0.201528,0.000544484,,,
0.202221,0.000551816,,,
0.202917,0.000535751,,,
0.203616,0.000555649,,,
0.204317,0.000549349,,,
0.20502,0.000565512,,,
0.205726,0.000543356,,,
0.206434,0.000556513,,,
0.207145,0.000533813,,,
0.207858,0.0005095,,,
0.208573,0.000568037,,,
0.209291,0.000546683,,,
0.210012,0.000547103,,,
0.210734,0.000577121,,,
0.21146,0.000565792,,,
0.212188,0.00057346,,,
0.212918,0.000568284,,,
0.213651,0.000558028,,,
0.214386,0.000561365,,,
0.215124,0.000547654,,,
0.215865,0.000573228,,,
0.216608,0.000589245,,,
0.217354,0.000615027,,,
0.218102,0.000592518,,,
0.218853,0.000543757,,,
0.219606,0.000609339,,,
0.220362,0.000538596,,,
0.22112,0.000582692,,,
0.221882,0.000580178,,,
0.222645,0.000587617,,,
0.223412,0.000587478,,,
0.224181,0.000576237,,,
0.224952,0.00059508,,,
0.225727,0.000581547,,,
0.226504,0.00062044,,,
0.227283,0.000570794,,,
0.228066,0.000578395,,,
0.228851,0.000567168,,,
0.229639,0.000576506,,,
0.230429,0.000632062,,,
0.231222,0.000621603,,,
0.232018,0.000648604,,,
0.232817,0.000634191,,,
0.233618,0.000607204,,,
0.234422,0.000659402,,,
0.235229,0.000619684,,,
0.236039,0.000612095,,,
0.236852,0.00060265,,,
0.237667,0.000583003,,,
0.238485,0.000650403,,,
0.239306,0.000649895,,,
0.24013,0.000620221,,,
0.240956,0.000644168,,,
0.241786,0.000663608,,,
0.242618,0.000636813,,,
0.243453,0.000606711,,,
0.244291,0.000625841,,,
0.245132,0.000634447,,,
0.245976,0.000610257,,,
0.246822,0.000622225,,,
0.247672,0.000675431,,,
0.248525,0.000670396,,,
0.24938,0.00065106,,,
0.250239,0.000649231,,,
0.2511,0.000620066,,,
0.251964,0.000652887,,,
0.252832,0.000651197,,,
0.253702,0.000649866,,,
0.254575,0.000717402,,,
0.255452,0.000635962,,,
0.256331,0.000656955,,,
0.257213,0.000670165,,,
0.258099,0.000699306,,,
0.258987,0.000654176,,,
0.259878,0.000661965,,,
0.260773,0.000647952,,,
0.261671,0.000701694,,,
0.262571,0.00069304,,,
0.263475,0.000678584,,,
0.264382,0.000651037,,,
0.265292,0.000702291,,,
0.266205,0.000690471,,,
0.267122,0.000676199,,,
0.268041,0.000690519,,,
0.268964,0.00071303,,,
0.26989,0.000706379,,,
0.270819,0.000739518,,,
0.271751,0.000705954,,,
0.272686,0.000743894,,,
0.273625,0.000677927,,,
0.274567,0.000728381,,,
0.275512,0.000708601,,,
0.27646,0.000674576,,,
0.277412,0.000733296,,,
0.278367,0.000718013,,,
0.279325,0.000724168,,,
0.280287,0.000786749,,,
0.281252,0.000751045,,,
0.28222,0.000753977,,,
0.283191,0.00075073,,,
0.284166,0.000755654,,,
0.285144,0.000741269,,,
0.286126,0.000710215,,,
0.287111,0.000725539,,,
0.288099,0.000772505,,,
0.289091,0.000753056,,,
0.290086,0.000738506,,,
0.291084,0.000739932,,,
0.292086,0.000742675,,,
0.293092,0.000753584,,,
0.294101,0.000783622,,,
0.295113,0.00079164,,,
0.296129,0.000811804,,,
0.297148,0.000772951,,,
0.298171,0.000796081,,,
0.299197,0.000776085,,,
0.300227,0.000792532,,,
0.301261,0.000787541,,,
0.302298,0.000796433,,,
0.303338,0.000778648,,,
0.304382,0.000763801,,,
0.30543,0.000818082,,,
0.306482,0.000792471,,,
0.307536,0.000838661,,,
0.308595,0.000770942,,,
0.309657,0.000788772,,,
0.310723,0.000810384,,,
0.311793,0.000822134,,,
0.312866,0.000788275,,,
0.313943,0.000781512,,,
0.315024,0.000785725,,,
0.316108,0.000918161,,,
0.317196,0.000853461,,,
0.318288,0.000838027,,,
0.319384,0.000857396,,,
0.320483,0.000856967,,,
0.321586,0.000872834,,,
0.322693,0.000855901,,,
0.323804,0.00082713,,,
0.324919,0.00083079,,,
0.326037,0.000868245,,,
0.327159,0.000836038,,,
0.328286,0.000844971,,,
0.329416,0.000849166,,,
0.330549,0.00083464,,,
0.331687,0.000887888,,,
0.332829,0.000874766,,,
0.333975,0.000893804,,,
0.335124,0.000898809,,,
0.336278,0.000869073,,,
0.337435,0.000876017,,,
0.338597,0.000908736,,,
0.339763,0.000854734,,,
0.340932,0.000876147,,,
0.342106,0.000925738,,,
0.343283,0.000902954,,,
0.344465,0.000898394,,,
0.345651,0.00087596,,,
0.34684,0.000931656,,,
0.348034,0.000909651,,,
0.349232,0.000955438,,,
0.350434,0.000884746,,,
0.351641,0.000926962,,,
0.352851,0.000907377,,,
0.354066,0.000955797,,,
0.355285,0.000925176,,,
0.356508,0.00097009,,,
0.357735,0.000942303,,,
0.358966,0.00094407,,,
0.360202,0.000944898,,,
0.361442,0.00091867,,,
0.362686,0.000978865,,,
0.363934,0.000932237,,,
0.365187,0.000975891,,,
0.366444,0.000926102,,,
0.367705,0.000952856,,,
0.368971,0.000933084,,,
0.370241,0.000975166,,,
0.371516,0.000984286,,,
0.372795,0.000992446,,,
0.374078,0.00100757,,,
0.375365,0.000964516,,,
0.376658,0.00102235,,,
0.377954,0.00101484,,,
0.379255,0.000953676,,,
0.380561,0.000964101,,,
0.381871,0.000987872,,,
0.383185,0.000957968,,,
0.384504,0.000992342,,,
0.385828,0.00102989,,,
0.387156,0.00101602,,,
0.388488,0.00104147,,,
0.389826,0.00104037,,,
0.391168,0.00104902,,,
0.392514,0.00103889,,,
0.393865,0.00104285,,,
0.395221,0.00102982,,,
0.396581,0.00102456,,,
0.397946,0.00100569,,,
0.399316,0.00104319,,,
0.400691,0.00105219,,,
0.40207,0.00100427,,,
0.403454,0.00106314,,,
0.404843,0.00108894,,,
0.406236,0.00101635,,,
0.407635,0.0010781,,,
0.409038,0.00107389,,,
0.410446,0.00108772,,,
0.411859,0.00107651,,,
0.413277,0.00112406,,,
0.414699,0.00112485,,,
0.416127,0.0010899,,,
0.417559,0.00109382,,,
0.418996,0.00107807,,,
0.420439,0.00114458,,,
0.421886,0.00113521,,,
0.423338,0.00116294,,,
0.424795,0.00110493,,,
0.426258,0.00112396,,,
0.427725,0.00116915,,,
0.429197,0.00121742,,,
0.430675,0.00113512,,,
0.432157,0.00115644,,,
0.433645,0.00113638,,,
0.435137,0.00109424,,,
0.436635,0.00118353,,,
0.438138,0.00112097,,,
0.439646,0.00113662,,,
0.44116,0.00111766,,,
0.442678,0.00115258,,,
0.444202,0.00121863,,,
0.445731,0.00115582,,,
0.447265,0.00118564,,,
0.448805,0.00122805,,,
0.45035,0.00117701,,,
0.4519,0.00118913,,,
0.453456,0.00123557,,,
0.455017,0.00123434,,,
0.456583,0.00121833,,,
0.458155,0.00122759,,,
0.459732,0.00123855,,,
0.461314,0.00127397,,,
0.462902,0.00125289,,,
0.464495,0.00126915,,,
0.466094,0.00123928,,,
0.467699,0.00123167,,,
0.469309,0.00126894,,,
0.470924,0.00128804,,,
0.472545,0.00129663,,,
0.474172,0.00123412,,,
0.475804,0.00129715,,,
0.477442,0.00131046,,,
0.479085,0.00129871,,,
0.480734,0.00130736,,,
0.482389,0.00133847,,,
0.48405,0.0013238,,,
0.485716,0.00132619,,,
0.487388,0.00137935,,,
0.489066,0.00135808,,,
0.490749,0.0013306,,,
0.492438,0.00135224,,,
0.494133,0.00134077,,,
0.495834,0.0014093,,,
0.497541,0.00132902,,,
0.499254,0.00127892,,,
0.500972,0.00134878,,,
0.502697,0.00133621,,,
0.504427,0.00140987,,,
0.506164,0.00139073,,,
0.507906,0.00135562,,,
0.509654,0.0014169,,,
0.511409,0.00138492,,,
0.513169,0.00140002,,,
0.514935,0.00138542,,,
0.516708,0.00145981,,,
0.518486,0.00136329,,,
0.520271,0.00140491,,,
0.522062,0.00142841,,,
0.523859,0.00141766,,,
0.525662,0.00144738,,,
0.527472,0.00144396,,,
0.529288,0.00150186,,,
0.531109,0.0014649,,,
0.532938,0.00147849,,,
0.534772,0.00154025,,,
0.536613,0.00148412,,,
0.53846,0.0015319,,,
0.540314,0.00144108,,,
0.542174,0.00150313,,,
0.54404,0.00146465,,,
0.545913,0.00148906,,,
0.547792,0.00148309,,,
0.549677,0.00156604,,,
0.551569,0.00150064,,,
0.553468,0.00156763,,,
0.555373,0.0015041,,,
0.557285,0.00155076,,,
0.559203,0.00152562,,,
0.561128,0.00159945,,,
0.56306,0.00152998,,,
0.564998,0.00161152,,,
0.566943,0.00157447,,,
0.568894,0.0015199,,,
0.570853,0.00158171,,,
0.572818,0.00158459,,,
0.574789,0.00154802,,,
0.576768,0.001576,,,
0.578753,0.00160972,,,
0.580745,0.00158746,,,
0.582744,0.00161428,,,
0.58475,0.00161549,,,
0.586763,0.00161806,,,
0.588783,0.00164758,,,
0.59081,0.00164446,,,
0.592843,0.00165753,,,
0.594884,0.00164379,,,
0.596932,0.00167617,,,
0.598987,0.00165401,,,
0.601049,0.0016375,,,
0.603117,0.00167152,,,
0.605194,0.00168941,,,
0.607277,0.00164593,,,
0.609367,0.00167121,,,
0.611465,0.00170439,,,
0.61357,0.00172566,,,
0.615682,0.00173164,,,
0.617801,0.00169037,,,
0.619927,0.00173322,,,
0.622061,0.00170349,,,
0.624203,0.00173312,,,
0.626351,0.001778,,,
0.628507,0.00180558,,,
0.630671,0.00175672,,,
0.632842,0.00180199,,,
0.63502,0.0017868,,,
0.637206,0.00184055,,,
0.639399,0.00176889,,,
0.6416,0.00187761,,,
0.643809,0.00182289,,,
0.646025,0.00187384,,,
0.648249,0.00189134,,,
0.65048,0.00182994,,,
0.652719,0.00182352,,,
0.654966,0.00179871,,,
0.657221,0.00185935,,,
0.659483,0.00189943,,,
0.661753,0.00188147,,,
0.664031,0.00190705,,,
0.666317,0.00189874,,,
0.66861,0.00198821,,,
0.670912,0.00192999,,,
0.673221,0.00190564,,,
0.675539,0.00192272,,,
0.677864,0.00200338,,,
0.680197,0.00201173,,,
0.682539,0.00197125,,,
0.684888,0.00198562,,,
0.687246,0.00195657,,,
0.689611,0.00193924,,,
0.691985,0.00195897,,,
0.694367,0.00198447,,,
0.696757,0.00205372,,,
0.699156,0.00203733,,,
0.701562,0.00208271,,,
0.703977,0.00202709,,,
0.706401,0.00208273,,,
0.708832,0.00202592,,,
0.711272,0.00202482,,,
0.713721,0.00205681,,,
0.716177,0.00208549,,,
0.718643,0.00208111,,,
0.721116,0.00207351,,,
0.723599,0.00207881,,,
0.726089,0.00217162,,,
0.728589,0.00217731,,,
0.731097,0.00210957,,,
0.733613,0.00207135,,,
0.736139,0.00219178,,,
0.738673,0.00219155,,,
0.741215,0.00665351,,,
0.743767,0.0021501,,,
0.746327,0.00216932,,,
0.748896,0.00216459,,,
0.751474,0.00214079,,,
0.754061,0.00223938,,,
0.756656,0.00215265,,,
0.759261,0.00221745,,,
0.761874,0.00393939,,,
0.764497,0.00221489,,,
0.767128,0.00223289,,,
0.769769,0.00229095,,,
0.772419,0.00226501,,,
0.775078,0.00228261,,,
0.777746,0.00230726,,,
0.780423,0.00234015,,,
0.783109,0.00232547,,,
0.785805,0.00232923,,,
0.78851,0.00234167,,,
0.791224,0.00228213,,,
0.793948,0.00234489,,,
0.79668,0.00233132,,,
0.799423,0.00241386,,,
0.802175,0.00237286,,,
0.804936,0.00239339,,,
0.807707,0.00241517,,,
0.810487,0.00234969,,,
0.813277,0.00231742,,,
0.816076,0.00240894,,,
0.818885,0.00235779,,,
0.821704,0.0024118,,,
0.824533,0.00237568,,,
0.827371,0.0023965,,,
0.830219,0.00249489,,,
0.833077,0.00247954,,,
0.835944,0.0024654,,,
0.838822,0.00247012,,,
0.841709,0.00254009,,,
0.844607,0.00254387,,,
0.847514,0.00243631,,,
0.850431,0.0025879,,,
0.853359,0.00250835,,,
0.856296,0.00256028,,,
0.859244,0.00261626,,,
0.862201,0.00250267,,,
0.865169,0.00255695,,,
0.868147,0.00259789,,,
0.871136,0.00255428,,,
0.874135,0.00266261,,,
0.877143,0.00268627,,,
0.880163,0.00263337,,,
0.883193,0.00266055,,,
0.886233,0.00268656,,,
0.889283,0.00272264,,,
0.892344,0.00260507,,,
0.895416,0.00270921,,,
0.898498,0.00273969,,,
0.901591,0.00267106,,,
0.904695,0.00273304,,,
0.907809,0.0027425,,,
0.910934,0.00274884,,,
0.914069,0.00269636,,,
0.917216,0.00279471,,,
0.920373,0.00275271,,,
0.923541,0.00272545,,,
0.92672,0.00282873,,,
0.92991,0.0028362,,,
0.933111,0.00286777,,,
0.936323,0.00280637,,,
0.939546,0.0028643,,,
0.94278,0.00291743,,,
0.946026,0.00295497,,,
0.949282,0.00293859,,,
0.95255,0.00287177,,,
0.955829,0.00287083,,,
0.959119,0.00294734,,,
0.96242,0.00306235,,,
0.965733,0.00291429,,,
0.969057,0.00287354,,,
0.972393,0.00301489,,,
0.97574,0.0029897,,,
0.979099,0.00295403,,,
0.982469,0.00298062,,,
0.985851,0.00299695,,,
0.989245,0.00308291,,,
0.99265,0.00307353,,,
0.996067,0.00307742,,,
0.999495,0.00307285,,,
1.00294,0.00312453,,,
1.00639,0.00317168,,,
1.00985,0.00311524,,,
1.01333,0.0032141,,,
1.01682,0.00314159,,,
1.02032,0.00322688,,,
1.02383,0.00315714,,,
1.02735,0.00319182,,,
1.03089,0.00316807,,,
1.03444,0.00326384,,,
1.038,0.00325838,,,
1.04157,0.00316797,,,
1.04516,0.00324793,,,
1.04876,0.00339592,,,
1.05237,0.00328236,,,
1.05599,0.00326653,,,
1.05962,0.0033371,,,
1.06327,0.00330523,,,
1.06693,0.00337765,,,
1.0706,0.00338018,,,
1.07429,0.00332241,,,
1.07799,0.00335468,,,
1.0817,0.00343752,,,
1.08542,0.00349703,,,
1.08916,0.00337172,,,
1.09291,0.00345793,,,
1.09667,0.00344306,,,
1.10044,0.00344416,,,
1.10423,0.00346342,,,
1.10803,0.00347527,,,
1.11185,0.00354694,,,
1.11567,0.00351484,,,
1.11951,0.00354119,,,
1.12337,0.00346477,,,
1.12723,0.003536,,,
1.13111,0.00353764,,,
1.13501,0.00357961,,,
1.13891,0.00365946,,,
1.14283,0.00359016,,,
1.14677,0.0036964,,,
1.15072,0.00373519,,,
1.15468,0.00363216,,,
1.15865,0.0037206,,,
1.16264,0.00363052,,,
1.16664,0.0036903,,,
1.17066,0.00375495,,,
1.17469,0.00370868,,,
1.17873,0.00382057,,,
1.18279,0.00375046,,,
1.18686,0.00378633,,,
1.19095,0.00394926,,,
1.19505,0.00382264,,,
1.19916,0.00389932,,,
1.20329,0.00391351,,,
1.20743,0.00386481,,,
1.21158,0.00395867,,,
1.21576,0.00390187,,,
1.21994,0.00403861,,,
1.22414,0.0039256,,,
1.22835,0.00399181,,,
1.23258,0.00398406,,,
1.23682,0.00400206,,,
1.24108,0.00405595,,,
1.24535,0.00401496,,,
1.24964,0.00411679,,,
1.25394,0.00416809,,,
1.25826,0.00412376,,,
1.26259,0.00415844,,,
1.26694,0.00423921,,,
1.2713,0.0041427,,,
1.27567,0.00419192,,,
1.28006,0.00420331,,,
1.28447,0.0041267,,,
1.28889,0.00415542,,,
1.29333,0.00430516,,,
1.29778,0.00433684,,,
1.30225,0.00436109,,,
1.30673,0.00435011,,,
1.31123,0.00421042,,,
1.31574,0.00432579,,,
1.32027,0.00445959,,,
1.32482,0.00442754,,,
1.32938,0.00449273,,,
1.33395,0.00441419,,,
1.33854,0.00453976,,,
1.34315,0.00446357,,,
1.34777,0.0044853,,,
1.35241,0.00449751,,,
1.35707,0.00465068,,,
1.36174,0.00451053,,,
1.36643,0.00450236,,,
1.37113,0.00465622,,,
1.37585,0.00458728,,,
1.38059,0.00462043,,,
1.38534,0.00467338,,,
1.39011,0.00472558,,,
1.39489,0.0046742,,,
1.3997,0.00471027,,,
1.40451,0.00475813,,,
1.40935,0.00476887,,,
1.4142,0.00479283,,,
1.41907,0.00478578,,,
1.42395,0.00486153,,,
1.42885,0.0048499,,,
1.43377,0.00484256,,,
1.43871,0.00491114,,,
1.44366,0.00483172,,,
1.44863,0.00482428,,,
1.45362,0.00492067,,,
1.45862,0.00491651,,,
1.46364,0.00507412,,,
1.46868,0.00496355,,,
1.47373,0.00509419,,,
1.47881,0.00502898,,,
1.4839,0.00511834,,,
1.48901,0.00514554,,,
1.49413,0.00510784,,,
1.49927,0.00515889,,,
1.50443,0.00523099,,,
1.50961,0.00510895,,,
1.51481,0.00514766,,,
1.52002,0.00524656,,,
1.52526,0.00521054,,,
1.53051,0.00520019,,,
1.53577,0.00537269,,,
1.54106,0.0053607,,,
1.54637,0.00535832,,,
1.55169,0.00537367,,,
1.55703,0.00534302,,,
1.56239,0.00535703,,,
1.56777,0.00540322,,,
1.57316,0.00543796,,,
1.57858,0.00536923,,,
1.58401,0.00548927,,,
1.58947,0.00549763,,,
1.59494,0.00568004,,,
1.60043,0.00562437,,,
1.60594,0.00565123,,,
1.61146,0.00562009,,,
1.61701,0.00560604,,,
1.62258,0.0057324,,,
1.62816,0.0057278,,,
1.63377,0.00567726,,,
1.63939,0.00576828,,,
1.64503,0.00569861,,,
1.6507,0.00581612,,,
1.65638,0.00594025,,,
1.66208,0.00581419,,,
1.6678,0.00594329,,,
1.67354,0.00589718,,,
1.6793,0.00600118,,,
1.68508,0.00602288,,,
1.69088,0.00604867,,,
1.69671,0.00608424,,,
1.70255,0.00602362,,,
1.70841,0.00606832,,,
1.71429,0.00615314,,,
1.72019,0.00612477,,,
1.72611,0.00613186,,,
1.73205,0.00610328,,,
1.73801,0.00621816,,,
1.744,0.00631987,,,
1.75,0.00630746,,,
1.75602,0.00634788,,,
1.76207,0.00644784,,,
1.76813,0.0063783,,,
1.77422,0.00642251,,,
1.78033,0.0062667,,,
1.78645,0.00644039,,,
1.7926,0.0065325,,,
1.79877,0.00647396,,,
1.80497,0.00651008,,,
1.81118,0.00665128,,,
1.81741,0.00666674,,,
1.82367,0.00664982,,,
1.82995,0.00666638,,,
1.83625,0.00673622,,,
1.84257,0.00680034,,,
1.84891,0.0067122,,,
1.85527,0.00676338,,,
1.86166,0.00686729,,,
1.86807,0.00675995,,,
1.8745,0.00688004,,,
1.88095,0.00696842,,,
1.88743,0.00695573,,,
1.89392,0.00699577,,,
1.90044,0.00703827,,,
1.90698,0.00702171,,,
1.91355,0.00709145,,,
1.92014,0.00714,,,
1.92674,0.0070422,,,
1.93338,0.00708872,,,
1.94003,0.00712995,,,
1.94671,0.00723287,,,
1.95341,0.0071528,,,
1.96014,0.007238,,,
1.96688,0.00730844,,,
1.97365,0.00730269,,,
1.98045,0.00730509,,,
1.98726,0.00744677,,,
1.9941,0.00754103,,,
2.00097,0.00756938,,,
2.00786,0.00754488,,,
2.01477,0.00758422,,,
2.0217,0.00771047,,,
2.02866,0.00755114,,,
2.03565,0.00759722,,,
2.04265,0.00767374,,,
2.04968,0.00775559,,,
2.05674,0.00779916,,,
2.06382,0.00774123,,,
2.07092,0.00782787,,,
2.07805,0.00790483,,,
2.08521,0.00786834,,,
2.09238,0.00800638,,,
2.09959,0.00807989,,,
2.10681,0.00789632,,,
2.11406,0.00801151,,,
2.12134,0.00807581,,,
2.12864,0.00808776,,,
2.13597,0.00802239,,,
2.14332,0.008294,,,
2.1507,0.00814349,,,
2.1581,0.00840979,,,
2.16553,0.00825147,,,
2.17299,0.00838412,,,
2.18047,0.00832415,,,
2.18797,0.00846219,,,
2.19551,0.00839967,,,
2.20306,0.00855285,,,
2.21065,0.0085765,,,
2.21826,0.00845324,,,
2.22589,0.00850945,,,
2.23355,0.00851464,,,
2.24124,0.00886053,,,
2.24896,0.00891686,,,
2.2567,0.00879977,,,
2.26447,0.00885268,,,
2.27226,0.00889059,,,
2.28008,0.00892687,,,
2.28793,0.00903326,,,
2.29581,0.00907265,,,
2.30371,0.00900884,,,
2.31164,0.0092068,,,
2.3196,0.00885108,,,
2.32758,0.0092387,,,
2.33559,0.0090121,,,
2.34363,0.00933006,,,
2.3517,0.00927737,,,
2.3598,0.00920253,,,
2.36792,0.00925241,,,
2.37607,0.00943667,,,
2.38425,0.00945948,,,
2.39245,0.00945596,,,
2.40069,0.00937846,,,
2.40895,0.00953131,,,
2.41725,0.00971575,,,
2.42557,0.00958816,,,
2.43392,0.00970289,,,
2.44229,0.00963005,,,
2.4507,0.00977943,,,
2.45914,0.0098615,,,
2.4676,0.00975212,,,
2.4761,0.0099261,,,
2.48462,0.0100284,,,
2.49317,0.00994105,,,
2.50175,0.0100384,,,
2.51037,0.0101271,,,
2.51901,0.0101728,,,
2.52768,0.0100765,,,
2.53638,0.0103667,,,
2.54511,0.0102411,,,
2.55387,0.0102147,,,
2.56266,0.0104094,,,
2.57148,0.010488,,,
2.58033,0.0103649,,,
2.58922,0.0104332,,,
2.59813,0.0105508,,,
2.60707,0.0105538,,,
2.61605,0.0108095,,,
2.62505,0.0106417,,,
2.63409,0.0106662,,,
2.64315,0.0106797,,,
2.65225,0.0109404,,,
2.66138,0.0109251,,,
2.67054,0.010916,,,
2.67974,0.0108497,,,
2.68896,0.0109986,,,
2.69822,0.0113533,,,
2.7075,0.0111382,,,
2.71682,0.011417,,,
2.72618,0.0113974,,,
2.73556,0.0113355,,,
2.74498,0.0113707,,,
2.75443,0.0114827,,,
2.76391,0.0114587,,,
2.77342,0.0114105,,,
2.78297,0.0115737,,,
2.79255,0.0116036,,,
2.80216,0.0117429,,,
2.81181,0.0116701,,,
2.82148,0.0116008,,,
2.8312,0.0117697,,,
2.84094,0.0119947,,,
2.85072,0.0119962,,,
2.86053,0.0119581,,,
2.87038,0.0119556,,,
2.88026,0.0120358,,,
2.89018,0.0122556,,,
2.90012,0.0122808,,,
2.91011,0.0121816,,,
2.92013,0.0123235,,,
2.93018,0.0124896,,,
2.94026,0.0123771,,,
2.95038,0.0124463,,,
2.96054,0.0125576,,,
2.97073,0.0127226,,,
2.98096,0.012636,,,
2.99122,0.0129063,,,
3.00151,0.0127526,,,
3.01185,0.0127801,,,
3.02221,0.0129438,,,
3.03262,0.0130616,,,
3.04306,0.0131988,,,
3.05353,0.0131131,,,
3.06404,0.0134123,,,
3.07459,0.0131985,,,
3.08517,0.0134467,,,
3.09579,0.0133639,,,
3.10645,0.0133914,,,
3.11714,0.0134999,,,
3.12787,0.0135442,,,
3.13864,0.0137732,,,
3.14944,0.0137852,,,
3.16028,0.013651,,,
3.17116,0.0139738,,,
3.18208,0.0139602,,,
3.19303,0.0141178,,,
3.20402,0.0140493,,,
3.21505,0.0142309,,,
3.22612,0.0142841,,,
3.23722,0.014084,,,
3.24837,0.0143041,,,
3.25955,0.0142855,,,
3.27077,0.0143091,,,
3.28203,0.0145221,,,
3.29332,0.0146564,,,
3.30466,0.0145676,,,
3.31604,0.0147843,,,
3.32745,0.0147194,,,
3.3389,0.0148281,,,
3.3504,0.0150674,,,
3.36193,0.0149802,,,
3.3735,0.0152263,,,
3.38512,0.0150083,,,
3.39677,0.0153388,,,
3.40846,0.0152869,,,
3.42019,0.0154733,,,
3.43197,0.0155153,,,
3.44378,0.015643,,,
3.45563,0.0156837,,,
3.46753,0.01574,,,
3.47947,0.0156759,,,
3.49144,0.0156537,,,
3.50346,0.0159046,,,
3.51552,0.0158519,,,
3.52762,0.0160913,,,
3.53976,0.0162969,,,
3.55195,0.0162696,,,
3.56418,0.0164402,,,
3.57644,0.0161827,,,
3.58876,0.0165501,,,
3.60111,0.0166105,,,
3.6135,0.0165582,,,
3.62594,0.0166943,,,
3.63842,0.0166277,,,
3.65095,0.0169158,,,
3.66352,0.0172171,,,
3.67613,0.0169395,,,
3.68878,0.0171205,,,
3.70148,0.0171596,,,
3.71422,0.0173803,,,
3.72701,0.0173435,,,
3.73983,0.0173208,,,
3.75271,0.017542,,,
3.76563,0.0177626,,,
3.77859,0.017811,,,
3.79159,0.0177561,,,
3.80465,0.0180565,,,
3.81774,0.0179724,,,
3.83088,0.018161,,,
3.84407,0.0180624,,,
3.8573,0.0181843,,,
3.87058,0.0183598,,,
3.8839,0.0183624,,,
3.89727,0.0185535,,,
3.91069,0.0185886,,,
3.92415,0.0184824,,,
3.93766,0.0187961,,,
3.95121,0.0189045,,,
3.96481,0.0187585,,,
3.97846,0.0191044,,,
3.99216,0.0193962,,,
4.0059,0.0190385,,,
4.01969,0.0192745,,,
4.03352,0.0194461,,,
4.04741,0.0195507,,,
4.06134,0.019604,,,
4.07532,0.0197578,,,
4.08935,0.019887,,,
4.10342,0.0198318,,,
4.11755,0.0199717,,,
4.13172,0.0200975,,,
4.14595,0.0199119,,,
4.16022,0.0201736,,,
4.17454,0.0201025,,,
4.18891,0.0203323,,,
4.20333,0.0204906,,,
4.21779,0.0205128,,,
4.23231,0.0205345,,,
4.24688,0.0205348,,,
4.2615,0.0208369,,,
4.27617,0.0208202,,,
4.29089,0.0209188,,,
4.30566,0.0211285,,,
4.32048,0.0213001,,,
4.33535,0.0213353,,,
4.35028,0.0212441,,,
4.36525,0.0216072,,,
4.38028,0.0215625,,,
4.39535,0.0217013,,,
4.41048,0.0218344,,,
4.42567,0.0219902,,,
4.4409,0.0218926,,,
4.45619,0.0221413,,,
4.47153,0.022484,,,
4.48692,0.0223513,,,
4.50236,0.0222435,,,
4.51786,0.0226699,,,
4.53341,0.0224455,,,
4.54902,0.0228011,,,
4.56468,0.0229693,,,
4.58039,0.0232355,,,
4.59616,0.0229185,,,
4.61198,0.0230338,,,
4.62785,0.0231152,,,
4.64378,0.0233501,,,
4.65977,0.0234809,,,
4.67581,0.023542,,,
4.6919,0.0235216,,,
4.70805,0.0239136,,,
4.72426,0.0236375,,,
4.74052,0.0238503,,,
4.75684,0.0239897,,,
4.77321,0.0241266,,,
4.78964,0.0244624,,,
4.80613,0.0244051,,,
4.82268,0.0244581,,,
4.83928,0.0248235,,,
4.85593,0.024616,,,
4.87265,0.0247205,,,
4.88942,0.0247776,,,
4.90625,0.0252417,,,
4.92314,0.0252842,,,
4.94009,0.0252146,,,
4.95709,0.0249427,,,
4.97416,0.0253316,,,
4.99128,0.0257081,,,
5.00846,0.0256583,,,
5.0257,0.0259317,,,
5.043,0.0258752,,,
5.06036,0.0258864,,,
5.07778,0.0260226,,,
5.09526,0.0261402,,,
5.11279,0.0262029,,,
5.13039,0.0264423,,,
5.14805,0.0267399,,,
5.16578,0.0263919,,,
5.18356,0.0263548,,,
5.2014,0.026917,,,
5.2193,0.0270794,,,
5.23727,0.0270041,,,
5.2553,0.0273901,,,
5.27339,0.0273826,,,
5.29154,0.0273216,,,
5.30976,0.0274762,,,
5.32803,0.027713,,,
5.34637,0.0278316,,,
5.36478,0.0278811,,,
5.38324,0.0281202,,,
5.40177,0.0279906,,,
5.42037,0.0284083,,,
5.43903,0.0283512,,,
5.45775,0.0284112,,,
5.47653,0.0282471,,,
5.49539,0.0285699,,,
5.5143,0.0288016,,,
5.53328,0.0288482,,,
5.55233,0.0288393,,,
5.57144,0.0289754,,,
5.59062,0.0289738,,,
5.60987,0.0291686,,,
5.62918,0.0295346,,,
5.64855,0.0296155,,,
5.668,0.0296665,,,
5.68751,0.0298829,,,
5.70708,0.0298112,,,
5.72673,0.0299303,,,
5.74644,0.0301213,,,
5.76622,0.0300068,,,
5.78607,0.030317,,,
5.80599,0.0302598,,,
5.82597,0.0306826,,,
5.84603,0.0306412,,,
5.86615,0.0308471,,,
5.88634,0.0307598,,,
5.90661,0.0308724,,,
5.92694,0.0310351,,,
5.94734,0.0311329,,,
5.96781,0.0312081,,,
5.98836,0.0309032,,,
6.00897,0.0313705,,,
6.02965,0.0315985,,,
6.05041,0.0316188,,,
6.07124,0.0315942,,,
6.09213,0.0320503,,,
6.1131,0.0320379,,,
6.13415,0.0323668,,,
6.15526,0.0321693,,,
6.17645,0.0324677,,,
6.19771,0.032623,,,
6.21904,0.032593,,,
6.24045,0.0326894,,,
6.26193,0.0327008,,,
6.28349,0.0326995,,,
6.30512,0.0328989,,,
6.32682,0.0331014,,,
6.3486,0.0333438,,,
6.37045,0.0334333,,,
6.39238,0.0331356,,,
6.41439,0.0334583,,,
6.43647,0.0336859,,,
6.45862,0.0335172,,,
6.48085,0.0336822,,,
6.50316,0.0335839,,,
6.52555,0.0340523,,,
6.54801,0.0343852,,,
6.57055,0.0342125,,,
6.59317,0.0344144,,,
6.61586,0.0349182,,,
6.63863,0.0344396,,,
6.66149,0.0345248,,,
6.68442,0.034969,,,
6.70743,0.0348509,,,
6.73051,0.034949,,,
6.75368,0.0349271,,,
6.77693,0.0351475,,,
6.80026,0.0349881,,,
6.82367,0.0351703,,,
6.84715,0.0354274,,,
6.87072,0.0354445,,,
6.89437,0.0356355,,,
6.91811,0.0358835,,,
6.94192,0.0358328,,,
6.96582,0.0360642,,,
6.98979,0.0359514,,,
7.01385,0.035971,,,
7.038,0.0361521,,,
7.06222,0.0360099,,,
7.08653,0.0358487,,,
7.11093,0.0364385,,,
7.13541,0.0365001,,,
7.15997,0.0365209,,,
7.18461,0.0362621,,,
7.20934,0.0365033,,,
7.23416,0.0367399,,,
7.25906,0.0367979,,,
7.28405,0.036961,,,
7.30912,0.0370733,,,
7.33428,0.0372654,,,
7.35953,0.0371804,,,
7.38486,0.037248,,,
7.41028,0.0374674,,,
7.43579,0.0375548,,,
7.46139,0.0376711,,,
7.48707,0.037619,,,
7.51284,0.037569,,,
7.5387,0.0379254,,,
7.56465,0.0378443,,,
7.59069,0.0379065,,,
7.61682,0.0381092,,,
7.64304,0.0381958,,,
7.66935,0.0380662,,,
7.69575,0.0378734,,,
7.72224,0.0382731,,,
7.74882,0.0383836,,,
7.77549,0.0385296,,,
7.80226,0.0387169,,,
7.82912,0.0388863,,,
7.85607,0.0389507,,,
7.88311,0.0386699,,,
7.91024,0.0389777,,,
7.93747,0.0391393,,,
7.96479,0.0392455,,,
7.99221,0.0389387,,,
8.01972,0.0391967,,,
8.04733,0.0392855,,,
8.07503,0.0392381,,,
8.10283,0.0393345,,,
8.13072,0.039142,,,
8.1587,0.0393168,,,
8.18679,0.0392849,,,
8.21497,0.0393253,,,
8.24325,0.0396563,,,
8.27162,0.0393991,,,
8.3001,0.03947,,,
8.32867,0.0395332,,,
8.35734,0.0399214,,,
8.3861,0.0393047,,,
8.41497,0.0395858,,,
8.44394,0.0399812,,,
8.473,0.0400207,,,
8.50217,0.0399168,,,
8.53143,0.0401175,,,
8.5608,0.0400423,,,
8.59027,0.0400382,,,
8.61984,0.0401989,,,
8.64951,0.0403369,,,
8.67928,0.0402948,,,
8.70916,0.0403081,,,
8.73914,0.0404485,,,
8.76922,0.0403413,,,
8.79941,0.0403922,,,
8.8297,0.0407355,,,
8.86009,0.040263,,,
8.89059,0.0407625,,,
8.92119,0.0403709,,,
8.9519,0.0410077,,,
8.98272,0.0410264,,,
9.01364,0.0409173,,,
9.04466,0.0407823,,,
9.0758,0.0407734,,,
9.10704,0.040704,,,
9.13839,0.041263,,,
9.16984,0.0408672,,,
9.20141,0.0408424,,,
9.23308,0.0406976,,,
9.26486,0.0409713,,,
9.29676,0.0410926,,,
9.32876,0.0411653,,,
9.36087,0.0412272,,,
9.39309,0.0415691,,,
9.42542,0.0412089,,,
9.45787,0.0412118,,,
9.49042,0.0414811,,,
9.52309,0.0412341,,,
9.55587,0.0411856,,,
9.58877,0.0411409,,,
9.62177,0.0412357,,,
9.65489,0.0411123,,,
9.68813,0.0415832,,,
9.72148,0.0414094,,,
9.75494,0.0413845,,,
9.78852,0.0411136,,,
9.82221,0.0415987,,,
9.85602,0.0413169,,,
9.88995,0.0415361,,,
9.92399,0.0417777,,,
9.95816,0.0416479,,,
9.99243,0.0414647,,,
10.0268,0.0414574,,,
10.0613,0.0413125,,,
10.096,0.0414025,,,
10.1307,0.041389,,,
10.1656,0.0416444,,,
10.2006,0.0413741,,,
10.2357,0.0416958,,,
10.2709,0.0416791,,,
10.3063,0.0411317,,,
10.3418,0.0417709,,,
10.3774,0.0414911,,,
10.4131,0.0412066,,,
10.4489,0.0415303,,,
10.4849,0.0414812,,,
10.521,0.0412206,,,
10.5572,0.0410801,,,
10.5936,0.0413802,,,
10.63,0.041344,,,
10.6666,0.0414718,,,
10.7033,0.0416564,,,
10.7402,0.0415473,,,
10.7771,0.0415013,,,
10.8142,0.0412876,,,
10.8515,0.0411451,,,
10.8888,0.0411181,,,
10.9263,0.0413824,,,
10.9639,0.0412848,,,
11.0016,0.0411967,,,
11.0395,0.0412805,,,
11.0775,0.0411634,,,
11.1156,0.0415566,,,
11.1539,0.0414183,,,
11.1923,0.0413868,,,
11.2308,0.0410739,,,
11.2695,0.0413632,,,
11.3083,0.0408325,,,
11.3472,0.0410069,,,
11.3863,0.0411859,,,
11.4255,0.0407447,,,
11.4648,0.0411729,,,
11.5043,0.0408174,,,
11.5439,0.0409211,,,
11.5836,0.0405513,,,
11.6235,0.0404008,,,
11.6635,0.040987,,,
11.7036,0.0408475,,,
11.7439,0.0407182,,,
11.7843,0.0408912,,,
11.8249,0.0408035,,,
11.8656,0.0405616,,,
11.9065,0.0402179,,,
11.9474,0.040286,,,
11.9886,0.0406386,,,
12.0298,0.0405316,,,
12.0712,0.0406198,,,
12.1128,0.0404258,,,
12.1545,0.0399562,,,
12.1963,0.0400029,,,
12.2383,0.0401062,,,
12.2804,0.039881,,,
12.3227,0.0401729,,,
12.3651,0.0399588,,,
12.4077,0.0399208,,,
12.4504,0.0394829,,,
12.4933,0.0398298,,,
12.5363,0.0401707,,,
12.5794,0.0400781,,,
12.6227,0.0396251,,,
12.6662,0.0394334,,,
12.7098,0.0390814,,,
12.7535,0.0390937,,,
12.7974,0.0395023,,,
12.8415,0.0392747,,,
12.8857,0.0392694,,,
12.93,0.0390486,,,
12.9745,0.0388559,,,
13.0192,0.0391483,,,
13.064,0.0390103,,,
13.109,0.0392794,,,
13.1541,0.0389925,,,
13.1994,0.0383804,,,
13.2448,0.0392265,,,
13.2904,0.038751,,,
13.3362,0.0388088,,,
13.3821,0.0383263,,,
13.4281,0.0382847,,,
13.4743,0.0383287,,,
13.5207,0.0382111,,,
13.5673,0.0380896,,,
13.614,0.0380476,,,
13.6608,0.0380889,,,
13.7079,0.03823,,,
13.755,0.037641,,,
13.8024,0.0381115,,,
13.8499,0.0374831,,,
13.8976,0.0379185,,,
13.9454,0.0373453,,,
13.9934,0.0374666,,,
14.0416,0.037384,,,
14.0899,0.0373562,,,
14.1384,0.0370416,,,
14.1871,0.0372176,,,
14.2359,0.0369498,,,
14.2849,0.0369742,,,
14.3341,0.0370397,,,
14.3834,0.0368208,,,
14.433,0.0366256,,,
14.4826,0.0365864,,,
14.5325,0.0364089,,,
14.5825,0.036547,,,
14.6327,0.0362011,,,
14.6831,0.0361041,,,
14.7336,0.0361025,,,
14.7843,0.0359383,,,
14.8352,0.0358955,,,
14.8863,0.035735,,,
14.9375,0.0352835,,,
14.989,0.035264,,,
15.0406,0.0353328,,,
15.0923,0.0351475,,,
15.1443,0.0350925,,,
15.1964,0.0352614,,,
15.2487,0.0350212,,,
15.3012,0.035035,,,
15.3539,0.0349069,,,
15.4067,0.0346263,,,
15.4598,0.0344025,,,
15.513,0.0346291,,,
15.5664,0.0342796,,,
15.62,0.0340604,,,
15.6737,0.0338562,,,
15.7277,0.0342746,,,
15.7818,0.0340662,,,
15.8361,0.0335929,,,
15.8907,0.0339087,,,
15.9454,0.033467,,,
16.0002,0.033463,,,
16.0553,0.033733,,,
16.1106,0.0332708,,,
16.166,0.033517,,,
16.2217,0.0331624,,,
16.2775,0.0329269,,,
16.3336,0.032751,,,
16.3898,0.0329653,,,
16.4462,0.0327616,,,
16.5028,0.0324031,,,
16.5596,0.0327541,,,
16.6166,0.0325274,,,
16.6738,0.0322747,,,
16.7312,0.0321026,,,
16.7888,0.0317813,,,
16.8466,0.0319628,,,
16.9046,0.0318065,,,
16.9628,0.0315988,,,
17.0212,0.0314821,,,
17.0798,0.0310077,,,
17.1385,0.0313234,,,
17.1975,0.0309409,,,
17.2567,0.031245,,,
17.3161,0.0310583,,,
17.3757,0.0306582,,,
17.4356,0.0308622,,,
17.4956,0.0305078,,,
17.5558,0.0304852,,,
17.6162,0.0301054,,,
17.6769,0.0301399,,,
17.7377,0.0299112,,,
17.7988,0.0299515,,,
17.86,0.0297374,,,
17.9215,0.02959,,,
17.9832,0.0297291,,,
18.0451,0.0294023,,,
18.1072,0.0291752,,,
18.1696,0.0289071,,,
18.2321,0.0293942,,,
18.2949,0.0286788,,,
18.3578,0.0289678,,,
18.421,0.0287392,,,
18.4844,0.0286943,,,
18.5481,0.0287346,,,
18.6119,0.0279502,,,
18.676,0.02825,,,
18.7403,0.0280539,,,
18.8048,0.0277711,,,
18.8695,0.028157,,,
18.9345,0.0274502,,,
18.9996,0.027884,,,
19.065,0.0277669,,,
19.1307,0.0274121,,,
19.1965,0.0275812,,,
19.2626,0.0272566,,,
19.3289,0.0269793,,,
19.3954,0.02712,,,
19.4622,0.0267383,,,
19.5292,0.0266655,,,
19.5964,0.0267166,,,
19.6639,0.0265129,,,
19.7316,0.0266392,,,
19.7995,0.0259788,,,
19.8676,0.0256263,,,
19.936,0.0260271,,,
20.0046,0.0260442,,,
20.0735,0.0255762,,,
20.1426,0.0255667,,,
20.2119,0.0257233,,,
20.2815,0.0255718,,,
20.3513,0.0252508,,,
20.4214,0.0252028,,,
20.4917,0.0248172,,,
20.5622,0.0247576,,,
20.633,0.0245225,,,
20.704,0.0246371,,,
20.7753,0.0241433,,,
20.8468,0.0245644,,,
20.9186,0.0244413,,,
20.9906,0.0241864,,,
21.0628,0.0238566,,,
21.1353,0.0238846,,,
21.2081,0.0238841,,,
21.2811,0.0234114,,,
21.3543,0.0235281,,,
21.4278,0.0234285,,,
21.5016,0.0231851,,,
21.5756,0.0233129,,,
21.6499,0.0228463,,,
21.7244,0.0228056,,,
21.7992,0.0229297,,,
21.8742,0.0227219,,,
21.9495,0.022372,,,
22.0251,0.0225519,,,
22.1009,0.0227186,,,
22.177,0.0223081,,,
22.2533,0.022216,,,
22.3299,0.0219936,,,
22.4068,0.0217779,,,
22.4839,0.0217133,,,
22.5613,0.0214423,,,
22.6389,0.0214397,,,
22.7169,0.0213252,,,
22.7951,0.021097,,,
22.8735,0.0210798,,,
22.9523,0.0210641,,,
23.0313,0.0208483,,,
23.1106,0.0206865,,,
23.1901,0.0206301,,,
23.2699,0.0205639,,,
23.35,0.020517,,,
23.4304,0.0205736,,,
23.5111,0.020212,,,
23.592,0.0202738,,,
23.6732,0.020087,,,
23.7547,0.0198938,,,
23.8365,0.0197952,,,
23.9185,0.0197022,,,
24.0008,0.0197049,,,
24.0835,0.0194355,,,
24.1664,0.0193427,,,
24.2496,0.019334,,,
24.333,0.0189948,,,
24.4168,0.0192493,,,
24.5008,0.0189373,,,
24.5852,0.0188403,,,
24.6698,0.0186178,,,
24.7547,0.0185481,,,
24.8399,0.0185009,,,
24.9254,0.0184866,,,
25.0112,0.018424,,,
25.0973,0.018223,,,
25.1837,0.0183017,,,
25.2704,0.0179535,,,
25.3574,0.0178298,,,
25.4447,0.0177449,,,
25.5323,0.0178084,,,
25.6202,0.0173777,,,
25.7083,0.0173777,,,
25.7968,0.017316,,,
25.8856,0.0172089,,,
25.9747,0.0172994,,,
26.0641,0.017049,,,
26.1539,0.0170725,,,
26.2439,0.0167261,,,
26.3342,0.0169184,,,
26.4249,0.0165219,,,
26.5158,0.0167312,,,
26.6071,0.0163548,,,
26.6987,0.0162639,,,
26.7906,0.0162508,,,
26.8828,0.0160551,,,
26.9754,0.0159264,,,
27.0682,0.0159202,,,
27.1614,0.0158451,,,
27.2549,0.0158236,,,
27.3487,0.0158166,,,
27.4428,0.0157639,,,
27.5373,0.0156026,,,
27.6321,0.0154033,,,
27.7272,0.0151471,,,
27.8227,0.0151469,,,
27.9184,0.0151673,,,
28.0145,0.0150235,,,
28.111,0.0148776,,,
28.2077,0.0147927,,,
28.3048,0.0148142,,,
28.4023,0.0146181,,,
28.5,0.0144726,,,
28.5981,0.014393,,,
28.6966,0.0142531,,,
28.7954,0.0142581,,,
28.8945,0.0143167,,,
28.9939,0.0141169,,,
29.0937,0.0139818,,,
29.1939,0.0140548,,,
29.2944,0.0137745,,,
29.3952,0.0138699,,,
29.4964,0.0135598,,,
29.5979,0.0136571,,,
29.6998,0.0133625,,,
29.802,0.0135532,,,
29.9046,0.0133241,,,
30.0076,0.0132894,,,
30.1109,0.0131105,,,
30.2145,0.0130876,,,
30.3185,0.0131472,,,
30.4229,0.0129156,,,
30.5276,0.0126844,,,
30.6327,0.0127873,,,
30.7381,0.0126005,,,
30.8439,0.0123572,,,
30.9501,0.0126024,,,
31.0566,0.0122286,,,
31.1636,0.0122905,,,
31.2708,0.0120779,,,
31.3785,0.0121498,,,
31.4865,0.0120485,,,
31.5949,0.0119926,,,
31.7036,0.0119403,,,
31.8128,0.0117635,,,
31.9223,0.0117187,,,
32.0321,0.0116402,,,
32.1424,0.0115247,,,
32.253,0.0114542,,,
32.3641,0.0113184,,,
32.4755,0.0113521,,,
32.5873,0.0112448,,,
32.6994,0.0111894,,,
32.812,0.0108679,,,
32.9249,0.0109808,,,
33.0383,0.0108254,,,
33.152,0.0110962,,,
33.2661,0.0106811,,,
33.3806,0.0106545,,,
33.4955,0.0106573,,,
33.6108,0.0104095,,,
33.7265,0.0103763,,,
33.8426,0.0103016,,,
33.9591,0.0103897,,,
34.076,0.0102755,,,
34.1933,0.0101971,,,
34.311,0.0099268,,,
34.4291,0.00981443,,,
34.5476,0.00970094,,,
34.6665,0.0098644,,,
34.7859,0.00964161,,,
34.9056,0.00964753,,,
35.0258,0.00942275,,,
35.1463,0.00949789,,,
35.2673,0.00939601,,,
35.3887,0.00933953,,,
35.5105,0.00929453,,,
35.6328,0.00930695,,,
35.7554,0.00914615,,,
35.8785,0.00907973,,,
36.002,0.00887342,,,
36.1259,0.00909359,,,
36.2503,0.00889518,,,
36.3751,0.00870654,,,
36.5003,0.00875416,,,
36.6259,0.00869477,,,
36.752,0.00848016,,,
36.8785,0.00862179,,,
37.0054,0.00844305,,,
37.1328,0.00836597,,,
37.2606,0.00835285,,,
37.3889,0.0081958,,,
37.5176,0.00815562,,,
37.6468,0.0081973,,,
37.7763,0.00809787,,,
37.9064,0.0078812,,,
38.0369,0.00780988,,,
38.1678,0.00791787,,,
38.2992,0.00775296,,,
38.431,0.00765883,,,
38.5633,0.00753458,,,
38.696,0.00740194,,,
38.8292,0.0073653,,,
38.9629,0.00737219,,,
39.097,0.0074642,,,
39.2316,0.00724557,,,
39.3666,0.00713843,,,
39.5022,0.00707564,,,
39.6381,0.00709082,,,
39.7746,0.00693611,,,
39.9115,0.00690681,,,
40.0489,0.00695081,,,
40.1867,0.00677936,,,
40.3251,0.00672852,,,
40.4639,0.00660564,,,
40.6032,0.00664787,,,
40.7429,0.00655984,,,
40.8832,0.00649183,,,
41.0239,0.00640024,,,
41.1651,0.00643016,,,
41.3068,0.00627931,,,
41.449,0.00620336,,,
41.5917,0.00613764,,,
41.7348,0.00608464,,,
41.8785,0.00617268,,,
42.0227,0.00595077,,,
42.1673,0.00604354,,,
42.3125,0.00587421,,,
42.4581,0.00584806,,,
42.6043,0.00572796,,,
42.7509,0.00572807,,,
42.8981,0.00568442,,,
43.0457,0.00555829,,,
43.1939,0.00553478,,,
43.3426,0.00541439,,,
43.4918,0.00549903,,,
43.6415,0.00531434,,,
43.7917,0.00527197,,,
43.9425,0.0053523,,,
44.0937,0.00528794,,,
44.2455,0.00514409,,,
44.3978,0.0051421,,,
44.5506,0.00513516,,,
44.704,0.00502962,,,
44.8579,0.00505422,,,
45.0123,0.00488421,,,
45.1672,0.0048503,,,
45.3227,0.00479336,,,
45.4787,0.00472574,,,
45.6353,0.00461215,,,
45.7923,0.0047094,,,
45.95,0.00470256,,,
46.1081,0.00443622,,,
46.2669,0.00454992,,,
46.4261,0.00453279,,,
46.5859,0.00440271,,,
46.7463,0.00433434,,,
46.9072,0.00441514,,,
47.0687,0.00439375,,,
47.2307,0.00413846,,,
47.3933,0.00418674,,,
47.5564,0.0041895,,,
47.7201,0.00404703,,,
47.8844,0.00414007,,,
48.0492,0.00406318,,,
48.2146,0.00401606,,,
48.3806,0.00387242,,,
48.5471,0.00403208,,,
48.7142,0.00383362,,,
48.8819,0.00386181,,,
49.0501,0.00382488,,,
49.219,0.00376647,,,
49.3884,0.00373211,,,
49.5584,0.00360149,,,
49.729,0.00367995,,,
49.9002,0.00363105,,,
50.072,0.00356684,,,
50.2443,0.00354177,,,
50.4173,0.00348729,,,
50.5908,0.00341344,,,
50.765,0.00336062,,,
50.9397,0.00338507,,,
51.1151,0.00330817,,,
51.291,0.00335185,,,
51.4676,0.00325784,,,
51.6447,0.00318341,,,
51.8225,0.00320706,,,
52.0009,0.00319285,,,
52.1799,0.00306364,,,
52.3595,0.00309824,,,
52.5397,0.0030089,,,
52.7206,0.00300876,,,
52.9021,0.00296978,,,
53.0842,0.00292444,,,
53.2669,0.00289204,,,
53.4502,0.00291046,,,
53.6342,0.00281949,,,
53.8188,0.00284697,,,
54.0041,0.00286436,,,
54.19,0.00275516,,,
54.3765,0.00272321,,,
54.5637,0.00270066,,,
54.7515,0.00268201,,,
54.94,0.00263788,,,
55.1291,0.00257175,,,
55.3189,0.00255464,,,
55.5093,0.00256753,,,
55.7004,0.00255858,,,
55.8921,0.0025218,,,
56.0845,0.0025209,,,
56.2776,0.00242719,,,
56.4713,0.002471,,,
56.6657,0.00234322,,,
56.8607,0.00231199,,,
57.0565,0.00234884,,,
57.2529,0.00227145,,,
57.4499,0.0022301,,,
57.6477,0.00222827,,,
57.8461,0.00219447,,,
58.0452,0.00224566,,,
58.245,0.00219994,,,
58.4455,0.00214071,,,
58.6467,0.00204749,,,
58.8486,0.00210459,,,
59.0512,0.00208378,,,
59.2544,0.00200977,,,
59.4584,0.00201403,,,
59.6631,0.0020382,,,
59.8684,0.00196646,,,
60.0745,0.00196126,,,
60.2813,0.00189592,,,
60.4888,0.00192454,,,
60.697,0.00189182,,,
60.906,0.00186282,,,
61.1156,0.0018334,,,
61.326,0.00178958,,,
61.5371,0.00181134,,,
61.7489,0.00176446,,,
61.9615,0.00173397,,,
62.1748,0.00169467,,,
62.3888,0.00173626,,,
62.6035,0.00167236,,,
62.819,0.00169226,,,
63.0353,0.00162121,,,
63.2522,0.00163855,,,
63.47,0.00161038,,,
63.6885,0.00157031,,,
63.9077,0.00158627,,,
64.1277,0.00155862,,,
64.3484,0.00150787,,,
64.5699,0.00146726,,,
64.7922,0.0014565,,,
65.0152,0.00144763,,,
65.239,0.00145881,,,
65.4636,0.00143438,,,
65.6889,0.00135589,,,
65.915,0.00143219,,,
66.1419,0.00143287,,,
66.3696,0.00133222,,,
66.5981,0.00133202,,,
66.8273,0.0013318,,,
67.0573,0.00133117,,,
67.2882,0.00129098,,,
67.5198,0.00125893,,,
67.7522,0.00127158,,,
67.9854,0.00124849,,,
68.2194,0.00123248,,,
68.4543,0.00121277,,,
68.6899,0.00120011,,,
68.9264,0.00120514,,,
69.1636,0.00121333,,,
69.4017,0.00118606,,,
69.6406,0.00117134,,,
69.8803,0.00115786,,,
70.1209,0.00114993,,,
70.3622,0.00112044,,,
70.6044,0.00109009,,,
70.8475,0.0010752,,,
71.0913,0.00110563,,,
71.336,0.00109009,,,
71.5816,0.00106847,,,
71.828,0.00105342,,,
72.0753,0.00103386,,,
72.3234,0.00102514,,,
72.5723,0.00103633,,,
72.8221,0.00103527,,,
73.0728,0.00105136,,,
73.3243,0.0010262,,,
73.5767,0.00104071,,,
73.83,0.000996949,,,
74.0841,0.00101249,,,
74.3391,0.00100934,,,
74.595,0.000976487,,,
74.8518,0.000957484,,,
75.1095,0.000957522,,,
75.368,0.000958263,,,
75.6274,0.000943512,,,
75.8878,0.000923428,,,
76.149,0.000923758,,,
76.4111,0.000972881,,,
76.6741,0.000938468,,,
76.9381,0.000905997,,,
77.2029,0.000920815,,,
77.4687,0.00088221,,,
77.7353,0.000902461,,,
78.0029,0.000871654,,,
78.2714,0.000862747,,,
78.5408,0.000882244,,,
78.8112,0.000898834,,,
79.0825,0.000885894,,,
79.3547,0.000861708,,,
79.6279,0.000906304,,,
79.902,0.000834132,,,
80.177,0.00090057,,,
80.453,0.000894518,,,
80.7299,0.00088361,,,
81.0078,0.000876644,,,
81.2867,0.000812585,,,
81.5665,0.00082134,,,
81.8472,0.000838598,,,
82.129,0.000832731,,,
82.4117,0.000806854,,,
82.6954,0.000780398,,,
82.98,0.000777996,,,
83.2656,0.000795963,,,
83.5523,0.000853196,,,
83.8399,0.000813975,,,
84.1285,0.000829842,,,
84.4181,0.000787408,,,
84.7086,0.00077645,,,
85.0002,0.000797713,,,
85.2928,0.000808755,,,
85.5864,0.000778087,,,
85.881,0.000750782,,,
86.1767,0.000819875,,,
86.4733,0.000793054,,,
86.771,0.000783547,,,
87.0696,0.000762545,,,
87.3693,0.000750278,,,
87.6701,0.000821445,,,
87.9719,0.00078144,,,
88.2747,0.000770918,,,
88.5786,0.000720496,,,
88.8835,0.000749912,,,
89.1894,0.000760833,,,
89.4964,0.000724278,,,
89.8045,0.000749523,,,
90.1136,0.000778821,,,
90.4238,0.000753607,,,
90.7351,0.000748606,,,
91.0474,0.000771551,,,
91.3608,0.000747666,,,
91.6753,0.000725351,,,
91.9909,0.000714843,,,
92.3075,0.00072347,,,
92.6253,0.000715458,,,
92.9441,0.000738176,,,
93.264,0.000755454,,,
93.5851,0.000743752,,,
93.9072,0.000732212,,,
94.2305,0.000711903,,,
94.5548,0.000723625,,,
94.8803,0.000718057,,,
95.2069,0.000709308,,,
95.5346,0.00075,,,
95.8635,0.000712769,,,
96.1935,0.000694815,,,
96.5246,0.000702718,,,
96.8568,0.000693211,,,
97.1902,0.000738677,,,
97.5248,0.000699098,,,
97.8605,0.000686952,,,
98.1974,0.000702646,,,
98.5354,0.000697261,,,
98.8746,0.000666751,,,
99.2149,0.000669701,,,
99.5564,0.000657093,,,
99.8991,0.000702356,,,
100.243,0.000670943,,,
100.588,0.000632467,,,
100.934,0.000669874,,,
101.282,0.000699324,,,
101.63,0.000688038,,,
101.98,0.000667631,,,
102.331,0.000662996,,,
102.684,0.000719461,,,
103.037,0.000631086,,,
103.392,0.00063542,,,
103.748,0.000593865,,,
104.105,0.000664992,,,
104.463,0.000631868,,,
104.823,0.000643946,,,
105.183,0.000636225,,,
105.545,0.000622821,,,
105.909,0.000605821,,,
106.273,0.000638438,,,
106.639,0.000626255,,,
107.006,0.000634757,,,
107.375,0.000591994,,,
107.744,0.000588713,,,
108.115,0.000564584,,,
108.487,0.000546143,,,
108.861,0.000590719,,,
109.235,0.000601711,,,
109.611,0.00060736,,,
109.989,0.00057835,,,
110.367,0.000550896,,,
110.747,0.000553609,,,
111.128,0.000509199,,,
111.511,0.000512748,,,
111.895,0.000497324,,,
112.28,0.000456134,,,
112.666,0.000486789,,,
113.054,0.000439202,,,
113.443,0.000476991,,,
113.834,0.000417448,,,
114.226,0.00041193,,,
114.619,0.000400553,,,
115.014,0.000399761,,,
115.409,0.000364556,,,
115.807,0.000378393,,,
116.205,0.000365175,,,
116.605,0.000353416,,,
117.007,0.000292025,,,
117.41,0.000290966,,,
117.814,0.000259645,,,
118.219,0.000221375,,,
118.626,0.000217485,,,
119.034,0.000192209,,,
119.444,0.000181265,,,
119.855,0.000136306,,,
120.268,0.000150945,,,
120.682,0.000122189,,,
121.097,0.000103071,,,
121.514,8.70E-05,,,
121.932,8.96E-05,,,
122.352,8.03E-05,,,
122.773,6.69E-05,,,
123.196,4.78E-05,,,
123.62,3.07E-05,,,
124.046,3.22E-05,,,
124.473,3.91E-05,,,
124.901,1.97E-05,,,
125.331,1.77E-05,,,
125.762,2.17E-05,,,
126.195,1.71E-05,,,
126.63,1.35E-05,,,
127.066,8.79E-06,,,
127.503,7.54E-06,,,
127.942,8.19E-06,,,
128.382,7.52E-06,,,
128.824,5.67E-06,,,
129.268,5.86E-06,,,
129.713,4.68E-06,,,
130.159,3.36E-06,,,
130.607,2.66E-06,,,
131.057,1.89E-06,,,
131.508,2.09E-06,,,
131.961,2.25E-06,,,
132.415,4.37E-06,,,
132.871,1.86E-06,,,
133.328,2.42E-06,,,
133.787,4.17E-06,,,
134.247,9.30E-07,,,
134.709,3.98E-06,,,
135.173,9.64E-07,,,
135.638,2.14E-06,,,
136.105,1.92E-06,,,
136.574,9.30E-07,,,
137.044,1.01E-07,,,
137.516,2.97E-06,,,
137.989,2.03E-07,,,
138.464,3.18E-06,,,
138.941,1.69E-07,,,
139.419,2.39E-06,,,
139.899,1.88E-06,,,
140.38,1.01E-07,,,
140.864,2.58E-06,,,
141.349,1.09E-06,,,
141.835,2.61E-07,,,
142.323,1.83E-06,,,
142.813,6.77E-08,,,
143.305,5.89E-07,,,
143.798,7.61E-07,,,
144.293,1.88E-06,,,
144.79,8.63E-07,,,
145.288,5.68E-07,,,
145.788,5.68E-07,,,
146.29,1.52E-06,,,
146.794,1.01E-07,,,
147.299,1.02E-06,,,
147.806,7.95E-07,,,
148.315,1.01E-07,,,
148.825,3.38E-08,,,
149.338,9.30E-07,,,
149.852,8.29E-07,,,
150.368,7.95E-07,,,
150.885,2.59E-06,,,
151.405,1.33E-06,,,
151.926,1.01E-07,,,
152.449,1.01E-07,,,
152.973,1.07E-06,,,
153.5,0,,,
154.028,1.02E-06,,,
154.559,6.77E-08,,,
155.091,7.61E-07,,,
155.624,0,,,
156.16,7.61E-07,,,
156.698,6.77E-08,,,
157.237,0,,,
157.778,3.38E-08,,,
158.321,1.02E-06,,,
158.866,8.29E-07,,,
159.413,5.68E-07,,,
159.962,0,,,
160.513,0,,,
161.065,8.29E-07,,,
161.62,0,,,
162.176,2.61E-07,,,
162.734,5.35E-07,,,
163.294,5.35E-07,,,
163.856,5.68E-07,,,
164.42,7.95E-07,,,
164.986,6.77E-08,,,
165.554,0,,,
166.124,0,,,
166.696,0,,,
167.27,0,,,
167.846,3.38E-08,,,
168.423,5.35E-07,,,
169.003,0,,,
169.585,2.61E-07,,,
170.169,2.09E-06,,,
170.754,5.35E-07,,,
171.342,0,,,
171.932,7.61E-07,,,
172.524,1.52E-06,,,
173.118,0,,,
173.714,0,,,
174.312,5.35E-07,,,
174.912,5.35E-07,,,
175.514,0,,,
176.118,0,,,
176.724,0,,,
177.332,5.35E-07,,,
177.943,5.35E-07,,,
178.555,5.35E-07,,,
179.17,0,,,
179.787,0,,,
180.406,7.61E-07,,,
181.027,0,,,
181.65,0,,,
182.275,5.35E-07,,,
182.902,0,,,
183.532,0,,,
184.164,0,,,
184.798,0,,,
185.434,0,,,
186.072,0,,,
186.713,0,,,
187.355,0,,,
188,0,,,
188.647,0,,,
189.297,0,,,
189.948,0,,,
190.602,0,,,
191.258,5.35E-07,,,
191.917,0,,,
192.577,0,,,
193.24,0,,,
193.905,0,,,
194.573,0,,,
195.243,0,,,
195.915,0,,,
196.589,0,,,
197.266,0,,,
197.945,0,,,
198.626,0,,,
199.31,0,,,
199.996,5.35E-07,,,
200.684,0,,,
201.375,0,,,
202.068,0,,,
202.764,0,,,
203.462,5.35E-07,,,
204.162,5.35E-07,,,
204.865,0,,,
205.57,0,,,
206.278,0,,,
206.988,0,,,
207.7,0,,,
208.415,5.35E-07,,,
209.133,0,,,
209.853,5.35E-07,,,
210.575,0,,,
211.3,5.35E-07,,,
212.027,0,,,
212.757,0,,,
213.489,0,,,
214.224,0,,,
214.962,0,,,
215.702,5.35E-07,,,
216.444,0,,,
217.189,0,,,
217.937,0,,,
218.687,0,,,
219.44,5.35E-07,,,
220.195,5.35E-07,,,
220.953,0,,,
221.714,0,,,
222.477,7.41E-07,,,
223.243,0,,,
224.011,0,,,
224.782,0,,,
225.556,5.35E-07,,,
226.332,5.35E-07,,,
227.111,0,,,
227.893,5.35E-07,,,
228.678,0,,,
229.465,0,,,
230.255,0,,,
231.047,0,,,
231.843,7.41E-07,,,
232.641,0,,,
233.441,0,,,
234.245,0,,,
235.051,0,,,
235.86,0,,,
236.672,0,,,
237.487,7.41E-07,,,
238.304,0,,,
239.125,0,,,
239.948,0,,,
240.774,0,,,
241.603,0,,,
242.434,0,,,
243.269,0,,,
244.106,0,,,
244.946,0,,,
245.79,0,,,
246.636,7.41E-07,,,
247.485,0,,,
248.337,0,,,
249.191,0,,,
250.049,0,,,
250.91,0,,,
251.774,0,,,
252.64,0,,,
253.51,0,,,
254.383,0,,,
255.258,0,,,
256.137,0,,,
257.019,0,,,
257.903,7.41E-07,,,
258.791,0,,,
259.682,0,,,
260.576,0,,,
261.473,0,,,
262.373,0,,,
263.276,0,,,
264.182,0,,,
265.092,0,,,
266.004,0,,,
266.92,0,,,
267.838,0,,,
268.76,0,,,
269.686,0,,,
270.614,0,,,
271.545,0,,,
272.48,0,,,
273.418,0,,,
274.359,0,,,
275.304,0,,,
276.251,0,,,
277.202,0,,,
278.156,0,,,
279.114,0,,,
280.075,0,,,
281.039,0,,,
282.006,0,,,
282.977,0,,,
283.951,0,,,
284.928,0,,,
285.909,0,,,
286.893,0,,,
287.881,0,,,
288.872,0,,,
289.866,0,,,
290.864,0,,,
291.865,0,,,
292.87,0,,,
293.878,0,,,
294.89,0,,,
295.905,0,,,
296.923,0,,,
297.945,0,,,
298.971,0,,,
