0.01,5.76E-05,2.6,0,1
0.0100344,5.79E-05,,1.5,0.662
0.010069,7.26E-05,,3,0.313
0.0101036,5.05E-05,,4.5,0.139
0.0101384,6.33E-05,,7,0.015
0.0101733,7.59E-05,,,
0.0102083,3.85E-05,,,
0.0102435,7.87E-05,,,
0.0102787,6.00E-05,,,
0.0103141,9.04E-05,,,
0.0103496,9.79E-05,,,
0.0103852,7.87E-05,,,
0.010421,7.91E-05,,,
0.0104568,0.000107257,,,
0.0104928,0.00022363,,,
0.010529,0.000221037,,,
0.0105652,0.000195283,,,
0.0106016,0.000240688,,,
0.0106381,0.00025589,,,
0.0106747,0.000234316,,,
0.0107114,0.000256949,,,
0.0107483,0.000290545,,,
0.0107853,0.00027929,,,
0.0108224,0.000324174,,,
0.0108597,0.00032324,,,
0.0108971,0.00032195,,,
0.0109346,0.000418827,,,
0.0109722,0.000721488,,,
0.01101,0.000891791,,,
0.0110479,0.00105255,,,
0.0110859,0.00353652,,,
0.0111241,0.0047029,,,
0.0111624,0.00485947,,,
0.0112008,0.00487851,,,
0.0112393,0.00480714,,,
0.011278,0.00492134,,,
0.0113168,0.00484787,,,
0.0113558,0.00460811,,,
0.0113949,0.00453331,,,
0.0114341,0.00474252,,,
0.0114735,0.00464563,,,
0.011513,0.00452753,,,
0.0115526,0.00471915,,,
0.0115924,0.0045383,,,
0.0116323,0.00456724,,,
0.0116723,0.00445087,,,
0.0117125,0.00445447,,,
0.0117528,0.0046272,,,
0.0117933,0.00448481,,,
0.0118339,0.00444977,,,
0.0118746,0.00439292,,,
0.0119155,0.00437958,,,
0.0119565,0.0045306,,,
0.0119976,0.00419727,,,
0.0120389,0.00433306,,,
0.0120804,0.00424133,,,
0.012122,0.00406195,,,
0.0121637,0.00421025,,,
0.0122056,0.0044114,,,
0.0122476,0.00417435,,,
0.0122897,0.00506883,,,
0.012332,0.00430533,,,
0.0123745,0.00392246,,,
0.0124171,0.00426011,,,
0.0124598,0.00435215,,,
0.0125027,0.00413108,,,
0.0125458,0.00400119,,,
0.0125889,0.00405699,,,
0.0126323,0.00388995,,,
0.0126758,0.00398169,,,
0.0127194,0.00383046,,,
0.0127632,0.00396334,,,
0.0128071,0.00392524,,,
0.0128512,0.00377763,,,
0.0128954,0.00391033,,,
0.0129398,0.00399847,,,
0.0129844,0.00382695,,,
0.0130291,0.00374713,,,
0.0130739,0.00379805,,,
0.0131189,0.00366666,,,
0.0131641,0.00378671,,,
0.0132094,0.00374156,,,
0.0132548,0.00355908,,,
0.0133005,0.00363734,,,
0.0133463,0.00343227,,,
0.0133922,0.00352666,,,
0.0134383,0.00362016,,,
0.0134846,0.0035479,,,
0.013531,0.00349053,,,
0.0135775,0.00354214,,,
0.0136243,0.00357749,,,
0.0136712,0.00343217,,,
0.0137182,0.00332207,,,
0.0137655,0.00326663,,,
0.0138128,0.00344809,,,
0.0138604,0.00338995,,,
0.0139081,0.00327043,,,
0.013956,0.00326968,,,
0.014004,0.00337407,,,
0.0140522,0.00318749,,,
0.0141006,0.00335547,,,
0.0141491,0.0031947,,,
0.0141978,0.00317988,,,
0.0142467,0.00320288,,,
0.0142957,0.0033319,,,
0.014345,0.00321881,,,
0.0143943,0.0031721,,,
0.0144439,0.00305902,,,
0.0144936,0.00308451,,,
0.0145435,0.00300444,,,
0.0145936,0.00300379,,,
0.0146438,0.00293866,,,
0.0146942,0.00309789,,,
0.0147448,0.00315418,,,
0.0147955,0.00304737,,,
0.0148465,0.0029872,,,
0.0148976,0.00293021,,,
0.0149488,0.00435071,,,
0.0150003,0.00307942,,,
0.0150519,0.00300993,,,
0.0151038,0.00314378,,,
0.0151557,0.0029634,,,
0.0152079,0.00295294,,,
0.0152603,0.00314171,,,
0.0153128,0.00280029,,,
0.0153655,0.00294697,,,
0.0154184,0.00286197,,,
0.0154715,0.00281416,,,
0.0155247,0.00275326,,,
0.0155782,0.00292423,,,
0.0156318,0.00274072,,,
0.0156856,0.00295777,,,
0.0157396,0.00280569,,,
0.0157938,0.00288782,,,
0.0158481,0.00280985,,,
0.0159027,0.00265166,,,
0.0159574,0.00279508,,,
0.0160124,0.00268587,,,
0.0160675,0.00272981,,,
0.0161228,0.002651,,,
0.0161783,0.0232586,,,
0.016234,0.00366257,,,
0.0162898,0.00437347,,,
0.0163459,0.00321979,,,
0.0164022,0.00331273,,,
0.0164586,0.00369319,,,
0.0165153,0.00307927,,,
0.0165722,0.00297787,,,
0.0166292,0.00308193,,,
0.0166864,0.00308081,,,
0.0167439,0.00299915,,,
0.0168015,0.00341889,,,
0.0168593,0.00414582,,,
0.0169174,0.00307171,,,
0.0169756,0.00291786,,,
0.0170341,0.00307353,,,
0.0170927,0.00290489,,,
0.0171515,0.0027544,,,
0.0172106,0.00288988,,,
0.0172698,0.00265403,,,
0.0173293,0.0026506,,,
0.0173889,0.00258363,,,
0.0174488,0.00254712,,,
0.0175088,0.00272027,,,
0.0175691,0.00265215,,,
0.0176296,0.00256076,,,
0.0176903,0.00256549,,,
0.0177511,0.00240747,,,
0.0178123,0.00242958,,,
0.0178736,0.00230845,,,
0.0179351,0.00238114,,,
0.0179968,0.00242575,,,
0.0180588,0.00230948,,,
0.0181209,0.00222424,,,
0.0181833,0.00246013,,,
0.0182459,0.00226952,,,
0.0183087,0.00226558,,,
0.0183717,0.00222712,,,
0.018435,0.00218528,,,
0.0184984,0.00225632,,,
0.0185621,0.00225392,,,
0.018626,0.00211134,,,
0.0186901,0.00225156,,,
0.0187545,0.00197661,,,
0.018819,0.00203031,,,
0.0188838,0.00301472,,,
0.0189488,0.00216263,,,
0.019014,0.00228069,,,
0.0190795,0.00208131,,,
0.0191451,0.00212581,,,
0.019211,0.00202949,,,
0.0192772,0.00203075,,,
0.0193435,0.00200762,,,
0.0194101,0.00203571,,,
0.0194769,0.00202165,,,
0.019544,0.00201494,,,
0.0196112,0.00201528,,,
0.0196788,0.00208806,,,
0.0197465,0.00205327,,,
0.0198145,0.00199436,,,
0.0198827,0.00183846,,,
0.0199511,0.00194903,,,
0.0200198,0.0188681,,,
0.0200887,0.00271371,,,
0.0201579,0.00366096,,,
0.0202272,0.00236741,,,
0.0202969,0.00272327,,,
0.0203667,0.00230153,,,
0.0204368,0.00228577,,,
0.0205072,0.00210594,,,
0.0205778,0.00213843,,,
0.0206486,0.00356459,,,
0.0207197,0.00224484,,,
0.020791,0.00261223,,,
0.0208626,0.00228759,,,
0.0209344,0.00222407,,,
0.0210065,0.00212169,,,
0.0210788,0.00216262,,,
0.0211513,0.00206817,,,
0.0212241,0.00203911,,,
0.0212972,0.00194115,,,
0.0213705,0.00201436,,,
0.0214441,0.00196887,,,
0.0215179,0.00210396,,,
0.0215919,0.00201796,,,
0.0216663,0.00195556,,,
0.0217408,0.00192108,,,
0.0218157,0.00179132,,,
0.0218908,0.00193394,,,
0.0219661,0.00197856,,,
0.0220417,0.00193486,,,
0.0221176,0.00179258,,,
0.0221938,0.00189501,,,
0.0222701,0.00205136,,,
0.0223468,0.0018829,,,
0.0224237,0.00182947,,,
0.0225009,0.00202384,,,
0.0225784,0.00206912,,,
0.0226561,0.00199317,,,
0.0227341,0.00191473,,,
0.0228123,0.0021251,,,
0.0228909,0.00207844,,,
0.0229697,0.00199148,,,
0.0230487,0.00210248,,,
0.0231281,0.00215531,,,
0.0232077,0.00226436,,,
0.0232876,0.00206054,,,
0.0233677,0.00218586,,,
0.0234482,0.00238624,,,
0.0235289,0.00217628,,,
0.0236099,0.00221228,,,
0.0236911,0.00237931,,,
0.0237727,0.00224229,,,
0.0238545,0.00234259,,,
0.0239366,0.00224221,,,
0.024019,0.0147566,,,
0.0241017,0.00325566,,,
0.0241847,0.00348635,,,
0.0242679,0.00291115,,,
0.0243514,0.002778,,,
0.0244353,0.00274028,,,
0.0245194,0.00236829,,,
0.0246038,0.00261394,,,
0.0246885,0.00289772,,,
0.0247735,0.00282778,,,
0.0248587,0.00257634,,,
0.0249443,0.00262779,,,
0.0250302,0.00256824,,,
0.0251163,0.00253148,,,
0.0252028,0.00263349,,,
0.0252895,0.00266695,,,
0.0253766,0.00266391,,,
0.0254639,0.00270654,,,
0.0255516,0.00269787,,,
0.0256396,0.00273357,,,
0.0257278,0.00268588,,,
0.0258164,0.00276847,,,
0.0259052,0.00246686,,,
0.0259944,0.00263733,,,
0.0260839,0.00261727,,,
0.0261737,0.00264111,,,
0.0262638,0.00276341,,,
0.0263542,0.00264717,,,
0.0264449,0.00265123,,,
0.0265359,0.00270063,,,
0.0266273,0.00261382,,,
0.0267189,0.00273519,,,
0.0268109,0.00261555,,,
0.0269032,0.00275951,,,
0.0269958,0.00253634,,,
0.0270887,0.00264509,,,
0.027182,0.00266694,,,
0.0272755,0.00304735,,,
0.0273694,0.00269317,,,
0.0274636,0.00283236,,,
0.0275582,0.00278913,,,
0.027653,0.00301636,,,
0.0277482,0.00289923,,,
0.0278437,0.0030243,,,
0.0279396,0.00298413,,,
0.0280357,0.00290176,,,
0.0281323,0.00298229,,,
0.0282291,0.00266506,,,
0.0283263,0.00293608,,,
0.0284238,0.00330567,,,
0.0285216,0.00287791,,,
0.0286198,0.0028077,,,
0.0287183,0.00289668,,,
0.0288172,0.00289604,,,
0.0289164,0.00284436,,,
0.0290159,0.00284715,,,
0.0291158,0.00280411,,,
0.029216,0.00293158,,,
0.0293166,0.0028058,,,
0.0294175,0.00267946,,,
0.0295187,0.00291198,,,
0.0296203,0.00288709,,,
0.0297223,0.00271864,,,
0.0298246,0.00263919,,,
0.0299273,0.00280044,,,
0.0300303,0.0028904,,,
0.0301337,0.00276588,,,
0.0302374,0.00281877,,,
0.0303415,0.00293704,,,
0.0304459,0.0028604,,,
0.0305507,0.00277211,,,
0.0306559,0.00284545,,,
0.0307614,0.00274497,,,
0.0308673,0.00279198,,,
0.0309735,0.00278197,,,
0.0310802,0.00305129,,,
0.0311872,0.00291881,,,
0.0312945,0.00284014,,,
0.0314022,0.00283125,,,
0.0315103,0.00286291,,,
0.0316188,0.00308471,,,
0.0317276,0.0028433,,,
0.0318368,0.00298984,,,
0.0319464,0.00294471,,,
0.0320564,0.00280847,,,
0.0321667,0.00278695,,,
0.0322775,0.00346074,,,
0.0323886,0.00333277,,,
0.0325001,0.0031289,,,
0.0326119,0.00296736,,,
0.0327242,0.00303065,,,
0.0328368,0.00288975,,,
0.0329499,0.0032724,,,
0.0330633,0.00295753,,,
0.0331771,0.00285131,,,
0.0332913,0.00290106,,,
0.0334059,0.00304303,,,
0.0335209,0.00296585,,,
0.0336363,0.00306589,,,
0.0337521,0.00268787,,,
0.0338682,0.00290888,,,
0.0339848,0.00282291,,,
0.0341018,0.00292986,,,
0.0342192,0.00301335,,,
0.034337,0.00293564,,,
0.0344552,0.0028161,,,
0.0345738,0.00271603,,,
0.0346928,0.00263113,,,
0.0348122,0.00281156,,,
0.034932,0.00266576,,,
0.0350523,0.00372214,,,
0.035173,0.00307749,,,
0.035294,0.00308564,,,
0.0354155,0.00293483,,,
0.0355374,0.0028448,,,
0.0356597,0.00296111,,,
0.0357825,0.00299991,,,
0.0359057,0.0028475,,,
0.0360293,0.00292617,,,
0.0361533,0.00345771,,,
0.0362777,0.00320509,,,
0.0364026,0.00340076,,,
0.0365279,0.00310076,,,
0.0366537,0.00296096,,,
0.0367798,0.00351199,,,
0.0369064,0.0034546,,,
0.0370335,0.00334087,,,
0.0371609,0.00309924,,,
0.0372889,0.00320726,,,
0.0374172,0.00307249,,,
0.037546,0.00303886,,,
0.0376753,0.00303017,,,
0.0378049,0.00308116,,,
0.0379351,0.00308318,,,
0.0380657,0.00294657,,,
0.0381967,0.00313969,,,
0.0383282,0.00302305,,,
0.0384601,0.00306342,,,
0.0385925,0.00313152,,,
0.0387253,0.00305001,,,
0.0388586,0.00304556,,,
0.0389924,0.00374304,,,
0.0391266,0.00320169,,,
0.0392613,0.00299488,,,
0.0393965,0.00308147,,,
0.0395321,0.00315674,,,
0.0396681,0.00301797,,,
0.0398047,0.00320546,,,
0.0399417,0.00302323,,,
0.0400792,0.00341803,,,
0.0402172,0.00399329,,,
0.0403556,0.00327579,,,
0.0404945,0.00329539,,,
0.0406339,0.00368962,,,
0.0407738,0.00343091,,,
0.0409141,0.00341312,,,
0.041055,0.00329135,,,
0.0411963,0.00309715,,,
0.0413381,0.00334124,,,
0.0414804,0.00334527,,,
0.0416232,0.00320309,,,
0.0417664,0.0033607,,,
0.0419102,0.00322936,,,
0.0420545,0.0031096,,,
0.0421992,0.0031876,,,
0.0423445,0.00316659,,,
0.0424903,0.00316274,,,
0.0426365,0.00330628,,,
0.0427833,0.00341488,,,
0.0429306,0.00355794,,,
0.0430783,0.00360248,,,
0.0432266,0.00345554,,,
0.0433754,0.00324067,,,
0.0435247,0.00331198,,,
0.0436745,0.00322389,,,
0.0438249,0.00330208,,,
0.0439757,0.00326169,,,
0.0441271,0.00374595,,,
0.044279,0.00362531,,,
0.0444314,0.00368067,,,
0.0445844,0.00378808,,,
0.0447378,0.0035947,,,
0.0448918,0.00362885,,,
0.0450464,0.00355527,,,
0.0452014,0.00362825,,,
0.045357,0.00364576,,,
0.0455131,0.00353512,,,
0.0456698,0.00339541,,,
0.045827,0.0034192,,,
0.0459848,0.00343658,,,
0.0461431,0.0033659,,,
0.0463019,0.00342118,,,
0.0464613,0.00363302,,,
0.0466212,0.00354284,,,
0.0467817,0.00344203,,,
0.0469427,0.00353236,,,
0.0471043,0.00367307,,,
0.0472664,0.0037099,,,
0.0474291,0.00367799,,,
0.0475924,0.00362569,,,
0.0477562,0.00353517,,,
0.0479206,0.00366897,,,
0.0480856,0.00386028,,,
0.0482511,0.00352405,,,
0.0484172,0.0069872,,,
0.0485839,0.00409826,,,
0.0487511,0.00405585,,,
0.0489189,0.00398002,,,
0.0490873,0.00391233,,,
0.0492563,0.00372292,,,
0.0494258,0.00390911,,,
0.0495959,0.00391262,,,
0.0497667,0.00390996,,,
0.049938,0.00382276,,,
0.0501099,0.00378574,,,
0.0502824,0.00394735,,,
0.0504554,0.00389556,,,
0.0506291,0.00384538,,,
0.0508034,0.00389822,,,
0.0509783,0.0039322,,,
0.0511538,0.00385682,,,
0.0513298,0.00389131,,,
0.0515065,0.00378555,,,
0.0516838,0.00409002,,,
0.0518617,0.00411987,,,
0.0520403,0.00400567,,,
0.0522194,0.00397802,,,
0.0523991,0.00410221,,,
0.0525795,0.00408082,,,
0.0527605,0.00384565,,,
0.0529421,0.00404788,,,
0.0531244,0.00399869,,,
0.0533072,0.003922,,,
0.0534907,0.00424429,,,
0.0536748,0.00395284,,,
0.0538596,0.00411351,,,
0.054045,0.00403352,,,
0.054231,0.00430298,,,
0.0544177,0.00421277,,,
0.054605,0.00398588,,,
0.054793,0.00416814,,,
0.0549816,0.00423424,,,
0.0551709,0.00447326,,,
0.0553608,0.00445609,,,
0.0555513,0.00442969,,,
0.0557426,0.00423558,,,
0.0559344,0.00435673,,,
0.056127,0.00432224,,,
0.0563202,0.00439815,,,
0.056514,0.00444106,,,
0.0567086,0.00421627,,,
0.0569038,0.00454798,,,
0.0570997,0.00427014,,,
0.0572962,0.00442293,,,
0.0574934,0.00454707,,,
0.0576913,0.00425109,,,
0.0578899,0.00444164,,,
0.0580892,0.00431907,,,
0.0582892,0.00456095,,,
0.0584898,0.00448206,,,
0.0586911,0.00451604,,,
0.0588932,0.00446775,,,
0.0590959,0.00438442,,,
0.0592993,0.00445559,,,
0.0595034,0.00473617,,,
0.0597083,0.00458542,,,
0.0599138,0.00462779,,,
0.06012,0.00477095,,,
0.060327,0.00453849,,,
0.0605346,0.00447368,,,
0.060743,0.00458472,,,
0.0609521,0.00473871,,,
0.0611619,0.00485492,,,
0.0613724,0.0049258,,,
0.0615837,0.00487793,,,
0.0617957,0.00488665,,,
0.0620084,0.0047735,,,
0.0622218,0.00495821,,,
0.062436,0.00494147,,,
0.0626509,0.00487884,,,
0.0628666,0.00482717,,,
0.063083,0.00475799,,,
0.0633001,0.00501066,,,
0.063518,0.00494741,,,
0.0637367,0.00475518,,,
0.0639561,0.00481855,,,
0.0641762,0.00494012,,,
0.0643971,0.00526425,,,
0.0646188,0.00516229,,,
0.0648412,0.00526513,,,
0.0650644,0.00503172,,,
0.0652884,0.00509265,,,
0.0655131,0.00510073,,,
0.0657387,0.00523432,,,
0.0659649,0.00506879,,,
0.066192,0.00495652,,,
0.0664199,0.00525147,,,
0.0666485,0.00526354,,,
0.0668779,0.00523942,,,
0.0671081,0.00524326,,,
0.0673391,0.00512464,,,
0.0675709,0.00535628,,,
0.0678035,0.00548549,,,
0.0680369,0.00545209,,,
0.0682711,0.00531938,,,
0.0685061,0.00553466,,,
0.0687419,0.0054343,,,
0.0689785,0.00562487,,,
0.069216,0.00535498,,,
0.0694542,0.00536973,,,
0.0696933,0.00565104,,,
0.0699332,0.00520211,,,
0.0701739,0.00580656,,,
0.0704155,0.0055937,,,
0.0706579,0.00577994,,,
0.0709011,0.00559067,,,
0.0711452,0.00592896,,,
0.0713901,0.00553732,,,
0.0716358,0.00568544,,,
0.0718824,0.00580292,,,
0.0721298,0.00567827,,,
0.0723781,0.00578846,,,
0.0726273,0.00581027,,,
0.0728773,0.00597437,,,
0.0731281,0.00609061,,,
0.0733798,0.00607628,,,
0.0736324,0.00593354,,,
0.0738859,0.00554496,,,
0.0741402,0.00616938,,,
0.0743954,0.00605102,,,
0.0746515,0.00591237,,,
0.0749085,0.00606948,,,
0.0751663,0.00608888,,,
0.0754251,0.00582202,,,
0.0756847,0.00608919,,,
0.0759452,0.00591051,,,
0.0762067,0.00617573,,,
0.076469,0.00624033,,,
0.0767322,0.00616964,,,
0.0769963,0.00633737,,,
0.0772614,0.00635294,,,
0.0775273,0.00622649,,,
0.0777942,0.00636966,,,
0.078062,0.00646646,,,
0.0783307,0.00633368,,,
0.0786003,0.00635228,,,
0.0788709,0.00626006,,,
0.0791424,0.00652925,,,
0.0794148,0.00616909,,,
0.0796882,0.00637976,,,
0.0799625,0.00663055,,,
0.0802377,0.0064749,,,
0.0805139,0.00632284,,,
0.080791,0.00661937,,,
0.0810692,0.00652362,,,
0.0813482,0.00665596,,,
0.0816282,0.00651044,,,
0.0819092,0.00647813,,,
0.0821912,0.00695847,,,
0.0824741,0.00695314,,,
0.082758,0.00666923,,,
0.0830428,0.00668111,,,
0.0833287,0.00655717,,,
0.0836155,0.00665546,,,
0.0839034,0.00654213,,,
0.0841922,0.00675751,,,
0.084482,0.00691343,,,
0.0847728,0.00681297,,,
0.0850646,0.00694465,,,
0.0853574,0.00692097,,,
0.0856512,0.0069433,,,
0.0859461,0.00732444,,,
0.0862419,0.00701267,,,
0.0865388,0.00719243,,,
0.0868367,0.00727584,,,
0.0871356,0.00731271,,,
0.0874355,0.00722299,,,
0.0877365,0.00713656,,,
0.0880385,0.00724477,,,
0.0883415,0.00754813,,,
0.0886456,0.00730222,,,
0.0889508,0.00754895,,,
0.089257,0.00766237,,,
0.0895642,0.00744403,,,
0.0898725,0.00740784,,,
0.0901819,0.00740385,,,
0.0904923,0.00759758,,,
0.0908038,0.00720145,,,
0.0911164,0.00766956,,,
0.09143,0.00735606,,,
0.0917447,0.00791559,,,
0.0920605,0.00756447,,,
0.0923774,0.00782649,,,
0.0926954,0.00773365,,,
0.0930145,0.0078892,,,
0.0933347,0.00799307,,,
0.0936559,0.00798792,,,
0.0939783,0.00793649,,,
0.0943018,0.00765687,,,
0.0946264,0.00785262,,,
0.0949522,0.0080742,,,
0.095279,0.00803889,,,
0.095607,0.00798016,,,
0.0959361,0.00807848,,,
0.0962663,0.00842117,,,
0.0965977,0.00816531,,,
0.0969302,0.0081784,,,
0.0972638,0.00799818,,,
0.0975986,0.00842159,,,
0.0979346,0.0081518,,,
0.0982717,0.00826816,,,
0.09861,0.00828882,,,
0.0989494,0.00844198,,,
0.09929,0.00837606,,,
0.0996318,0.00851863,,,
0.0999748,0.00872465,,,
0.100319,0.008656,,,
0.100664,0.00861776,,,
0.101011,0.0087173,,,
0.101358,0.00893166,,,
0.101707,0.00913902,,,
0.102057,0.00878742,,,
0.102409,0.00897274,,,
0.102761,0.00884531,,,
0.103115,0.00910803,,,
0.10347,0.00886064,,,
0.103826,0.0093489,,,
0.104183,0.00916148,,,
0.104542,0.00882083,,,
0.104902,0.00881576,,,
0.105263,0.00930257,,,
0.105625,0.00898199,,,
0.105989,0.00929336,,,
0.106354,0.00918709,,,
0.10672,0.00924326,,,
0.107087,0.00946769,,,
0.107456,0.00964862,,,
0.107826,0.00943585,,,
0.108197,0.00952985,,,
0.108569,0.00957028,,,
0.108943,0.00939581,,,
0.109318,0.00974,,,
0.109694,0.00988748,,,
0.110072,0.00935972,,,
0.110451,0.0100225,,,
0.110831,0.00995798,,,
0.111213,0.00995559,,,
0.111595,0.0100676,,,
0.11198,0.00991879,,,
0.112365,0.010082,,,
0.112752,0.00997046,,,
0.11314,0.0101443,,,
0.113529,0.0102081,,,
0.11392,0.0103596,,,
0.114312,0.0102484,,,
0.114706,0.00992578,,,
0.115101,0.0104539,,,
0.115497,0.0107126,,,
0.115894,0.0102369,,,
0.116293,0.0108297,,,
0.116694,0.0105101,,,
0.117095,0.0107783,,,
0.117498,0.0108472,,,
0.117903,0.0104757,,,
0.118309,0.0107998,,,
0.118716,0.0112276,,,
0.119125,0.0109706,,,
0.119535,0.011057,,,
0.119946,0.0107647,,,
0.120359,0.0107552,,,
0.120773,0.0111942,,,
0.121189,0.0111822,,,
0.121606,0.0111541,,,
0.122025,0.0111784,,,
0.122445,0.011162,,,
0.122866,0.0115636,,,
0.123289,0.0115193,,,
0.123714,0.0113765,,,
0.124139,0.0114142,,,
0.124567,0.0115027,,,
0.124996,0.0118122,,,
0.125426,0.0117941,,,
0.125858,0.0115029,,,
0.126291,0.0121381,,,
0.126726,0.0119253,,,
0.127162,0.0121312,,,
0.127599,0.0118691,,,
0.128039,0.012748,,,
0.128479,0.0125971,,,
0.128922,0.0122365,,,
0.129365,0.0125299,,,
0.129811,0.0121829,,,
0.130258,0.0124743,,,
0.130706,0.0125088,,,
0.131156,0.0127324,,,
0.131607,0.0124498,,,
0.13206,0.0122254,,,
0.132515,0.0126621,,,
0.132971,0.0125497,,,
0.133429,0.0129276,,,
0.133888,0.0128654,,,
0.134349,0.0126995,,,
0.134811,0.0131803,,,
0.135276,0.0131539,,,
0.135741,0.0130644,,,
0.136208,0.0135639,,,
0.136677,0.0129186,,,
0.137148,0.0134125,,,
0.13762,0.0135548,,,
0.138094,0.0135766,,,
0.138569,0.0138895,,,
0.139046,0.0137025,,,
0.139525,0.0140954,,,
0.140005,0.0136871,,,
0.140487,0.013948,,,
0.14097,0.0137075,,,
0.141456,0.0138886,,,
0.141943,0.0136019,,,
0.142431,0.0141096,,,
0.142921,0.0140653,,,
0.143413,0.0143162,,,
0.143907,0.0141251,,,
0.144402,0.0146925,,,
0.144899,0.0148307,,,
0.145398,0.0144704,,,
0.145899,0.0143944,,,
0.146401,0.0140166,,,
0.146905,0.0147974,,,
0.147411,0.0144543,,,
0.147918,0.0147663,,,
0.148427,0.0151935,,,
0.148938,0.0148941,,,
0.149451,0.0146068,,,
0.149965,0.0150466,,,
0.150481,0.0150165,,,
0.150999,0.0153207,,,
0.151519,0.0159216,,,
0.152041,0.0154771,,,
0.152564,0.0153804,,,
0.153089,0.015633,,,
0.153616,0.0158638,,,
0.154145,0.0160877,,,
0.154676,0.0157851,,,
0.155208,0.0164258,,,
0.155742,0.0158287,,,
0.156278,0.0158244,,,
0.156816,0.0160625,,,
0.157356,0.0160606,,,
0.157898,0.0161857,,,
0.158441,0.0162616,,,
0.158987,0.0169127,,,
0.159534,0.0166616,,,
0.160083,0.0167632,,,
0.160634,0.0163788,,,
0.161187,0.0168217,,,
0.161742,0.017086,,,
0.162299,0.0170704,,,
0.162857,0.0172944,,,
0.163418,0.0171346,,,
0.163981,0.0171745,,,
0.164545,0.0174201,,,
0.165111,0.0175434,,,
0.16568,0.0180098,,,
0.16625,0.0175272,,,
0.166822,0.0176808,,,
0.167397,0.0180267,,,
0.167973,0.01753,,,
0.168551,0.0180039,,,
0.169131,0.0179377,,,
0.169713,0.0181125,,,
0.170298,0.0183347,,,
0.170884,0.0178628,,,
0.171472,0.0182981,,,
0.172062,0.0181012,,,
0.172654,0.0188023,,,
0.173249,0.0181923,,,
0.173845,0.0189551,,,
0.174444,0.018932,,,
0.175044,0.0188903,,,
0.175647,0.0184771,,,
0.176251,0.0188468,,,
0.176858,0.0192727,,,
0.177467,0.019438,,,
0.178078,0.0192477,,,
0.178691,0.0195672,,,
0.179306,0.0197021,,,
0.179923,0.0200142,,,
0.180542,0.0203396,,,
0.181164,0.0201696,,,
0.181787,0.0201265,,,
0.182413,0.0206299,,,
0.183041,0.020025,,,
0.183671,0.0200969,,,
0.184303,0.0205025,,,
0.184938,0.0208017,,,
0.185574,0.0205223,,,
0.186213,0.0207251,,,
0.186854,0.021381,,,
0.187497,0.020603,,,
0.188143,0.02121,,,
0.18879,0.0211934,,,
0.18944,0.0216961,,,
0.190092,0.0217393,,,
0.190747,0.0223105,,,
0.191403,0.0216954,,,
0.192062,0.0219952,,,
0.192723,0.0218166,,,
0.193387,0.0217759,,,
0.194052,0.022481,,,
0.19472,0.0224058,,,
0.19539,0.0221699,,,
0.196063,0.0230833,,,
0.196738,0.0229738,,,
0.197415,0.0230344,,,
0.198095,0.0231595,,,
0.198777,0.0231279,,,
0.199461,0.0225212,,,
0.200147,0.0234566,,,
0.200836,0.0234452,,,
0.201528,0.023707,,,
0.202221,0.023844,,,
0.202917,0.0237022,,,
0.203616,0.0235096,,,
0.204317,0.0237533,,,
0.20502,0.0244194,,,
0.205726,0.0237514,,,
0.206434,0.0239921,,,
0.207145,0.024514,,,
0.207858,0.0244926,,,
0.208573,0.0247574,,,
0.209291,0.0245957,,,
0.210012,0.0254899,,,
0.210734,0.0257994,,,
0.21146,0.0247738,,,
0.212188,0.0251555,,,
0.212918,0.0249477,,,
0.213651,0.0255197,,,
0.214386,0.0257303,,,
0.215124,0.0260565,,,
0.215865,0.0259212,,,
0.216608,0.0268284,,,
0.217354,0.0262571,,,
0.218102,0.0264792,,,
0.218853,0.0268085,,,
0.219606,0.026642,,,
0.220362,0.0271127,,,
0.22112,0.0270657,,,
0.221882,0.027498,,,
0.222645,0.0266764,,,
0.223412,0.0272379,,,
0.224181,0.0282309,,,
0.224952,0.0279528,,,
0.225727,0.0282757,,,
0.226504,0.0276308,,,
0.227283,0.0284802,,,
0.228066,0.0277129,,,
0.228851,0.027687,,,
0.229639,0.0284011,,,
0.230429,0.0288745,,,
0.231222,0.0293903,,,
0.232018,0.0294784,,,
0.232817,0.0296851,,,
0.233618,0.0296518,,,
0.234422,0.0290748,,,
0.235229,0.0293406,,,
0.236039,0.0297892,,,
0.236852,0.029759,,,
0.237667,0.0300163,,,
0.238485,0.0301755,,,
0.239306,0.0304932,,,
0.24013,0.0305669,,,
0.240956,0.0306998,,,
0.241786,0.0306794,,,
0.242618,0.0314567,,,
0.243453,0.0313259,,,
0.244291,0.0314488,,,
0.245132,0.0320562,,,
0.245976,0.0317295,,,
0.246822,0.031578,,,
0.247672,0.0321869,,,
0.248525,0.0323713,,,
0.24938,0.0321445,,,
0.250239,0.0324091,,,
0.2511,0.0329982,,,
0.251964,0.0331235,,,
0.252832,0.0331328,,,
0.253702,0.0332285,,,
0.254575,0.0330975,,,
0.255452,0.0336109,,,
0.256331,0.0335084,,,
0.257213,0.0345826,,,
0.258099,0.03385,,,
0.258987,0.0345909,,,
0.259878,0.0345382,,,
0.260773,0.034664,,,
0.261671,0.0353471,,,
0.262571,0.0354226,,,
0.263475,0.0354697,,,
0.264382,0.0359003,,,
0.265292,0.0353312,,,
0.266205,0.0363074,,,
0.267122,0.036514,,,
0.268041,0.0363098,,,
0.268964,0.0358677,,,
0.26989,0.0370956,,,
0.270819,0.0370067,,,
0.271751,0.0378451,,,
0.272686,0.0373433,,,
0.273625,0.0381205,,,
0.274567,0.0379201,,,
0.275512,0.0382107,,,
0.27646,0.0383099,,,
0.277412,0.0387617,,,
0.278367,0.0385748,,,
0.279325,0.0393008,,,
0.280287,0.0383893,,,
0.281252,0.0401111,,,
0.28222,0.0395725,,,
0.283191,0.0389982,,,
0.284166,0.0400754,,,
0.285144,0.040048,,,
0.286126,0.0394912,,,
0.287111,0.0399947,,,
0.288099,0.0403576,,,
0.289091,0.040684,,,
0.290086,0.0413031,,,
0.291084,0.0422051,,,
0.292086,0.0410567,,,
0.293092,0.0423745,,,
0.294101,0.0421695,,,
0.295113,0.0429279,,,
0.296129,0.0427999,,,
0.297148,0.0424327,,,
0.298171,0.0431144,,,
0.299197,0.043535,,,
0.300227,0.0439872,,,
0.301261,0.0443866,,,
0.302298,0.0435806,,,
0.303338,0.0440258,,,
0.304382,0.0443861,,,
0.30543,0.0449867,,,
0.306482,0.044783,,,
0.307536,0.0452951,,,
0.308595,0.0454888,,,
0.309657,0.0456042,,,
0.310723,0.0456772,,,
0.311793,0.0466361,,,
0.312866,0.0468919,,,
0.313943,0.0466838,,,
0.315024,0.0468347,,,
0.316108,0.0476624,,,
0.317196,0.0469709,,,
0.318288,0.0478641,,,
0.319384,0.0478088,,,
0.320483,0.0486123,,,
0.321586,0.0486636,,,
0.322693,0.0490105,,,
0.323804,0.0489914,,,
0.324919,0.0493771,,,
0.326037,0.0494186,,,
0.327159,0.0499682,,,
0.328286,0.050146,,,
0.329416,0.0499296,,,
0.330549,0.0504366,,,
0.331687,0.0512425,,,
0.332829,0.0506632,,,
0.333975,0.0513032,,,
0.335124,0.0515273,,,
0.336278,0.0526185,,,
0.337435,0.0524527,,,
0.338597,0.0534286,,,
0.339763,0.054242,,,
0.340932,0.0540147,,,
0.342106,0.0527893,,,
0.343283,0.0531146,,,
0.344465,0.0539832,,,
0.345651,0.0548051,,,
0.34684,0.0545154,,,
0.348034,0.05477,,,
0.349232,0.0551199,,,
0.350434,0.056388,,,
0.351641,0.0559806,,,
0.352851,0.0567536,,,
0.354066,0.0564833,,,
0.355285,0.0568334,,,
0.356508,0.0572446,,,
0.357735,0.0579885,,,
0.358966,0.0578838,,,
0.360202,0.0580626,,,
0.361442,0.0587459,,,
0.362686,0.0579087,,,
0.363934,0.0591022,,,
0.365187,0.0585981,,,
0.366444,0.0592761,,,
0.367705,0.0598242,,,
0.368971,0.0609419,,,
0.370241,0.0612805,,,
0.371516,0.0602338,,,
0.372795,0.0620517,,,
0.374078,0.061776,,,
0.375365,0.0615137,,,
0.376658,0.0621738,,,
0.377954,0.0625055,,,
0.379255,0.0629003,,,
0.380561,0.0639424,,,
0.381871,0.0639167,,,
0.383185,0.0627644,,,
0.384504,0.063664,,,
0.385828,0.0646575,,,
0.387156,0.0647659,,,
0.388488,0.0652416,,,
0.389826,0.0661924,,,
0.391168,0.0652137,,,
0.392514,0.0656876,,,
0.393865,0.0670165,,,
0.395221,0.0671507,,,
0.396581,0.0673253,,,
0.397946,0.068373,,,
0.399316,0.0676933,,,
0.400691,0.0696718,,,
0.40207,0.0690785,,,
0.403454,0.0702452,,,
0.404843,0.0699033,,,
0.406236,0.0703486,,,
0.407635,0.0702003,,,
0.409038,0.0707934,,,
0.410446,0.0709842,,,
0.411859,0.0716329,,,
0.413277,0.0723232,,,
0.414699,0.0724378,,,
0.416127,0.0729582,,,
0.417559,0.0733422,,,
0.418996,0.0735517,,,
0.420439,0.0740346,,,
0.421886,0.0746101,,,
0.423338,0.0752482,,,
0.424795,0.0755838,,,
0.426258,0.0767193,,,
0.427725,0.0758512,,,
0.429197,0.0768246,,,
0.430675,0.0768234,,,
0.432157,0.0771174,,,
0.433645,0.0771764,,,
0.435137,0.0771004,,,
0.436635,0.0781908,,,
0.438138,0.07909,,,
0.439646,0.0801326,,,
0.44116,0.0805691,,,
0.442678,0.0807054,,,
0.444202,0.0813279,,,
0.445731,0.0805363,,,
0.447265,0.0816466,,,
0.448805,0.0827733,,,
0.45035,0.0832158,,,
0.4519,0.0828146,,,
0.453456,0.0848537,,,
0.455017,0.083466,,,
0.456583,0.0853328,,,
0.458155,0.0858737,,,
0.459732,0.0852208,,,
0.461314,0.0858443,,,
0.462902,0.0870181,,,
0.464495,0.0863793,,,
0.466094,0.0878123,,,
0.467699,0.0881003,,,
0.469309,0.0883811,,,
0.470924,0.0884523,,,
0.472545,0.0884609,,,
0.474172,0.0883238,,,
0.475804,0.0900179,,,
0.477442,0.0911788,,,
0.479085,0.0908541,,,
0.480734,0.0917999,,,
0.482389,0.0911129,,,
0.48405,0.091471,,,
0.485716,0.0931544,,,
0.487388,0.0933946,,,
0.489066,0.0948302,,,
0.490749,0.095185,,,
0.492438,0.0955131,,,
0.494133,0.0965953,,,
0.495834,0.0957017,,,
0.497541,0.0969042,,,
0.499254,0.0977584,,,
0.500972,0.0970667,,,
0.502697,0.0992153,,,
0.504427,0.0993694,,,
0.506164,0.100074,,,
0.507906,0.100478,,,
0.509654,0.100168,,,
0.511409,0.0999206,,,
0.513169,0.101587,,,
0.514935,0.102784,,,
0.516708,0.102397,,,
0.518486,0.102862,,,
0.520271,0.103428,,,
0.522062,0.104832,,,
0.523859,0.105361,,,
0.525662,0.105967,,,
0.527472,0.106144,,,
0.529288,0.107471,,,
0.531109,0.107519,,,
0.532938,0.107494,,,
0.534772,0.10888,,,
0.536613,0.109007,,,
0.53846,0.109278,,,
0.540314,0.111022,,,
0.542174,0.110491,,,
0.54404,0.111855,,,
0.545913,0.111223,,,
0.547792,0.112885,,,
0.549677,0.113309,,,
0.551569,0.114021,,,
0.553468,0.114252,,,
0.555373,0.115784,,,
0.557285,0.115628,,,
0.559203,0.117064,,,
0.561128,0.116981,,,
0.56306,0.117493,,,
0.564998,0.117027,,,
0.566943,0.117786,,,
0.568894,0.119541,,,
0.570853,0.120195,,,
0.572818,0.119982,,,
0.574789,0.122432,,,
0.576768,0.12286,,,
0.578753,0.121414,,,
0.580745,0.124426,,,
0.582744,0.123016,,,
0.58475,0.12421,,,
0.586763,0.125951,,,
0.588783,0.12604,,,
0.59081,0.127698,,,
0.592843,0.127969,,,
0.594884,0.127965,,,
0.596932,0.128355,,,
0.598987,0.128772,,,
0.601049,0.130951,,,
0.603117,0.129989,,,
0.605194,0.130092,,,
0.607277,0.1333,,,
0.609367,0.131286,,,
0.611465,0.134291,,,
0.61357,0.135464,,,
0.615682,0.133734,,,
0.617801,0.134732,,,
0.619927,0.134854,,,
0.622061,0.136727,,,
0.624203,0.137807,,,
0.626351,0.137945,,,
0.628507,0.13901,,,
0.630671,0.13918,,,
0.632842,0.141673,,,
0.63502,0.141503,,,
0.637206,0.143045,,,
0.639399,0.142871,,,
0.6416,0.142042,,,
0.643809,0.14506,,,
0.646025,0.144485,,,
0.648249,0.145453,,,
0.65048,0.144544,,,
0.652719,0.146167,,,
0.654966,0.147352,,,
0.657221,0.148828,,,
0.659483,0.149602,,,
0.661753,0.14994,,,
0.664031,0.150582,,,
0.666317,0.150929,,,
0.66861,0.151981,,,
0.670912,0.15104,,,
0.673221,0.153431,,,
0.675539,0.154613,,,
0.677864,0.154548,,,
0.680197,0.156376,,,
0.682539,0.156931,,,
0.684888,0.155918,,,
0.687246,0.158543,,,
0.689611,0.15863,,,
0.691985,0.159775,,,
0.694367,0.160702,,,
0.696757,0.161689,,,
0.699156,0.16034,,,
0.701562,0.16316,,,
0.703977,0.164349,,,
0.706401,0.163798,,,
0.708832,0.164514,,,
0.711272,0.16741,,,
0.713721,0.167879,,,
0.716177,0.166224,,,
0.718643,0.167679,,,
0.721116,0.169579,,,
0.723599,0.168306,,,
0.726089,0.167966,,,
0.728589,0.172574,,,
0.731097,0.173023,,,
0.733613,0.171606,,,
0.736139,0.173622,,,
0.738673,0.172213,,,
0.741215,0.185979,,,
0.743767,0.177154,,,
0.746327,0.17668,,,
0.748896,0.176813,,,
0.751474,0.178215,,,
0.754061,0.179362,,,
0.756656,0.179321,,,
0.759261,0.181624,,,
0.761874,0.185182,,,
0.764497,0.180349,,,
0.767128,0.184541,,,
0.769769,0.185876,,,
0.772419,0.185164,,,
0.775078,0.187024,,,
0.777746,0.184854,,,
0.780423,0.186538,,,
0.783109,0.187754,,,
0.785805,0.188473,,,
0.78851,0.189604,,,
0.791224,0.190729,,,
0.793948,0.190622,,,
0.79668,0.19225,,,
0.799423,0.191506,,,
0.802175,0.194223,,,
0.804936,0.192879,,,
0.807707,0.194876,,,
0.810487,0.19696,,,
0.813277,0.198048,,,
0.816076,0.197593,,,
0.818885,0.198445,,,
0.821704,0.199469,,,
0.824533,0.199886,,,
0.827371,0.200844,,,
0.830219,0.200367,,,
0.833077,0.203128,,,
0.835944,0.203625,,,
0.838822,0.204232,,,
0.841709,0.205425,,,
0.844607,0.206966,,,
0.847514,0.205525,,,
0.850431,0.205201,,,
0.853359,0.207564,,,
0.856296,0.207211,,,
0.859244,0.209448,,,
0.862201,0.209857,,,
0.865169,0.209253,,,
0.868147,0.211965,,,
0.871136,0.211355,,,
0.874135,0.212439,,,
0.877143,0.213654,,,
0.880163,0.213189,,,
0.883193,0.217305,,,
0.886233,0.215053,,,
0.889283,0.217689,,,
0.892344,0.215789,,,
0.895416,0.216911,,,
0.898498,0.21996,,,
0.901591,0.218399,,,
0.904695,0.220423,,,
0.907809,0.222746,,,
0.910934,0.22073,,,
0.914069,0.223018,,,
0.917216,0.221945,,,
0.920373,0.223807,,,
0.923541,0.223422,,,
0.92672,0.22608,,,
0.92991,0.22674,,,
0.933111,0.227157,,,
0.936323,0.228477,,,
0.939546,0.227063,,,
0.94278,0.229471,,,
0.946026,0.228688,,,
0.949282,0.229618,,,
0.95255,0.232318,,,
0.955829,0.230261,,,
0.959119,0.231311,,,
0.96242,0.233255,,,
0.965733,0.232038,,,
0.969057,0.235898,,,
0.972393,0.234822,,,
0.97574,0.233763,,,
0.979099,0.234184,,,
0.982469,0.23954,,,
0.985851,0.237464,,,
0.989245,0.238052,,,
0.99265,0.239139,,,
0.996067,0.2377,,,
0.999495,0.240325,,,
1.00294,0.239762,,,
1.00639,0.24035,,,
1.00985,0.244375,,,
1.01333,0.242152,,,
1.01682,0.242195,,,
1.02032,0.242912,,,
1.02383,0.243571,,,
1.02735,0.242615,,,
1.03089,0.243841,,,
1.03444,0.245738,,,
1.038,0.244569,,,
1.04157,0.244729,,,
1.04516,0.247994,,,
1.04876,0.247965,,,
1.05237,0.24743,,,
1.05599,0.24672,,,
1.05962,0.248048,,,
1.06327,0.249533,,,
1.06693,0.251036,,,
1.0706,0.248621,,,
1.07429,0.251529,,,
1.07799,0.249791,,,
1.0817,0.25177,,,
1.08542,0.252008,,,
1.08916,0.253162,,,
1.09291,0.249859,,,
1.09667,0.251887,,,
1.10044,0.251557,,,
1.10423,0.252958,,,
1.10803,0.254051,,,
1.11185,0.253011,,,
1.11567,0.25454,,,
1.11951,0.254281,,,
1.12337,0.253008,,,
1.12723,0.25474,,,
1.13111,0.254242,,,
1.13501,0.254257,,,
1.13891,0.25494,,,
1.14283,0.256714,,,
1.14677,0.255063,,,
1.15072,0.256321,,,
1.15468,0.256242,,,
1.15865,0.257167,,,
1.16264,0.257344,,,
1.16664,0.258206,,,
1.17066,0.258415,,,
1.17469,0.258783,,,
1.17873,0.258781,,,
1.18279,0.255213,,,
1.18686,0.257156,,,
1.19095,0.256323,,,
1.19505,0.258279,,,
1.19916,0.259643,,,
1.20329,0.256008,,,
1.20743,0.257223,,,
1.21158,0.256256,,,
1.21576,0.258358,,,
1.21994,0.260267,,,
1.22414,0.25909,,,
1.22835,0.261796,,,
1.23258,0.258323,,,
1.23682,0.260184,,,
1.24108,0.259246,,,
1.24535,0.259545,,,
1.24964,0.260135,,,
1.25394,0.260623,,,
1.25826,0.25942,,,
1.26259,0.260041,,,
1.26694,0.260305,,,
1.2713,0.260357,,,
1.27567,0.259901,,,
1.28006,0.260695,,,
1.28447,0.259131,,,
1.28889,0.259713,,,
1.29333,0.259641,,,
1.29778,0.260255,,,
1.30225,0.258862,,,
1.30673,0.260235,,,
1.31123,0.259668,,,
1.31574,0.257842,,,
1.32027,0.25951,,,
1.32482,0.258422,,,
1.32938,0.258085,,,
1.33395,0.259895,,,
1.33854,0.258004,,,
1.34315,0.258433,,,
1.34777,0.256902,,,
1.35241,0.258325,,,
1.35707,0.256226,,,
1.36174,0.257054,,,
1.36643,0.257165,,,
1.37113,0.259208,,,
1.37585,0.257385,,,
1.38059,0.25766,,,
1.38534,0.255022,,,
1.39011,0.257846,,,
1.39489,0.254387,,,
1.3997,0.255369,,,
1.40451,0.258591,,,
1.40935,0.257349,,,
1.4142,0.252973,,,
1.41907,0.254256,,,
1.42395,0.254442,,,
1.42885,0.254122,,,
1.43377,0.255311,,,
1.43871,0.255615,,,
1.44366,0.252034,,,
1.44863,0.254668,,,
1.45362,0.252979,,,
1.45862,0.25281,,,
1.46364,0.252929,,,
1.46868,0.253231,,,
1.47373,0.253203,,,
1.47881,0.251028,,,
1.4839,0.251253,,,
1.48901,0.252804,,,
1.49413,0.252196,,,
1.49927,0.250241,,,
1.50443,0.251424,,,
1.50961,0.250868,,,
1.51481,0.248403,,,
1.52002,0.249188,,,
1.52526,0.24814,,,
1.53051,0.247665,,,
1.53577,0.247867,,,
1.54106,0.246515,,,
1.54637,0.246696,,,
1.55169,0.249466,,,
1.55703,0.247074,,,
1.56239,0.244886,,,
1.56777,0.245552,,,
1.57316,0.243516,,,
1.57858,0.244604,,,
1.58401,0.245866,,,
1.58947,0.244606,,,
1.59494,0.244413,,,
1.60043,0.242666,,,
1.60594,0.242275,,,
1.61146,0.241953,,,
1.61701,0.242848,,,
1.62258,0.240972,,,
1.62816,0.240562,,,
1.63377,0.241731,,,
1.63939,0.240602,,,
1.64503,0.239934,,,
1.6507,0.238357,,,
1.65638,0.238387,,,
1.66208,0.238961,,,
1.6678,0.238118,,,
1.67354,0.236237,,,
1.6793,0.23812,,,
1.68508,0.237581,,,
1.69088,0.23592,,,
1.69671,0.23467,,,
1.70255,0.232956,,,
1.70841,0.235182,,,
1.71429,0.233669,,,
1.72019,0.232425,,,
1.72611,0.231853,,,
1.73205,0.231459,,,
1.73801,0.232307,,,
1.744,0.232541,,,
1.75,0.232134,,,
1.75602,0.229899,,,
1.76207,0.230462,,,
1.76813,0.230576,,,
1.77422,0.229214,,,
1.78033,0.229441,,,
1.78645,0.228839,,,
1.7926,0.227521,,,
1.79877,0.227533,,,
1.80497,0.223305,,,
1.81118,0.227473,,,
1.81741,0.224571,,,
1.82367,0.227052,,,
1.82995,0.222947,,,
1.83625,0.224425,,,
1.84257,0.222608,,,
1.84891,0.223385,,,
1.85527,0.221547,,,
1.86166,0.224367,,,
1.86807,0.220806,,,
1.8745,0.220683,,,
1.88095,0.219908,,,
1.88743,0.220226,,,
1.89392,0.219359,,,
1.90044,0.218479,,,
1.90698,0.217288,,,
1.91355,0.217919,,,
1.92014,0.217699,,,
1.92674,0.217483,,,
1.93338,0.216633,,,
1.94003,0.217345,,,
1.94671,0.214819,,,
1.95341,0.21505,,,
1.96014,0.213394,,,
1.96688,0.213861,,,
1.97365,0.214412,,,
1.98045,0.211516,,,
1.98726,0.213244,,,
1.9941,0.211432,,,
2.00097,0.209323,,,
2.00786,0.209594,,,
2.01477,0.212659,,,
2.0217,0.209434,,,
2.02866,0.207364,,,
2.03565,0.20889,,,
2.04265,0.20646,,,
2.04968,0.207869,,,
2.05674,0.206495,,,
2.06382,0.20551,,,
2.07092,0.203924,,,
2.07805,0.206251,,,
2.08521,0.203284,,,
2.09238,0.203575,,,
2.09959,0.202212,,,
2.10681,0.200963,,,
2.11406,0.202205,,,
2.12134,0.201169,,,
2.12864,0.201081,,,
2.13597,0.201092,,,
2.14332,0.199879,,,
2.1507,0.199548,,,
2.1581,0.197371,,,
2.16553,0.197508,,,
2.17299,0.197689,,,
2.18047,0.196452,,,
2.18797,0.197886,,,
2.19551,0.196304,,,
2.20306,0.19559,,,
2.21065,0.195555,,,
2.21826,0.195377,,,
2.22589,0.192719,,,
2.23355,0.192946,,,
2.24124,0.192692,,,
2.24896,0.192677,,,
2.2567,0.19149,,,
2.26447,0.189884,,,
2.27226,0.189158,,,
2.28008,0.190257,,,
2.28793,0.188758,,,
2.29581,0.189674,,,
2.30371,0.187423,,,
2.31164,0.187473,,,
2.3196,0.185444,,,
2.32758,0.186088,,,
2.33559,0.18478,,,
2.34363,0.185102,,,
2.3517,0.182238,,,
2.3598,0.183927,,,
2.36792,0.182412,,,
2.37607,0.182194,,,
2.38425,0.182155,,,
2.39245,0.181329,,,
2.40069,0.180645,,,
2.40895,0.179154,,,
2.41725,0.179789,,,
2.42557,0.179303,,,
2.43392,0.179289,,,
2.44229,0.17849,,,
2.4507,0.177102,,,
2.45914,0.175358,,,
2.4676,0.175712,,,
2.4761,0.175927,,,
2.48462,0.174624,,,
2.49317,0.173428,,,
2.50175,0.174232,,,
2.51037,0.175028,,,
2.51901,0.172946,,,
2.52768,0.171268,,,
2.53638,0.170861,,,
2.54511,0.171361,,,
2.55387,0.169454,,,
2.56266,0.168777,,,
2.57148,0.168508,,,
2.58033,0.167729,,,
2.58922,0.168006,,,
2.59813,0.167146,,,
2.60707,0.165811,,,
2.61605,0.166513,,,
2.62505,0.1646,,,
2.63409,0.166452,,,
2.64315,0.163997,,,
2.65225,0.164499,,,
2.66138,0.163669,,,
2.67054,0.162692,,,
2.67974,0.161662,,,
2.68896,0.160222,,,
2.69822,0.160806,,,
2.7075,0.15977,,,
2.71682,0.160443,,,
2.72618,0.158562,,,
2.73556,0.157584,,,
2.74498,0.158328,,,
2.75443,0.15616,,,
2.76391,0.155974,,,
2.77342,0.156133,,,
2.78297,0.155747,,,
2.79255,0.155006,,,
2.80216,0.154205,,,
2.81181,0.154007,,,
2.82148,0.152883,,,
2.8312,0.151645,,,
2.84094,0.152281,,,
2.85072,0.151835,,,
2.86053,0.150791,,,
2.87038,0.149356,,,
2.88026,0.149398,,,
2.89018,0.149173,,,
2.90012,0.148864,,,
2.91011,0.148126,,,
2.92013,0.147265,,,
2.93018,0.14647,,,
2.94026,0.145497,,,
2.95038,0.145118,,,
2.96054,0.1466,,,
2.97073,0.14302,,,
2.98096,0.145239,,,
2.99122,0.143119,,,
3.00151,0.141825,,,
3.01185,0.14324,,,
3.02221,0.142199,,,
3.03262,0.140771,,,
3.04306,0.140206,,,
3.05353,0.140077,,,
3.06404,0.139489,,,
3.07459,0.13799,,,
3.08517,0.139247,,,
3.09579,0.137623,,,
3.10645,0.13717,,,
3.11714,0.136241,,,
3.12787,0.135688,,,
3.13864,0.134991,,,
3.14944,0.134724,,,
3.16028,0.134377,,,
3.17116,0.133334,,,
3.18208,0.133606,,,
3.19303,0.131634,,,
3.20402,0.132656,,,
3.21505,0.13106,,,
3.22612,0.131283,,,
3.23722,0.129554,,,
3.24837,0.129987,,,
3.25955,0.129874,,,
3.27077,0.128499,,,
3.28203,0.128045,,,
3.29332,0.127896,,,
3.30466,0.127369,,,
3.31604,0.126416,,,
3.32745,0.125553,,,
3.3389,0.125632,,,
3.3504,0.124695,,,
3.36193,0.123889,,,
3.3735,0.124093,,,
3.38512,0.122688,,,
3.39677,0.123424,,,
3.40846,0.124557,,,
3.42019,0.121632,,,
3.43197,0.121849,,,
3.44378,0.122585,,,
3.45563,0.121811,,,
3.46753,0.120715,,,
3.47947,0.118732,,,
3.49144,0.118497,,,
3.50346,0.118104,,,
3.51552,0.117303,,,
3.52762,0.117579,,,
3.53976,0.117279,,,
3.55195,0.116393,,,
3.56418,0.116022,,,
3.57644,0.115011,,,
3.58876,0.1143,,,
3.60111,0.114258,,,
3.6135,0.114249,,,
3.62594,0.112414,,,
3.63842,0.112609,,,
3.65095,0.112721,,,
3.66352,0.112396,,,
3.67613,0.110242,,,
3.68878,0.1109,,,
3.70148,0.110725,,,
3.71422,0.111135,,,
3.72701,0.109556,,,
3.73983,0.108937,,,
3.75271,0.107743,,,
3.76563,0.107414,,,
3.77859,0.10833,,,
3.79159,0.107153,,,
3.80465,0.10634,,,
3.81774,0.106781,,,
3.83088,0.105956,,,
3.84407,0.105329,,,
3.8573,0.104584,,,
3.87058,0.104129,,,
3.8839,0.103304,,,
3.89727,0.103354,,,
3.91069,0.102558,,,
3.92415,0.101977,,,
3.93766,0.102003,,,
3.95121,0.101028,,,
3.96481,0.100189,,,
3.97846,0.101019,,,
3.99216,0.0991177,,,
4.0059,0.0982138,,,
4.01969,0.100012,,,
4.03352,0.0984043,,,
4.04741,0.0985149,,,
4.06134,0.0978005,,,
4.07532,0.0981743,,,
4.08935,0.0972893,,,
4.10342,0.0968609,,,
4.11755,0.0956386,,,
4.13172,0.0952443,,,
4.14595,0.0950325,,,
4.16022,0.0943914,,,
4.17454,0.0942063,,,
4.18891,0.092998,,,
4.20333,0.0932629,,,
4.21779,0.0920231,,,
4.23231,0.0923486,,,
4.24688,0.091221,,,
4.2615,0.0908483,,,
4.27617,0.0904031,,,
4.29089,0.0899323,,,
4.30566,0.0907168,,,
4.32048,0.0888954,,,
4.33535,0.088903,,,
4.35028,0.0888412,,,
4.36525,0.088439,,,
4.38028,0.0877177,,,
4.39535,0.0879219,,,
4.41048,0.0870082,,,
4.42567,0.0868417,,,
4.4409,0.0868575,,,
4.45619,0.0860599,,,
4.47153,0.0852613,,,
4.48692,0.084931,,,
4.50236,0.0845423,,,
4.51786,0.0838997,,,
4.53341,0.0839778,,,
4.54902,0.0840491,,,
4.56468,0.0820525,,,
4.58039,0.0835167,,,
4.59616,0.082504,,,
4.61198,0.0814049,,,
4.62785,0.0817247,,,
4.64378,0.0817438,,,
4.65977,0.0804073,,,
4.67581,0.0795351,,,
4.6919,0.0796786,,,
4.70805,0.0795285,,,
4.72426,0.0799545,,,
4.74052,0.0786313,,,
4.75684,0.0782679,,,
4.77321,0.0779814,,,
4.78964,0.0789377,,,
4.80613,0.0775351,,,
4.82268,0.077303,,,
4.83928,0.0766966,,,
4.85593,0.0760738,,,
4.87265,0.0766096,,,
4.88942,0.0751805,,,
4.90625,0.0757585,,,
4.92314,0.0749592,,,
4.94009,0.0748769,,,
4.95709,0.0741893,,,
4.97416,0.0732518,,,
4.99128,0.073217,,,
5.00846,0.0729001,,,
5.0257,0.0722186,,,
5.043,0.0732594,,,
5.06036,0.0715689,,,
5.07778,0.0719839,,,
5.09526,0.0709677,,,
5.11279,0.0708012,,,
5.13039,0.0707715,,,
5.14805,0.0695451,,,
5.16578,0.0693984,,,
5.18356,0.0690377,,,
5.2014,0.0690962,,,
5.2193,0.0688177,,,
5.23727,0.0673694,,,
5.2553,0.0682666,,,
5.27339,0.0678416,,,
5.29154,0.06703,,,
5.30976,0.0659667,,,
5.32803,0.0662237,,,
5.34637,0.0659733,,,
5.36478,0.0650689,,,
5.38324,0.065129,,,
5.40177,0.0650919,,,
5.42037,0.06433,,,
5.43903,0.0644418,,,
5.45775,0.0640457,,,
5.47653,0.063467,,,
5.49539,0.062704,,,
5.5143,0.0624167,,,
5.53328,0.0623519,,,
5.55233,0.0616835,,,
5.57144,0.0619175,,,
5.59062,0.0613309,,,
5.60987,0.0605666,,,
5.62918,0.0603988,,,
5.64855,0.0613233,,,
5.668,0.0597392,,,
5.68751,0.0600278,,,
5.70708,0.0590962,,,
5.72673,0.0595311,,,
5.74644,0.0574095,,,
5.76622,0.0583771,,,
5.78607,0.0577727,,,
5.80599,0.0575379,,,
5.82597,0.0575374,,,
5.84603,0.0574671,,,
5.86615,0.0569383,,,
5.88634,0.0562696,,,
5.90661,0.0558075,,,
5.92694,0.0556437,,,
5.94734,0.0554836,,,
5.96781,0.0546184,,,
5.98836,0.0544079,,,
6.00897,0.0542617,,,
6.02965,0.0536966,,,
6.05041,0.0544117,,,
6.07124,0.0531081,,,
6.09213,0.0531335,,,
6.1131,0.0528702,,,
6.13415,0.0529129,,,
6.15526,0.0524726,,,
6.17645,0.052009,,,
6.19771,0.0516911,,,
6.21904,0.0512672,,,
6.24045,0.0508842,,,
6.26193,0.051251,,,
6.28349,0.0500593,,,
6.30512,0.0497201,,,
6.32682,0.049779,,,
6.3486,0.0491359,,,
6.37045,0.049536,,,
6.39238,0.0488253,,,
6.41439,0.0483098,,,
6.43647,0.04836,,,
6.45862,0.0476589,,,
6.48085,0.0469477,,,
6.50316,0.047034,,,
6.52555,0.0468048,,,
6.54801,0.0466674,,,
6.57055,0.0462661,,,
6.59317,0.0463448,,,
6.61586,0.0456928,,,
6.63863,0.0457993,,,
6.66149,0.045193,,,
6.68442,0.0453344,,,
6.70743,0.0452742,,,
6.73051,0.0444116,,,
6.75368,0.0447526,,,
6.77693,0.0438338,,,
6.80026,0.0440972,,,
6.82367,0.0429015,,,
6.84715,0.0431976,,,
6.87072,0.0425532,,,
6.89437,0.042331,,,
6.91811,0.0419634,,,
6.94192,0.0414847,,,
6.96582,0.0414208,,,
6.98979,0.0408964,,,
7.01385,0.0408647,,,
7.038,0.0403938,,,
7.06222,0.0401192,,,
7.08653,0.040153,,,
7.11093,0.03988,,,
7.13541,0.039402,,,
7.15997,0.03917,,,
7.18461,0.0382993,,,
7.20934,0.0381756,,,
7.23416,0.0380517,,,
7.25906,0.0379474,,,
7.28405,0.0376254,,,
7.30912,0.0373654,,,
7.33428,0.0371223,,,
7.35953,0.0368294,,,
7.38486,0.0360857,,,
7.41028,0.036674,,,
7.43579,0.0356095,,,
7.46139,0.0356167,,,
7.48707,0.035402,,,
7.51284,0.0350422,,,
7.5387,0.0347316,,,
7.56465,0.0351266,,,
7.59069,0.0347455,,,
7.61682,0.0338937,,,
7.64304,0.0340723,,,
7.66935,0.0331883,,,
7.69575,0.0333644,,,
7.72224,0.0330776,,,
7.74882,0.0329321,,,
7.77549,0.0326037,,,
7.80226,0.032042,,,
7.82912,0.0320558,,,
7.85607,0.0321009,,,
7.88311,0.031397,,,
7.91024,0.0314829,,,
7.93747,0.0306478,,,
7.96479,0.030917,,,
7.99221,0.030351,,,
8.01972,0.0297917,,,
8.04733,0.0300582,,,
8.07503,0.0298565,,,
8.10283,0.0294819,,,
8.13072,0.0287831,,,
8.1587,0.0291166,,,
8.18679,0.0291704,,,
8.21497,0.0281576,,,
8.24325,0.0282708,,,
8.27162,0.0277065,,,
8.3001,0.0275339,,,
8.32867,0.0272963,,,
8.35734,0.0274372,,,
8.3861,0.0268633,,,
8.41497,0.0264394,,,
8.44394,0.0265922,,,
8.473,0.0258613,,,
8.50217,0.0260517,,,
8.53143,0.0256521,,,
8.5608,0.0255666,,,
8.59027,0.0250488,,,
8.61984,0.0248193,,,
8.64951,0.0247192,,,
8.67928,0.0241664,,,
8.70916,0.0241381,,,
8.73914,0.0239262,,,
8.76922,0.0235783,,,
8.79941,0.0233508,,,
8.8297,0.023325,,,
8.86009,0.0229151,,,
8.89059,0.0226501,,,
8.92119,0.0227859,,,
8.9519,0.0222815,,,
8.98272,0.0220048,,,
9.01364,0.0219421,,,
9.04466,0.0217875,,,
9.0758,0.0214362,,,
9.10704,0.0210135,,,
9.13839,0.0210403,,,
9.16984,0.0207387,,,
9.20141,0.0203393,,,
9.23308,0.0203914,,,
9.26486,0.0202985,,,
9.29676,0.019666,,,
9.32876,0.0196248,,,
9.36087,0.0195918,,,
9.39309,0.0191726,,,
9.42542,0.0191342,,,
9.45787,0.0186768,,,
9.49042,0.0188385,,,
9.52309,0.0185989,,,
9.55587,0.0183176,,,
9.58877,0.0180954,,,
9.62177,0.0179718,,,
9.65489,0.0176045,,,
9.68813,0.0174593,,,
9.72148,0.0173393,,,
9.75494,0.0173194,,,
9.78852,0.0167933,,,
9.82221,0.016776,,,
9.85602,0.0166833,,,
9.88995,0.0162867,,,
9.92399,0.0161573,,,
9.95816,0.015919,,,
9.99243,0.0157371,,,
10.0268,0.0157159,,,
10.0613,0.0154512,,,
10.096,0.0154328,,,
10.1307,0.0151527,,,
10.1656,0.0148951,,,
10.2006,0.01462,,,
10.2357,0.0148124,,,
10.2709,0.0146228,,,
10.3063,0.0143362,,,
10.3418,0.0141705,,,
10.3774,0.0139723,,,
10.4131,0.0138679,,,
10.4489,0.0134761,,,
10.4849,0.0136789,,,
10.521,0.0132821,,,
10.5572,0.0132062,,,
10.5936,0.0129992,,,
10.63,0.0129071,,,
10.6666,0.0125703,,,
10.7033,0.0124527,,,
10.7402,0.0125644,,,
10.7771,0.0122019,,,
10.8142,0.0120888,,,
10.8515,0.0118866,,,
10.8888,0.0117088,,,
10.9263,0.0116647,,,
10.9639,0.0115082,,,
11.0016,0.0114818,,,
11.0395,0.0112983,,,
11.0775,0.0111421,,,
11.1156,0.0111176,,,
11.1539,0.0108596,,,
11.1923,0.0109628,,,
11.2308,0.0106332,,,
11.2695,0.0105499,,,
11.3083,0.0104281,,,
11.3472,0.010231,,,
11.3863,0.0101807,,,
11.4255,0.00998532,,,
11.4648,0.0100916,,,
11.5043,0.00991658,,,
11.5439,0.00973218,,,
11.5836,0.00958968,,,
11.6235,0.00934512,,,
11.6635,0.00948307,,,
11.7036,0.00931205,,,
11.7439,0.00907505,,,
11.7843,0.0091215,,,
11.8249,0.00910299,,,
11.8656,0.00875785,,,
11.9065,0.00885784,,,
11.9474,0.00856433,,,
11.9886,0.00864567,,,
12.0298,0.00855962,,,
12.0712,0.00850745,,,
12.1128,0.00836095,,,
12.1545,0.00835212,,,
12.1963,0.0081472,,,
12.2383,0.00800259,,,
12.2804,0.00787182,,,
12.3227,0.00789962,,,
12.3651,0.00772531,,,
12.4077,0.00757328,,,
12.4504,0.00748344,,,
12.4933,0.00757931,,,
12.5363,0.00730096,,,
12.5794,0.00743856,,,
12.6227,0.00724798,,,
12.6662,0.00708698,,,
12.7098,0.00702695,,,
12.7535,0.00694248,,,
12.7974,0.00690534,,,
12.8415,0.00677128,,,
12.8857,0.00672432,,,
12.93,0.00666808,,,
12.9745,0.00660079,,,
13.0192,0.00642015,,,
13.064,0.00640667,,,
13.109,0.00647969,,,
13.1541,0.00640213,,,
13.1994,0.00615798,,,
13.2448,0.00629379,,,
13.2904,0.00617827,,,
13.3362,0.00612299,,,
13.3821,0.00595278,,,
13.4281,0.00590982,,,
13.4743,0.00586745,,,
13.5207,0.00578316,,,
13.5673,0.00567847,,,
13.614,0.00570828,,,
13.6608,0.00566639,,,
13.7079,0.00558017,,,
13.755,0.00545144,,,
13.8024,0.00540389,,,
13.8499,0.00534866,,,
13.8976,0.00534935,,,
13.9454,0.00522765,,,
13.9934,0.00521489,,,
14.0416,0.00515573,,,
14.0899,0.00511376,,,
14.1384,0.00506486,,,
14.1871,0.00496149,,,
14.2359,0.0049217,,,
14.2849,0.00483949,,,
14.3341,0.00482015,,,
14.3834,0.00479441,,,
14.433,0.00470887,,,
14.4826,0.00464033,,,
14.5325,0.00462219,,,
14.5825,0.00456818,,,
14.6327,0.00454807,,,
14.6831,0.00450942,,,
14.7336,0.0044659,,,
14.7843,0.00437502,,,
14.8352,0.00438583,,,
14.8863,0.00427858,,,
14.9375,0.00420879,,,
14.989,0.00415151,,,
15.0406,0.00417963,,,
15.0923,0.00412663,,,
15.1443,0.00412797,,,
15.1964,0.00404661,,,
15.2487,0.00397881,,,
15.3012,0.00397606,,,
15.3539,0.00395547,,,
15.4067,0.0038511,,,
15.4598,0.00383869,,,
15.513,0.00378956,,,
15.5664,0.00377311,,,
15.62,0.00369741,,,
15.6737,0.00367353,,,
15.7277,0.00369477,,,
15.7818,0.00366899,,,
15.8361,0.0035828,,,
15.8907,0.00356557,,,
15.9454,0.00348692,,,
16.0002,0.00346874,,,
16.0553,0.00347233,,,
16.1106,0.00344289,,,
16.166,0.00338721,,,
16.2217,0.00335533,,,
16.2775,0.00331273,,,
16.3336,0.00325296,,,
16.3898,0.00328211,,,
16.4462,0.0032421,,,
16.5028,0.00321629,,,
16.5596,0.00321701,,,
16.6166,0.00315484,,,
16.6738,0.0030716,,,
16.7312,0.0030859,,,
16.7888,0.00301672,,,
16.8466,0.0030136,,,
16.9046,0.00299916,,,
16.9628,0.00295853,,,
17.0212,0.0029347,,,
17.0798,0.00289598,,,
17.1385,0.00288387,,,
17.1975,0.00282889,,,
17.2567,0.0028489,,,
17.3161,0.0028148,,,
17.3757,0.00274935,,,
17.4356,0.00274519,,,
17.4956,0.00271817,,,
17.5558,0.00268454,,,
17.6162,0.00264931,,,
17.6769,0.0026532,,,
17.7377,0.00260113,,,
17.7988,0.00260443,,,
17.86,0.00259864,,,
17.9215,0.00254779,,,
17.9832,0.00253893,,,
18.0451,0.00250712,,,
18.1072,0.00245938,,,
18.1696,0.00244477,,,
18.2321,0.00245348,,,
18.2949,0.00241015,,,
18.3578,0.00237689,,,
18.421,0.00234882,,,
18.4844,0.00235286,,,
18.5481,0.00232108,,,
18.6119,0.00226849,,,
18.676,0.00226971,,,
18.7403,0.0022714,,,
18.8048,0.00222554,,,
18.8695,0.00223366,,,
18.9345,0.00217667,,,
18.9996,0.00218259,,,
19.065,0.00216684,,,
19.1307,0.00213768,,,
19.1965,0.00214694,,,
19.2626,0.00211209,,,
19.3289,0.00207724,,,
19.3954,0.00206162,,,
19.4622,0.00204702,,,
19.5292,0.00202165,,,
19.5964,0.00201934,,,
19.6639,0.0020061,,,
19.7316,0.00199743,,,
19.7995,0.0019383,,,
19.8676,0.00190904,,,
19.936,0.00195284,,,
20.0046,0.00192161,,,
20.0735,0.00187173,,,
20.1426,0.00187166,,,
20.2119,0.0018806,,,
20.2815,0.00183294,,,
20.3513,0.00182358,,,
20.4214,0.00180243,,,
20.4917,0.00177726,,,
20.5622,0.00175858,,,
20.633,0.00174262,,,
20.704,0.00174895,,,
20.7753,0.00171738,,,
20.8468,0.00171505,,,
20.9186,0.00171442,,,
20.9906,0.00168871,,,
21.0628,0.00165374,,,
21.1353,0.00165182,,,
21.2081,0.00164592,,,
21.2811,0.00160372,,,
21.3543,0.00160992,,,
21.4278,0.00159766,,,
21.5016,0.001577,,,
21.5756,0.00157846,,,
21.6499,0.00153507,,,
21.7244,0.00153425,,,
21.7992,0.00153164,,,
21.8742,0.00150991,,,
21.9495,0.00148794,,,
22.0251,0.00150283,,,
22.1009,0.00149798,,,
22.177,0.00146979,,,
22.2533,0.00145842,,,
22.3299,0.00142902,,,
22.4068,0.00141704,,,
22.4839,0.00140661,,,
22.5613,0.00138171,,,
22.6389,0.00137937,,,
22.7169,0.00136609,,,
22.7951,0.00135332,,,
22.8735,0.00134702,,,
22.9523,0.00134821,,,
23.0313,0.00131614,,,
23.1106,0.00130477,,,
23.1901,0.00129253,,,
23.2699,0.00128613,,,
23.35,0.00128807,,,
23.4304,0.00127916,,,
23.5111,0.00125044,,,
23.592,0.00125136,,,
23.6732,0.00123904,,,
23.7547,0.00121801,,,
23.8365,0.00122036,,,
23.9185,0.00121075,,,
24.0008,0.0012042,,,
24.0835,0.00117743,,,
24.1664,0.00117175,,,
24.2496,0.00117308,,,
24.333,0.0011451,,,
24.4168,0.00116292,,,
24.5008,0.00113209,,,
24.5852,0.00112911,,,
24.6698,0.00111175,,,
24.7547,0.00110444,,,
24.8399,0.0011033,,,
24.9254,0.00109428,,,
25.0112,0.00108846,,,
25.0973,0.00107324,,,
25.1837,0.00107293,,,
25.2704,0.00105686,,,
25.3574,0.0010452,,,
25.4447,0.00103538,,,
25.5323,0.0010387,,,
25.6202,0.00101435,,,
25.7083,0.00100453,,,
25.7968,0.0010032,,,
25.8856,0.000990331,,,
25.9747,0.000993189,,,
26.0641,0.000972236,,,
26.1539,0.000973574,,,
26.2439,0.000953817,,,
26.3342,0.000964817,,,
26.4249,0.000935512,,,
26.5158,0.000947731,,,
26.6071,0.000928367,,,
26.6987,0.000918894,,,
26.7906,0.000917044,,,
26.8828,0.00090401,,,
26.9754,0.000892677,,,
27.0682,0.000891571,,,
27.1614,0.000884218,,,
27.2549,0.000880541,,,
27.3487,0.000878368,,,
27.4428,0.000877178,,,
27.5373,0.000866364,,,
27.6321,0.000854483,,,
27.7272,0.000835042,,,
27.8227,0.000833693,,,
27.9184,0.000837369,,,
28.0145,0.000824636,,,
28.111,0.000817146,,,
28.2077,0.000809366,,,
28.3048,0.000810815,,,
28.4023,0.000798379,,,
28.5,0.000786309,,,
28.5981,0.000781372,,,
28.6966,0.000775169,,,
28.7954,0.000773553,,,
28.8945,0.000773399,,,
28.9939,0.000761878,,,
29.0937,0.000754233,,,
29.1939,0.000759556,,,
29.2944,0.000742367,,,
29.3952,0.000746562,,,
29.4964,0.000727122,,,
29.5979,0.000729768,,,
29.6998,0.000714748,,,
29.802,0.000720932,,,
29.9046,0.000710455,,,
30.0076,0.000707497,,,
30.1109,0.000694949,,,
30.2145,0.000694378,,,
30.3185,0.000697687,,,
30.4229,0.000682341,,,
30.5276,0.000671042,,,
30.6327,0.000676627,,,
30.7381,0.000663115,,,
30.8439,0.000650191,,,
30.9501,0.000663039,,,
31.0566,0.000642606,,,
31.1636,0.000645908,,,
31.2708,0.000634411,,,
31.3785,0.000636733,,,
31.4865,0.000629425,,,
31.5949,0.000628173,,,
31.7036,0.000623052,,,
31.8128,0.000613403,,,
31.9223,0.00061137,,,
32.0321,0.000605219,,,
32.1424,0.000599653,,,
32.253,0.000594988,,,
32.3641,0.000588282,,,
32.4755,0.000588765,,,
32.5873,0.000580864,,,
32.6994,0.000578593,,,
32.812,0.000559262,,,
32.9249,0.000567189,,,
33.0383,0.000558914,,,
33.152,0.000570883,,,
33.2661,0.000550315,,,
33.3806,0.000547284,,,
33.4955,0.000548234,,,
33.6108,0.000533993,,,
33.7265,0.000531792,,,
33.8426,0.00052726,,,
33.9591,0.000531436,,,
34.076,0.000526481,,,
34.1933,0.000521725,,,
34.311,0.000507245,,,
34.4291,0.000501184,,,
34.5476,0.000494304,,,
34.6665,0.000503189,,,
34.7859,0.000491477,,,
34.9056,0.000490218,,,
35.0258,0.000479332,,,
35.1463,0.000481676,,,
35.2673,0.000474852,,,
35.3887,0.000474383,,,
35.5105,0.000469718,,,
35.6328,0.000470744,,,
35.7554,0.000462816,,,
35.8785,0.000457741,,,
36.002,0.000447818,,,
36.1259,0.000459144,,,
36.2503,0.000448329,,,
36.3751,0.000438523,,,
36.5003,0.000441579,,,
36.6259,0.000438277,,,
36.752,0.000427057,,,
36.8785,0.000433935,,,
37.0054,0.000424878,,,
37.1328,0.000419518,,,
37.2606,0.000420038,,,
37.3889,0.000411906,,,
37.5176,0.00040963,,,
37.6468,0.000409875,,,
37.7763,0.000406227,,,
37.9064,0.000394184,,,
38.0369,0.000391378,,,
38.1678,0.000394946,,,
38.2992,0.000389238,,,
38.431,0.000381905,,,
38.5633,0.000378555,,,
38.696,0.000370528,,,
38.8292,0.000369368,,,
38.9629,0.00036827,,,
39.097,0.00037231,,,
39.2316,0.000363012,,,
39.3666,0.000356747,,,
39.5022,0.000354184,,,
39.6381,0.000353181,,,
39.7746,0.000346594,,,
39.9115,0.000345777,,,
40.0489,0.000347582,,,
40.1867,0.000339345,,,
40.3251,0.000335932,,,
40.4639,0.000331314,,,
40.6032,0.000331551,,,
40.7429,0.000327604,,,
40.8832,0.000326131,,,
41.0239,0.000320738,,,
41.1651,0.000322468,,,
41.3068,0.000314653,,,
41.449,0.000311763,,,
41.5917,0.00030744,,,
41.7348,0.000306259,,,
41.8785,0.000311231,,,
42.0227,0.000300023,,,
42.1673,0.000304002,,,
42.3125,0.000296599,,,
42.4581,0.00029561,,,
42.6043,0.000289422,,,
42.7509,0.000290733,,,
42.8981,0.000287639,,,
43.0457,0.000281261,,,
43.1939,0.000280239,,,
43.3426,0.000275469,,,
43.4918,0.000279117,,,
43.6415,0.000272109,,,
43.7917,0.00026975,,,
43.9425,0.000274634,,,
44.0937,0.000271278,,,
44.2455,0.000263978,,,
44.3978,0.000264974,,,
44.5506,0.000264313,,,
44.704,0.00025881,,,
44.8579,0.000260124,,,
45.0123,0.000253109,,,
45.1672,0.000251973,,,
45.3227,0.000249292,,,
45.4787,0.000246768,,,
45.6353,0.000241503,,,
45.7923,0.000246796,,,
45.95,0.000245822,,,
46.1081,0.000233561,,,
46.2669,0.000239642,,,
46.4261,0.000239123,,,
46.5859,0.000233083,,,
46.7463,0.000229933,,,
46.9072,0.000234219,,,
47.0687,0.000233392,,,
47.2307,0.00022183,,,
47.3933,0.000223979,,,
47.5564,0.000224769,,,
47.7201,0.000216941,,,
47.8844,0.000223043,,,
48.0492,0.000218449,,,
48.2146,0.000216719,,,
48.3806,0.0002107,,,
48.5471,0.000219543,,,
48.7142,0.000208499,,,
48.8819,0.000210681,,,
49.0501,0.000208614,,,
49.219,0.000207257,,,
49.3884,0.000205317,,,
49.5584,0.000199586,,,
49.729,0.000203192,,,
49.9002,0.000199963,,,
50.072,0.000197608,,,
50.2443,0.000195812,,,
50.4173,0.000193224,,,
50.5908,0.000189362,,,
50.765,0.000187243,,,
50.9397,0.000188477,,,
51.1151,0.000183924,,,
51.291,0.000188651,,,
51.4676,0.000183929,,,
51.6447,0.000179097,,,
51.8225,0.000180756,,,
52.0009,0.000180136,,,
52.1799,0.000173685,,,
52.3595,0.000175012,,,
52.5397,0.000171386,,,
52.7206,0.00017,,,
52.9021,0.00016923,,,
53.0842,0.000166138,,,
53.2669,0.000163755,,,
53.4502,0.000165366,,,
53.6342,0.000160772,,,
53.8188,0.000163305,,,
54.0041,0.000162974,,,
54.19,0.00015824,,,
54.3765,0.000155831,,,
54.5637,0.000154528,,,
54.7515,0.000153832,,,
54.94,0.000151428,,,
55.1291,0.00014773,,,
55.3189,0.000145979,,,
55.5093,0.000147205,,,
55.7004,0.000146721,,,
55.8921,0.000144324,,,
56.0845,0.00014413,,,
56.2776,0.0001393,,,
56.4713,0.000141622,,,
56.6657,0.000134754,,,
56.8607,0.000132679,,,
57.0565,0.000134929,,,
57.2529,0.000130158,,,
57.4499,0.000127643,,,
57.6477,0.000128051,,,
57.8461,0.000125315,,,
58.0452,0.000129213,,,
58.245,0.00012539,,,
58.4455,0.000121499,,,
58.6467,0.000117315,,,
58.8486,0.000119338,,,
59.0512,0.000118469,,,
59.2544,0.000114172,,,
59.4584,0.000114287,,,
59.6631,0.000115087,,,
59.8684,0.000111678,,,
60.0745,0.00011021,,,
60.2813,0.000106757,,,
60.4888,0.000108191,,,
60.697,0.000106309,,,
60.906,0.000104444,,,
61.1156,0.000102898,,,
61.326,0.000100489,,,
61.5371,0.000100968,,,
61.7489,9.83E-05,,,
61.9615,9.66E-05,,,
62.1748,9.46E-05,,,
62.3888,9.63E-05,,,
62.6035,9.32E-05,,,
62.819,9.40E-05,,,
63.0353,8.95E-05,,,
63.2522,9.01E-05,,,
63.47,8.82E-05,,,
63.6885,8.63E-05,,,
63.9077,8.59E-05,,,
64.1277,8.52E-05,,,
64.3484,8.14E-05,,,
64.5699,7.94E-05,,,
64.7922,7.86E-05,,,
65.0152,7.85E-05,,,
65.239,7.86E-05,,,
65.4636,7.61E-05,,,
65.6889,7.26E-05,,,
65.915,7.56E-05,,,
66.1419,7.55E-05,,,
66.3696,7.06E-05,,,
66.5981,7.03E-05,,,
66.8273,7.05E-05,,,
67.0573,7.02E-05,,,
67.2882,6.75E-05,,,
67.5198,6.57E-05,,,
67.7522,6.55E-05,,,
67.9854,6.50E-05,,,
68.2194,6.33E-05,,,
68.4543,6.29E-05,,,
68.6899,6.17E-05,,,
68.9264,6.11E-05,,,
69.1636,6.20E-05,,,
69.4017,6.06E-05,,,
69.6406,5.97E-05,,,
69.8803,5.88E-05,,,
70.1209,5.82E-05,,,
70.3622,5.64E-05,,,
70.6044,5.56E-05,,,
70.8475,5.38E-05,,,
71.0913,5.56E-05,,,
71.336,5.42E-05,,,
71.5816,5.25E-05,,,
71.828,5.18E-05,,,
72.0753,5.11E-05,,,
72.3234,5.01E-05,,,
72.5723,5.07E-05,,,
72.8221,5.06E-05,,,
73.0728,5.07E-05,,,
73.3243,4.90E-05,,,
73.5767,5.01E-05,,,
73.83,4.79E-05,,,
74.0841,4.80E-05,,,
74.3391,4.81E-05,,,
74.595,4.63E-05,,,
74.8518,4.53E-05,,,
75.1095,4.51E-05,,,
75.368,4.49E-05,,,
75.6274,4.40E-05,,,
75.8878,4.35E-05,,,
76.149,4.32E-05,,,
76.4111,4.49E-05,,,
76.6741,4.29E-05,,,
76.9381,4.22E-05,,,
77.2029,4.18E-05,,,
77.4687,4.07E-05,,,
77.7353,4.11E-05,,,
78.0029,3.93E-05,,,
78.2714,3.87E-05,,,
78.5408,3.96E-05,,,
78.8112,4.03E-05,,,
79.0825,3.95E-05,,,
79.3547,3.82E-05,,,
79.6279,3.98E-05,,,
79.902,3.72E-05,,,
80.177,3.96E-05,,,
80.453,3.91E-05,,,
80.7299,3.86E-05,,,
81.0078,3.83E-05,,,
81.2867,3.48E-05,,,
81.5665,3.58E-05,,,
81.8472,3.60E-05,,,
82.129,3.58E-05,,,
82.4117,3.47E-05,,,
82.6954,3.36E-05,,,
82.98,3.34E-05,,,
83.2656,3.37E-05,,,
83.5523,3.58E-05,,,
83.8399,3.44E-05,,,
84.1285,3.48E-05,,,
84.4181,3.33E-05,,,
84.7086,3.26E-05,,,
85.0002,3.34E-05,,,
85.2928,3.35E-05,,,
85.5864,3.24E-05,,,
85.881,3.11E-05,,,
86.1767,3.36E-05,,,
86.4733,3.25E-05,,,
86.771,3.20E-05,,,
87.0696,3.10E-05,,,
87.3693,3.06E-05,,,
87.6701,3.30E-05,,,
87.9719,3.12E-05,,,
88.2747,3.08E-05,,,
88.5786,2.87E-05,,,
88.8835,3.01E-05,,,
89.1894,3.04E-05,,,
89.4964,2.89E-05,,,
89.8045,2.98E-05,,,
90.1136,3.05E-05,,,
90.4238,2.98E-05,,,
90.7351,2.93E-05,,,
91.0474,3.00E-05,,,
91.3608,2.90E-05,,,
91.6753,2.82E-05,,,
91.9909,2.77E-05,,,
92.3075,2.81E-05,,,
92.6253,2.79E-05,,,
92.9441,2.87E-05,,,
93.264,2.89E-05,,,
93.5851,2.83E-05,,,
93.9072,2.81E-05,,,
94.2305,2.69E-05,,,
94.5548,2.73E-05,,,
94.8803,2.74E-05,,,
95.2069,2.68E-05,,,
95.5346,2.81E-05,,,
95.8635,2.69E-05,,,
96.1935,2.62E-05,,,
96.5246,2.62E-05,,,
96.8568,2.60E-05,,,
97.1902,2.75E-05,,,
97.5248,2.61E-05,,,
97.8605,2.53E-05,,,
98.1974,2.62E-05,,,
98.5354,2.56E-05,,,
98.8746,2.47E-05,,,
99.2149,2.47E-05,,,
99.5564,2.41E-05,,,
99.8991,2.58E-05,,,
100.243,2.46E-05,,,
100.588,2.33E-05,,,
100.934,2.44E-05,,,
101.282,2.55E-05,,,
101.63,2.51E-05,,,
101.98,2.43E-05,,,
102.331,2.43E-05,,,
102.684,2.59E-05,,,
103.037,2.28E-05,,,
103.392,2.30E-05,,,
103.748,2.15E-05,,,
104.105,2.40E-05,,,
104.463,2.28E-05,,,
104.823,2.32E-05,,,
105.183,2.28E-05,,,
105.545,2.26E-05,,,
105.909,2.17E-05,,,
106.273,2.30E-05,,,
106.639,2.24E-05,,,
107.006,2.27E-05,,,
107.375,2.10E-05,,,
107.744,2.11E-05,,,
108.115,2.01E-05,,,
108.487,1.94E-05,,,
108.861,2.10E-05,,,
109.235,2.13E-05,,,
109.611,2.16E-05,,,
109.989,2.05E-05,,,
110.367,1.94E-05,,,
110.747,1.96E-05,,,
111.128,1.79E-05,,,
111.511,1.80E-05,,,
111.895,1.74E-05,,,
112.28,1.60E-05,,,
112.666,1.71E-05,,,
113.054,1.54E-05,,,
113.443,1.67E-05,,,
113.834,1.46E-05,,,
114.226,1.44E-05,,,
114.619,1.41E-05,,,
115.014,1.40E-05,,,
115.409,1.27E-05,,,
115.807,1.32E-05,,,
116.205,1.28E-05,,,
116.605,1.23E-05,,,
117.007,1.02E-05,,,
117.41,1.02E-05,,,
117.814,9.05E-06,,,
118.219,7.71E-06,,,
118.626,7.62E-06,,,
119.034,6.71E-06,,,
119.444,6.31E-06,,,
119.855,4.76E-06,,,
120.268,5.27E-06,,,
120.682,4.24E-06,,,
121.097,3.59E-06,,,
121.514,3.03E-06,,,
121.932,3.15E-06,,,
122.352,2.81E-06,,,
122.773,2.35E-06,,,
123.196,1.66E-06,,,
123.62,1.07E-06,,,
124.046,1.15E-06,,,
124.473,1.38E-06,,,
124.901,6.84E-07,,,
125.331,6.22E-07,,,
125.762,7.55E-07,,,
126.195,6.02E-07,,,
126.63,4.85E-07,,,
127.066,3.11E-07,,,
127.503,2.64E-07,,,
127.942,2.84E-07,,,
128.382,2.69E-07,,,
128.824,1.97E-07,,,
129.268,2.11E-07,,,
129.713,1.77E-07,,,
130.159,1.19E-07,,,
130.607,9.13E-08,,,
131.057,6.46E-08,,,
131.508,7.90E-08,,,
131.961,9.23E-08,,,
132.415,1.59E-07,,,
132.871,6.36E-08,,,
133.328,8.41E-08,,,
133.787,1.53E-07,,,
134.247,3.18E-08,,,
134.709,1.38E-07,,,
135.173,3.28E-08,,,
135.638,8.92E-08,,,
136.105,7.39E-08,,,
136.574,3.18E-08,,,
137.044,3.08E-09,,,
137.516,1.18E-07,,,
137.989,6.15E-09,,,
138.464,1.11E-07,,,
138.941,5.13E-09,,,
139.419,8.31E-08,,,
139.899,7.28E-08,,,
140.38,3.08E-09,,,
140.864,9.74E-08,,,
141.349,4.51E-08,,,
141.835,1.64E-08,,,
142.323,7.39E-08,,,
142.813,2.05E-09,,,
143.305,3.49E-08,,,
143.798,2.67E-08,,,
144.293,7.28E-08,,,
144.79,2.97E-08,,,
145.288,3.49E-08,,,
145.788,3.49E-08,,,
146.29,5.85E-08,,,
146.794,3.08E-09,,,
147.299,4.31E-08,,,
147.806,2.77E-08,,,
148.315,3.08E-09,,,
148.825,1.03E-09,,,
149.338,3.18E-08,,,
149.852,2.87E-08,,,
150.368,2.77E-08,,,
150.885,1.01E-07,,,
151.405,6.15E-08,,,
151.926,3.08E-09,,,
152.449,3.08E-09,,,
152.973,4.72E-08,,,
153.5,0,,,
154.028,4.31E-08,,,
154.559,2.05E-09,,,
155.091,2.67E-08,,,
155.624,0,,,
156.16,2.67E-08,,,
156.698,2.05E-09,,,
157.237,0,,,
157.778,1.03E-09,,,
158.321,4.31E-08,,,
158.866,5.13E-08,,,
159.413,3.49E-08,,,
159.962,0,,,
160.513,0,,,
161.065,2.87E-08,,,
161.62,0,,,
162.176,1.64E-08,,,
162.734,3.39E-08,,,
163.294,3.39E-08,,,
163.856,3.49E-08,,,
164.42,2.77E-08,,,
164.986,2.05E-09,,,
165.554,0,,,
166.124,0,,,
166.696,0,,,
167.27,0,,,
167.846,1.03E-09,,,
168.423,3.39E-08,,,
169.003,0,,,
169.585,1.64E-08,,,
170.169,8.82E-08,,,
170.754,3.39E-08,,,
171.342,0,,,
171.932,2.67E-08,,,
172.524,5.33E-08,,,
173.118,0,,,
173.714,0,,,
174.312,3.39E-08,,,
174.912,3.39E-08,,,
175.514,0,,,
176.118,0,,,
176.724,0,,,
177.332,3.39E-08,,,
177.943,3.39E-08,,,
178.555,3.39E-08,,,
179.17,0,,,
179.787,0,,,
180.406,2.67E-08,,,
181.027,0,,,
181.65,0,,,
182.275,3.39E-08,,,
182.902,0,,,
183.532,0,,,
184.164,0,,,
184.798,0,,,
185.434,0,,,
186.072,0,,,
186.713,0,,,
187.355,0,,,
188,0,,,
188.647,0,,,
189.297,0,,,
189.948,0,,,
190.602,0,,,
191.258,3.39E-08,,,
191.917,0,,,
192.577,0,,,
193.24,0,,,
193.905,0,,,
194.573,0,,,
195.243,0,,,
195.915,0,,,
196.589,0,,,
197.266,0,,,
197.945,0,,,
198.626,0,,,
199.31,0,,,
199.996,3.39E-08,,,
200.684,0,,,
201.375,0,,,
202.068,0,,,
202.764,0,,,
203.462,3.39E-08,,,
204.162,3.39E-08,,,
204.865,0,,,
205.57,0,,,
206.278,0,,,
206.988,0,,,
207.7,0,,,
208.415,3.39E-08,,,
209.133,0,,,
209.853,3.39E-08,,,
210.575,0,,,
211.3,3.39E-08,,,
212.027,0,,,
212.757,0,,,
213.489,0,,,
214.224,0,,,
214.962,0,,,
215.702,3.39E-08,,,
216.444,0,,,
217.189,0,,,
217.937,0,,,
218.687,0,,,
219.44,3.39E-08,,,
220.195,3.39E-08,,,
220.953,0,,,
221.714,0,,,
222.477,2.87E-08,,,
223.243,0,,,
224.011,0,,,
224.782,0,,,
225.556,3.39E-08,,,
226.332,3.39E-08,,,
227.111,0,,,
227.893,3.39E-08,,,
228.678,0,,,
229.465,0,,,
230.255,0,,,
231.047,0,,,
231.843,2.87E-08,,,
232.641,0,,,
233.441,0,,,
234.245,0,,,
235.051,0,,,
235.86,0,,,
236.672,0,,,
237.487,2.87E-08,,,
238.304,0,,,
239.125,0,,,
239.948,0,,,
240.774,0,,,
241.603,0,,,
242.434,0,,,
243.269,0,,,
244.106,0,,,
244.946,0,,,
245.79,0,,,
246.636,2.87E-08,,,
247.485,0,,,
248.337,0,,,
249.191,0,,,
250.049,0,,,
250.91,0,,,
251.774,0,,,
252.64,0,,,
253.51,0,,,
254.383,0,,,
255.258,0,,,
256.137,0,,,
257.019,0,,,
257.903,2.87E-08,,,
258.791,0,,,
259.682,0,,,
260.576,0,,,
261.473,0,,,
262.373,0,,,
263.276,0,,,
264.182,0,,,
265.092,0,,,
266.004,0,,,
266.92,0,,,
267.838,0,,,
268.76,0,,,
269.686,0,,,
270.614,0,,,
271.545,0,,,
272.48,0,,,
273.418,0,,,
274.359,0,,,
275.304,0,,,
276.251,0,,,
277.202,0,,,
278.156,0,,,
279.114,0,,,
280.075,0,,,
281.039,0,,,
282.006,0,,,
282.977,0,,,
283.951,0,,,
284.928,0,,,
285.909,0,,,
286.893,0,,,
287.881,0,,,
288.872,0,,,
289.866,0,,,
290.864,0,,,
291.865,0,,,
292.87,0,,,
293.878,0,,,
294.89,0,,,
295.905,0,,,
296.923,0,,,
297.945,0,,,
298.971,0,,,
