0.01,0.0102028,0.914,0.1564225,0.933072781
0.0100344,0.00892654,,0.3128451,0.879083889
0.010069,0.0113261,,0.4692676,0.840507406
0.0101036,0.00645598,,0.6256901,0.851736911
0.0101384,0.00952647,,0.7821126,0.76417288
0.0101733,0.00692133,,0.9385352,0.721009666
0.0102083,0.00898383,,1.564225,0.510750156
0.0102435,0.0168528,,2.346338,0.324695916
0.0102787,0.0156374,,3.12845,0.160247745
0.0103141,0.0142871,,,
0.0103496,0.0195445,,,
0.0103852,0.016004,,,
0.010421,0.0141572,,,
0.0104568,0.030653,,,
0.0104928,0.0330768,,,
0.010529,0.0329239,,,
0.0105652,0.0333172,,,
0.0106016,0.0353128,,,
0.0106381,0.0330526,,,
0.0106747,0.0337747,,,
0.0107114,0.0400543,,,
0.0107483,0.041285,,,
0.0107853,0.0478526,,,
0.0108224,0.0472337,,,
0.0108597,0.0456772,,,
0.0108971,0.0395218,,,
0.0109346,0.0624666,,,
0.0109722,0.0969159,,,
0.01101,0.115716,,,
0.0110479,0.131517,,,
0.0110859,0.447028,,,
0.0111241,0.643419,,,
0.0111624,0.653759,,,
0.0112008,0.639269,,,
0.0112393,0.627464,,,
0.011278,0.613325,,,
0.0113168,0.61517,,,
0.0113558,0.637003,,,
0.0113949,0.588928,,,
0.0114341,0.589075,,,
0.0114735,0.593321,,,
0.011513,0.589973,,,
0.0115526,0.580689,,,
0.0115924,0.62141,,,
0.0116323,0.543111,,,
0.0116723,0.540636,,,
0.0117125,0.565608,,,
0.0117528,0.603104,,,
0.0117933,0.540706,,,
0.0118339,0.548925,,,
0.0118746,0.523675,,,
0.0119155,0.511446,,,
0.0119565,0.530833,,,
0.0119976,0.50994,,,
0.0120389,0.517051,,,
0.0120804,0.504245,,,
0.012122,0.507665,,,
0.0121637,0.519097,,,
0.0122056,0.499012,,,
0.0122476,0.50286,,,
0.0122897,1.12909,,,
0.012332,0.514146,,,
0.0123745,0.501172,,,
0.0124171,0.480804,,,
0.0124598,0.525029,,,
0.0125027,0.485883,,,
0.0125458,0.475754,,,
0.0125889,0.459916,,,
0.0126323,0.485787,,,
0.0126758,0.453359,,,
0.0127194,0.440736,,,
0.0127632,0.462853,,,
0.0128071,0.456665,,,
0.0128512,0.439729,,,
0.0128954,0.436809,,,
0.0129398,0.439924,,,
0.0129844,0.419635,,,
0.0130291,0.436447,,,
0.0130739,0.416973,,,
0.0131189,0.421712,,,
0.0131641,0.409175,,,
0.0132094,0.397754,,,
0.0132548,0.386655,,,
0.0133005,0.396749,,,
0.0133463,0.404979,,,
0.0133922,0.386754,,,
0.0134383,0.400972,,,
0.0134846,0.374767,,,
0.013531,0.373394,,,
0.0135775,0.382281,,,
0.0136243,0.390335,,,
0.0136712,0.337749,,,
0.0137182,0.341865,,,
0.0137655,0.338959,,,
0.0138128,0.358374,,,
0.0138604,0.325141,,,
0.0139081,0.343419,,,
0.013956,0.348102,,,
0.014004,0.337703,,,
0.0140522,0.327286,,,
0.0141006,0.35455,,,
0.0141491,0.333486,,,
0.0141978,0.328261,,,
0.0142467,0.330175,,,
0.0142957,0.339372,,,
0.014345,0.304498,,,
0.0143943,0.331177,,,
0.0144439,0.335435,,,
0.0144936,0.321187,,,
0.0145435,0.318554,,,
0.0145936,0.28673,,,
0.0146438,0.289363,,,
0.0146942,0.288079,,,
0.0147448,0.298595,,,
0.0147955,0.303497,,,
0.0148465,0.297425,,,
0.0148976,0.301038,,,
0.0149488,1.10634,,,
0.0150003,0.313308,,,
0.0150519,0.290542,,,
0.0151038,0.319946,,,
0.0151557,0.305572,,,
0.0152079,0.324,,,
0.0152603,0.301328,,,
0.0153128,0.279216,,,
0.0153655,0.271653,,,
0.0154184,0.299675,,,
0.0154715,0.25904,,,
0.0155247,0.269145,,,
0.0155782,0.270721,,,
0.0156318,0.265937,,,
0.0156856,0.285043,,,
0.0157396,0.269608,,,
0.0157938,0.260082,,,
0.0158481,0.276282,,,
0.0159027,0.281628,,,
0.0159574,0.259891,,,
0.0160124,0.259013,,,
0.0160675,0.266324,,,
0.0161228,0.251993,,,
0.0161783,12.2707,,,
0.016234,0.447025,,,
0.0162898,0.698069,,,
0.0163459,0.390305,,,
0.0164022,0.419607,,,
0.0164586,0.509684,,,
0.0165153,0.360544,,,
0.0165722,0.376648,,,
0.0166292,0.367751,,,
0.0166864,0.347368,,,
0.0167439,0.309943,,,
0.0168015,0.446254,,,
0.0168593,0.887469,,,
0.0169174,0.40791,,,
0.0169756,0.366284,,,
0.0170341,0.381142,,,
0.0170927,0.316199,,,
0.0171515,0.33371,,,
0.0172106,0.344463,,,
0.0172698,0.326644,,,
0.0173293,0.303899,,,
0.0173889,0.340706,,,
0.0174488,0.310425,,,
0.0175088,0.323018,,,
0.0175691,0.354565,,,
0.0176296,0.303008,,,
0.0176903,0.338411,,,
0.0177511,0.311167,,,
0.0178123,0.315389,,,
0.0178736,0.326662,,,
0.0179351,0.293134,,,
0.0179968,0.313238,,,
0.0180588,0.323088,,,
0.0181209,0.300819,,,
0.0181833,0.301464,,,
0.0182459,0.330988,,,
0.0183087,0.337137,,,
0.0183717,0.329037,,,
0.018435,0.332577,,,
0.0184984,0.300822,,,
0.0185621,0.310592,,,
0.018626,0.290579,,,
0.0186901,0.334978,,,
0.0187545,0.288964,,,
0.018819,0.303968,,,
0.0188838,0.827168,,,
0.0189488,0.325757,,,
0.019014,0.334975,,,
0.0190795,0.328512,,,
0.0191451,0.314058,,,
0.019211,0.319494,,,
0.0192772,0.318722,,,
0.0193435,0.321032,,,
0.0194101,0.336543,,,
0.0194769,0.338838,,,
0.019544,0.321148,,,
0.0196112,0.323367,,,
0.0196788,0.299892,,,
0.0197465,0.287546,,,
0.0198145,0.310431,,,
0.0198827,0.298292,,,
0.0199511,0.299208,,,
0.0200198,9.34258,,,
0.0200887,0.495364,,,
0.0201579,0.705402,,,
0.0202272,0.431261,,,
0.0202969,0.541218,,,
0.0203667,0.446346,,,
0.0204368,0.433145,,,
0.0205072,0.41697,,,
0.0205778,0.378865,,,
0.0206486,1.11569,,,
0.0207197,0.403064,,,
0.020791,0.492444,,,
0.0208626,0.448069,,,
0.0209344,0.456829,,,
0.0210065,0.419272,,,
0.0210788,0.386906,,,
0.0211513,0.419888,,,
0.0212241,0.408363,,,
0.0212972,0.406926,,,
0.0213705,0.432343,,,
0.0214441,0.444608,,,
0.0215179,0.400686,,,
0.0215919,0.415881,,,
0.0216663,0.419735,,,
0.0217408,0.406619,,,
0.0218157,0.395595,,,
0.0218908,0.411881,,,
0.0219661,0.419857,,,
0.0220417,0.412599,,,
0.0221176,0.426316,,,
0.0221938,0.434253,,,
0.0222701,0.440148,,,
0.0223468,0.40651,,,
0.0224237,0.437238,,,
0.0225009,0.412681,,,
0.0225784,0.397348,,,
0.0226561,0.43002,,,
0.0227341,0.443268,,,
0.0228123,0.412968,,,
0.0228909,0.475491,,,
0.0229697,0.446551,,,
0.0230487,0.464795,,,
0.0231281,0.419984,,,
0.0232077,0.438221,,,
0.0232876,0.443381,,,
0.0233677,0.473709,,,
0.0234482,0.469881,,,
0.0235289,0.448954,,,
0.0236099,0.436132,,,
0.0236911,0.476588,,,
0.0237727,0.444504,,,
0.0238545,0.459094,,,
0.0239366,0.468067,,,
0.024019,6.26241,,,
0.0241017,0.666894,,,
0.0241847,0.733901,,,
0.0242679,0.602956,,,
0.0243514,0.549881,,,
0.0244353,0.559729,,,
0.0245194,0.553135,,,
0.0246038,0.523506,,,
0.0246885,0.618353,,,
0.0247735,0.579861,,,
0.0248587,0.515613,,,
0.0249443,0.557978,,,
0.0250302,0.53835,,,
0.0251163,0.541689,,,
0.0252028,0.545847,,,
0.0252895,0.536145,,,
0.0253766,0.554827,,,
0.0254639,0.596774,,,
0.0255516,0.584264,,,
0.0256396,0.551947,,,
0.0257278,0.560088,,,
0.0258164,0.554984,,,
0.0259052,0.543012,,,
0.0259944,0.561077,,,
0.0260839,0.532834,,,
0.0261737,0.579522,,,
0.0262638,0.591598,,,
0.0263542,0.577632,,,
0.0264449,0.601025,,,
0.0265359,0.552764,,,
0.0266273,0.58663,,,
0.0267189,0.582915,,,
0.0268109,0.575943,,,
0.0269032,0.574462,,,
0.0269958,0.572468,,,
0.0270887,0.595587,,,
0.027182,0.596644,,,
0.0272755,0.629153,,,
0.0273694,0.626035,,,
0.0274636,0.59992,,,
0.0275582,0.610112,,,
0.027653,0.637485,,,
0.0277482,0.609666,,,
0.0278437,0.609559,,,
0.0279396,0.623249,,,
0.0280357,0.614302,,,
0.0281323,0.611257,,,
0.0282291,0.605248,,,
0.0283263,0.626783,,,
0.0284238,0.701869,,,
0.0285216,0.607314,,,
0.0286198,0.628251,,,
0.0287183,0.638332,,,
0.0288172,0.602094,,,
0.0289164,0.6287,,,
0.0290159,0.607737,,,
0.0291158,0.637253,,,
0.029216,0.642914,,,
0.0293166,0.599753,,,
0.0294175,0.583194,,,
0.0295187,0.600649,,,
0.0296203,0.616378,,,
0.0297223,0.615078,,,
0.0298246,0.578602,,,
0.0299273,0.602584,,,
0.0300303,0.610419,,,
0.0301337,0.60962,,,
0.0302374,0.647842,,,
0.0303415,0.648662,,,
0.0304459,0.602862,,,
0.0305507,0.623291,,,
0.0306559,0.602495,,,
0.0307614,0.629505,,,
0.0308673,0.632155,,,
0.0309735,0.606587,,,
0.0310802,0.790592,,,
0.0311872,0.648133,,,
0.0312945,0.644899,,,
0.0314022,0.640542,,,
0.0315103,0.640708,,,
0.0316188,0.605959,,,
0.0317276,0.637933,,,
0.0318368,0.62181,,,
0.0319464,0.619723,,,
0.0320564,0.616369,,,
0.0321667,0.609444,,,
0.0322775,0.693178,,,
0.0323886,0.721493,,,
0.0325001,0.63991,,,
0.0326119,0.636814,,,
0.0327242,0.616581,,,
0.0328368,0.600144,,,
0.0329499,0.755319,,,
0.0330633,0.612271,,,
0.0331771,0.641068,,,
0.0332913,0.626058,,,
0.0334059,0.593275,,,
0.0335209,0.630597,,,
0.0336363,0.638545,,,
0.0337521,0.621104,,,
0.0338682,0.613977,,,
0.0339848,0.619787,,,
0.0341018,0.603624,,,
0.0342192,0.637879,,,
0.034337,0.602824,,,
0.0344552,0.590802,,,
0.0345738,0.598248,,,
0.0346928,0.582171,,,
0.0348122,0.62188,,,
0.034932,0.606181,,,
0.0350523,0.874773,,,
0.035173,0.636348,,,
0.035294,0.635729,,,
0.0354155,0.609938,,,
0.0355374,0.616506,,,
0.0356597,0.624239,,,
0.0357825,0.642193,,,
0.0359057,0.584563,,,
0.0360293,0.60732,,,
0.0361533,0.698187,,,
0.0362777,0.618579,,,
0.0364026,0.683564,,,
0.0365279,0.602617,,,
0.0366537,0.630487,,,
0.0367798,0.764837,,,
0.0369064,0.71219,,,
0.0370335,0.625385,,,
0.0371609,0.601389,,,
0.0372889,0.595115,,,
0.0374172,0.618745,,,
0.037546,0.602457,,,
0.0376753,0.593681,,,
0.0378049,0.599243,,,
0.0379351,0.596304,,,
0.0380657,0.617267,,,
0.0381967,0.607543,,,
0.0383282,0.612124,,,
0.0384601,0.629644,,,
0.0385925,0.597786,,,
0.0387253,0.607041,,,
0.0388586,0.610578,,,
0.0389924,0.829241,,,
0.0391266,0.610301,,,
0.0392613,0.603555,,,
0.0393965,0.57917,,,
0.0395321,0.606446,,,
0.0396681,0.587669,,,
0.0398047,0.577192,,,
0.0399417,0.60082,,,
0.0400792,0.603532,,,
0.0402172,0.667986,,,
0.0403556,0.621314,,,
0.0404945,0.610246,,,
0.0406339,0.745432,,,
0.0407738,0.605169,,,
0.0409141,0.666091,,,
0.041055,0.585279,,,
0.0411963,0.627124,,,
0.0413381,0.577534,,,
0.0414804,0.59278,,,
0.0416232,0.591817,,,
0.0417664,0.581082,,,
0.0419102,0.567129,,,
0.0420545,0.589571,,,
0.0421992,0.582369,,,
0.0423445,0.585367,,,
0.0424903,0.600047,,,
0.0426365,0.591052,,,
0.0427833,0.570937,,,
0.0429306,0.667625,,,
0.0430783,0.590273,,,
0.0432266,0.586106,,,
0.0433754,0.617674,,,
0.0435247,0.611858,,,
0.0436745,0.58704,,,
0.0438249,0.581822,,,
0.0439757,0.573566,,,
0.0441271,0.61378,,,
0.044279,0.599494,,,
0.0444314,0.591372,,,
0.0445844,0.694008,,,
0.0447378,0.589388,,,
0.0448918,0.589946,,,
0.0450464,0.588358,,,
0.0452014,0.571854,,,
0.045357,0.57618,,,
0.0455131,0.571862,,,
0.0456698,0.587163,,,
0.045827,0.570956,,,
0.0459848,0.570938,,,
0.0461431,0.585654,,,
0.0463019,0.602292,,,
0.0464613,0.583623,,,
0.0466212,0.592338,,,
0.0467817,0.562211,,,
0.0469427,0.58452,,,
0.0471043,0.574343,,,
0.0472664,0.573865,,,
0.0474291,0.584099,,,
0.0475924,0.571615,,,
0.0477562,0.581616,,,
0.0479206,0.571107,,,
0.0480856,0.603418,,,
0.0482511,0.581896,,,
0.0484172,1.28166,,,
0.0485839,0.611675,,,
0.0487511,0.597231,,,
0.0489189,0.613156,,,
0.0490873,0.623511,,,
0.0492563,0.606895,,,
0.0494258,0.609458,,,
0.0495959,0.603592,,,
0.0497667,0.621568,,,
0.049938,0.621624,,,
0.0501099,0.601759,,,
0.0502824,0.617963,,,
0.0504554,0.616567,,,
0.0506291,0.609756,,,
0.0508034,0.610423,,,
0.0509783,0.597569,,,
0.0511538,0.613793,,,
0.0513298,0.619249,,,
0.0515065,0.621772,,,
0.0516838,0.614245,,,
0.0518617,0.645424,,,
0.0520403,0.623066,,,
0.0522194,0.623808,,,
0.0523991,0.641477,,,
0.0525795,0.604969,,,
0.0527605,0.631144,,,
0.0529421,0.612793,,,
0.0531244,0.619068,,,
0.0533072,0.648181,,,
0.0534907,0.618822,,,
0.0536748,0.63065,,,
0.0538596,0.636759,,,
0.054045,0.618924,,,
0.054231,0.649667,,,
0.0544177,0.632014,,,
0.054605,0.625312,,,
0.054793,0.63692,,,
0.0549816,0.652046,,,
0.0551709,0.651641,,,
0.0553608,0.636466,,,
0.0555513,0.647226,,,
0.0557426,0.652105,,,
0.0559344,0.67301,,,
0.056127,0.635462,,,
0.0563202,0.676203,,,
0.056514,0.638086,,,
0.0567086,0.643074,,,
0.0569038,0.653211,,,
0.0570997,0.668289,,,
0.0572962,0.649344,,,
0.0574934,0.658434,,,
0.0576913,0.667998,,,
0.0578899,0.649495,,,
0.0580892,0.658386,,,
0.0582892,0.669712,,,
0.0584898,0.674168,,,
0.0586911,0.682085,,,
0.0588932,0.671088,,,
0.0590959,0.688087,,,
0.0592993,0.67418,,,
0.0595034,0.687514,,,
0.0597083,0.693395,,,
0.0599138,0.689061,,,
0.06012,0.702074,,,
0.060327,0.6961,,,
0.0605346,0.670349,,,
0.060743,0.700908,,,
0.0609521,0.689821,,,
0.0611619,0.697885,,,
0.0613724,0.695503,,,
0.0615837,0.677472,,,
0.0617957,0.692233,,,
0.0620084,0.685283,,,
0.0622218,0.689036,,,
0.062436,0.702622,,,
0.0626509,0.698164,,,
0.0628666,0.68459,,,
0.063083,0.713208,,,
0.0633001,0.715865,,,
0.063518,0.717248,,,
0.0637367,0.705841,,,
0.0639561,0.716584,,,
0.0641762,0.686225,,,
0.0643971,0.704343,,,
0.0646188,0.73682,,,
0.0648412,0.719035,,,
0.0650644,0.712257,,,
0.0652884,0.736506,,,
0.0655131,0.711965,,,
0.0657387,0.700026,,,
0.0659649,0.724492,,,
0.066192,0.713789,,,
0.0664199,0.708942,,,
0.0666485,0.716106,,,
0.0668779,0.717502,,,
0.0671081,0.718245,,,
0.0673391,0.716271,,,
0.0675709,0.735616,,,
0.0678035,0.704264,,,
0.0680369,0.730712,,,
0.0682711,0.735607,,,
0.0685061,0.737521,,,
0.0687419,0.723017,,,
0.0689785,0.729942,,,
0.069216,0.723255,,,
0.0694542,0.738663,,,
0.0696933,0.738366,,,
0.0699332,0.730811,,,
0.0701739,0.734635,,,
0.0704155,0.728031,,,
0.0706579,0.731297,,,
0.0709011,0.733646,,,
0.0711452,0.719674,,,
0.0713901,0.723881,,,
0.0716358,0.722652,,,
0.0718824,0.711656,,,
0.0721298,0.747641,,,
0.0723781,0.75296,,,
0.0726273,0.74083,,,
0.0728773,0.74418,,,
0.0731281,0.746867,,,
0.0733798,0.747234,,,
0.0736324,0.735738,,,
0.0738859,0.766956,,,
0.0741402,0.731723,,,
0.0743954,0.721819,,,
0.0746515,0.757719,,,
0.0749085,0.745032,,,
0.0751663,0.73149,,,
0.0754251,0.731892,,,
0.0756847,0.742361,,,
0.0759452,0.739432,,,
0.0762067,0.73055,,,
0.076469,0.766357,,,
0.0767322,0.735415,,,
0.0769963,0.727148,,,
0.0772614,0.752343,,,
0.0775273,0.737956,,,
0.0777942,0.753875,,,
0.078062,0.746711,,,
0.0783307,0.73961,,,
0.0786003,0.765157,,,
0.0788709,0.74333,,,
0.0791424,0.760944,,,
0.0794148,0.751345,,,
0.0796882,0.745249,,,
0.0799625,0.747243,,,
0.0802377,0.731039,,,
0.0805139,0.77221,,,
0.080791,0.750184,,,
0.0810692,0.76126,,,
0.0813482,0.761873,,,
0.0816282,0.752898,,,
0.0819092,0.759352,,,
0.0821912,0.776863,,,
0.0824741,0.780727,,,
0.082758,0.762121,,,
0.0830428,0.754044,,,
0.0833287,0.792679,,,
0.0836155,0.776236,,,
0.0839034,0.756301,,,
0.0841922,0.771892,,,
0.084482,0.771515,,,
0.0847728,0.780958,,,
0.0850646,0.770334,,,
0.0853574,0.766753,,,
0.0856512,0.774967,,,
0.0859461,0.778584,,,
0.0862419,0.783809,,,
0.0865388,0.779447,,,
0.0868367,0.744913,,,
0.0871356,0.787765,,,
0.0874355,0.780911,,,
0.0877365,0.777585,,,
0.0880385,0.782511,,,
0.0883415,0.760481,,,
0.0886456,0.810665,,,
0.0889508,0.791055,,,
0.089257,0.771048,,,
0.0895642,0.787773,,,
0.0898725,0.775188,,,
0.0901819,0.794885,,,
0.0904923,0.777172,,,
0.0908038,0.807229,,,
0.0911164,0.81338,,,
0.09143,0.791352,,,
0.0917447,0.782962,,,
0.0920605,0.795225,,,
0.0923774,0.812346,,,
0.0926954,0.802814,,,
0.0930145,0.796445,,,
0.0933347,0.811425,,,
0.0936559,0.816396,,,
0.0939783,0.805771,,,
0.0943018,0.80497,,,
0.0946264,0.811897,,,
0.0949522,0.84096,,,
0.095279,0.799102,,,
0.095607,0.815471,,,
0.0959361,0.80825,,,
0.0962663,0.809427,,,
0.0965977,0.817859,,,
0.0969302,0.826391,,,
0.0972638,0.819268,,,
0.0975986,0.813086,,,
0.0979346,0.820499,,,
0.0982717,0.840626,,,
0.09861,0.832581,,,
0.0989494,0.819217,,,
0.09929,0.837682,,,
0.0996318,0.812517,,,
0.0999748,0.8331,,,
0.100319,0.829817,,,
0.100664,0.840717,,,
0.101011,0.823759,,,
0.101358,0.837627,,,
0.101707,0.825511,,,
0.102057,0.825894,,,
0.102409,0.839568,,,
0.102761,0.864698,,,
0.103115,0.834987,,,
0.10347,0.844045,,,
0.103826,0.836204,,,
0.104183,0.846609,,,
0.104542,0.843639,,,
0.104902,0.87229,,,
0.105263,0.847112,,,
0.105625,0.846306,,,
0.105989,0.858092,,,
0.106354,0.838331,,,
0.10672,0.847719,,,
0.107087,0.840442,,,
0.107456,0.857855,,,
0.107826,0.860872,,,
0.108197,0.859661,,,
0.108569,0.857797,,,
0.108943,0.851507,,,
0.109318,0.86871,,,
0.109694,0.860526,,,
0.110072,0.858633,,,
0.110451,0.864897,,,
0.110831,0.874175,,,
0.111213,0.87562,,,
0.111595,0.876749,,,
0.11198,0.871378,,,
0.112365,0.856841,,,
0.112752,0.865407,,,
0.11314,0.872229,,,
0.113529,0.873857,,,
0.11392,0.884815,,,
0.114312,0.877952,,,
0.114706,0.856623,,,
0.115101,0.88401,,,
0.115497,0.888783,,,
0.115894,0.911752,,,
0.116293,0.894185,,,
0.116694,0.900661,,,
0.117095,0.887813,,,
0.117498,0.886555,,,
0.117903,0.88397,,,
0.118309,0.891614,,,
0.118716,0.903143,,,
0.119125,0.884292,,,
0.119535,0.890703,,,
0.119946,0.902325,,,
0.120359,0.900933,,,
0.120773,0.893999,,,
0.121189,0.898703,,,
0.121606,0.915171,,,
0.122025,0.927383,,,
0.122445,0.908307,,,
0.122866,0.905249,,,
0.123289,0.905101,,,
0.123714,0.907481,,,
0.124139,0.918794,,,
0.124567,0.897714,,,
0.124996,0.894272,,,
0.125426,0.943914,,,
0.125858,0.923527,,,
0.126291,0.907774,,,
0.126726,0.931108,,,
0.127162,0.927806,,,
0.127599,0.916118,,,
0.128039,0.918169,,,
0.128479,0.927012,,,
0.128922,0.923876,,,
0.129365,0.916304,,,
0.129811,0.926712,,,
0.130258,0.932045,,,
0.130706,0.93187,,,
0.131156,0.92774,,,
0.131607,0.934253,,,
0.13206,0.918946,,,
0.132515,0.935852,,,
0.132971,0.932904,,,
0.133429,0.944642,,,
0.133888,0.95228,,,
0.134349,0.929332,,,
0.134811,0.931962,,,
0.135276,0.959663,,,
0.135741,0.950369,,,
0.136208,0.964771,,,
0.136677,0.946341,,,
0.137148,0.974083,,,
0.13762,0.963527,,,
0.138094,0.945603,,,
0.138569,0.960383,,,
0.139046,0.958819,,,
0.139525,0.953244,,,
0.140005,0.955899,,,
0.140487,0.966674,,,
0.14097,0.972735,,,
0.141456,0.985444,,,
0.141943,0.961204,,,
0.142431,0.96558,,,
0.142921,0.968454,,,
0.143413,0.963229,,,
0.143907,0.986329,,,
0.144402,0.986467,,,
0.144899,0.986121,,,
0.145398,0.973706,,,
0.145899,0.970221,,,
0.146401,0.989113,,,
0.146905,0.981112,,,
0.147411,0.994375,,,
0.147918,0.986969,,,
0.148427,0.977756,,,
0.148938,0.977536,,,
0.149451,1.00688,,,
0.149965,0.991278,,,
0.150481,0.988615,,,
0.150999,0.99194,,,
0.151519,0.998425,,,
0.152041,1.00407,,,
0.152564,1.00682,,,
0.153089,1.0092,,,
0.153616,1.01199,,,
0.154145,1.01228,,,
0.154676,0.999195,,,
0.155208,1.00143,,,
0.155742,1.01559,,,
0.156278,1.01197,,,
0.156816,1.0082,,,
0.157356,1.01903,,,
0.157898,1.01824,,,
0.158441,1.01558,,,
0.158987,1.01836,,,
0.159534,1.0327,,,
0.160083,1.02167,,,
0.160634,1.02377,,,
0.161187,1.01188,,,
0.161742,1.02069,,,
0.162299,1.03888,,,
0.162857,1.03511,,,
0.163418,1.02616,,,
0.163981,1.04566,,,
0.164545,1.03394,,,
0.165111,1.04686,,,
0.16568,1.03963,,,
0.16625,1.04101,,,
0.166822,1.04134,,,
0.167397,1.0467,,,
0.167973,1.05912,,,
0.168551,1.05168,,,
0.169131,1.05321,,,
0.169713,1.06112,,,
0.170298,1.04938,,,
0.170884,1.06045,,,
0.171472,1.07453,,,
0.172062,1.04944,,,
0.172654,1.05514,,,
0.173249,1.06203,,,
0.173845,1.06375,,,
0.174444,1.05786,,,
0.175044,1.08319,,,
0.175647,1.07462,,,
0.176251,1.08071,,,
0.176858,1.07378,,,
0.177467,1.06358,,,
0.178078,1.0662,,,
0.178691,1.07232,,,
0.179306,1.0787,,,
0.179923,1.08819,,,
0.180542,1.06459,,,
0.181164,1.07931,,,
0.181787,1.09157,,,
0.182413,1.08567,,,
0.183041,1.09175,,,
0.183671,1.10098,,,
0.184303,1.08602,,,
0.184938,1.08211,,,
0.185574,1.08709,,,
0.186213,1.08636,,,
0.186854,1.1105,,,
0.187497,1.10805,,,
0.188143,1.10148,,,
0.18879,1.09687,,,
0.18944,1.08748,,,
0.190092,1.09217,,,
0.190747,1.09136,,,
0.191403,1.10899,,,
0.192062,1.11061,,,
0.192723,1.09966,,,
0.193387,1.1008,,,
0.194052,1.10618,,,
0.19472,1.0956,,,
0.19539,1.10174,,,
0.196063,1.1096,,,
0.196738,1.1154,,,
0.197415,1.11319,,,
0.198095,1.13288,,,
0.198777,1.13351,,,
0.199461,1.12456,,,
0.200147,1.13166,,,
0.200836,1.12186,,,
0.201528,1.11961,,,
0.202221,1.12168,,,
0.202917,1.12782,,,
0.203616,1.13239,,,
0.204317,1.13478,,,
0.20502,1.1363,,,
0.205726,1.14326,,,
0.206434,1.16445,,,
0.207145,1.14555,,,
0.207858,1.16341,,,
0.208573,1.16591,,,
0.209291,1.14297,,,
0.210012,1.14327,,,
0.210734,1.15132,,,
0.21146,1.1636,,,
0.212188,1.16184,,,
0.212918,1.14967,,,
0.213651,1.16673,,,
0.214386,1.15732,,,
0.215124,1.16392,,,
0.215865,1.17433,,,
0.216608,1.14158,,,
0.217354,1.15368,,,
0.218102,1.15433,,,
0.218853,1.1662,,,
0.219606,1.17463,,,
0.220362,1.15761,,,
0.22112,1.17008,,,
0.221882,1.16324,,,
0.222645,1.17253,,,
0.223412,1.16949,,,
0.224181,1.17482,,,
0.224952,1.18837,,,
0.225727,1.17652,,,
0.226504,1.18266,,,
0.227283,1.18634,,,
0.228066,1.17835,,,
0.228851,1.182,,,
0.229639,1.19383,,,
0.230429,1.19107,,,
0.231222,1.19237,,,
0.232018,1.19674,,,
0.232817,1.18215,,,
0.233618,1.19492,,,
0.234422,1.18215,,,
0.235229,1.1905,,,
0.236039,1.21311,,,
0.236852,1.19091,,,
0.237667,1.19832,,,
0.238485,1.19207,,,
0.239306,1.19763,,,
0.24013,1.2079,,,
0.240956,1.19262,,,
0.241786,1.20158,,,
0.242618,1.21292,,,
0.243453,1.20439,,,
0.244291,1.21019,,,
0.245132,1.21647,,,
0.245976,1.2171,,,
0.246822,1.2428,,,
0.247672,1.21558,,,
0.248525,1.23912,,,
0.24938,1.21842,,,
0.250239,1.21521,,,
0.2511,1.21603,,,
0.251964,1.22422,,,
0.252832,1.229,,,
0.253702,1.22314,,,
0.254575,1.22051,,,
0.255452,1.23277,,,
0.256331,1.23074,,,
0.257213,1.22981,,,
0.258099,1.24499,,,
0.258987,1.2247,,,
0.259878,1.23935,,,
0.260773,1.24009,,,
0.261671,1.22752,,,
0.262571,1.23157,,,
0.263475,1.23397,,,
0.264382,1.22385,,,
0.265292,1.23203,,,
0.266205,1.23341,,,
0.267122,1.24351,,,
0.268041,1.23985,,,
0.268964,1.23853,,,
0.26989,1.24473,,,
0.270819,1.24286,,,
0.271751,1.24782,,,
0.272686,1.22832,,,
0.273625,1.23532,,,
0.274567,1.24574,,,
0.275512,1.23611,,,
0.27646,1.25708,,,
0.277412,1.2445,,,
0.278367,1.25218,,,
0.279325,1.24311,,,
0.280287,1.2487,,,
0.281252,1.24555,,,
0.28222,1.26175,,,
0.283191,1.25981,,,
0.284166,1.24898,,,
0.285144,1.25945,,,
0.286126,1.2683,,,
0.287111,1.2651,,,
0.288099,1.25222,,,
0.289091,1.27202,,,
0.290086,1.26802,,,
0.291084,1.26304,,,
0.292086,1.26123,,,
0.293092,1.26606,,,
0.294101,1.27317,,,
0.295113,1.26026,,,
0.296129,1.26871,,,
0.297148,1.26643,,,
0.298171,1.26859,,,
0.299197,1.28281,,,
0.300227,1.26414,,,
0.301261,1.26741,,,
0.302298,1.27505,,,
0.303338,1.25221,,,
0.304382,1.26342,,,
0.30543,1.27364,,,
0.306482,1.27135,,,
0.307536,1.27517,,,
0.308595,1.27711,,,
0.309657,1.26802,,,
0.310723,1.26743,,,
0.311793,1.26233,,,
0.312866,1.28773,,,
0.313943,1.2621,,,
0.315024,1.27193,,,
0.316108,1.27257,,,
0.317196,1.26393,,,
0.318288,1.27062,,,
0.319384,1.27049,,,
0.320483,1.28101,,,
0.321586,1.27237,,,
0.322693,1.27304,,,
0.323804,1.27393,,,
0.324919,1.27345,,,
0.326037,1.2596,,,
0.327159,1.2969,,,
0.328286,1.27585,,,
0.329416,1.27232,,,
0.330549,1.26691,,,
0.331687,1.2742,,,
0.332829,1.27919,,,
0.333975,1.27571,,,
0.335124,1.26739,,,
0.336278,1.28123,,,
0.337435,1.25997,,,
0.338597,1.27037,,,
0.339763,1.28864,,,
0.340932,1.27205,,,
0.342106,1.25735,,,
0.343283,1.25615,,,
0.344465,1.25588,,,
0.345651,1.2748,,,
0.34684,1.26571,,,
0.348034,1.27997,,,
0.349232,1.26848,,,
0.350434,1.25603,,,
0.351641,1.26111,,,
0.352851,1.25724,,,
0.354066,1.26154,,,
0.355285,1.25989,,,
0.356508,1.25588,,,
0.357735,1.26333,,,
0.358966,1.25386,,,
0.360202,1.2599,,,
0.361442,1.26237,,,
0.362686,1.26376,,,
0.363934,1.25714,,,
0.365187,1.25406,,,
0.366444,1.24803,,,
0.367705,1.24674,,,
0.368971,1.25781,,,
0.370241,1.26991,,,
0.371516,1.23894,,,
0.372795,1.25511,,,
0.374078,1.25045,,,
0.375365,1.24646,,,
0.376658,1.25185,,,
0.377954,1.24511,,,
0.379255,1.25204,,,
0.380561,1.24389,,,
0.381871,1.2598,,,
0.383185,1.24529,,,
0.384504,1.24856,,,
0.385828,1.24129,,,
0.387156,1.22816,,,
0.388488,1.23331,,,
0.389826,1.23869,,,
0.391168,1.23278,,,
0.392514,1.23437,,,
0.393865,1.23242,,,
0.395221,1.2192,,,
0.396581,1.21502,,,
0.397946,1.21953,,,
0.399316,1.22753,,,
0.400691,1.21641,,,
0.40207,1.22787,,,
0.403454,1.21436,,,
0.404843,1.22187,,,
0.406236,1.20981,,,
0.407635,1.21378,,,
0.409038,1.21502,,,
0.410446,1.20667,,,
0.411859,1.21479,,,
0.413277,1.1993,,,
0.414699,1.21216,,,
0.416127,1.19738,,,
0.417559,1.19834,,,
0.418996,1.20847,,,
0.420439,1.18879,,,
0.421886,1.20089,,,
0.423338,1.19427,,,
0.424795,1.19459,,,
0.426258,1.17818,,,
0.427725,1.17543,,,
0.429197,1.17694,,,
0.430675,1.18814,,,
0.432157,1.17129,,,
0.433645,1.18332,,,
0.435137,1.17685,,,
0.436635,1.17088,,,
0.438138,1.17873,,,
0.439646,1.17432,,,
0.44116,1.16505,,,
0.442678,1.1553,,,
0.444202,1.17489,,,
0.445731,1.15882,,,
0.447265,1.15395,,,
0.448805,1.14908,,,
0.45035,1.15786,,,
0.4519,1.16265,,,
0.453456,1.14126,,,
0.455017,1.14286,,,
0.456583,1.14188,,,
0.458155,1.13252,,,
0.459732,1.12551,,,
0.461314,1.1309,,,
0.462902,1.12761,,,
0.464495,1.12407,,,
0.466094,1.10777,,,
0.467699,1.11117,,,
0.469309,1.10115,,,
0.470924,1.10319,,,
0.472545,1.10727,,,
0.474172,1.10091,,,
0.475804,1.09138,,,
0.477442,1.09152,,,
0.479085,1.09539,,,
0.480734,1.09032,,,
0.482389,1.09226,,,
0.48405,1.0906,,,
0.485716,1.08517,,,
0.487388,1.07626,,,
0.489066,1.07678,,,
0.490749,1.07701,,,
0.492438,1.07508,,,
0.494133,1.06706,,,
0.495834,1.05957,,,
0.497541,1.05923,,,
0.499254,1.05913,,,
0.500972,1.04651,,,
0.502697,1.04441,,,
0.504427,1.04924,,,
0.506164,1.04162,,,
0.507906,1.03679,,,
0.509654,1.03327,,,
0.511409,1.02688,,,
0.513169,1.02752,,,
0.514935,1.01908,,,
0.516708,1.02073,,,
0.518486,1.00705,,,
0.520271,1.00222,,,
0.522062,1.0148,,,
0.523859,1.00769,,,
0.525662,0.998938,,,
0.527472,1.00555,,,
0.529288,0.986869,,,
0.531109,0.982055,,,
0.532938,0.979205,,,
0.534772,0.984236,,,
0.536613,0.977345,,,
0.53846,0.970774,,,
0.540314,0.960356,,,
0.542174,0.961956,,,
0.54404,0.967905,,,
0.545913,0.954785,,,
0.547792,0.944024,,,
0.549677,0.947421,,,
0.551569,0.933029,,,
0.553468,0.933283,,,
0.555373,0.931094,,,
0.557285,0.931133,,,
0.559203,0.931112,,,
0.561128,0.920914,,,
0.56306,0.922186,,,
0.564998,0.909914,,,
0.566943,0.919784,,,
0.568894,0.901648,,,
0.570853,0.904062,,,
0.572818,0.88916,,,
0.574789,0.896637,,,
0.576768,0.885863,,,
0.578753,0.881482,,,
0.580745,0.880154,,,
0.582744,0.874151,,,
0.58475,0.865165,,,
0.586763,0.866814,,,
0.588783,0.862169,,,
0.59081,0.850326,,,
0.592843,0.843441,,,
0.594884,0.850763,,,
0.596932,0.848042,,,
0.598987,0.833978,,,
0.601049,0.828602,,,
0.603117,0.823569,,,
0.605194,0.81773,,,
0.607277,0.821544,,,
0.609367,0.814156,,,
0.611465,0.805657,,,
0.61357,0.801688,,,
0.615682,0.80382,,,
0.617801,0.804419,,,
0.619927,0.789007,,,
0.622061,0.791624,,,
0.624203,0.782141,,,
0.626351,0.7829,,,
0.628507,0.775127,,,
0.630671,0.77838,,,
0.632842,0.769009,,,
0.63502,0.761258,,,
0.637206,0.753469,,,
0.639399,0.75374,,,
0.6416,0.751968,,,
0.643809,0.739772,,,
0.646025,0.739375,,,
0.648249,0.729881,,,
0.65048,0.720199,,,
0.652719,0.726331,,,
0.654966,0.712982,,,
0.657221,0.710551,,,
0.659483,0.717045,,,
0.661753,0.708187,,,
0.664031,0.703459,,,
0.666317,0.699347,,,
0.66861,0.686488,,,
0.670912,0.689398,,,
0.673221,0.683347,,,
0.675539,0.670455,,,
0.677864,0.674817,,,
0.680197,0.670232,,,
0.682539,0.664107,,,
0.684888,0.665802,,,
0.687246,0.652479,,,
0.689611,0.651973,,,
0.691985,0.639282,,,
0.694367,0.640339,,,
0.696757,0.634967,,,
0.699156,0.627013,,,
0.701562,0.630641,,,
0.703977,0.627139,,,
0.706401,0.613572,,,
0.708832,0.612495,,,
0.711272,0.611369,,,
0.713721,0.604105,,,
0.716177,0.600283,,,
0.718643,0.597249,,,
0.721116,0.591457,,,
0.723599,0.589953,,,
0.726089,0.582848,,,
0.728589,0.582895,,,
0.731097,0.577199,,,
0.733613,0.569194,,,
0.736139,0.567477,,,
0.738673,0.561398,,,
0.741215,0.572633,,,
0.743767,0.557801,,,
0.746327,0.551907,,,
0.748896,0.545612,,,
0.751474,0.538475,,,
0.754061,0.533289,,,
0.756656,0.535133,,,
0.759261,0.528499,,,
0.761874,0.531056,,,
0.764497,0.520945,,,
0.767128,0.515229,,,
0.769769,0.513342,,,
0.772419,0.508519,,,
0.775078,0.500528,,,
0.777746,0.496401,,,
0.780423,0.492669,,,
0.783109,0.49391,,,
0.785805,0.488428,,,
0.78851,0.486079,,,
0.791224,0.479653,,,
0.793948,0.473504,,,
0.79668,0.471088,,,
0.799423,0.467574,,,
0.802175,0.466314,,,
0.804936,0.457711,,,
0.807707,0.454291,,,
0.810487,0.454275,,,
0.813277,0.447512,,,
0.816076,0.445946,,,
0.818885,0.436781,,,
0.821704,0.436883,,,
0.824533,0.431717,,,
0.827371,0.43011,,,
0.830219,0.428044,,,
0.833077,0.424447,,,
0.835944,0.4245,,,
0.838822,0.418863,,,
0.841709,0.414151,,,
0.844607,0.404554,,,
0.847514,0.402065,,,
0.850431,0.398738,,,
0.853359,0.397983,,,
0.856296,0.395797,,,
0.859244,0.392094,,,
0.862201,0.385082,,,
0.865169,0.38345,,,
0.868147,0.381359,,,
0.871136,0.372666,,,
0.874135,0.372531,,,
0.877143,0.370288,,,
0.880163,0.365386,,,
0.883193,0.364993,,,
0.886233,0.363526,,,
0.889283,0.359161,,,
0.892344,0.355739,,,
0.895416,0.350216,,,
0.898498,0.349232,,,
0.901591,0.343774,,,
0.904695,0.338781,,,
0.907809,0.339357,,,
0.910934,0.334855,,,
0.914069,0.332722,,,
0.917216,0.329727,,,
0.920373,0.325689,,,
0.923541,0.325274,,,
0.92672,0.319628,,,
0.92991,0.315906,,,
0.933111,0.312533,,,
0.936323,0.308476,,,
0.939546,0.306958,,,
0.94278,0.30499,,,
0.946026,0.302583,,,
0.949282,0.300914,,,
0.95255,0.29861,,,
0.955829,0.295462,,,
0.959119,0.292941,,,
0.96242,0.290703,,,
0.965733,0.285768,,,
0.969057,0.286422,,,
0.972393,0.283963,,,
0.97574,0.278476,,,
0.979099,0.276396,,,
0.982469,0.275281,,,
0.985851,0.278039,,,
0.989245,0.26696,,,
0.99265,0.267027,,,
0.996067,0.265245,,,
0.999495,0.265413,,,
1.00294,0.265691,,,
1.00639,0.262881,,,
1.00985,0.25931,,,
1.01333,0.254705,,,
1.01682,0.257,,,
1.02032,0.248433,,,
1.02383,0.247527,,,
1.02735,0.245223,,,
1.03089,0.243343,,,
1.03444,0.242081,,,
1.038,0.23761,,,
1.04157,0.24082,,,
1.04516,0.237092,,,
1.04876,0.235661,,,
1.05237,0.22875,,,
1.05599,0.226772,,,
1.05962,0.228057,,,
1.06327,0.229094,,,
1.06693,0.224626,,,
1.0706,0.222527,,,
1.07429,0.220365,,,
1.07799,0.22015,,,
1.0817,0.216376,,,
1.08542,0.21524,,,
1.08916,0.212765,,,
1.09291,0.213094,,,
1.09667,0.20909,,,
1.10044,0.207392,,,
1.10423,0.205607,,,
1.10803,0.206779,,,
1.11185,0.200678,,,
1.11567,0.200474,,,
1.11951,0.200203,,,
1.12337,0.19738,,,
1.12723,0.196391,,,
1.13111,0.195308,,,
1.13501,0.196077,,,
1.13891,0.190858,,,
1.14283,0.187552,,,
1.14677,0.188199,,,
1.15072,0.185965,,,
1.15468,0.186865,,,
1.15865,0.186408,,,
1.16264,0.182959,,,
1.16664,0.182037,,,
1.17066,0.180424,,,
1.17469,0.18141,,,
1.17873,0.17658,,,
1.18279,0.179999,,,
1.18686,0.175793,,,
1.19095,0.172354,,,
1.19505,0.173288,,,
1.19916,0.172432,,,
1.20329,0.16923,,,
1.20743,0.168084,,,
1.21158,0.170179,,,
1.21576,0.164501,,,
1.21994,0.164515,,,
1.22414,0.164704,,,
1.22835,0.162632,,,
1.23258,0.160632,,,
1.23682,0.161933,,,
1.24108,0.162027,,,
1.24535,0.158368,,,
1.24964,0.157384,,,
1.25394,0.155772,,,
1.25826,0.153506,,,
1.26259,0.154628,,,
1.26694,0.152262,,,
1.2713,0.151756,,,
1.27567,0.148823,,,
1.28006,0.148844,,,
1.28447,0.147191,,,
1.28889,0.146148,,,
1.29333,0.147104,,,
1.29778,0.144571,,,
1.30225,0.142889,,,
1.30673,0.141939,,,
1.31123,0.141503,,,
1.31574,0.139779,,,
1.32027,0.139117,,,
1.32482,0.137864,,,
1.32938,0.136566,,,
1.33395,0.136621,,,
1.33854,0.133622,,,
1.34315,0.134209,,,
1.34777,0.134224,,,
1.35241,0.132341,,,
1.35707,0.131108,,,
1.36174,0.130588,,,
1.36643,0.131863,,,
1.37113,0.130753,,,
1.37585,0.126974,,,
1.38059,0.12601,,,
1.38534,0.1249,,,
1.39011,0.12593,,,
1.39489,0.125822,,,
1.3997,0.125555,,,
1.40451,0.122897,,,
1.40935,0.124736,,,
1.4142,0.122121,,,
1.41907,0.121136,,,
1.42395,0.11944,,,
1.42885,0.11918,,,
1.43377,0.117585,,,
1.43871,0.116838,,,
1.44366,0.118606,,,
1.44863,0.115988,,,
1.45362,0.115009,,,
1.45862,0.114038,,,
1.46364,0.112902,,,
1.46868,0.114169,,,
1.47373,0.110873,,,
1.47881,0.110633,,,
1.4839,0.110894,,,
1.48901,0.108734,,,
1.49413,0.108108,,,
1.49927,0.106939,,,
1.50443,0.109418,,,
1.50961,0.10775,,,
1.51481,0.104606,,,
1.52002,0.105299,,,
1.52526,0.103919,,,
1.53051,0.102421,,,
1.53577,0.102927,,,
1.54106,0.103184,,,
1.54637,0.102354,,,
1.55169,0.0993177,,,
1.55703,0.100951,,,
1.56239,0.0998114,,,
1.56777,0.0983119,,,
1.57316,0.0956043,,,
1.57858,0.0954956,,,
1.58401,0.0964533,,,
1.58947,0.0967562,,,
1.59494,0.0944089,,,
1.60043,0.0932052,,,
1.60594,0.0924057,,,
1.61146,0.0918148,,,
1.61701,0.0916589,,,
1.62258,0.0898335,,,
1.62816,0.0914225,,,
1.63377,0.0891367,,,
1.63939,0.0880276,,,
1.64503,0.0874654,,,
1.6507,0.0868792,,,
1.65638,0.0868398,,,
1.66208,0.0856691,,,
1.6678,0.0847027,,,
1.67354,0.0834268,,,
1.6793,0.0839294,,,
1.68508,0.0830661,,,
1.69088,0.0833726,,,
1.69671,0.082121,,,
1.70255,0.0818125,,,
1.70841,0.0794823,,,
1.71429,0.0801983,,,
1.72019,0.0802126,,,
1.72611,0.0779089,,,
1.73205,0.0769521,,,
1.73801,0.077766,,,
1.744,0.0759749,,,
1.75,0.0762903,,,
1.75602,0.0748043,,,
1.76207,0.0749127,,,
1.76813,0.0738729,,,
1.77422,0.0728918,,,
1.78033,0.0721915,,,
1.78645,0.072202,,,
1.7926,0.0707444,,,
1.79877,0.0711305,,,
1.80497,0.0701816,,,
1.81118,0.0701578,,,
1.81741,0.0681395,,,
1.82367,0.0684685,,,
1.82995,0.0669517,,,
1.83625,0.0671679,,,
1.84257,0.0673793,,,
1.84891,0.0664412,,,
1.85527,0.0667227,,,
1.86166,0.0650079,,,
1.86807,0.0645446,,,
1.8745,0.0645691,,,
1.88095,0.0625661,,,
1.88743,0.0644736,,,
1.89392,0.0625225,,,
1.90044,0.0612876,,,
1.90698,0.0609712,,,
1.91355,0.0615661,,,
1.92014,0.0604848,,,
1.92674,0.0602583,,,
1.93338,0.0604807,,,
1.94003,0.0586566,,,
1.94671,0.0589528,,,
1.95341,0.0581056,,,
1.96014,0.0579503,,,
1.96688,0.0562079,,,
1.97365,0.055804,,,
1.98045,0.0563764,,,
1.98726,0.0556476,,,
1.9941,0.054966,,,
2.00097,0.0544554,,,
2.00786,0.053136,,,
2.01477,0.0537021,,,
2.0217,0.0535718,,,
2.02866,0.0512204,,,
2.03565,0.0514378,,,
2.04265,0.051532,,,
2.04968,0.0513327,,,
2.05674,0.0505457,,,
2.06382,0.0506607,,,
2.07092,0.0496036,,,
2.07805,0.0499291,,,
2.08521,0.0495803,,,
2.09238,0.0489795,,,
2.09959,0.0480804,,,
2.10681,0.0478669,,,
2.11406,0.048289,,,
2.12134,0.0469762,,,
2.12864,0.0474754,,,
2.13597,0.046342,,,
2.14332,0.0446981,,,
2.1507,0.0454635,,,
2.1581,0.0434938,,,
2.16553,0.0449605,,,
2.17299,0.0449516,,,
2.18047,0.0443759,,,
2.18797,0.0436632,,,
2.19551,0.0433845,,,
2.20306,0.0424171,,,
2.21065,0.0426019,,,
2.21826,0.0417733,,,
2.22589,0.0423,,,
2.23355,0.0411642,,,
2.24124,0.0407354,,,
2.24896,0.0397418,,,
2.2567,0.0408005,,,
2.26447,0.0389135,,,
2.27226,0.0398712,,,
2.28008,0.0390797,,,
2.28793,0.0382487,,,
2.29581,0.0391133,,,
2.30371,0.0375517,,,
2.31164,0.0377581,,,
2.3196,0.0379076,,,
2.32758,0.0379566,,,
2.33559,0.0369089,,,
2.34363,0.0366966,,,
2.3517,0.0366141,,,
2.3598,0.0359509,,,
2.36792,0.0358518,,,
2.37607,0.0355233,,,
2.38425,0.0356156,,,
2.39245,0.0351384,,,
2.40069,0.0359963,,,
2.40895,0.0337384,,,
2.41725,0.0342993,,,
2.42557,0.0340842,,,
2.43392,0.0336058,,,
2.44229,0.0330997,,,
2.4507,0.032745,,,
2.45914,0.0330361,,,
2.4676,0.0319556,,,
2.4761,0.0326223,,,
2.48462,0.0315179,,,
2.49317,0.0315342,,,
2.50175,0.0316978,,,
2.51037,0.0308986,,,
2.51901,0.030973,,,
2.52768,0.0304949,,,
2.53638,0.0303881,,,
2.54511,0.0298548,,,
2.55387,0.0291134,,,
2.56266,0.0294919,,,
2.57148,0.0286919,,,
2.58033,0.0286627,,,
2.58922,0.0289043,,,
2.59813,0.0280939,,,
2.60707,0.0283137,,,
2.61605,0.028435,,,
2.62505,0.0277413,,,
2.63409,0.0271677,,,
2.64315,0.0267638,,,
2.65225,0.0269034,,,
2.66138,0.0267767,,,
2.67054,0.026533,,,
2.67974,0.0261307,,,
2.68896,0.0266689,,,
2.69822,0.0267634,,,
2.7075,0.0250796,,,
2.71682,0.0249822,,,
2.72618,0.02509,,,
2.73556,0.0249644,,,
2.74498,0.0245382,,,
2.75443,0.0242753,,,
2.76391,0.0243087,,,
2.77342,0.0243361,,,
2.78297,0.024368,,,
2.79255,0.0240637,,,
2.80216,0.02309,,,
2.81181,0.0230919,,,
2.82148,0.0230888,,,
2.8312,0.0225292,,,
2.84094,0.0232777,,,
2.85072,0.0232625,,,
2.86053,0.0223867,,,
2.87038,0.0219111,,,
2.88026,0.0213978,,,
2.89018,0.021426,,,
2.90012,0.0216491,,,
2.91011,0.0215838,,,
2.92013,0.0214522,,,
2.93018,0.0211423,,,
2.94026,0.0205592,,,
2.95038,0.0203396,,,
2.96054,0.0207223,,,
2.97073,0.0204167,,,
2.98096,0.0201705,,,
2.99122,0.0201867,,,
3.00151,0.0201374,,,
3.01185,0.0193031,,,
3.02221,0.0189553,,,
3.03262,0.019442,,,
3.04306,0.0187326,,,
3.05353,0.0190917,,,
3.06404,0.0183816,,,
3.07459,0.0185357,,,
3.08517,0.0186224,,,
3.09579,0.0181619,,,
3.10645,0.0175809,,,
3.11714,0.0176975,,,
3.12787,0.0176042,,,
3.13864,0.0174662,,,
3.14944,0.0172554,,,
3.16028,0.0175256,,,
3.17116,0.0168455,,,
3.18208,0.0169466,,,
3.19303,0.0173355,,,
3.20402,0.0168086,,,
3.21505,0.0167437,,,
3.22612,0.0165122,,,
3.23722,0.0161951,,,
3.24837,0.0160039,,,
3.25955,0.01625,,,
3.27077,0.0158855,,,
3.28203,0.0153947,,,
3.29332,0.015749,,,
3.30466,0.0150816,,,
3.31604,0.0150595,,,
3.32745,0.0153777,,,
3.3389,0.015384,,,
3.3504,0.0154556,,,
3.36193,0.014615,,,
3.3735,0.0146818,,,
3.38512,0.014384,,,
3.39677,0.0147114,,,
3.40846,0.0139662,,,
3.42019,0.0142042,,,
3.43197,0.0141707,,,
3.44378,0.0140632,,,
3.45563,0.0139003,,,
3.46753,0.014008,,,
3.47947,0.0141367,,,
3.49144,0.0134516,,,
3.50346,0.0135611,,,
3.51552,0.013354,,,
3.52762,0.013236,,,
3.53976,0.0130757,,,
3.55195,0.0129915,,,
3.56418,0.0125858,,,
3.57644,0.0129963,,,
3.58876,0.0127704,,,
3.60111,0.0126251,,,
3.6135,0.0121809,,,
3.62594,0.0125725,,,
3.63842,0.0120233,,,
3.65095,0.0118876,,,
3.66352,0.0121872,,,
3.67613,0.0119463,,,
3.68878,0.0120429,,,
3.70148,0.0114774,,,
3.71422,0.0114724,,,
3.72701,0.0113235,,,
3.73983,0.0108738,,,
3.75271,0.0112439,,,
3.76563,0.0111747,,,
3.77859,0.0114239,,,
3.79159,0.01092,,,
3.80465,0.0105713,,,
3.81774,0.0105004,,,
3.83088,0.010803,,,
3.84407,0.0107305,,,
3.8573,0.0102358,,,
3.87058,0.0102411,,,
3.8839,0.0103307,,,
3.89727,0.0103428,,,
3.91069,0.0104357,,,
3.92415,0.00972103,,,
3.93766,0.0100245,,,
3.95121,0.00984204,,,
3.96481,0.00982981,,,
3.97846,0.00948657,,,
3.99216,0.00936974,,,
4.0059,0.00960009,,,
4.01969,0.00958921,,,
4.03352,0.00924078,,,
4.04741,0.00927421,,,
4.06134,0.0089771,,,
4.07532,0.00924945,,,
4.08935,0.00901804,,,
4.10342,0.00915756,,,
4.11755,0.00909362,,,
4.13172,0.00868633,,,
4.14595,0.00889227,,,
4.16022,0.00859316,,,
4.17454,0.00874377,,,
4.18891,0.00858377,,,
4.20333,0.00848091,,,
4.21779,0.00812986,,,
4.23231,0.00819497,,,
4.24688,0.00814165,,,
4.2615,0.00791025,,,
4.27617,0.00810187,,,
4.29089,0.00804643,,,
4.30566,0.00789498,,,
4.32048,0.00800929,,,
4.33535,0.00786801,,,
4.35028,0.00750058,,,
4.36525,0.00774488,,,
4.38028,0.00761364,,,
4.39535,0.00751645,,,
4.41048,0.00746185,,,
4.42567,0.0073179,,,
4.4409,0.00717452,,,
4.45619,0.00721366,,,
4.47153,0.00701463,,,
4.48692,0.00704516,,,
4.50236,0.00698838,,,
4.51786,0.0070454,,,
4.53341,0.00675736,,,
4.54902,0.00669585,,,
4.56468,0.00676814,,,
4.58039,0.00668397,,,
4.59616,0.00671885,,,
4.61198,0.00648231,,,
4.62785,0.00649557,,,
4.64378,0.00670539,,,
4.65977,0.00639698,,,
4.67581,0.00606883,,,
4.6919,0.00612022,,,
4.70805,0.00635098,,,
4.72426,0.0060444,,,
4.74052,0.00633552,,,
4.75684,0.00621163,,,
4.77321,0.0061009,,,
4.78964,0.00606906,,,
4.80613,0.00593804,,,
4.82268,0.00583465,,,
4.83928,0.00574668,,,
4.85593,0.00581255,,,
4.87265,0.00588283,,,
4.88942,0.00562718,,,
4.90625,0.00553708,,,
4.92314,0.00558835,,,
4.94009,0.00543398,,,
4.95709,0.00555002,,,
4.97416,0.0054471,,,
4.99128,0.00529075,,,
5.00846,0.00540054,,,
5.0257,0.00538141,,,
5.043,0.00518101,,,
5.06036,0.00518381,,,
5.07778,0.00507508,,,
5.09526,0.00513934,,,
5.11279,0.00482074,,,
5.13039,0.00480414,,,
5.14805,0.00485256,,,
5.16578,0.00474993,,,
5.18356,0.0046623,,,
5.2014,0.00469618,,,
5.2193,0.00456716,,,
5.23727,0.0045822,,,
5.2553,0.00439435,,,
5.27339,0.00458433,,,
5.29154,0.00453007,,,
5.30976,0.00438911,,,
5.32803,0.00432699,,,
5.34637,0.00455523,,,
5.36478,0.00435243,,,
5.38324,0.00426377,,,
5.40177,0.00417831,,,
5.42037,0.00419938,,,
5.43903,0.00399068,,,
5.45775,0.00412692,,,
5.47653,0.00412803,,,
5.49539,0.00410926,,,
5.5143,0.00395794,,,
5.53328,0.00404054,,,
5.55233,0.00399584,,,
5.57144,0.00395858,,,
5.59062,0.00390603,,,
5.60987,0.00368663,,,
5.62918,0.00378925,,,
5.64855,0.00360306,,,
5.668,0.00377001,,,
5.68751,0.00347162,,,
5.70708,0.00354191,,,
5.72673,0.00343733,,,
5.74644,0.00348272,,,
5.76622,0.00350815,,,
5.78607,0.00344664,,,
5.80599,0.00335216,,,
5.82597,0.00328699,,,
5.84603,0.00339466,,,
5.86615,0.00328651,,,
5.88634,0.00326696,,,
5.90661,0.00316569,,,
5.92694,0.00328058,,,
5.94734,0.00325005,,,
5.96781,0.00306548,,,
5.98836,0.00308413,,,
6.00897,0.00309074,,,
6.02965,0.00301831,,,
6.05041,0.00299846,,,
6.07124,0.00294419,,,
6.09213,0.00288249,,,
6.1131,0.00285095,,,
6.13415,0.00292272,,,
6.15526,0.00289029,,,
6.17645,0.00278051,,,
6.19771,0.00278826,,,
6.21904,0.00281165,,,
6.24045,0.00267176,,,
6.26193,0.00264997,,,
6.28349,0.00268346,,,
6.30512,0.0025409,,,
6.32682,0.0026262,,,
6.3486,0.0025482,,,
6.37045,0.00252005,,,
6.39238,0.00250773,,,
6.41439,0.00253824,,,
6.43647,0.00248505,,,
6.45862,0.00237577,,,
6.48085,0.00250394,,,
6.50316,0.00234161,,,
6.52555,0.00234456,,,
6.54801,0.0022284,,,
6.57055,0.00230227,,,
6.59317,0.00226637,,,
6.61586,0.0023492,,,
6.63863,0.00222359,,,
6.66149,0.00213284,,,
6.68442,0.00219448,,,
6.70743,0.00217004,,,
6.73051,0.00214831,,,
6.75368,0.00207266,,,
6.77693,0.00214435,,,
6.80026,0.00206176,,,
6.82367,0.00201047,,,
6.84715,0.00193882,,,
6.87072,0.00192098,,,
6.89437,0.00189845,,,
6.91811,0.00182886,,,
6.94192,0.00189625,,,
6.96582,0.00187197,,,
6.98979,0.00181574,,,
7.01385,0.00181633,,,
7.038,0.00181655,,,
7.06222,0.00182399,,,
7.08653,0.00184471,,,
7.11093,0.00170419,,,
7.13541,0.00171166,,,
7.15997,0.00173639,,,
7.18461,0.00171402,,,
7.20934,0.00146968,,,
7.23416,0.00159604,,,
7.25906,0.00158043,,,
7.28405,0.00161538,,,
7.30912,0.00157552,,,
7.33428,0.00151371,,,
7.35953,0.00148441,,,
7.38486,0.00146926,,,
7.41028,0.00144631,,,
7.43579,0.00142453,,,
7.46139,0.00149713,,,
7.48707,0.00143471,,,
7.51284,0.00138335,,,
7.5387,0.00135067,,,
7.56465,0.00130995,,,
7.59069,0.00131625,,,
7.61682,0.00123644,,,
7.64304,0.00127504,,,
7.66935,0.00122583,,,
7.69575,0.0013046,,,
7.72224,0.00117516,,,
7.74882,0.00122298,,,
7.77549,0.00116424,,,
7.80226,0.00116423,,,
7.82912,0.00118696,,,
7.85607,0.00110205,,,
7.88311,0.00117302,,,
7.91024,0.00103147,,,
7.93747,0.00109945,,,
7.96479,0.00106701,,,
7.99221,0.00103307,,,
8.01972,0.00100721,,,
8.04733,0.00103352,,,
8.07503,0.00100494,,,
8.10283,0.000911882,,,
8.13072,0.000951316,,,
8.1587,0.0009998,,,
8.18679,0.000944797,,,
8.21497,0.000916827,,,
8.24325,0.000901825,,,
8.27162,0.000863222,,,
8.3001,0.000908951,,,
8.32867,0.000881318,,,
8.35734,0.000854876,,,
8.3861,0.000847585,,,
8.41497,0.00077101,,,
8.44394,0.000736317,,,
8.473,0.000820841,,,
8.50217,0.000824734,,,
8.53143,0.000722397,,,
8.5608,0.000734769,,,
8.59027,0.000735536,,,
8.61984,0.000678816,,,
8.64951,0.000692668,,,
8.67928,0.000668831,,,
8.70916,0.000707781,,,
8.73914,0.000663885,,,
8.76922,0.000621678,,,
8.79941,0.000620597,,,
8.8297,0.000589304,,,
8.86009,0.000597885,,,
8.89059,0.000581285,,,
8.92119,0.000626027,,,
8.9519,0.000602445,,,
8.98272,0.000556794,,,
9.01364,0.000593663,,,
9.04466,0.000521172,,,
9.0758,0.000539372,,,
9.10704,0.000548141,,,
9.13839,0.000521144,,,
9.16984,0.000520926,,,
9.20141,0.000497648,,,
9.23308,0.000474749,,,
9.26486,0.000470398,,,
9.29676,0.00047415,,,
9.32876,0.000432459,,,
9.36087,0.000393902,,,
9.39309,0.000436825,,,
9.42542,0.000402048,,,
9.45787,0.000385234,,,
9.49042,0.000390707,,,
9.52309,0.000395144,,,
9.55587,0.000369704,,,
9.58877,0.000361031,,,
9.62177,0.000355414,,,
9.65489,0.000345607,,,
9.68813,0.000346494,,,
9.72148,0.0003312,,,
9.75494,0.000314433,,,
9.78852,0.000321967,,,
9.82221,0.000312585,,,
9.85602,0.000275182,,,
9.88995,0.00028362,,,
9.92399,0.000278751,,,
9.95816,0.000305678,,,
9.99243,0.000263579,,,
10.0268,0.000261565,,,
10.0613,0.000248679,,,
10.096,0.000246482,,,
10.1307,0.000243384,,,
10.1656,0.000221922,,,
10.2006,0.000207461,,,
10.2357,0.000204341,,,
10.2709,0.000209091,,,
10.3063,0.000209333,,,
10.3418,0.000212481,,,
10.3774,0.000208189,,,
10.4131,0.000187823,,,
10.4489,0.000174685,,,
10.4849,0.000180362,,,
10.521,0.000199311,,,
10.5572,0.000175918,,,
10.5936,0.000156064,,,
10.63,0.000160024,,,
10.6666,0.000167993,,,
10.7033,0.000164356,,,
10.7402,0.000157598,,,
10.7771,0.000141348,,,
10.8142,0.000145443,,,
10.8515,0.000121444,,,
10.8888,0.000131446,,,
10.9263,0.000138111,,,
10.9639,0.000119403,,,
11.0016,0.000131876,,,
11.0395,0.000120365,,,
11.0775,0.000136978,,,
11.1156,0.000108838,,,
11.1539,0.000113591,,,
11.1923,0.000103657,,,
11.2308,9.42E-05,,,
11.2695,0.000100002,,,
11.3083,0.000105103,,,
11.3472,9.88E-05,,,
11.3863,8.04E-05,,,
11.4255,7.91E-05,,,
11.4648,7.80E-05,,,
11.5043,7.88E-05,,,
11.5439,9.02E-05,,,
11.5836,8.30E-05,,,
11.6235,6.67E-05,,,
11.6635,7.76E-05,,,
11.7036,7.55E-05,,,
11.7439,7.66E-05,,,
11.7843,6.69E-05,,,
11.8249,5.60E-05,,,
11.8656,6.45E-05,,,
11.9065,7.08E-05,,,
11.9474,5.80E-05,,,
11.9886,5.18E-05,,,
12.0298,5.41E-05,,,
12.0712,5.38E-05,,,
12.1128,4.10E-05,,,
12.1545,4.78E-05,,,
12.1963,5.04E-05,,,
12.2383,4.76E-05,,,
12.2804,5.21E-05,,,
12.3227,4.26E-05,,,
12.3651,3.94E-05,,,
12.4077,4.00E-05,,,
12.4504,4.39E-05,,,
12.4933,4.28E-05,,,
12.5363,4.64E-05,,,
12.5794,4.14E-05,,,
12.6227,4.28E-05,,,
12.6662,4.51E-05,,,
12.7098,3.29E-05,,,
12.7535,3.17E-05,,,
12.7974,3.32E-05,,,
12.8415,2.70E-05,,,
12.8857,3.54E-05,,,
12.93,3.37E-05,,,
12.9745,2.96E-05,,,
13.0192,2.89E-05,,,
13.064,2.35E-05,,,
13.109,3.24E-05,,,
13.1541,2.96E-05,,,
13.1994,2.93E-05,,,
13.2448,2.57E-05,,,
13.2904,2.33E-05,,,
13.3362,2.21E-05,,,
13.3821,2.05E-05,,,
13.4281,1.51E-05,,,
13.4743,2.02E-05,,,
13.5207,2.02E-05,,,
13.5673,1.96E-05,,,
13.614,1.71E-05,,,
13.6608,1.95E-05,,,
13.7079,1.78E-05,,,
13.755,1.38E-05,,,
13.8024,1.62E-05,,,
13.8499,1.72E-05,,,
13.8976,1.52E-05,,,
13.9454,1.35E-05,,,
13.9934,1.04E-05,,,
14.0416,1.69E-05,,,
14.0899,1.20E-05,,,
14.1384,1.32E-05,,,
14.1871,1.01E-05,,,
14.2359,1.36E-05,,,
14.2849,1.26E-05,,,
14.3341,7.70E-06,,,
14.3834,1.29E-05,,,
14.433,9.46E-06,,,
14.4826,9.40E-06,,,
14.5325,1.03E-05,,,
14.5825,9.24E-06,,,
14.6327,1.01E-05,,,
14.6831,8.54E-06,,,
14.7336,1.17E-05,,,
14.7843,1.12E-05,,,
14.8352,8.83E-06,,,
14.8863,8.33E-06,,,
14.9375,9.04E-06,,,
14.989,6.63E-06,,,
15.0406,8.94E-06,,,
15.0923,7.50E-06,,,
15.1443,9.70E-06,,,
15.1964,7.12E-06,,,
15.2487,7.30E-06,,,
15.3012,6.40E-06,,,
15.3539,5.50E-06,,,
15.4067,5.68E-06,,,
15.4598,6.67E-06,,,
15.513,6.22E-06,,,
15.5664,6.02E-06,,,
15.62,4.62E-06,,,
15.6737,6.34E-06,,,
15.7277,9.05E-06,,,
15.7818,7.62E-06,,,
15.8361,5.70E-06,,,
15.8907,5.91E-06,,,
15.9454,5.60E-06,,,
16.0002,5.11E-06,,,
16.0553,5.63E-06,,,
16.1106,4.68E-06,,,
16.166,5.54E-06,,,
16.2217,5.12E-06,,,
16.2775,4.95E-06,,,
16.3336,4.16E-06,,,
16.3898,5.21E-06,,,
16.4462,4.89E-06,,,
16.5028,4.70E-06,,,
16.5596,3.97E-06,,,
16.6166,3.11E-06,,,
16.6738,4.21E-06,,,
16.7312,4.20E-06,,,
16.7888,3.67E-06,,,
16.8466,4.07E-06,,,
16.9046,3.67E-06,,,
16.9628,3.20E-06,,,
17.0212,3.60E-06,,,
17.0798,3.10E-06,,,
17.1385,3.12E-06,,,
17.1975,2.68E-06,,,
17.2567,3.87E-06,,,
17.3161,3.03E-06,,,
17.3757,4.14E-06,,,
17.4356,3.39E-06,,,
17.4956,2.55E-06,,,
17.5558,2.56E-06,,,
17.6162,2.48E-06,,,
17.6769,2.86E-06,,,
17.7377,2.41E-06,,,
17.7988,2.45E-06,,,
17.86,2.72E-06,,,
17.9215,2.31E-06,,,
17.9832,3.11E-06,,,
18.0451,2.67E-06,,,
18.1072,2.23E-06,,,
18.1696,2.19E-06,,,
18.2321,3.32E-06,,,
18.2949,3.26E-06,,,
18.3578,2.14E-06,,,
18.421,2.12E-06,,,
18.4844,2.46E-06,,,
18.5481,2.07E-06,,,
18.6119,2.37E-06,,,
18.676,2.00E-06,,,
18.7403,2.02E-06,,,
18.8048,1.97E-06,,,
18.8695,3.04E-06,,,
18.9345,1.91E-06,,,
18.9996,1.93E-06,,,
19.065,1.89E-06,,,
19.1307,2.21E-06,,,
19.1965,1.86E-06,,,
19.2626,1.82E-06,,,
19.3289,1.80E-06,,,
19.3954,2.15E-06,,,
19.4622,2.10E-06,,,
19.5292,1.75E-06,,,
19.5964,1.72E-06,,,
19.6639,1.71E-06,,,
19.7316,1.71E-06,,,
19.7995,1.64E-06,,,
19.8676,1.64E-06,,,
19.936,1.66E-06,,,
20.0046,1.62E-06,,,
20.0735,1.58E-06,,,
20.1426,1.57E-06,,,
20.2119,1.57E-06,,,
20.2815,1.54E-06,,,
20.3513,1.52E-06,,,
20.4214,1.50E-06,,,
20.4917,1.50E-06,,,
20.5622,1.46E-06,,,
20.633,1.46E-06,,,
20.704,1.44E-06,,,
20.7753,1.73E-06,,,
20.8468,1.41E-06,,,
20.9186,1.40E-06,,,
20.9906,1.37E-06,,,
21.0628,1.67E-06,,,
21.1353,1.34E-06,,,
21.2081,1.33E-06,,,
21.2811,1.29E-06,,,
21.3543,1.29E-06,,,
21.4278,1.28E-06,,,
21.5016,1.26E-06,,,
21.5756,1.28E-06,,,
21.6499,1.23E-06,,,
21.7244,1.22E-06,,,
21.7992,1.52E-06,,,
21.8742,1.20E-06,,,
21.9495,1.17E-06,,,
22.0251,1.18E-06,,,
22.1009,1.18E-06,,,
22.177,1.15E-06,,,
22.2533,1.14E-06,,,
22.3299,1.12E-06,,,
22.4068,1.10E-06,,,
22.4839,1.09E-06,,,
22.5613,1.10E-06,,,
22.6389,1.06E-06,,,
22.7169,1.05E-06,,,
22.7951,1.04E-06,,,
22.8735,1.03E-06,,,
22.9523,1.02E-06,,,
23.0313,1.00E-06,,,
23.1106,9.93E-07,,,
23.1901,9.81E-07,,,
23.2699,9.74E-07,,,
23.35,9.70E-07,,,
23.4304,9.63E-07,,,
23.5111,9.39E-07,,,
23.592,9.37E-07,,,
23.6732,9.42E-07,,,
23.7547,9.09E-07,,,
23.8365,9.07E-07,,,
23.9185,8.97E-07,,,
24.0008,8.89E-07,,,
24.0835,8.70E-07,,,
24.1664,8.62E-07,,,
24.2496,8.60E-07,,,
24.333,8.39E-07,,,
24.4168,8.48E-07,,,
24.5008,8.25E-07,,,
24.5852,8.20E-07,,,
24.6698,8.06E-07,,,
24.7547,7.98E-07,,,
24.8399,7.95E-07,,,
24.9254,7.88E-07,,,
25.0112,7.82E-07,,,
25.0973,7.68E-07,,,
25.1837,7.65E-07,,,
25.2704,7.49E-07,,,
25.3574,7.41E-07,,,
25.4447,7.34E-07,,,
25.5323,7.34E-07,,,
25.6202,7.13E-07,,,
25.7083,7.07E-07,,,
25.7968,7.04E-07,,,
25.8856,6.94E-07,,,
25.9747,6.93E-07,,,
26.0641,6.79E-07,,,
26.1539,6.77E-07,,,
26.2439,6.61E-07,,,
26.3342,6.67E-07,,,
26.4249,6.46E-07,,,
26.5158,6.53E-07,,,
26.6071,6.36E-07,,,
26.6987,6.30E-07,,,
26.7906,6.26E-07,,,
26.8828,6.16E-07,,,
26.9754,6.08E-07,,,
27.0682,6.05E-07,,,
27.1614,6.00E-07,,,
27.2549,5.96E-07,,,
27.3487,5.92E-07,,,
27.4428,5.89E-07,,,
27.5373,5.80E-07,,,
27.6321,5.71E-07,,,
27.7272,5.58E-07,,,
27.8227,5.55E-07,,,
27.9184,5.55E-07,,,
28.0145,5.46E-07,,,
28.111,5.41E-07,,,
28.2077,5.34E-07,,,
28.3048,5.34E-07,,,
28.4023,5.24E-07,,,
28.5,5.16E-07,,,
28.5981,5.12E-07,,,
28.6966,5.06E-07,,,
28.7954,5.03E-07,,,
28.8945,5.03E-07,,,
28.9939,4.96E-07,,,
29.0937,4.88E-07,,,
29.1939,4.89E-07,,,
29.2944,4.78E-07,,,
29.3952,4.80E-07,,,
29.4964,4.67E-07,,,
29.5979,4.67E-07,,,
29.6998,4.56E-07,,,
29.802,4.60E-07,,,
29.9046,4.52E-07,,,
30.0076,4.48E-07,,,
30.1109,4.42E-07,,,
30.2145,4.38E-07,,,
30.3185,4.39E-07,,,
30.4229,4.30E-07,,,
30.5276,4.21E-07,,,
30.6327,4.23E-07,,,
30.7381,4.16E-07,,,
30.8439,4.08E-07,,,
30.9501,4.13E-07,,,
31.0566,4.00E-07,,,
31.1636,4.01E-07,,,
31.2708,3.93E-07,,,
31.3785,3.94E-07,,,
31.4865,3.89E-07,,,
31.5949,3.86E-07,,,
31.7036,3.83E-07,,,
31.8128,3.77E-07,,,
31.9223,3.74E-07,,,
32.0321,3.69E-07,,,
32.1424,3.66E-07,,,
32.253,3.63E-07,,,
32.3641,3.58E-07,,,
32.4755,3.57E-07,,,
32.5873,3.54E-07,,,
32.6994,3.51E-07,,,
32.812,3.38E-07,,,
32.9249,3.42E-07,,,
33.0383,3.36E-07,,,
33.152,3.42E-07,,,
33.2661,3.30E-07,,,
33.3806,3.29E-07,,,
33.4955,3.29E-07,,,
33.6108,3.20E-07,,,
33.7265,3.17E-07,,,
33.8426,3.14E-07,,,
33.9591,3.16E-07,,,
34.076,3.13E-07,,,
34.1933,3.09E-07,,,
34.311,3.00E-07,,,
34.4291,2.96E-07,,,
34.5476,2.93E-07,,,
34.6665,2.96E-07,,,
34.7859,2.89E-07,,,
34.9056,2.89E-07,,,
35.0258,2.82E-07,,,
35.1463,2.83E-07,,,
35.2673,2.80E-07,,,
35.3887,2.78E-07,,,
35.5105,2.77E-07,,,
35.6328,2.75E-07,,,
35.7554,2.71E-07,,,
35.8785,2.66E-07,,,
36.002,2.61E-07,,,
36.1259,2.68E-07,,,
36.2503,2.60E-07,,,
36.3751,2.55E-07,,,
36.5003,2.57E-07,,,
36.6259,2.54E-07,,,
36.752,2.47E-07,,,
36.8785,2.51E-07,,,
37.0054,2.45E-07,,,
37.1328,2.43E-07,,,
37.2606,2.42E-07,,,
37.3889,2.37E-07,,,
37.5176,2.35E-07,,,
37.6468,2.36E-07,,,
37.7763,2.33E-07,,,
37.9064,2.26E-07,,,
38.0369,2.24E-07,,,
38.1678,2.27E-07,,,
38.2992,2.23E-07,,,
38.431,2.20E-07,,,
38.5633,2.16E-07,,,
38.696,2.12E-07,,,
38.8292,2.11E-07,,,
38.9629,2.10E-07,,,
39.097,2.13E-07,,,
39.2316,2.07E-07,,,
39.3666,2.03E-07,,,
39.5022,2.01E-07,,,
39.6381,2.01E-07,,,
39.7746,1.98E-07,,,
39.9115,1.96E-07,,,
40.0489,1.97E-07,,,
40.1867,1.92E-07,,,
40.3251,1.90E-07,,,
40.4639,1.87E-07,,,
40.6032,1.87E-07,,,
40.7429,1.85E-07,,,
40.8832,1.84E-07,,,
41.0239,1.81E-07,,,
41.1651,1.82E-07,,,
41.3068,1.77E-07,,,
41.449,1.74E-07,,,
41.5917,1.73E-07,,,
41.7348,1.71E-07,,,
41.8785,1.73E-07,,,
42.0227,1.68E-07,,,
42.1673,1.69E-07,,,
42.3125,1.65E-07,,,
42.4581,1.64E-07,,,
42.6043,1.60E-07,,,
42.7509,1.61E-07,,,
42.8981,1.60E-07,,,
43.0457,1.55E-07,,,
43.1939,1.55E-07,,,
43.3426,1.52E-07,,,
43.4918,1.54E-07,,,
43.6415,1.49E-07,,,
43.7917,1.47E-07,,,
43.9425,1.49E-07,,,
44.0937,1.48E-07,,,
44.2455,1.43E-07,,,
44.3978,1.44E-07,,,
44.5506,1.43E-07,,,
44.704,1.40E-07,,,
44.8579,1.40E-07,,,
45.0123,1.36E-07,,,
45.1672,1.35E-07,,,
45.3227,1.34E-07,,,
45.4787,1.33E-07,,,
45.6353,1.29E-07,,,
45.7923,1.32E-07,,,
45.95,1.30E-07,,,
46.1081,1.24E-07,,,
46.2669,1.27E-07,,,
46.4261,1.26E-07,,,
46.5859,1.22E-07,,,
46.7463,1.20E-07,,,
46.9072,1.22E-07,,,
47.0687,1.22E-07,,,
47.2307,1.15E-07,,,
47.3933,1.17E-07,,,
47.5564,1.16E-07,,,
47.7201,1.13E-07,,,
47.8844,1.15E-07,,,
48.0492,1.13E-07,,,
48.2146,1.11E-07,,,
48.3806,1.09E-07,,,
48.5471,1.12E-07,,,
48.7142,1.06E-07,,,
48.8819,1.08E-07,,,
49.0501,1.07E-07,,,
49.219,1.04E-07,,,
49.3884,1.04E-07,,,
49.5584,1.00E-07,,,
49.729,1.02E-07,,,
49.9002,1.01E-07,,,
50.072,9.93E-08,,,
50.2443,9.86E-08,,,
50.4173,9.70E-08,,,
50.5908,9.52E-08,,,
50.765,9.38E-08,,,
50.9397,9.36E-08,,,
51.1151,9.14E-08,,,
51.291,9.37E-08,,,
51.4676,9.13E-08,,,
51.6447,8.87E-08,,,
51.8225,8.93E-08,,,
52.0009,8.84E-08,,,
52.1799,8.55E-08,,,
52.3595,8.61E-08,,,
52.5397,8.40E-08,,,
52.7206,8.36E-08,,,
52.9021,8.38E-08,,,
53.0842,8.17E-08,,,
53.2669,8.07E-08,,,
53.4502,8.11E-08,,,
53.6342,7.93E-08,,,
53.8188,8.00E-08,,,
54.0041,7.93E-08,,,
54.19,7.78E-08,,,
54.3765,7.70E-08,,,
54.5637,7.54E-08,,,
54.7515,7.54E-08,,,
54.94,7.40E-08,,,
55.1291,7.28E-08,,,
55.3189,7.17E-08,,,
55.5093,7.25E-08,,,
55.7004,7.17E-08,,,
55.8921,7.09E-08,,,
56.0845,7.11E-08,,,
56.2776,6.88E-08,,,
56.4713,6.86E-08,,,
56.6657,6.68E-08,,,
56.8607,6.65E-08,,,
57.0565,6.63E-08,,,
57.2529,6.53E-08,,,
57.4499,6.34E-08,,,
57.6477,6.41E-08,,,
57.8461,6.32E-08,,,
58.0452,6.40E-08,,,
58.245,6.26E-08,,,
58.4455,6.06E-08,,,
58.6467,5.92E-08,,,
58.8486,6.01E-08,,,
59.0512,5.92E-08,,,
59.2544,5.77E-08,,,
59.4584,5.80E-08,,,
59.6631,5.73E-08,,,
59.8684,5.66E-08,,,
60.0745,5.58E-08,,,
60.2813,5.43E-08,,,
60.4888,5.48E-08,,,
60.697,5.45E-08,,,
60.906,5.33E-08,,,
61.1156,5.28E-08,,,
61.326,5.15E-08,,,
61.5371,5.16E-08,,,
61.7489,5.01E-08,,,
61.9615,5.05E-08,,,
62.1748,4.92E-08,,,
62.3888,4.97E-08,,,
62.6035,4.90E-08,,,
62.819,4.86E-08,,,
63.0353,4.65E-08,,,
63.2522,4.69E-08,,,
63.47,4.61E-08,,,
63.6885,4.55E-08,,,
63.9077,4.47E-08,,,
64.1277,4.49E-08,,,
64.3484,4.31E-08,,,
64.5699,4.23E-08,,,
64.7922,4.19E-08,,,
65.0152,4.17E-08,,,
65.239,4.18E-08,,,
65.4636,4.02E-08,,,
65.6889,3.93E-08,,,
65.915,4.00E-08,,,
66.1419,3.98E-08,,,
66.3696,3.81E-08,,,
66.5981,3.78E-08,,,
66.8273,3.78E-08,,,
67.0573,3.72E-08,,,
67.2882,3.64E-08,,,
67.5198,3.51E-08,,,
67.7522,3.50E-08,,,
67.9854,3.45E-08,,,
68.2194,3.39E-08,,,
68.4543,3.38E-08,,,
68.6899,3.31E-08,,,
68.9264,3.25E-08,,,
69.1636,3.33E-08,,,
69.4017,3.23E-08,,,
69.6406,3.19E-08,,,
69.8803,3.15E-08,,,
70.1209,3.10E-08,,,
70.3622,3.03E-08,,,
70.6044,3.04E-08,,,
70.8475,2.91E-08,,,
71.0913,2.96E-08,,,
71.336,2.87E-08,,,
71.5816,2.77E-08,,,
71.828,2.78E-08,,,
72.0753,2.73E-08,,,
72.3234,2.64E-08,,,
72.5723,2.70E-08,,,
72.8221,2.71E-08,,,
73.0728,2.66E-08,,,
73.3243,2.56E-08,,,
73.5767,2.58E-08,,,
73.83,2.55E-08,,,
74.0841,2.49E-08,,,
74.3391,2.49E-08,,,
74.595,2.41E-08,,,
74.8518,2.37E-08,,,
75.1095,2.35E-08,,,
75.368,2.32E-08,,,
75.6274,2.26E-08,,,
75.8878,2.27E-08,,,
76.149,2.24E-08,,,
76.4111,2.27E-08,,,
76.6741,2.19E-08,,,
76.9381,2.19E-08,,,
77.2029,2.11E-08,,,
77.4687,2.08E-08,,,
77.7353,2.10E-08,,,
78.0029,2.01E-08,,,
78.2714,1.95E-08,,,
78.5408,2.02E-08,,,
78.8112,1.97E-08,,,
79.0825,1.95E-08,,,
79.3547,1.88E-08,,,
79.6279,1.90E-08,,,
79.902,1.85E-08,,,
80.177,1.91E-08,,,
80.453,1.88E-08,,,
80.7299,1.85E-08,,,
81.0078,1.82E-08,,,
81.2867,1.67E-08,,,
81.5665,1.70E-08,,,
81.8472,1.70E-08,,,
82.129,1.69E-08,,,
82.4117,1.66E-08,,,
82.6954,1.59E-08,,,
82.98,1.59E-08,,,
83.2656,1.58E-08,,,
83.5523,1.59E-08,,,
83.8399,1.57E-08,,,
84.1285,1.55E-08,,,
84.4181,1.51E-08,,,
84.7086,1.45E-08,,,
85.0002,1.48E-08,,,
85.2928,1.45E-08,,,
85.5864,1.44E-08,,,
85.881,1.38E-08,,,
86.1767,1.45E-08,,,
86.4733,1.38E-08,,,
86.771,1.35E-08,,,
87.0696,1.30E-08,,,
87.3693,1.31E-08,,,
87.6701,1.36E-08,,,
87.9719,1.28E-08,,,
88.2747,1.30E-08,,,
88.5786,1.23E-08,,,
88.8835,1.27E-08,,,
89.1894,1.25E-08,,,
89.4964,1.19E-08,,,
89.8045,1.22E-08,,,
90.1136,1.21E-08,,,
90.4238,1.20E-08,,,
90.7351,1.14E-08,,,
91.0474,1.15E-08,,,
91.3608,1.12E-08,,,
91.6753,1.14E-08,,,
91.9909,1.09E-08,,,
92.3075,1.09E-08,,,
92.6253,1.07E-08,,,
92.9441,1.09E-08,,,
93.264,1.05E-08,,,
93.5851,1.05E-08,,,
93.9072,1.05E-08,,,
94.2305,1.01E-08,,,
94.5548,9.91E-09,,,
94.8803,1.02E-08,,,
95.2069,9.69E-09,,,
95.5346,9.95E-09,,,
95.8635,9.49E-09,,,
96.1935,9.23E-09,,,
96.5246,9.21E-09,,,
96.8568,9.00E-09,,,
97.1902,9.47E-09,,,
97.5248,8.97E-09,,,
97.8605,8.66E-09,,,
98.1974,8.79E-09,,,
98.5354,8.63E-09,,,
98.8746,8.23E-09,,,
99.2149,8.19E-09,,,
99.5564,8.24E-09,,,
99.8991,8.50E-09,,,
100.243,7.86E-09,,,
100.588,7.70E-09,,,
100.934,7.93E-09,,,
101.282,7.87E-09,,,
101.63,8.02E-09,,,
101.98,7.75E-09,,,
102.331,7.48E-09,,,
102.684,7.61E-09,,,
103.037,7.02E-09,,,
103.392,7.19E-09,,,
103.748,6.76E-09,,,
104.105,6.98E-09,,,
104.463,6.84E-09,,,
104.823,6.79E-09,,,
105.183,6.64E-09,,,
105.545,6.68E-09,,,
105.909,6.44E-09,,,
106.273,6.45E-09,,,
106.639,6.33E-09,,,
107.006,6.44E-09,,,
107.375,6.04E-09,,,
107.744,5.83E-09,,,
108.115,5.67E-09,,,
108.487,5.50E-09,,,
108.861,5.78E-09,,,
109.235,5.64E-09,,,
109.611,5.66E-09,,,
109.989,5.46E-09,,,
110.367,5.13E-09,,,
110.747,5.27E-09,,,
111.128,4.80E-09,,,
111.511,4.76E-09,,,
111.895,4.68E-09,,,
112.28,4.30E-09,,,
112.666,4.52E-09,,,
113.054,4.01E-09,,,
113.443,4.37E-09,,,
113.834,3.89E-09,,,
114.226,3.85E-09,,,
114.619,3.58E-09,,,
115.014,3.41E-09,,,
115.409,3.22E-09,,,
115.807,3.14E-09,,,
116.205,3.15E-09,,,
116.605,2.99E-09,,,
117.007,2.67E-09,,,
117.41,2.53E-09,,,
117.814,2.21E-09,,,
118.219,1.95E-09,,,
118.626,1.85E-09,,,
119.034,1.81E-09,,,
119.444,1.49E-09,,,
119.855,1.25E-09,,,
120.268,1.25E-09,,,
120.682,1.04E-09,,,
121.097,9.35E-10,,,
121.514,7.71E-10,,,
121.932,7.33E-10,,,
122.352,6.81E-10,,,
122.773,5.55E-10,,,
123.196,4.36E-10,,,
123.62,3.13E-10,,,
124.046,3.00E-10,,,
124.473,2.55E-10,,,
124.901,1.61E-10,,,
125.331,1.59E-10,,,
125.762,1.44E-10,,,
126.195,1.23E-10,,,
126.63,1.10E-10,,,
127.066,8.61E-11,,,
127.503,6.99E-11,,,
127.942,6.45E-11,,,
128.382,6.46E-11,,,
128.824,4.89E-11,,,
129.268,4.10E-11,,,
129.713,4.01E-11,,,
130.159,3.43E-11,,,
130.607,3.72E-11,,,
131.057,2.62E-11,,,
131.508,3.01E-11,,,
131.961,2.78E-11,,,
132.415,3.79E-11,,,
132.871,2.14E-11,,,
133.328,1.46E-11,,,
133.787,2.60E-11,,,
134.247,1.24E-11,,,
134.709,2.72E-11,,,
135.173,1.49E-11,,,
135.638,1.77E-11,,,
136.105,1.84E-11,,,
136.574,1.04E-11,,,
137.044,3.94E-12,,,
137.516,2.37E-11,,,
137.989,9.61E-12,,,
138.464,1.90E-11,,,
138.941,1.06E-11,,,
139.419,1.33E-11,,,
139.899,1.52E-11,,,
140.38,7.37E-12,,,
140.864,1.69E-11,,,
141.349,1.31E-11,,,
141.835,3.50E-12,,,
142.323,1.63E-11,,,
142.813,1.36E-12,,,
143.305,9.84E-12,,,
143.798,3.04E-12,,,
144.293,1.32E-11,,,
144.79,8.46E-12,,,
145.288,4.48E-12,,,
145.788,6.17E-12,,,
146.29,1.32E-11,,,
146.794,3.67E-12,,,
147.299,6.34E-12,,,
147.806,5.29E-12,,,
148.315,5.31E-12,,,
148.825,2.32E-12,,,
149.338,1.12E-11,,,
149.852,5.87E-12,,,
150.368,3.55E-12,,,
150.885,1.81E-11,,,
151.405,7.19E-12,,,
151.926,3.55E-12,,,
152.449,5.16E-12,,,
152.973,1.05E-11,,,
153.5,0,,,
154.028,7.51E-12,,,
154.559,2.86E-12,,,
155.091,2.82E-12,,,
155.624,0,,,
156.16,2.80E-12,,,
156.698,4.40E-12,,,
157.237,0,,,
157.778,6.16E-13,,,
158.321,5.89E-12,,,
158.866,8.78E-12,,,
159.413,4.08E-12,,,
159.962,0,,,
160.513,0,,,
161.065,5.46E-12,,,
161.62,0,,,
162.176,4.43E-12,,,
162.734,3.40E-12,,,
163.294,3.39E-12,,,
163.856,5.49E-12,,,
164.42,4.76E-12,,,
164.986,2.68E-12,,,
165.554,0,,,
166.124,0,,,
166.696,0,,,
167.27,0,,,
167.846,5.79E-13,,,
168.423,3.29E-12,,,
169.003,0,,,
169.585,4.24E-12,,,
170.169,1.04E-11,,,
170.754,3.24E-12,,,
171.342,0,,,
171.932,2.54E-12,,,
172.524,5.07E-12,,,
173.118,0,,,
173.714,0,,,
174.312,3.18E-12,,,
174.912,3.17E-12,,,
175.514,0,,,
176.118,0,,,
176.724,0,,,
177.332,3.12E-12,,,
177.943,3.11E-12,,,
178.555,3.10E-12,,,
179.17,0,,,
179.787,0,,,
180.406,2.42E-12,,,
181.027,0,,,
181.65,0,,,
182.275,3.04E-12,,,
182.902,0,,,
183.532,0,,,
184.164,0,,,
184.798,0,,,
185.434,0,,,
186.072,0,,,
186.713,0,,,
187.355,0,,,
188,0,,,
188.647,0,,,
189.297,0,,,
189.948,0,,,
190.602,0,,,
191.258,2.90E-12,,,
191.917,0,,,
192.577,0,,,
193.24,0,,,
193.905,0,,,
194.573,0,,,
195.243,0,,,
195.915,0,,,
196.589,0,,,
197.266,0,,,
197.945,0,,,
198.626,0,,,
199.31,0,,,
199.996,2.77E-12,,,
200.684,0,,,
201.375,0,,,
202.068,0,,,
202.764,0,,,
203.462,3.18E-12,,,
204.162,3.16E-12,,,
204.865,0,,,
205.57,0,,,
206.278,0,,,
206.988,0,,,
207.7,0,,,
208.415,2.66E-12,,,
209.133,0,,,
209.853,2.64E-12,,,
210.575,0,,,
211.3,3.06E-12,,,
212.027,0,,,
212.757,0,,,
213.489,0,,,
214.224,0,,,
214.962,0,,,
215.702,2.57E-12,,,
216.444,0,,,
217.189,0,,,
217.937,0,,,
218.687,0,,,
219.44,2.52E-12,,,
220.195,2.93E-12,,,
220.953,0,,,
221.714,0,,,
222.477,3.10E-12,,,
223.243,0,,,
224.011,0,,,
224.782,0,,,
225.556,2.86E-12,,,
226.332,2.85E-12,,,
227.111,0,,,
227.893,2.84E-12,,,
228.678,0,,,
229.465,0,,,
230.255,0,,,
231.047,0,,,
231.843,2.98E-12,,,
232.641,0,,,
233.441,0,,,
234.245,0,,,
235.051,0,,,
235.86,0,,,
236.672,0,,,
237.487,2.91E-12,,,
238.304,0,,,
239.125,0,,,
239.948,0,,,
240.774,0,,,
241.603,0,,,
242.434,0,,,
243.269,0,,,
244.106,0,,,
244.946,0,,,
245.79,0,,,
246.636,2.80E-12,,,
247.485,0,,,
248.337,0,,,
249.191,0,,,
250.049,0,,,
250.91,0,,,
251.774,0,,,
252.64,0,,,
253.51,0,,,
254.383,0,,,
255.258,0,,,
256.137,0,,,
257.019,0,,,
257.903,2.68E-12,,,
258.791,0,,,
259.682,0,,,
260.576,0,,,
261.473,0,,,
262.373,0,,,
263.276,0,,,
264.182,0,,,
265.092,0,,,
266.004,0,,,
266.92,0,,,
267.838,0,,,
268.76,0,,,
269.686,0,,,
270.614,0,,,
271.545,0,,,
272.48,0,,,
273.418,0,,,
274.359,0,,,
275.304,0,,,
276.251,0,,,
277.202,0,,,
278.156,0,,,
279.114,0,,,
280.075,0,,,
281.039,0,,,
282.006,0,,,
282.977,0,,,
283.951,0,,,
284.928,0,,,
285.909,0,,,
286.893,0,,,
287.881,0,,,
288.872,0,,,
289.866,0,,,
290.864,0,,,
291.865,0,,,
292.87,0,,,
293.878,0,,,
294.89,0,,,
295.905,0,,,
296.923,0,,,
297.945,0,,,
298.971,0,,,
300,,,,
