0.01,0.00770795,1.81,0.292021,0.934159406
0.0100344,0.00923524,,0.584042,0.884765775
0.010069,0.0120651,,0.876063,0.807079363
0.0101036,0.00559116,,1.168084,0.720341308
0.0101384,0.0225278,,1.460105,0.598745648
0.0101733,0.00916714,,1.752126,0.456758728
0.0102083,0.0120903,,2.92021,0.207980753
0.0102435,0.0131211,,4.380315,0.043252798
0.0102787,0.00627035,,,
0.0103141,0.011724,,,
0.0103496,0.016756,,,
0.0103852,0.0104203,,,
0.010421,0.00876232,,,
0.0104568,0.0139478,,,
0.0104928,0.0282646,,,
0.010529,0.0366033,,,
0.0105652,0.0378352,,,
0.0106016,0.0544019,,,
0.0106381,0.052312,,,
0.0106747,0.064232,,,
0.0107114,0.0360419,,,
0.0107483,0.0565138,,,
0.0107853,0.0370393,,,
0.0108224,0.0541287,,,
0.0108597,0.0630778,,,
0.0108971,0.0655145,,,
0.0109346,0.0677896,,,
0.0109722,0.14722,,,
0.01101,0.152159,,,
0.0110479,0.183103,,,
0.0110859,0.58817,,,
0.0111241,0.821486,,,
0.0111624,0.789629,,,
0.0112008,0.815949,,,
0.0112393,0.80702,,,
0.011278,0.802153,,,
0.0113168,0.789074,,,
0.0113558,0.771173,,,
0.0113949,0.755469,,,
0.0114341,0.782193,,,
0.0114735,0.766847,,,
0.011513,0.719851,,,
0.0115526,0.69568,,,
0.0115924,0.683294,,,
0.0116323,0.698266,,,
0.0116723,0.682044,,,
0.0117125,0.725917,,,
0.0117528,0.712808,,,
0.0117933,0.711952,,,
0.0118339,0.725188,,,
0.0118746,0.713988,,,
0.0119155,0.68037,,,
0.0119565,0.656442,,,
0.0119976,0.651501,,,
0.0120389,0.635131,,,
0.0120804,0.704968,,,
0.012122,0.603862,,,
0.0121637,0.669648,,,
0.0122056,0.655275,,,
0.0122476,0.622482,,,
0.0122897,0.788936,,,
0.012332,0.617415,,,
0.0123745,0.556538,,,
0.0124171,0.636229,,,
0.0124598,0.669439,,,
0.0125027,0.585331,,,
0.0125458,0.598273,,,
0.0125889,0.589102,,,
0.0126323,0.571918,,,
0.0126758,0.53685,,,
0.0127194,0.56438,,,
0.0127632,0.611163,,,
0.0128071,0.557469,,,
0.0128512,0.540093,,,
0.0128954,0.595756,,,
0.0129398,0.587623,,,
0.0129844,0.513632,,,
0.0130291,0.527941,,,
0.0130739,0.544279,,,
0.0131189,0.540441,,,
0.0131641,0.571109,,,
0.0132094,0.483059,,,
0.0132548,0.443996,,,
0.0133005,0.521171,,,
0.0133463,0.488239,,,
0.0133922,0.491695,,,
0.0134383,0.484773,,,
0.0134846,0.48077,,,
0.013531,0.464275,,,
0.0135775,0.453322,,,
0.0136243,0.469544,,,
0.0136712,0.470426,,,
0.0137182,0.463099,,,
0.0137655,0.430152,,,
0.0138128,0.464805,,,
0.0138604,0.465913,,,
0.0139081,0.41206,,,
0.013956,0.417155,,,
0.014004,0.418178,,,
0.0140522,0.443275,,,
0.0141006,0.417383,,,
0.0141491,0.420192,,,
0.0141978,0.425567,,,
0.0142467,0.418108,,,
0.0142957,0.427164,,,
0.014345,0.38817,,,
0.0143943,0.427091,,,
0.0144439,0.401859,,,
0.0144936,0.407448,,,
0.0145435,0.397204,,,
0.0145936,0.387175,,,
0.0146438,0.345244,,,
0.0146942,0.394565,,,
0.0147448,0.394508,,,
0.0147955,0.378136,,,
0.0148465,0.324692,,,
0.0148976,0.364909,,,
0.0149488,0.57855,,,
0.0150003,0.350748,,,
0.0150519,0.363185,,,
0.0151038,0.389499,,,
0.0151557,0.39129,,,
0.0152079,0.343108,,,
0.0152603,0.384967,,,
0.0153128,0.343302,,,
0.0153655,0.360357,,,
0.0154184,0.36533,,,
0.0154715,0.33916,,,
0.0155247,0.322542,,,
0.0155782,0.31263,,,
0.0156318,0.305118,,,
0.0156856,0.342229,,,
0.0157396,0.312526,,,
0.0157938,0.361153,,,
0.0158481,0.307067,,,
0.0159027,0.32563,,,
0.0159574,0.356324,,,
0.0160124,0.29314,,,
0.0160675,0.340518,,,
0.0161228,0.333653,,,
0.0161783,3.19446,,,
0.016234,0.424047,,,
0.0162898,0.535197,,,
0.0163459,0.390106,,,
0.0164022,0.406792,,,
0.0164586,0.459292,,,
0.0165153,0.339205,,,
0.0165722,0.312231,,,
0.0166292,0.372202,,,
0.0166864,0.345831,,,
0.0167439,0.319643,,,
0.0168015,0.398694,,,
0.0168593,0.47644,,,
0.0169174,0.334872,,,
0.0169756,0.364481,,,
0.0170341,0.331452,,,
0.0170927,0.320315,,,
0.0171515,0.312066,,,
0.0172106,0.327068,,,
0.0172698,0.304632,,,
0.0173293,0.308014,,,
0.0173889,0.284514,,,
0.0174488,0.252821,,,
0.0175088,0.335613,,,
0.0175691,0.313305,,,
0.0176296,0.280249,,,
0.0176903,0.270563,,,
0.0177511,0.259078,,,
0.0178123,0.23325,,,
0.0178736,0.238892,,,
0.0179351,0.236421,,,
0.0179968,0.249466,,,
0.0180588,0.231294,,,
0.0181209,0.231467,,,
0.0181833,0.260007,,,
0.0182459,0.236534,,,
0.0183087,0.227286,,,
0.0183717,0.217397,,,
0.018435,0.233956,,,
0.0184984,0.251373,,,
0.0185621,0.223071,,,
0.018626,0.207519,,,
0.0186901,0.227728,,,
0.0187545,0.19404,,,
0.018819,0.193762,,,
0.0188838,0.343161,,,
0.0189488,0.217363,,,
0.019014,0.235354,,,
0.0190795,0.222564,,,
0.0191451,0.226029,,,
0.019211,0.184751,,,
0.0192772,0.211092,,,
0.0193435,0.185807,,,
0.0194101,0.198293,,,
0.0194769,0.19924,,,
0.019544,0.193747,,,
0.0196112,0.182154,,,
0.0196788,0.1899,,,
0.0197465,0.205851,,,
0.0198145,0.19861,,,
0.0198827,0.153115,,,
0.0199511,0.188935,,,
0.0200198,2.12343,,,
0.0200887,0.285874,,,
0.0201579,0.367033,,,
0.0202272,0.242769,,,
0.0202969,0.261176,,,
0.0203667,0.236528,,,
0.0204368,0.230211,,,
0.0205072,0.207041,,,
0.0205778,0.1917,,,
0.0206486,0.373508,,,
0.0207197,0.212257,,,
0.020791,0.259433,,,
0.0208626,0.232256,,,
0.0209344,0.223365,,,
0.0210065,0.21168,,,
0.0210788,0.218434,,,
0.0211513,0.202228,,,
0.0212241,0.205612,,,
0.0212972,0.209519,,,
0.0213705,0.189719,,,
0.0214441,0.195987,,,
0.0215179,0.218641,,,
0.0215919,0.19506,,,
0.0216663,0.184154,,,
0.0217408,0.180434,,,
0.0218157,0.168867,,,
0.0218908,0.180584,,,
0.0219661,0.183241,,,
0.0220417,0.169238,,,
0.0221176,0.172846,,,
0.0221938,0.169975,,,
0.0222701,0.172095,,,
0.0223468,0.182122,,,
0.0224237,0.174275,,,
0.0225009,0.207895,,,
0.0225784,0.193689,,,
0.0226561,0.169428,,,
0.0227341,0.160848,,,
0.0228123,0.19895,,,
0.0228909,0.164465,,,
0.0229697,0.16475,,,
0.0230487,0.194772,,,
0.0231281,0.187142,,,
0.0232077,0.209763,,,
0.0232876,0.199136,,,
0.0233677,0.196604,,,
0.0234482,0.191066,,,
0.0235289,0.212463,,,
0.0236099,0.180264,,,
0.0236911,0.217052,,,
0.0237727,0.186277,,,
0.0238545,0.219661,,,
0.0239366,0.188269,,,
0.024019,1.3962,,,
0.0241017,0.257717,,,
0.0241847,0.279669,,,
0.0242679,0.240747,,,
0.0243514,0.236189,,,
0.0244353,0.245649,,,
0.0245194,0.18376,,,
0.0246038,0.217831,,,
0.0246885,0.245312,,,
0.0247735,0.224782,,,
0.0248587,0.216139,,,
0.0249443,0.210059,,,
0.0250302,0.190684,,,
0.0251163,0.195813,,,
0.0252028,0.195551,,,
0.0252895,0.210223,,,
0.0253766,0.226002,,,
0.0254639,0.219618,,,
0.0255516,0.191477,,,
0.0256396,0.234033,,,
0.0257278,0.246852,,,
0.0258164,0.214568,,,
0.0259052,0.183684,,,
0.0259944,0.196223,,,
0.0260839,0.197799,,,
0.0261737,0.17847,,,
0.0262638,0.219416,,,
0.0263542,0.192989,,,
0.0264449,0.195843,,,
0.0265359,0.180094,,,
0.0266273,0.195089,,,
0.0267189,0.204224,,,
0.0268109,0.217228,,,
0.0269032,0.187934,,,
0.0269958,0.185265,,,
0.0270887,0.195633,,,
0.027182,0.208451,,,
0.0272755,0.233549,,,
0.0273694,0.231547,,,
0.0274636,0.206336,,,
0.0275582,0.215832,,,
0.027653,0.220279,,,
0.0277482,0.218653,,,
0.0278437,0.213313,,,
0.0279396,0.187313,,,
0.0280357,0.213135,,,
0.0281323,0.222295,,,
0.0282291,0.178807,,,
0.0283263,0.212198,,,
0.0284238,0.247477,,,
0.0285216,0.20072,,,
0.0286198,0.197786,,,
0.0287183,0.214028,,,
0.0288172,0.212552,,,
0.0289164,0.209149,,,
0.0290159,0.188306,,,
0.0291158,0.205103,,,
0.029216,0.187332,,,
0.0293166,0.206334,,,
0.0294175,0.17715,,,
0.0295187,0.192513,,,
0.0296203,0.206555,,,
0.0297223,0.183965,,,
0.0298246,0.184024,,,
0.0299273,0.201362,,,
0.0300303,0.190231,,,
0.0301337,0.188041,,,
0.0302374,0.176358,,,
0.0303415,0.198871,,,
0.0304459,0.195609,,,
0.0305507,0.188534,,,
0.0306559,0.198317,,,
0.0307614,0.164663,,,
0.0308673,0.178898,,,
0.0309735,0.171022,,,
0.0310802,0.215845,,,
0.0311872,0.18598,,,
0.0312945,0.18704,,,
0.0314022,0.191118,,,
0.0315103,0.179583,,,
0.0316188,0.216856,,,
0.0317276,0.176455,,,
0.0318368,0.179367,,,
0.0319464,0.18118,,,
0.0320564,0.183153,,,
0.0321667,0.169179,,,
0.0322775,0.209987,,,
0.0323886,0.211359,,,
0.0325001,0.216584,,,
0.0326119,0.202639,,,
0.0327242,0.195935,,,
0.0328368,0.176713,,,
0.0329499,0.191325,,,
0.0330633,0.18058,,,
0.0331771,0.174481,,,
0.0332913,0.174397,,,
0.0334059,0.191268,,,
0.0335209,0.174716,,,
0.0336363,0.19812,,,
0.0337521,0.173304,,,
0.0338682,0.182384,,,
0.0339848,0.179389,,,
0.0341018,0.166242,,,
0.0342192,0.172489,,,
0.034337,0.175975,,,
0.0344552,0.162057,,,
0.0345738,0.163357,,,
0.0346928,0.153143,,,
0.0348122,0.187264,,,
0.034932,0.171961,,,
0.0350523,0.241264,,,
0.035173,0.194313,,,
0.035294,0.177016,,,
0.0354155,0.187816,,,
0.0355374,0.18067,,,
0.0356597,0.1819,,,
0.0357825,0.182226,,,
0.0359057,0.158761,,,
0.0360293,0.166857,,,
0.0361533,0.178308,,,
0.0362777,0.166948,,,
0.0364026,0.192685,,,
0.0365279,0.196277,,,
0.0366537,0.170655,,,
0.0367798,0.215054,,,
0.0369064,0.195525,,,
0.0370335,0.186785,,,
0.0371609,0.180936,,,
0.0372889,0.175835,,,
0.0374172,0.179564,,,
0.037546,0.187005,,,
0.0376753,0.173297,,,
0.0378049,0.168777,,,
0.0379351,0.17819,,,
0.0380657,0.167465,,,
0.0381967,0.167708,,,
0.0383282,0.164538,,,
0.0384601,0.164235,,,
0.0385925,0.15828,,,
0.0387253,0.167958,,,
0.0388586,0.168201,,,
0.0389924,0.208639,,,
0.0391266,0.177193,,,
0.0392613,0.163274,,,
0.0393965,0.149423,,,
0.0395321,0.167883,,,
0.0396681,0.153586,,,
0.0398047,0.167783,,,
0.0399417,0.151238,,,
0.0400792,0.172736,,,
0.0402172,0.222172,,,
0.0403556,0.167485,,,
0.0404945,0.183873,,,
0.0406339,0.185134,,,
0.0407738,0.176367,,,
0.0409141,0.182478,,,
0.041055,0.184832,,,
0.0411963,0.163992,,,
0.0413381,0.166808,,,
0.0414804,0.179848,,,
0.0416232,0.165366,,,
0.0417664,0.172691,,,
0.0419102,0.169387,,,
0.0420545,0.141966,,,
0.0421992,0.158541,,,
0.0423445,0.15396,,,
0.0424903,0.173168,,,
0.0426365,0.165298,,,
0.0427833,0.165428,,,
0.0429306,0.177135,,,
0.0430783,0.175679,,,
0.0432266,0.173663,,,
0.0433754,0.167877,,,
0.0435247,0.16139,,,
0.0436745,0.158233,,,
0.0438249,0.165367,,,
0.0439757,0.16295,,,
0.0441271,0.182519,,,
0.044279,0.171313,,,
0.0444314,0.166661,,,
0.0445844,0.19289,,,
0.0447378,0.16507,,,
0.0448918,0.181414,,,
0.0450464,0.170997,,,
0.0452014,0.173804,,,
0.045357,0.168494,,,
0.0455131,0.165561,,,
0.0456698,0.152225,,,
0.045827,0.166505,,,
0.0459848,0.160542,,,
0.0461431,0.156078,,,
0.0463019,0.160686,,,
0.0464613,0.153209,,,
0.0466212,0.16336,,,
0.0467817,0.163473,,,
0.0469427,0.170474,,,
0.0471043,0.171859,,,
0.0472664,0.17765,,,
0.0474291,0.159562,,,
0.0475924,0.165067,,,
0.0477562,0.163613,,,
0.0479206,0.179227,,,
0.0480856,0.168266,,,
0.0482511,0.14955,,,
0.0484172,0.315037,,,
0.0485839,0.183569,,,
0.0487511,0.179448,,,
0.0489189,0.179735,,,
0.0490873,0.183585,,,
0.0492563,0.166703,,,
0.0494258,0.180647,,,
0.0495959,0.166399,,,
0.0497667,0.165594,,,
0.049938,0.164062,,,
0.0501099,0.163055,,,
0.0502824,0.163791,,,
0.0504554,0.161501,,,
0.0506291,0.172825,,,
0.0508034,0.167078,,,
0.0509783,0.15911,,,
0.0511538,0.165909,,,
0.0513298,0.169771,,,
0.0515065,0.170041,,,
0.0516838,0.186392,,,
0.0518617,0.172178,,,
0.0520403,0.160685,,,
0.0522194,0.160517,,,
0.0523991,0.175978,,,
0.0525795,0.180389,,,
0.0527605,0.153091,,,
0.0529421,0.16351,,,
0.0531244,0.168541,,,
0.0533072,0.158266,,,
0.0534907,0.172738,,,
0.0536748,0.160522,,,
0.0538596,0.172662,,,
0.054045,0.160032,,,
0.054231,0.181395,,,
0.0544177,0.172216,,,
0.054605,0.162693,,,
0.054793,0.16873,,,
0.0549816,0.166485,,,
0.0551709,0.172012,,,
0.0553608,0.169963,,,
0.0555513,0.164636,,,
0.0557426,0.156749,,,
0.0559344,0.17452,,,
0.056127,0.161345,,,
0.0563202,0.179309,,,
0.056514,0.167483,,,
0.0567086,0.170541,,,
0.0569038,0.188776,,,
0.0570997,0.157323,,,
0.0572962,0.174347,,,
0.0574934,0.172134,,,
0.0576913,0.173691,,,
0.0578899,0.173039,,,
0.0580892,0.157243,,,
0.0582892,0.186001,,,
0.0584898,0.169489,,,
0.0586911,0.172251,,,
0.0588932,0.172203,,,
0.0590959,0.158088,,,
0.0592993,0.150134,,,
0.0595034,0.170627,,,
0.0597083,0.173649,,,
0.0599138,0.175801,,,
0.06012,0.189008,,,
0.060327,0.165135,,,
0.0605346,0.166392,,,
0.060743,0.179248,,,
0.0609521,0.183189,,,
0.0611619,0.181308,,,
0.0613724,0.175299,,,
0.0615837,0.179647,,,
0.0617957,0.186028,,,
0.0620084,0.174275,,,
0.0622218,0.171333,,,
0.062436,0.164586,,,
0.0626509,0.172804,,,
0.0628666,0.17001,,,
0.063083,0.167068,,,
0.0633001,0.170698,,,
0.063518,0.179119,,,
0.0637367,0.161558,,,
0.0639561,0.162456,,,
0.0641762,0.184998,,,
0.0643971,0.184747,,,
0.0646188,0.180622,,,
0.0648412,0.188498,,,
0.0650644,0.173308,,,
0.0652884,0.185454,,,
0.0655131,0.175813,,,
0.0657387,0.182643,,,
0.0659649,0.166068,,,
0.066192,0.165168,,,
0.0664199,0.173403,,,
0.0666485,0.182015,,,
0.0668779,0.174858,,,
0.0671081,0.184847,,,
0.0673391,0.165066,,,
0.0675709,0.175035,,,
0.0678035,0.175334,,,
0.0680369,0.179706,,,
0.0682711,0.175066,,,
0.0685061,0.181469,,,
0.0687419,0.177775,,,
0.0689785,0.18404,,,
0.069216,0.167097,,,
0.0694542,0.173466,,,
0.0696933,0.181179,,,
0.0699332,0.16485,,,
0.0701739,0.185445,,,
0.0704155,0.180312,,,
0.0706579,0.187712,,,
0.0709011,0.174049,,,
0.0711452,0.183496,,,
0.0713901,0.177335,,,
0.0716358,0.182604,,,
0.0718824,0.17862,,,
0.0721298,0.174173,,,
0.0723781,0.180827,,,
0.0726273,0.188065,,,
0.0728773,0.181536,,,
0.0731281,0.184513,,,
0.0733798,0.182893,,,
0.0736324,0.178785,,,
0.0738859,0.178957,,,
0.0741402,0.176905,,,
0.0743954,0.178623,,,
0.0746515,0.171131,,,
0.0749085,0.181347,,,
0.0751663,0.179369,,,
0.0754251,0.165076,,,
0.0756847,0.18183,,,
0.0759452,0.17633,,,
0.0762067,0.177659,,,
0.076469,0.183433,,,
0.0767322,0.185213,,,
0.0769963,0.181682,,,
0.0772614,0.196268,,,
0.0775273,0.178732,,,
0.0777942,0.173897,,,
0.078062,0.188168,,,
0.0783307,0.179901,,,
0.0786003,0.181662,,,
0.0788709,0.187163,,,
0.0791424,0.185539,,,
0.0794148,0.176638,,,
0.0796882,0.169621,,,
0.0799625,0.19285,,,
0.0802377,0.184134,,,
0.0805139,0.186994,,,
0.080791,0.188688,,,
0.0810692,0.183494,,,
0.0813482,0.185286,,,
0.0816282,0.190246,,,
0.0819092,0.182667,,,
0.0821912,0.192023,,,
0.0824741,0.1959,,,
0.082758,0.188196,,,
0.0830428,0.189688,,,
0.0833287,0.179774,,,
0.0836155,0.178758,,,
0.0839034,0.174041,,,
0.0841922,0.184109,,,
0.084482,0.190318,,,
0.0847728,0.1772,,,
0.0850646,0.185621,,,
0.0853574,0.185284,,,
0.0856512,0.185336,,,
0.0859461,0.190257,,,
0.0862419,0.182806,,,
0.0865388,0.193902,,,
0.0868367,0.194143,,,
0.0871356,0.199702,,,
0.0874355,0.191378,,,
0.0877365,0.192357,,,
0.0880385,0.190631,,,
0.0883415,0.192676,,,
0.0886456,0.184772,,,
0.0889508,0.196395,,,
0.089257,0.194729,,,
0.0895642,0.194448,,,
0.0898725,0.184164,,,
0.0901819,0.203697,,,
0.0904923,0.192496,,,
0.0908038,0.191227,,,
0.0911164,0.188401,,,
0.09143,0.182928,,,
0.0917447,0.204009,,,
0.0920605,0.184599,,,
0.0923774,0.187967,,,
0.0926954,0.193209,,,
0.0930145,0.189813,,,
0.0933347,0.189278,,,
0.0936559,0.192313,,,
0.0939783,0.197747,,,
0.0943018,0.18832,,,
0.0946264,0.193474,,,
0.0949522,0.197382,,,
0.095279,0.190985,,,
0.095607,0.188001,,,
0.0959361,0.197451,,,
0.0962663,0.203506,,,
0.0965977,0.185493,,,
0.0969302,0.200122,,,
0.0972638,0.196649,,,
0.0975986,0.202844,,,
0.0979346,0.186549,,,
0.0982717,0.198626,,,
0.09861,0.1909,,,
0.0989494,0.203588,,,
0.09929,0.188867,,,
0.0996318,0.189212,,,
0.0999748,0.202595,,,
0.100319,0.199006,,,
0.100664,0.192806,,,
0.101011,0.196779,,,
0.101358,0.193133,,,
0.101707,0.205102,,,
0.102057,0.19066,,,
0.102409,0.199792,,,
0.102761,0.194503,,,
0.103115,0.194138,,,
0.10347,0.186451,,,
0.103826,0.201345,,,
0.104183,0.194611,,,
0.104542,0.198921,,,
0.104902,0.195212,,,
0.105263,0.195218,,,
0.105625,0.204721,,,
0.105989,0.204274,,,
0.106354,0.19165,,,
0.10672,0.195635,,,
0.107087,0.201251,,,
0.107456,0.199468,,,
0.107826,0.194722,,,
0.108197,0.199906,,,
0.108569,0.20371,,,
0.108943,0.204776,,,
0.109318,0.207869,,,
0.109694,0.209157,,,
0.110072,0.195068,,,
0.110451,0.200292,,,
0.110831,0.212401,,,
0.111213,0.207686,,,
0.111595,0.200772,,,
0.11198,0.210079,,,
0.112365,0.209891,,,
0.112752,0.19388,,,
0.11314,0.202968,,,
0.113529,0.200956,,,
0.11392,0.21359,,,
0.114312,0.204183,,,
0.114706,0.197151,,,
0.115101,0.202257,,,
0.115497,0.207745,,,
0.115894,0.205436,,,
0.116293,0.211424,,,
0.116694,0.209291,,,
0.117095,0.221431,,,
0.117498,0.212815,,,
0.117903,0.208773,,,
0.118309,0.202554,,,
0.118716,0.22191,,,
0.119125,0.215076,,,
0.119535,0.210453,,,
0.119946,0.201727,,,
0.120359,0.208932,,,
0.120773,0.213252,,,
0.121189,0.210553,,,
0.121606,0.218806,,,
0.122025,0.216225,,,
0.122445,0.211349,,,
0.122866,0.214114,,,
0.123289,0.213982,,,
0.123714,0.209074,,,
0.124139,0.211441,,,
0.124567,0.217915,,,
0.124996,0.219319,,,
0.125426,0.213153,,,
0.125858,0.210735,,,
0.126291,0.214811,,,
0.126726,0.218952,,,
0.127162,0.21742,,,
0.127599,0.219531,,,
0.128039,0.219414,,,
0.128479,0.217299,,,
0.128922,0.217119,,,
0.129365,0.224722,,,
0.129811,0.220409,,,
0.130258,0.221706,,,
0.130706,0.223892,,,
0.131156,0.229492,,,
0.131607,0.215283,,,
0.13206,0.216849,,,
0.132515,0.217331,,,
0.132971,0.221153,,,
0.133429,0.230612,,,
0.133888,0.222467,,,
0.134349,0.211124,,,
0.134811,0.222896,,,
0.135276,0.218422,,,
0.135741,0.220893,,,
0.136208,0.225209,,,
0.136677,0.211261,,,
0.137148,0.218929,,,
0.13762,0.227909,,,
0.138094,0.22879,,,
0.138569,0.237907,,,
0.139046,0.232493,,,
0.139525,0.231044,,,
0.140005,0.21634,,,
0.140487,0.23323,,,
0.14097,0.222603,,,
0.141456,0.223219,,,
0.141943,0.218881,,,
0.142431,0.234216,,,
0.142921,0.231845,,,
0.143413,0.237987,,,
0.143907,0.216716,,,
0.144402,0.228891,,,
0.144899,0.24171,,,
0.145398,0.23563,,,
0.145899,0.226779,,,
0.146401,0.222569,,,
0.146905,0.22656,,,
0.147411,0.221471,,,
0.147918,0.227743,,,
0.148427,0.230987,,,
0.148938,0.223896,,,
0.149451,0.23008,,,
0.149965,0.2309,,,
0.150481,0.234726,,,
0.150999,0.234756,,,
0.151519,0.248138,,,
0.152041,0.237107,,,
0.152564,0.225807,,,
0.153089,0.22897,,,
0.153616,0.241886,,,
0.154145,0.243115,,,
0.154676,0.229744,,,
0.155208,0.252355,,,
0.155742,0.237873,,,
0.156278,0.221885,,,
0.156816,0.245397,,,
0.157356,0.23763,,,
0.157898,0.236126,,,
0.158441,0.244024,,,
0.158987,0.239841,,,
0.159534,0.24269,,,
0.160083,0.239219,,,
0.160634,0.237402,,,
0.161187,0.243847,,,
0.161742,0.247385,,,
0.162299,0.249874,,,
0.162857,0.243764,,,
0.163418,0.249861,,,
0.163981,0.231865,,,
0.164545,0.247775,,,
0.165111,0.248934,,,
0.16568,0.254889,,,
0.16625,0.249166,,,
0.166822,0.239922,,,
0.167397,0.25033,,,
0.167973,0.249519,,,
0.168551,0.241216,,,
0.169131,0.242894,,,
0.169713,0.245434,,,
0.170298,0.255591,,,
0.170884,0.241101,,,
0.171472,0.251041,,,
0.172062,0.244278,,,
0.172654,0.247783,,,
0.173249,0.237444,,,
0.173845,0.246437,,,
0.174444,0.246314,,,
0.175044,0.253058,,,
0.175647,0.245124,,,
0.176251,0.252981,,,
0.176858,0.254593,,,
0.177467,0.241652,,,
0.178078,0.257984,,,
0.178691,0.250651,,,
0.179306,0.258929,,,
0.179923,0.250358,,,
0.180542,0.261186,,,
0.181164,0.257504,,,
0.181787,0.254448,,,
0.182413,0.259703,,,
0.183041,0.257245,,,
0.183671,0.258248,,,
0.184303,0.264665,,,
0.184938,0.264218,,,
0.185574,0.259576,,,
0.186213,0.252081,,,
0.186854,0.266026,,,
0.187497,0.257261,,,
0.188143,0.257213,,,
0.18879,0.269984,,,
0.18944,0.259984,,,
0.190092,0.257232,,,
0.190747,0.264895,,,
0.191403,0.263157,,,
0.192062,0.267071,,,
0.192723,0.259658,,,
0.193387,0.259766,,,
0.194052,0.269091,,,
0.19472,0.275219,,,
0.19539,0.262459,,,
0.196063,0.268816,,,
0.196738,0.269356,,,
0.197415,0.275087,,,
0.198095,0.265406,,,
0.198777,0.269388,,,
0.199461,0.257255,,,
0.200147,0.266293,,,
0.200836,0.263468,,,
0.201528,0.275759,,,
0.202221,0.268092,,,
0.202917,0.278881,,,
0.203616,0.25993,,,
0.204317,0.267918,,,
0.20502,0.274917,,,
0.205726,0.262121,,,
0.206434,0.270865,,,
0.207145,0.263731,,,
0.207858,0.272085,,,
0.208573,0.27591,,,
0.209291,0.271139,,,
0.210012,0.277825,,,
0.210734,0.284251,,,
0.21146,0.268027,,,
0.212188,0.265677,,,
0.212918,0.273987,,,
0.213651,0.276734,,,
0.214386,0.284173,,,
0.215124,0.275247,,,
0.215865,0.281677,,,
0.216608,0.288303,,,
0.217354,0.282834,,,
0.218102,0.282461,,,
0.218853,0.277648,,,
0.219606,0.27878,,,
0.220362,0.288391,,,
0.22112,0.285091,,,
0.221882,0.286678,,,
0.222645,0.278852,,,
0.223412,0.286034,,,
0.224181,0.287952,,,
0.224952,0.28129,,,
0.225727,0.286622,,,
0.226504,0.283453,,,
0.227283,0.294669,,,
0.228066,0.280673,,,
0.228851,0.290705,,,
0.229639,0.290165,,,
0.230429,0.287365,,,
0.231222,0.294684,,,
0.232018,0.293798,,,
0.232817,0.296984,,,
0.233618,0.296184,,,
0.234422,0.285689,,,
0.235229,0.296089,,,
0.236039,0.299906,,,
0.236852,0.290632,,,
0.237667,0.29491,,,
0.238485,0.295685,,,
0.239306,0.295324,,,
0.24013,0.299912,,,
0.240956,0.293205,,,
0.241786,0.292488,,,
0.242618,0.303684,,,
0.243453,0.297454,,,
0.244291,0.306843,,,
0.245132,0.291964,,,
0.245976,0.297316,,,
0.246822,0.298803,,,
0.247672,0.302072,,,
0.248525,0.307678,,,
0.24938,0.302827,,,
0.250239,0.301148,,,
0.2511,0.304068,,,
0.251964,0.306634,,,
0.252832,0.300629,,,
0.253702,0.303399,,,
0.254575,0.303864,,,
0.255452,0.304672,,,
0.256331,0.300696,,,
0.257213,0.317695,,,
0.258099,0.3094,,,
0.258987,0.315132,,,
0.259878,0.303899,,,
0.260773,0.307339,,,
0.261671,0.318158,,,
0.262571,0.321848,,,
0.263475,0.307518,,,
0.264382,0.308229,,,
0.265292,0.303613,,,
0.266205,0.310311,,,
0.267122,0.31961,,,
0.268041,0.313664,,,
0.268964,0.309794,,,
0.26989,0.316865,,,
0.270819,0.321584,,,
0.271751,0.316567,,,
0.272686,0.327863,,,
0.273625,0.323133,,,
0.274567,0.327991,,,
0.275512,0.322381,,,
0.27646,0.319295,,,
0.277412,0.326868,,,
0.278367,0.330167,,,
0.279325,0.328763,,,
0.280287,0.322008,,,
0.281252,0.328916,,,
0.28222,0.333092,,,
0.283191,0.316833,,,
0.284166,0.329392,,,
0.285144,0.324539,,,
0.286126,0.327468,,,
0.287111,0.327938,,,
0.288099,0.325955,,,
0.289091,0.326173,,,
0.290086,0.326141,,,
0.291084,0.332621,,,
0.292086,0.334029,,,
0.293092,0.340067,,,
0.294101,0.33122,,,
0.295113,0.32845,,,
0.296129,0.328333,,,
0.297148,0.327278,,,
0.298171,0.326345,,,
0.299197,0.332353,,,
0.300227,0.345574,,,
0.301261,0.335765,,,
0.302298,0.340971,,,
0.303338,0.339954,,,
0.304382,0.339245,,,
0.30543,0.349462,,,
0.306482,0.335467,,,
0.307536,0.345884,,,
0.308595,0.342285,,,
0.309657,0.3449,,,
0.310723,0.340186,,,
0.311793,0.35672,,,
0.312866,0.347323,,,
0.313943,0.343662,,,
0.315024,0.344004,,,
0.316108,0.355308,,,
0.317196,0.347933,,,
0.318288,0.354141,,,
0.319384,0.355042,,,
0.320483,0.353222,,,
0.321586,0.347571,,,
0.322693,0.352275,,,
0.323804,0.348727,,,
0.324919,0.356997,,,
0.326037,0.348278,,,
0.327159,0.353559,,,
0.328286,0.360073,,,
0.329416,0.361,,,
0.330549,0.353534,,,
0.331687,0.350774,,,
0.332829,0.355277,,,
0.333975,0.35789,,,
0.335124,0.355256,,,
0.336278,0.362142,,,
0.337435,0.366067,,,
0.338597,0.364736,,,
0.339763,0.37308,,,
0.340932,0.362568,,,
0.342106,0.358756,,,
0.343283,0.360722,,,
0.344465,0.366045,,,
0.345651,0.374548,,,
0.34684,0.3717,,,
0.348034,0.361535,,,
0.349232,0.363548,,,
0.350434,0.36816,,,
0.351641,0.373595,,,
0.352851,0.369955,,,
0.354066,0.369658,,,
0.355285,0.372338,,,
0.356508,0.37532,,,
0.357735,0.374158,,,
0.358966,0.37369,,,
0.360202,0.379009,,,
0.361442,0.372379,,,
0.362686,0.368499,,,
0.363934,0.384054,,,
0.365187,0.382442,,,
0.366444,0.382098,,,
0.367705,0.377367,,,
0.368971,0.378523,,,
0.370241,0.388757,,,
0.371516,0.385264,,,
0.372795,0.38474,,,
0.374078,0.389361,,,
0.375365,0.38961,,,
0.376658,0.386613,,,
0.377954,0.388193,,,
0.379255,0.382093,,,
0.380561,0.39226,,,
0.381871,0.389178,,,
0.383185,0.377978,,,
0.384504,0.387104,,,
0.385828,0.3847,,,
0.387156,0.38762,,,
0.388488,0.398139,,,
0.389826,0.39278,,,
0.391168,0.393969,,,
0.392514,0.388145,,,
0.393865,0.40168,,,
0.395221,0.400297,,,
0.396581,0.395093,,,
0.397946,0.402206,,,
0.399316,0.396061,,,
0.400691,0.403558,,,
0.40207,0.394642,,,
0.403454,0.408468,,,
0.404843,0.409781,,,
0.406236,0.404895,,,
0.407635,0.409109,,,
0.409038,0.406801,,,
0.410446,0.397801,,,
0.411859,0.405418,,,
0.413277,0.410684,,,
0.414699,0.403428,,,
0.416127,0.407017,,,
0.417559,0.412313,,,
0.418996,0.407643,,,
0.420439,0.403245,,,
0.421886,0.416095,,,
0.423338,0.422369,,,
0.424795,0.412027,,,
0.426258,0.42489,,,
0.427725,0.412997,,,
0.429197,0.416711,,,
0.430675,0.417276,,,
0.432157,0.411675,,,
0.433645,0.415847,,,
0.435137,0.418564,,,
0.436635,0.420668,,,
0.438138,0.419311,,,
0.439646,0.425477,,,
0.44116,0.420161,,,
0.442678,0.427481,,,
0.444202,0.424409,,,
0.445731,0.426954,,,
0.447265,0.42809,,,
0.448805,0.433208,,,
0.45035,0.434578,,,
0.4519,0.424498,,,
0.453456,0.428273,,,
0.455017,0.424646,,,
0.456583,0.439208,,,
0.458155,0.430768,,,
0.459732,0.432148,,,
0.461314,0.439548,,,
0.462902,0.439254,,,
0.464495,0.433129,,,
0.466094,0.435421,,,
0.467699,0.443323,,,
0.469309,0.435639,,,
0.470924,0.432168,,,
0.472545,0.436134,,,
0.474172,0.433684,,,
0.475804,0.43906,,,
0.477442,0.446111,,,
0.479085,0.443589,,,
0.480734,0.440421,,,
0.482389,0.443752,,,
0.48405,0.441697,,,
0.485716,0.442144,,,
0.487388,0.446312,,,
0.489066,0.450811,,,
0.490749,0.453533,,,
0.492438,0.454694,,,
0.494133,0.450679,,,
0.495834,0.464039,,,
0.497541,0.444702,,,
0.499254,0.456249,,,
0.500972,0.450514,,,
0.502697,0.458228,,,
0.504427,0.458125,,,
0.506164,0.456791,,,
0.507906,0.466959,,,
0.509654,0.468875,,,
0.511409,0.461403,,,
0.513169,0.463377,,,
0.514935,0.466656,,,
0.516708,0.463193,,,
0.518486,0.453777,,,
0.520271,0.470655,,,
0.522062,0.461947,,,
0.523859,0.468926,,,
0.525662,0.470487,,,
0.527472,0.468066,,,
0.529288,0.470135,,,
0.531109,0.47222,,,
0.532938,0.468156,,,
0.534772,0.476255,,,
0.536613,0.474761,,,
0.53846,0.471373,,,
0.540314,0.479875,,,
0.542174,0.472466,,,
0.54404,0.475953,,,
0.545913,0.476013,,,
0.547792,0.475189,,,
0.549677,0.477573,,,
0.551569,0.479269,,,
0.553468,0.484417,,,
0.555373,0.4851,,,
0.557285,0.484151,,,
0.559203,0.491498,,,
0.561128,0.489298,,,
0.56306,0.492305,,,
0.564998,0.47984,,,
0.566943,0.481582,,,
0.568894,0.488067,,,
0.570853,0.488586,,,
0.572818,0.489901,,,
0.574789,0.49598,,,
0.576768,0.502048,,,
0.578753,0.49019,,,
0.580745,0.501113,,,
0.582744,0.496661,,,
0.58475,0.498077,,,
0.586763,0.501451,,,
0.588783,0.50283,,,
0.59081,0.499792,,,
0.592843,0.501787,,,
0.594884,0.50345,,,
0.596932,0.506167,,,
0.598987,0.498271,,,
0.601049,0.507142,,,
0.603117,0.502755,,,
0.605194,0.508992,,,
0.607277,0.518909,,,
0.609367,0.497677,,,
0.611465,0.504828,,,
0.61357,0.516261,,,
0.615682,0.508691,,,
0.617801,0.502917,,,
0.619927,0.503219,,,
0.622061,0.52217,,,
0.624203,0.509614,,,
0.626351,0.513305,,,
0.628507,0.519273,,,
0.630671,0.520971,,,
0.632842,0.528122,,,
0.63502,0.515111,,,
0.637206,0.526789,,,
0.639399,0.518031,,,
0.6416,0.523613,,,
0.643809,0.52743,,,
0.646025,0.525835,,,
0.648249,0.528988,,,
0.65048,0.5187,,,
0.652719,0.524849,,,
0.654966,0.522337,,,
0.657221,0.529154,,,
0.659483,0.526684,,,
0.661753,0.530991,,,
0.664031,0.52646,,,
0.666317,0.532358,,,
0.66861,0.529424,,,
0.670912,0.528837,,,
0.673221,0.54023,,,
0.675539,0.533423,,,
0.677864,0.532708,,,
0.680197,0.53206,,,
0.682539,0.538968,,,
0.684888,0.542163,,,
0.687246,0.543072,,,
0.689611,0.543974,,,
0.691985,0.54394,,,
0.694367,0.533768,,,
0.696757,0.541621,,,
0.699156,0.536743,,,
0.701562,0.54484,,,
0.703977,0.54268,,,
0.706401,0.542507,,,
0.708832,0.545528,,,
0.711272,0.549327,,,
0.713721,0.549489,,,
0.716177,0.547367,,,
0.718643,0.53666,,,
0.721116,0.550741,,,
0.723599,0.549783,,,
0.726089,0.547432,,,
0.728589,0.551362,,,
0.731097,0.558177,,,
0.733613,0.556748,,,
0.736139,0.54229,,,
0.738673,0.551212,,,
0.741215,0.569936,,,
0.743767,0.553809,,,
0.746327,0.55152,,,
0.748896,0.549807,,,
0.751474,0.559765,,,
0.754061,0.556409,,,
0.756656,0.55954,,,
0.759261,0.559063,,,
0.761874,0.561143,,,
0.764497,0.55777,,,
0.767128,0.559105,,,
0.769769,0.565626,,,
0.772419,0.562504,,,
0.775078,0.561021,,,
0.777746,0.554861,,,
0.780423,0.556834,,,
0.783109,0.562288,,,
0.785805,0.56401,,,
0.78851,0.564184,,,
0.791224,0.560281,,,
0.793948,0.562179,,,
0.79668,0.561338,,,
0.799423,0.561628,,,
0.802175,0.56532,,,
0.804936,0.553803,,,
0.807707,0.561623,,,
0.810487,0.56847,,,
0.813277,0.566044,,,
0.816076,0.5678,,,
0.818885,0.569021,,,
0.821704,0.569824,,,
0.824533,0.569253,,,
0.827371,0.568553,,,
0.830219,0.563183,,,
0.833077,0.56811,,,
0.835944,0.567603,,,
0.838822,0.571024,,,
0.841709,0.569161,,,
0.844607,0.572961,,,
0.847514,0.568674,,,
0.850431,0.565183,,,
0.853359,0.57212,,,
0.856296,0.56552,,,
0.859244,0.573743,,,
0.862201,0.566792,,,
0.865169,0.565841,,,
0.868147,0.563221,,,
0.871136,0.554522,,,
0.874135,0.566431,,,
0.877143,0.570011,,,
0.880163,0.568795,,,
0.883193,0.568989,,,
0.886233,0.56719,,,
0.889283,0.571235,,,
0.892344,0.569654,,,
0.895416,0.566971,,,
0.898498,0.573019,,,
0.901591,0.561345,,,
0.904695,0.568449,,,
0.907809,0.575046,,,
0.910934,0.561817,,,
0.914069,0.566704,,,
0.917216,0.558364,,,
0.920373,0.569378,,,
0.923541,0.566135,,,
0.92672,0.568885,,,
0.92991,0.569637,,,
0.933111,0.564122,,,
0.936323,0.569874,,,
0.939546,0.563968,,,
0.94278,0.563461,,,
0.946026,0.564157,,,
0.949282,0.561871,,,
0.95255,0.56671,,,
0.955829,0.561254,,,
0.959119,0.562416,,,
0.96242,0.562456,,,
0.965733,0.567774,,,
0.969057,0.567325,,,
0.972393,0.555304,,,
0.97574,0.559555,,,
0.979099,0.555955,,,
0.982469,0.561625,,,
0.985851,0.561188,,,
0.989245,0.557418,,,
0.99265,0.559807,,,
0.996067,0.552212,,,
0.999495,0.550531,,,
1.00294,0.554396,,,
1.00639,0.5562,,,
1.00985,0.559209,,,
1.01333,0.544403,,,
1.01682,0.546591,,,
1.02032,0.554604,,,
1.02383,0.554195,,,
1.02735,0.547061,,,
1.03089,0.545688,,,
1.03444,0.544679,,,
1.038,0.540891,,,
1.04157,0.54259,,,
1.04516,0.545344,,,
1.04876,0.540854,,,
1.05237,0.547938,,,
1.05599,0.530023,,,
1.05962,0.537225,,,
1.06327,0.541163,,,
1.06693,0.535512,,,
1.0706,0.534484,,,
1.07429,0.535924,,,
1.07799,0.529481,,,
1.0817,0.533579,,,
1.08542,0.529462,,,
1.08916,0.530116,,,
1.09291,0.523771,,,
1.09667,0.524347,,,
1.10044,0.522,,,
1.10423,0.526279,,,
1.10803,0.525986,,,
1.11185,0.520514,,,
1.11567,0.520771,,,
1.11951,0.512747,,,
1.12337,0.498708,,,
1.12723,0.513438,,,
1.13111,0.510931,,,
1.13501,0.508998,,,
1.13891,0.506541,,,
1.14283,0.508324,,,
1.14677,0.507378,,,
1.15072,0.505182,,,
1.15468,0.498124,,,
1.15865,0.505959,,,
1.16264,0.498884,,,
1.16664,0.503937,,,
1.17066,0.494572,,,
1.17469,0.491815,,,
1.17873,0.495947,,,
1.18279,0.491419,,,
1.18686,0.492725,,,
1.19095,0.492294,,,
1.19505,0.48559,,,
1.19916,0.487483,,,
1.20329,0.47606,,,
1.20743,0.477685,,,
1.21158,0.477455,,,
1.21576,0.475616,,,
1.21994,0.475545,,,
1.22414,0.474347,,,
1.22835,0.472777,,,
1.23258,0.460457,,,
1.23682,0.46596,,,
1.24108,0.461604,,,
1.24535,0.45869,,,
1.24964,0.46565,,,
1.25394,0.460566,,,
1.25826,0.462967,,,
1.26259,0.454601,,,
1.26694,0.454743,,,
1.2713,0.450533,,,
1.27567,0.450535,,,
1.28006,0.447986,,,
1.28447,0.441024,,,
1.28889,0.440396,,,
1.29333,0.440189,,,
1.29778,0.438129,,,
1.30225,0.437502,,,
1.30673,0.436239,,,
1.31123,0.434368,,,
1.31574,0.426092,,,
1.32027,0.431223,,,
1.32482,0.427256,,,
1.32938,0.428623,,,
1.33395,0.421392,,,
1.33854,0.420883,,,
1.34315,0.416839,,,
1.34777,0.413983,,,
1.35241,0.412125,,,
1.35707,0.405534,,,
1.36174,0.410279,,,
1.36643,0.409169,,,
1.37113,0.403483,,,
1.37585,0.403559,,,
1.38059,0.396255,,,
1.38534,0.39726,,,
1.39011,0.398897,,,
1.39489,0.389989,,,
1.3997,0.384391,,,
1.40451,0.392187,,,
1.40935,0.386888,,,
1.4142,0.38409,,,
1.41907,0.381012,,,
1.42395,0.376342,,,
1.42885,0.373119,,,
1.43377,0.379402,,,
1.43871,0.374673,,,
1.44366,0.368343,,,
1.44863,0.371195,,,
1.45362,0.364756,,,
1.45862,0.364893,,,
1.46364,0.362292,,,
1.46868,0.358109,,,
1.47373,0.357364,,,
1.47881,0.355294,,,
1.4839,0.351106,,,
1.48901,0.34998,,,
1.49413,0.349788,,,
1.49927,0.346738,,,
1.50443,0.345132,,,
1.50961,0.339728,,,
1.51481,0.340053,,,
1.52002,0.3345,,,
1.52526,0.334553,,,
1.53051,0.330423,,,
1.53577,0.330489,,,
1.54106,0.32541,,,
1.54637,0.322809,,,
1.55169,0.32709,,,
1.55703,0.323439,,,
1.56239,0.316459,,,
1.56777,0.311493,,,
1.57316,0.312902,,,
1.57858,0.314542,,,
1.58401,0.310862,,,
1.58947,0.308752,,,
1.59494,0.311128,,,
1.60043,0.305004,,,
1.60594,0.302334,,,
1.61146,0.299726,,,
1.61701,0.299909,,,
1.62258,0.295471,,,
1.62816,0.295166,,,
1.63377,0.294915,,,
1.63939,0.290614,,,
1.64503,0.288235,,,
1.6507,0.281683,,,
1.65638,0.286025,,,
1.66208,0.284144,,,
1.6678,0.281945,,,
1.67354,0.278728,,,
1.6793,0.276988,,,
1.68508,0.274769,,,
1.69088,0.275375,,,
1.69671,0.269708,,,
1.70255,0.269227,,,
1.70841,0.269,,,
1.71429,0.266983,,,
1.72019,0.260702,,,
1.72611,0.257648,,,
1.73205,0.258779,,,
1.73801,0.259721,,,
1.744,0.25669,,,
1.75,0.2586,,,
1.75602,0.25068,,,
1.76207,0.248849,,,
1.76813,0.248927,,,
1.77422,0.24433,,,
1.78033,0.245538,,,
1.78645,0.244001,,,
1.7926,0.238916,,,
1.79877,0.239741,,,
1.80497,0.23586,,,
1.81118,0.234978,,,
1.81741,0.2329,,,
1.82367,0.234368,,,
1.82995,0.227087,,,
1.83625,0.228991,,,
1.84257,0.224857,,,
1.84891,0.224451,,,
1.85527,0.219847,,,
1.86166,0.225588,,,
1.86807,0.219599,,,
1.8745,0.217275,,,
1.88095,0.215048,,,
1.88743,0.214434,,,
1.89392,0.21492,,,
1.90044,0.209535,,,
1.90698,0.207919,,,
1.91355,0.209941,,,
1.92014,0.21095,,,
1.92674,0.20751,,,
1.93338,0.206638,,,
1.94003,0.204875,,,
1.94671,0.199104,,,
1.95341,0.199093,,,
1.96014,0.19437,,,
1.96688,0.196364,,,
1.97365,0.197637,,,
1.98045,0.192209,,,
1.98726,0.191401,,,
1.9941,0.192978,,,
2.00097,0.188897,,,
2.00786,0.188378,,,
2.01477,0.185691,,,
2.0217,0.186622,,,
2.02866,0.184033,,,
2.03565,0.18042,,,
2.04265,0.177185,,,
2.04968,0.181722,,,
2.05674,0.179941,,,
2.06382,0.176271,,,
2.07092,0.172768,,,
2.07805,0.176045,,,
2.08521,0.170597,,,
2.09238,0.170736,,,
2.09959,0.168534,,,
2.10681,0.16817,,,
2.11406,0.170155,,,
2.12134,0.165982,,,
2.12864,0.164019,,,
2.13597,0.163564,,,
2.14332,0.160756,,,
2.1507,0.160604,,,
2.1581,0.158688,,,
2.16553,0.157633,,,
2.17299,0.1557,,,
2.18047,0.153915,,,
2.18797,0.153758,,,
2.19551,0.152427,,,
2.20306,0.15268,,,
2.21065,0.149619,,,
2.21826,0.151864,,,
2.22589,0.145758,,,
2.23355,0.14605,,,
2.24124,0.146299,,,
2.24896,0.14582,,,
2.2567,0.141959,,,
2.26447,0.143082,,,
2.27226,0.141713,,,
2.28008,0.139801,,,
2.28793,0.138539,,,
2.29581,0.138057,,,
2.30371,0.136396,,,
2.31164,0.135231,,,
2.3196,0.132836,,,
2.32758,0.133279,,,
2.33559,0.129498,,,
2.34363,0.130744,,,
2.3517,0.12908,,,
2.3598,0.128804,,,
2.36792,0.128551,,,
2.37607,0.125968,,,
2.38425,0.125781,,,
2.39245,0.125351,,,
2.40069,0.122338,,,
2.40895,0.123262,,,
2.41725,0.120926,,,
2.42557,0.123281,,,
2.43392,0.120459,,,
2.44229,0.118048,,,
2.4507,0.117017,,,
2.45914,0.115831,,,
2.4676,0.113853,,,
2.4761,0.115212,,,
2.48462,0.112136,,,
2.49317,0.111241,,,
2.50175,0.112364,,,
2.51037,0.112843,,,
2.51901,0.109696,,,
2.52768,0.109143,,,
2.53638,0.108533,,,
2.54511,0.107752,,,
2.55387,0.104882,,,
2.56266,0.104371,,,
2.57148,0.1028,,,
2.58033,0.102662,,,
2.58922,0.103026,,,
2.59813,0.102251,,,
2.60707,0.101034,,,
2.61605,0.0994865,,,
2.62505,0.0982834,,,
2.63409,0.0994806,,,
2.64315,0.0965612,,,
2.65225,0.0983292,,,
2.66138,0.0946135,,,
2.67054,0.0935826,,,
2.67974,0.0929289,,,
2.68896,0.0930601,,,
2.69822,0.0919811,,,
2.7075,0.0905727,,,
2.71682,0.0901896,,,
2.72618,0.0892601,,,
2.73556,0.0891389,,,
2.74498,0.0878298,,,
2.75443,0.0869271,,,
2.76391,0.0873155,,,
2.77342,0.0852162,,,
2.78297,0.0850992,,,
2.79255,0.0858158,,,
2.80216,0.0825613,,,
2.81181,0.0837524,,,
2.82148,0.0821123,,,
2.8312,0.081057,,,
2.84094,0.0810571,,,
2.85072,0.0807869,,,
2.86053,0.0790458,,,
2.87038,0.0779285,,,
2.88026,0.0770657,,,
2.89018,0.0773853,,,
2.90012,0.075931,,,
2.91011,0.0760875,,,
2.92013,0.0745374,,,
2.93018,0.0745997,,,
2.94026,0.073426,,,
2.95038,0.0732709,,,
2.96054,0.0745642,,,
2.97073,0.071358,,,
2.98096,0.0720549,,,
2.99122,0.0705157,,,
3.00151,0.0695665,,,
3.01185,0.069106,,,
3.02221,0.0679475,,,
3.03262,0.067732,,,
3.04306,0.0672741,,,
3.05353,0.065805,,,
3.06404,0.0654053,,,
3.07459,0.0650362,,,
3.08517,0.06577,,,
3.09579,0.0639976,,,
3.10645,0.0637749,,,
3.11714,0.0635641,,,
3.12787,0.0623969,,,
3.13864,0.0613162,,,
3.14944,0.0617082,,,
3.16028,0.0593546,,,
3.17116,0.060622,,,
3.18208,0.0600077,,,
3.19303,0.0582103,,,
3.20402,0.0585738,,,
3.21505,0.0583624,,,
3.22612,0.0582762,,,
3.23722,0.0559032,,,
3.24837,0.0556915,,,
3.25955,0.0556673,,,
3.27077,0.0544695,,,
3.28203,0.0542471,,,
3.29332,0.0546049,,,
3.30466,0.0523376,,,
3.31604,0.0521745,,,
3.32745,0.0524058,,,
3.3389,0.0524639,,,
3.3504,0.0523297,,,
3.36193,0.05123,,,
3.3735,0.0507661,,,
3.38512,0.0492481,,,
3.39677,0.0500122,,,
3.40846,0.0512031,,,
3.42019,0.0493994,,,
3.43197,0.0480662,,,
3.44378,0.0494808,,,
3.45563,0.0484833,,,
3.46753,0.0474594,,,
3.47947,0.0470507,,,
3.49144,0.0457348,,,
3.50346,0.045765,,,
3.51552,0.0448527,,,
3.52762,0.0449415,,,
3.53976,0.0445396,,,
3.55195,0.043559,,,
3.56418,0.0433294,,,
3.57644,0.0439068,,,
3.58876,0.0431407,,,
3.60111,0.0424824,,,
3.6135,0.042195,,,
3.62594,0.0409264,,,
3.63842,0.0413059,,,
3.65095,0.0412052,,,
3.66352,0.041411,,,
3.67613,0.039687,,,
3.68878,0.0401649,,,
3.70148,0.0398663,,,
3.71422,0.0395263,,,
3.72701,0.0386868,,,
3.73983,0.0381685,,,
3.75271,0.0380793,,,
3.76563,0.0373678,,,
3.77859,0.0376808,,,
3.79159,0.0370348,,,
3.80465,0.0357799,,,
3.81774,0.0368144,,,
3.83088,0.0365507,,,
3.84407,0.035327,,,
3.8573,0.035816,,,
3.87058,0.0346053,,,
3.8839,0.0350957,,,
3.89727,0.0340977,,,
3.91069,0.0348758,,,
3.92415,0.0342033,,,
3.93766,0.0333098,,,
3.95121,0.0324363,,,
3.96481,0.0319805,,,
3.97846,0.0325554,,,
3.99216,0.0314221,,,
4.0059,0.0315831,,,
4.01969,0.0320531,,,
4.03352,0.031972,,,
4.04741,0.03106,,,
4.06134,0.0300264,,,
4.07532,0.0303948,,,
4.08935,0.0302834,,,
4.10342,0.0301209,,,
4.11755,0.0288433,,,
4.13172,0.0293949,,,
4.14595,0.0285309,,,
4.16022,0.028454,,,
4.17454,0.0287944,,,
4.18891,0.0274302,,,
4.20333,0.0280749,,,
4.21779,0.0266771,,,
4.23231,0.0282763,,,
4.24688,0.0272883,,,
4.2615,0.0270565,,,
4.27617,0.0264269,,,
4.29089,0.0264523,,,
4.30566,0.0260533,,,
4.32048,0.0258972,,,
4.33535,0.0253262,,,
4.35028,0.0254647,,,
4.36525,0.0254101,,,
4.38028,0.025079,,,
4.39535,0.0246733,,,
4.41048,0.0238888,,,
4.42567,0.0237786,,,
4.4409,0.024232,,,
4.45619,0.0234507,,,
4.47153,0.0232615,,,
4.48692,0.0232404,,,
4.50236,0.0230623,,,
4.51786,0.0220503,,,
4.53341,0.022683,,,
4.54902,0.0223979,,,
4.56468,0.0218027,,,
4.58039,0.0221033,,,
4.59616,0.0215534,,,
4.61198,0.0213232,,,
4.62785,0.0214189,,,
4.64378,0.0215106,,,
4.65977,0.020698,,,
4.67581,0.0202555,,,
4.6919,0.0204032,,,
4.70805,0.0200852,,,
4.72426,0.0199481,,,
4.74052,0.0197529,,,
4.75684,0.0195667,,,
4.77321,0.0190457,,,
4.78964,0.0201316,,,
4.80613,0.0192726,,,
4.82268,0.0193278,,,
4.83928,0.018561,,,
4.85593,0.0185111,,,
4.87265,0.0186774,,,
4.88942,0.0176945,,,
4.90625,0.0178972,,,
4.92314,0.0174585,,,
4.94009,0.018037,,,
4.95709,0.0180057,,,
4.97416,0.0176262,,,
4.99128,0.0172255,,,
5.00846,0.0175074,,,
5.0257,0.0172483,,,
5.043,0.0172064,,,
5.06036,0.0162517,,,
5.07778,0.0166935,,,
5.09526,0.015746,,,
5.11279,0.01595,,,
5.13039,0.0162835,,,
5.14805,0.0155288,,,
5.16578,0.015605,,,
5.18356,0.0151926,,,
5.2014,0.0157336,,,
5.2193,0.0154901,,,
5.23727,0.0147358,,,
5.2553,0.0151095,,,
5.27339,0.0146948,,,
5.29154,0.0145083,,,
5.30976,0.0144349,,,
5.32803,0.0141879,,,
5.34637,0.0141584,,,
5.36478,0.0136486,,,
5.38324,0.0138117,,,
5.40177,0.0140493,,,
5.42037,0.0135513,,,
5.43903,0.0136775,,,
5.45775,0.0128061,,,
5.47653,0.0132654,,,
5.49539,0.0127236,,,
5.5143,0.0126274,,,
5.53328,0.0124687,,,
5.55233,0.0123333,,,
5.57144,0.0123102,,,
5.59062,0.0126098,,,
5.60987,0.0116079,,,
5.62918,0.0120436,,,
5.64855,0.0123074,,,
5.668,0.0120949,,,
5.68751,0.0119413,,,
5.70708,0.0113547,,,
5.72673,0.0114366,,,
5.74644,0.0108406,,,
5.76622,0.0112143,,,
5.78607,0.0110576,,,
5.80599,0.0109532,,,
5.82597,0.0109392,,,
5.84603,0.0110358,,,
5.86615,0.0106326,,,
5.88634,0.0105297,,,
5.90661,0.0107318,,,
5.92694,0.0102668,,,
5.94734,0.0104177,,,
5.96781,0.00964012,,,
5.98836,0.00992664,,,
6.00897,0.00980603,,,
6.02965,0.00987793,,,
6.05041,0.00995391,,,
6.07124,0.0092153,,,
6.09213,0.00973004,,,
6.1131,0.00951241,,,
6.13415,0.009116,,,
6.15526,0.00914511,,,
6.17645,0.00872947,,,
6.19771,0.00870006,,,
6.21904,0.00866888,,,
6.24045,0.00841408,,,
6.26193,0.00863058,,,
6.28349,0.00856485,,,
6.30512,0.00822561,,,
6.32682,0.00824366,,,
6.3486,0.00803702,,,
6.37045,0.00832498,,,
6.39238,0.00813634,,,
6.41439,0.00811069,,,
6.43647,0.0077191,,,
6.45862,0.00793378,,,
6.48085,0.00760827,,,
6.50316,0.0075613,,,
6.52555,0.00750726,,,
6.54801,0.00710576,,,
6.57055,0.00703485,,,
6.59317,0.00726627,,,
6.61586,0.00713206,,,
6.63863,0.00713387,,,
6.66149,0.00689296,,,
6.68442,0.00699631,,,
6.70743,0.0071012,,,
6.73051,0.00698386,,,
6.75368,0.00703924,,,
6.77693,0.00632563,,,
6.80026,0.00658829,,,
6.82367,0.00640785,,,
6.84715,0.00644952,,,
6.87072,0.00616427,,,
6.89437,0.00619318,,,
6.91811,0.00595211,,,
6.94192,0.00600317,,,
6.96582,0.0059143,,,
6.98979,0.00586829,,,
7.01385,0.00598042,,,
7.038,0.00574349,,,
7.06222,0.00582039,,,
7.08653,0.00582082,,,
7.11093,0.00544152,,,
7.13541,0.00541923,,,
7.15997,0.00538774,,,
7.18461,0.00508107,,,
7.20934,0.00503445,,,
7.23416,0.00534401,,,
7.25906,0.00510685,,,
7.28405,0.00504676,,,
7.30912,0.00481706,,,
7.33428,0.00478118,,,
7.35953,0.00485152,,,
7.38486,0.00468509,,,
7.41028,0.00476191,,,
7.43579,0.00470523,,,
7.46139,0.00450325,,,
7.48707,0.00441501,,,
7.51284,0.00435126,,,
7.5387,0.00431503,,,
7.56465,0.0042733,,,
7.59069,0.00407208,,,
7.61682,0.00414064,,,
7.64304,0.00417011,,,
7.66935,0.00391414,,,
7.69575,0.00409022,,,
7.72224,0.00409359,,,
7.74882,0.00401843,,,
7.77549,0.00382113,,,
7.80226,0.00378315,,,
7.82912,0.00365954,,,
7.85607,0.00389475,,,
7.88311,0.00365337,,,
7.91024,0.00378326,,,
7.93747,0.00340106,,,
7.96479,0.00357521,,,
7.99221,0.0034784,,,
8.01972,0.00329303,,,
8.04733,0.00323026,,,
8.07503,0.0032866,,,
8.10283,0.00324286,,,
8.13072,0.00314582,,,
8.1587,0.00315855,,,
8.18679,0.00310932,,,
8.21497,0.00292437,,,
8.24325,0.00294424,,,
8.27162,0.00278961,,,
8.3001,0.0028266,,,
8.32867,0.00279661,,,
8.35734,0.00282522,,,
8.3861,0.00268902,,,
8.41497,0.00263615,,,
8.44394,0.0026278,,,
8.473,0.00255931,,,
8.50217,0.00266656,,,
8.53143,0.00254664,,,
8.5608,0.00251513,,,
8.59027,0.00238451,,,
8.61984,0.00227868,,,
8.64951,0.00229148,,,
8.67928,0.00222512,,,
8.70916,0.00226557,,,
8.73914,0.00218683,,,
8.76922,0.00215339,,,
8.79941,0.0020656,,,
8.8297,0.00205313,,,
8.86009,0.00196834,,,
8.89059,0.00196422,,,
8.92119,0.00206685,,,
8.9519,0.0019243,,,
8.98272,0.00191041,,,
9.01364,0.00185603,,,
9.04466,0.00182345,,,
9.0758,0.00182806,,,
9.10704,0.00168363,,,
9.13839,0.00174656,,,
9.16984,0.00170075,,,
9.20141,0.0015752,,,
9.23308,0.00166701,,,
9.26486,0.00157905,,,
9.29676,0.00149224,,,
9.32876,0.00153259,,,
9.36087,0.00150055,,,
9.39309,0.00142072,,,
9.42542,0.00147077,,,
9.45787,0.00136321,,,
9.49042,0.00133125,,,
9.52309,0.00132583,,,
9.55587,0.00133727,,,
9.58877,0.00124118,,,
9.62177,0.0012405,,,
9.65489,0.00125881,,,
9.68813,0.00119054,,,
9.72148,0.00115958,,,
9.75494,0.00113703,,,
9.78852,0.00109823,,,
9.82221,0.00107068,,,
9.85602,0.0011213,,,
9.88995,0.000990064,,,
9.92399,0.00102436,,,
9.95816,0.0010126,,,
9.99243,0.00105375,,,
10.0268,0.000975871,,,
10.0613,0.000962415,,,
10.096,0.000976368,,,
10.1307,0.000920472,,,
10.1656,0.0008796,,,
10.2006,0.000826591,,,
10.2357,0.000870282,,,
10.2709,0.000830535,,,
10.3063,0.000825591,,,
10.3418,0.000787924,,,
10.3774,0.000767468,,,
10.4131,0.000735314,,,
10.4489,0.000707512,,,
10.4849,0.000733912,,,
10.521,0.000733132,,,
10.5572,0.000652923,,,
10.5936,0.000607849,,,
10.63,0.000657113,,,
10.6666,0.000552553,,,
10.7033,0.000584898,,,
10.7402,0.000617716,,,
10.7771,0.000537308,,,
10.8142,0.000520831,,,
10.8515,0.000518315,,,
10.8888,0.000502088,,,
10.9263,0.000503929,,,
10.9639,0.000469766,,,
11.0016,0.0004828,,,
11.0395,0.000535893,,,
11.0775,0.000474455,,,
11.1156,0.000458503,,,
11.1539,0.000366575,,,
11.1923,0.000437067,,,
11.2308,0.000412784,,,
11.2695,0.000398133,,,
11.3083,0.000401824,,,
11.3472,0.00037064,,,
11.3863,0.000385252,,,
11.4255,0.00036243,,,
11.4648,0.000368999,,,
11.5043,0.000369997,,,
11.5439,0.000321721,,,
11.5836,0.000336745,,,
11.6235,0.000310156,,,
11.6635,0.000292697,,,
11.7036,0.000288153,,,
11.7439,0.000290183,,,
11.7843,0.00027756,,,
11.8249,0.000287781,,,
11.8656,0.000254003,,,
11.9065,0.000278382,,,
11.9474,0.000225665,,,
11.9886,0.000231012,,,
12.0298,0.00022661,,,
12.0712,0.000239939,,,
12.1128,0.000241619,,,
12.1545,0.000244088,,,
12.1963,0.000229416,,,
12.2383,0.000185214,,,
12.2804,0.000217228,,,
12.3227,0.000226404,,,
12.3651,0.000210117,,,
12.4077,0.000181948,,,
12.4504,0.000171689,,,
12.4933,0.000194901,,,
12.5363,0.000138124,,,
12.5794,0.00016359,,,
12.6227,0.000159649,,,
12.6662,0.000143504,,,
12.7098,0.000153824,,,
12.7535,0.000142064,,,
12.7974,0.000136713,,,
12.8415,0.000142091,,,
12.8857,0.000112593,,,
12.93,0.000116492,,,
12.9745,0.000144634,,,
13.0192,0.000101527,,,
13.064,0.00010239,,,
13.109,0.000114684,,,
13.1541,0.000123601,,,
13.1994,0.000119827,,,
13.2448,0.00012648,,,
13.2904,0.000116662,,,
13.3362,0.000103588,,,
13.3821,0.000106078,,,
13.4281,8.73E-05,,,
13.4743,9.03E-05,,,
13.5207,8.31E-05,,,
13.5673,8.60E-05,,,
13.614,7.91E-05,,,
13.6608,7.62E-05,,,
13.7079,9.29E-05,,,
13.755,6.23E-05,,,
13.8024,7.35E-05,,,
13.8499,8.22E-05,,,
13.8976,7.27E-05,,,
13.9454,6.30E-05,,,
13.9934,6.49E-05,,,
14.0416,6.48E-05,,,
14.0899,7.13E-05,,,
14.1384,6.20E-05,,,
14.1871,4.76E-05,,,
14.2359,5.30E-05,,,
14.2849,5.09E-05,,,
14.3341,5.34E-05,,,
14.3834,4.92E-05,,,
14.433,5.13E-05,,,
14.4826,4.28E-05,,,
14.5325,3.51E-05,,,
14.5825,3.93E-05,,,
14.6327,3.98E-05,,,
14.6831,4.13E-05,,,
14.7336,4.43E-05,,,
14.7843,3.42E-05,,,
14.8352,3.71E-05,,,
14.8863,3.96E-05,,,
14.9375,3.57E-05,,,
14.989,3.57E-05,,,
15.0406,2.89E-05,,,
15.0923,3.53E-05,,,
15.1443,4.49E-05,,,
15.1964,3.17E-05,,,
15.2487,3.10E-05,,,
15.3012,3.19E-05,,,
15.3539,2.93E-05,,,
15.4067,3.22E-05,,,
15.4598,3.01E-05,,,
15.513,2.07E-05,,,
15.5664,2.16E-05,,,
15.62,2.14E-05,,,
15.6737,2.54E-05,,,
15.7277,1.84E-05,,,
15.7818,2.14E-05,,,
15.8361,2.72E-05,,,
15.8907,1.93E-05,,,
15.9454,2.09E-05,,,
16.0002,1.99E-05,,,
16.0553,1.44E-05,,,
16.1106,2.08E-05,,,
16.166,1.58E-05,,,
16.2217,1.22E-05,,,
16.2775,1.78E-05,,,
16.3336,1.23E-05,,,
16.3898,2.43E-05,,,
16.4462,1.60E-05,,,
16.5028,2.27E-05,,,
16.5596,1.51E-05,,,
16.6166,1.25E-05,,,
16.6738,1.03E-05,,,
16.7312,1.40E-05,,,
16.7888,1.11E-05,,,
16.8466,1.40E-05,,,
16.9046,1.35E-05,,,
16.9628,1.29E-05,,,
17.0212,8.85E-06,,,
17.0798,9.68E-06,,,
17.1385,9.12E-06,,,
17.1975,1.39E-05,,,
17.2567,1.14E-05,,,
17.3161,8.96E-06,,,
17.3757,9.06E-06,,,
17.4356,1.10E-05,,,
17.4956,8.21E-06,,,
17.5558,9.54E-06,,,
17.6162,7.85E-06,,,
17.6769,6.20E-06,,,
17.7377,6.69E-06,,,
17.7988,6.45E-06,,,
17.86,9.31E-06,,,
17.9215,8.72E-06,,,
17.9832,9.62E-06,,,
18.0451,6.29E-06,,,
18.1072,8.67E-06,,,
18.1696,1.11E-05,,,
18.2321,7.99E-06,,,
18.2949,7.51E-06,,,
18.3578,4.82E-06,,,
18.421,5.88E-06,,,
18.4844,5.87E-06,,,
18.5481,5.38E-06,,,
18.6119,4.94E-06,,,
18.676,7.10E-06,,,
18.7403,9.59E-06,,,
18.8048,4.16E-06,,,
18.8695,4.15E-06,,,
18.9345,5.88E-06,,,
18.9996,4.28E-06,,,
19.065,5.57E-06,,,
19.1307,8.37E-06,,,
19.1965,5.11E-06,,,
19.2626,4.73E-06,,,
19.3289,5.07E-06,,,
19.3954,5.28E-06,,,
19.4622,6.93E-06,,,
19.5292,3.92E-06,,,
19.5964,3.91E-06,,,
19.6639,4.98E-06,,,
19.7316,3.58E-06,,,
19.7995,4.24E-06,,,
19.8676,3.42E-06,,,
19.936,3.59E-06,,,
20.0046,3.41E-06,,,
20.0735,3.30E-06,,,
20.1426,6.04E-06,,,
20.2119,3.93E-06,,,
20.2815,3.21E-06,,,
20.3513,3.22E-06,,,
20.4214,3.15E-06,,,
20.4917,3.53E-06,,,
20.5622,3.13E-06,,,
20.633,3.03E-06,,,
20.704,3.02E-06,,,
20.7753,3.83E-06,,,
20.8468,2.96E-06,,,
20.9186,2.93E-06,,,
20.9906,4.15E-06,,,
21.0628,2.88E-06,,,
21.1353,4.00E-06,,,
21.2081,2.78E-06,,,
21.2811,3.93E-06,,,
21.3543,2.72E-06,,,
21.4278,2.69E-06,,,
21.5016,2.73E-06,,,
21.5756,2.66E-06,,,
21.6499,2.56E-06,,,
21.7244,2.56E-06,,,
21.7992,2.58E-06,,,
21.8742,3.69E-06,,,
21.9495,2.45E-06,,,
22.0251,2.47E-06,,,
22.1009,2.46E-06,,,
22.177,2.40E-06,,,
22.2533,2.38E-06,,,
22.3299,2.33E-06,,,
22.4068,2.38E-06,,,
22.4839,2.32E-06,,,
22.5613,2.23E-06,,,
22.6389,2.22E-06,,,
22.7169,2.19E-06,,,
22.7951,2.16E-06,,,
22.8735,2.15E-06,,,
22.9523,2.16E-06,,,
23.0313,2.09E-06,,,
23.1106,2.07E-06,,,
23.1901,2.04E-06,,,
23.2699,2.03E-06,,,
23.35,2.65E-06,,,
23.4304,2.01E-06,,,
23.5111,1.96E-06,,,
23.592,1.99E-06,,,
23.6732,1.93E-06,,,
23.7547,1.89E-06,,,
23.8365,1.92E-06,,,
23.9185,1.90E-06,,,
24.0008,1.85E-06,,,
24.0835,1.81E-06,,,
24.1664,1.79E-06,,,
24.2496,1.79E-06,,,
24.333,1.75E-06,,,
24.4168,1.76E-06,,,
24.5008,1.71E-06,,,
24.5852,1.70E-06,,,
24.6698,1.67E-06,,,
24.7547,1.66E-06,,,
24.8399,1.65E-06,,,
24.9254,1.63E-06,,,
25.0112,1.62E-06,,,
25.0973,1.59E-06,,,
25.1837,1.59E-06,,,
25.2704,1.57E-06,,,
25.3574,1.57E-06,,,
25.4447,1.52E-06,,,
25.5323,1.52E-06,,,
25.6202,1.49E-06,,,
25.7083,1.46E-06,,,
25.7968,1.45E-06,,,
25.8856,1.43E-06,,,
25.9747,1.46E-06,,,
26.0641,1.40E-06,,,
26.1539,1.39E-06,,,
26.2439,1.36E-06,,,
26.3342,1.37E-06,,,
26.4249,1.33E-06,,,
26.5158,1.34E-06,,,
26.6071,1.31E-06,,,
26.6987,1.29E-06,,,
26.7906,1.28E-06,,,
26.8828,1.26E-06,,,
26.9754,1.25E-06,,,
27.0682,1.24E-06,,,
27.1614,1.23E-06,,,
27.2549,1.22E-06,,,
27.3487,1.21E-06,,,
27.4428,1.21E-06,,,
27.5373,1.19E-06,,,
27.6321,1.17E-06,,,
27.7272,1.14E-06,,,
27.8227,1.13E-06,,,
27.9184,1.13E-06,,,
28.0145,1.11E-06,,,
28.111,1.10E-06,,,
28.2077,1.09E-06,,,
28.3048,1.08E-06,,,
28.4023,1.07E-06,,,
28.5,1.05E-06,,,
28.5981,1.04E-06,,,
28.6966,1.02E-06,,,
28.7954,1.02E-06,,,
28.8945,1.02E-06,,,
28.9939,9.99E-07,,,
29.0937,9.86E-07,,,
29.1939,9.89E-07,,,
29.2944,9.63E-07,,,
29.3952,9.67E-07,,,
29.4964,9.39E-07,,,
29.5979,9.40E-07,,,
29.6998,9.17E-07,,,
29.802,9.23E-07,,,
29.9046,9.07E-07,,,
30.0076,8.99E-07,,,
30.1109,8.82E-07,,,
30.2145,8.78E-07,,,
30.3185,8.78E-07,,,
30.4229,8.59E-07,,,
30.5276,8.41E-07,,,
30.6327,8.43E-07,,,
30.7381,8.27E-07,,,
30.8439,8.06E-07,,,
30.9501,8.20E-07,,,
31.0566,7.93E-07,,,
31.1636,7.95E-07,,,
31.2708,7.75E-07,,,
31.3785,7.78E-07,,,
31.4865,7.67E-07,,,
31.5949,7.61E-07,,,
31.7036,7.53E-07,,,
31.8128,7.39E-07,,,
31.9223,7.35E-07,,,
32.0321,7.24E-07,,,
32.1424,7.17E-07,,,
32.253,7.10E-07,,,
32.3641,6.98E-07,,,
32.4755,6.97E-07,,,
32.5873,6.87E-07,,,
32.6994,6.82E-07,,,
32.812,6.58E-07,,,
32.9249,6.64E-07,,,
33.0383,6.51E-07,,,
33.152,6.62E-07,,,
33.2661,6.37E-07,,,
33.3806,6.31E-07,,,
33.4955,6.31E-07,,,
33.6108,6.14E-07,,,
33.7265,6.08E-07,,,
33.8426,6.02E-07,,,
33.9591,6.04E-07,,,
34.076,5.96E-07,,,
34.1933,5.88E-07,,,
34.311,5.69E-07,,,
34.4291,5.62E-07,,,
34.5476,5.53E-07,,,
34.6665,5.60E-07,,,
34.7859,5.45E-07,,,
34.9056,5.44E-07,,,
35.0258,5.30E-07,,,
35.1463,5.31E-07,,,
35.2673,5.22E-07,,,
35.3887,5.17E-07,,,
35.5105,5.14E-07,,,
35.6328,5.11E-07,,,
35.7554,5.03E-07,,,
35.8785,4.94E-07,,,
36.002,4.82E-07,,,
36.1259,4.92E-07,,,
36.2503,4.79E-07,,,
36.3751,4.69E-07,,,
36.5003,4.69E-07,,,
36.6259,4.64E-07,,,
36.752,4.50E-07,,,
36.8785,4.55E-07,,,
37.0054,4.44E-07,,,
37.1328,4.39E-07,,,
37.2606,4.37E-07,,,
37.3889,4.27E-07,,,
37.5176,4.22E-07,,,
37.6468,4.23E-07,,,
37.7763,4.17E-07,,,
37.9064,4.03E-07,,,
38.0369,3.99E-07,,,
38.1678,4.02E-07,,,
38.2992,3.94E-07,,,
38.431,3.86E-07,,,
38.5633,3.79E-07,,,
38.696,3.71E-07,,,
38.8292,3.69E-07,,,
38.9629,3.67E-07,,,
39.097,3.70E-07,,,
39.2316,3.58E-07,,,
39.3666,3.52E-07,,,
39.5022,3.47E-07,,,
39.6381,3.46E-07,,,
39.7746,3.39E-07,,,
39.9115,3.37E-07,,,
40.0489,3.36E-07,,,
40.1867,3.26E-07,,,
40.3251,3.21E-07,,,
40.4639,3.17E-07,,,
40.6032,3.16E-07,,,
40.7429,3.11E-07,,,
40.8832,3.08E-07,,,
41.0239,3.04E-07,,,
41.1651,3.02E-07,,,
41.3068,2.95E-07,,,
41.449,2.89E-07,,,
41.5917,2.87E-07,,,
41.7348,2.84E-07,,,
41.8785,2.86E-07,,,
42.0227,2.75E-07,,,
42.1673,2.79E-07,,,
42.3125,2.70E-07,,,
42.4581,2.67E-07,,,
42.6043,2.60E-07,,,
42.7509,2.62E-07,,,
42.8981,2.57E-07,,,
43.0457,2.51E-07,,,
43.1939,2.50E-07,,,
43.3426,2.44E-07,,,
43.4918,2.46E-07,,,
43.6415,2.38E-07,,,
43.7917,2.35E-07,,,
43.9425,2.39E-07,,,
44.0937,2.34E-07,,,
44.2455,2.28E-07,,,
44.3978,2.29E-07,,,
44.5506,2.26E-07,,,
44.704,2.22E-07,,,
44.8579,2.21E-07,,,
45.0123,2.13E-07,,,
45.1672,2.13E-07,,,
45.3227,2.10E-07,,,
45.4787,2.07E-07,,,
45.6353,2.02E-07,,,
45.7923,2.07E-07,,,
45.95,2.03E-07,,,
46.1081,1.93E-07,,,
46.2669,1.98E-07,,,
46.4261,1.96E-07,,,
46.5859,1.90E-07,,,
46.7463,1.87E-07,,,
46.9072,1.89E-07,,,
47.0687,1.88E-07,,,
47.2307,1.79E-07,,,
47.3933,1.80E-07,,,
47.5564,1.79E-07,,,
47.7201,1.74E-07,,,
47.8844,1.77E-07,,,
48.0492,1.73E-07,,,
48.2146,1.70E-07,,,
48.3806,1.67E-07,,,
48.5471,1.72E-07,,,
48.7142,1.63E-07,,,
48.8819,1.66E-07,,,
49.0501,1.64E-07,,,
49.219,1.61E-07,,,
49.3884,1.58E-07,,,
49.5584,1.54E-07,,,
49.729,1.56E-07,,,
49.9002,1.55E-07,,,
50.072,1.52E-07,,,
50.2443,1.50E-07,,,
50.4173,1.49E-07,,,
50.5908,1.46E-07,,,
50.765,1.44E-07,,,
50.9397,1.43E-07,,,
51.1151,1.41E-07,,,
51.291,1.44E-07,,,
51.4676,1.41E-07,,,
51.6447,1.37E-07,,,
51.8225,1.37E-07,,,
52.0009,1.37E-07,,,
52.1799,1.32E-07,,,
52.3595,1.33E-07,,,
52.5397,1.30E-07,,,
52.7206,1.29E-07,,,
52.9021,1.30E-07,,,
53.0842,1.27E-07,,,
53.2669,1.25E-07,,,
53.4502,1.26E-07,,,
53.6342,1.23E-07,,,
53.8188,1.24E-07,,,
54.0041,1.22E-07,,,
54.19,1.21E-07,,,
54.3765,1.20E-07,,,
54.5637,1.17E-07,,,
54.7515,1.17E-07,,,
54.94,1.16E-07,,,
55.1291,1.14E-07,,,
55.3189,1.11E-07,,,
55.5093,1.13E-07,,,
55.7004,1.12E-07,,,
55.8921,1.11E-07,,,
56.0845,1.11E-07,,,
56.2776,1.08E-07,,,
56.4713,1.07E-07,,,
56.6657,1.05E-07,,,
56.8607,1.05E-07,,,
57.0565,1.05E-07,,,
57.2529,1.03E-07,,,
57.4499,1.01E-07,,,
57.6477,1.02E-07,,,
57.8461,1.00E-07,,,
58.0452,1.01E-07,,,
58.245,9.93E-08,,,
58.4455,9.62E-08,,,
58.6467,9.45E-08,,,
58.8486,9.58E-08,,,
59.0512,9.41E-08,,,
59.2544,9.28E-08,,,
59.4584,9.31E-08,,,
59.6631,9.20E-08,,,
59.8684,9.14E-08,,,
60.0745,9.00E-08,,,
60.2813,8.84E-08,,,
60.4888,8.90E-08,,,
60.697,8.88E-08,,,
60.906,8.67E-08,,,
61.1156,8.66E-08,,,
61.326,8.38E-08,,,
61.5371,8.45E-08,,,
61.7489,8.19E-08,,,
61.9615,8.38E-08,,,
62.1748,8.15E-08,,,
62.3888,8.23E-08,,,
62.6035,8.12E-08,,,
62.819,8.06E-08,,,
63.0353,7.74E-08,,,
63.2522,7.84E-08,,,
63.47,7.70E-08,,,
63.6885,7.63E-08,,,
63.9077,7.51E-08,,,
64.1277,7.60E-08,,,
64.3484,7.28E-08,,,
64.5699,7.22E-08,,,
64.7922,7.18E-08,,,
65.0152,7.14E-08,,,
65.239,7.14E-08,,,
65.4636,6.93E-08,,,
65.6889,6.84E-08,,,
65.915,6.93E-08,,,
66.1419,6.85E-08,,,
66.3696,6.72E-08,,,
66.5981,6.66E-08,,,
66.8273,6.60E-08,,,
67.0573,6.58E-08,,,
67.2882,6.45E-08,,,
67.5198,6.21E-08,,,
67.7522,6.23E-08,,,
67.9854,6.09E-08,,,
68.2194,6.08E-08,,,
68.4543,6.05E-08,,,
68.6899,5.97E-08,,,
68.9264,5.89E-08,,,
69.1636,6.07E-08,,,
69.4017,5.90E-08,,,
69.6406,5.87E-08,,,
69.8803,5.80E-08,,,
70.1209,5.71E-08,,,
70.3622,5.60E-08,,,
70.6044,5.67E-08,,,
70.8475,5.46E-08,,,
71.0913,5.51E-08,,,
71.336,5.40E-08,,,
71.5816,5.26E-08,,,
71.828,5.32E-08,,,
72.0753,5.23E-08,,,
72.3234,5.04E-08,,,
72.5723,5.17E-08,,,
72.8221,5.21E-08,,,
73.0728,5.12E-08,,,
73.3243,4.93E-08,,,
73.5767,4.99E-08,,,
73.83,5.00E-08,,,
74.0841,4.86E-08,,,
74.3391,4.87E-08,,,
74.595,4.73E-08,,,
74.8518,4.69E-08,,,
75.1095,4.69E-08,,,
75.368,4.63E-08,,,
75.6274,4.49E-08,,,
75.8878,4.57E-08,,,
76.149,4.49E-08,,,
76.4111,4.51E-08,,,
76.6741,4.43E-08,,,
76.9381,4.45E-08,,,
77.2029,4.30E-08,,,
77.4687,4.28E-08,,,
77.7353,4.32E-08,,,
78.0029,4.17E-08,,,
78.2714,4.03E-08,,,
78.5408,4.21E-08,,,
78.8112,4.07E-08,,,
79.0825,4.05E-08,,,
79.3547,3.92E-08,,,
79.6279,3.93E-08,,,
79.902,3.92E-08,,,
80.177,4.00E-08,,,
80.453,3.93E-08,,,
80.7299,3.89E-08,,,
81.0078,3.81E-08,,,
81.2867,3.60E-08,,,
81.5665,3.65E-08,,,
81.8472,3.67E-08,,,
82.129,3.62E-08,,,
82.4117,3.59E-08,,,
82.6954,3.46E-08,,,
82.98,3.47E-08,,,
83.2656,3.44E-08,,,
83.5523,3.40E-08,,,
83.8399,3.41E-08,,,
84.1285,3.33E-08,,,
84.4181,3.29E-08,,,
84.7086,3.17E-08,,,
85.0002,3.25E-08,,,
85.2928,3.14E-08,,,
85.5864,3.16E-08,,,
85.881,3.02E-08,,,
86.1767,3.15E-08,,,
86.4733,3.00E-08,,,
86.771,2.94E-08,,,
87.0696,2.86E-08,,,
87.3693,2.89E-08,,,
87.6701,2.97E-08,,,
87.9719,2.81E-08,,,
88.2747,2.86E-08,,,
88.5786,2.74E-08,,,
88.8835,2.81E-08,,,
89.1894,2.75E-08,,,
89.4964,2.65E-08,,,
89.8045,2.72E-08,,,
90.1136,2.62E-08,,,
90.4238,2.65E-08,,,
90.7351,2.52E-08,,,
91.0474,2.51E-08,,,
91.3608,2.48E-08,,,
91.6753,2.58E-08,,,
91.9909,2.44E-08,,,
92.3075,2.43E-08,,,
92.6253,2.36E-08,,,
92.9441,2.42E-08,,,
93.264,2.31E-08,,,
93.5851,2.32E-08,,,
93.9072,2.31E-08,,,
94.2305,2.25E-08,,,
94.5548,2.19E-08,,,
94.8803,2.26E-08,,,
95.2069,2.14E-08,,,
95.5346,2.19E-08,,,
95.8635,2.07E-08,,,
96.1935,2.02E-08,,,
96.5246,2.03E-08,,,
96.8568,1.98E-08,,,
97.1902,2.05E-08,,,
97.5248,1.95E-08,,,
97.8605,1.90E-08,,,
98.1974,1.91E-08,,,
98.5354,1.89E-08,,,
98.8746,1.81E-08,,,
99.2149,1.80E-08,,,
99.5564,1.82E-08,,,
99.8991,1.86E-08,,,
100.243,1.70E-08,,,
100.588,1.69E-08,,,
100.934,1.73E-08,,,
101.282,1.68E-08,,,
101.63,1.72E-08,,,
101.98,1.68E-08,,,
102.331,1.59E-08,,,
102.684,1.60E-08,,,
103.037,1.50E-08,,,
103.392,1.56E-08,,,
103.748,1.48E-08,,,
104.105,1.47E-08,,,
104.463,1.46E-08,,,
104.823,1.43E-08,,,
105.183,1.41E-08,,,
105.545,1.41E-08,,,
105.909,1.37E-08,,,
106.273,1.34E-08,,,
106.639,1.34E-08,,,
107.006,1.35E-08,,,
107.375,1.27E-08,,,
107.744,1.23E-08,,,
108.115,1.20E-08,,,
108.487,1.16E-08,,,
108.861,1.22E-08,,,
109.235,1.15E-08,,,
109.611,1.15E-08,,,
109.989,1.12E-08,,,
110.367,1.06E-08,,,
110.747,1.10E-08,,,
111.128,1.01E-08,,,
111.511,9.82E-09,,,
111.895,9.85E-09,,,
112.28,9.03E-09,,,
112.666,9.48E-09,,,
113.054,8.32E-09,,,
113.443,8.96E-09,,,
113.834,8.17E-09,,,
114.226,8.12E-09,,,
114.619,7.42E-09,,,
115.014,6.94E-09,,,
115.409,6.68E-09,,,
115.807,6.30E-09,,,
116.205,6.46E-09,,,
116.605,6.04E-09,,,
117.007,5.58E-09,,,
117.41,5.24E-09,,,
117.814,4.53E-09,,,
118.219,4.14E-09,,,
118.626,3.75E-09,,,
119.034,3.84E-09,,,
119.444,3.04E-09,,,
119.855,2.63E-09,,,
120.268,2.57E-09,,,
120.682,2.17E-09,,,
121.097,2.00E-09,,,
121.514,1.66E-09,,,
121.932,1.49E-09,,,
122.352,1.39E-09,,,
122.773,1.08E-09,,,
123.196,9.39E-10,,,
123.62,6.85E-10,,,
124.046,6.38E-10,,,
124.473,4.68E-10,,,
124.901,3.34E-10,,,
125.331,3.38E-10,,,
125.762,2.78E-10,,,
126.195,2.31E-10,,,
126.63,2.15E-10,,,
127.066,1.90E-10,,,
127.503,1.52E-10,,,
127.942,1.32E-10,,,
128.382,1.18E-10,,,
128.824,9.31E-11,,,
129.268,7.29E-11,,,
129.713,8.22E-11,,,
130.159,7.80E-11,,,
130.607,8.29E-11,,,
131.057,6.69E-11,,,
131.508,6.54E-11,,,
131.961,5.48E-11,,,
132.415,7.33E-11,,,
132.871,5.63E-11,,,
133.328,2.89E-11,,,
133.787,3.92E-11,,,
134.247,3.08E-11,,,
134.709,4.84E-11,,,
135.173,3.71E-11,,,
135.638,3.42E-11,,,
136.105,3.69E-11,,,
136.574,2.74E-11,,,
137.044,1.36E-11,,,
137.516,4.40E-11,,,
137.989,2.99E-11,,,
138.464,3.43E-11,,,
138.941,2.90E-11,,,
139.419,2.41E-11,,,
139.899,2.64E-11,,,
140.38,1.89E-11,,,
140.864,2.27E-11,,,
141.349,2.19E-11,,,
141.835,6.24E-12,,,
142.323,3.18E-11,,,
142.813,6.89E-12,,,
143.305,1.88E-11,,,
143.798,3.46E-12,,,
144.293,2.60E-11,,,
144.79,1.91E-11,,,
145.288,9.61E-12,,,
145.788,1.23E-11,,,
146.29,2.33E-11,,,
146.794,1.27E-11,,,
147.299,9.38E-12,,,
147.806,9.35E-12,,,
148.315,1.52E-11,,,
148.825,5.94E-12,,,
149.338,2.77E-11,,,
149.852,1.25E-11,,,
150.368,6.58E-12,,,
150.885,3.03E-11,,,
151.405,1.25E-11,,,
151.926,1.23E-11,,,
152.449,1.48E-11,,,
152.973,2.09E-11,,,
153.5,0,,,
154.028,8.59E-12,,,
154.559,8.91E-12,,,
155.091,3.21E-12,,,
155.624,0,,,
156.16,3.19E-12,,,
156.698,1.13E-11,,,
157.237,0,,,
157.778,3.12E-12,,,
158.321,8.73E-12,,,
158.866,1.68E-11,,,
159.413,8.76E-12,,,
159.962,0,,,
160.513,0,,,
161.065,1.16E-11,,,
161.62,0,,,
162.176,5.09E-12,,,
162.734,5.56E-12,,,
163.294,5.54E-12,,,
163.856,1.09E-11,,,
164.42,8.40E-12,,,
164.986,8.34E-12,,,
165.554,0,,,
166.124,0,,,
166.696,0,,,
167.27,0,,,
167.846,2.93E-12,,,
168.423,5.37E-12,,,
169.003,0,,,
169.585,4.87E-12,,,
170.169,1.64E-11,,,
170.754,5.29E-12,,,
171.342,0,,,
171.932,2.89E-12,,,
172.524,5.77E-12,,,
173.118,0,,,
173.714,0,,,
174.312,5.19E-12,,,
174.912,5.17E-12,,,
175.514,0,,,
176.118,0,,,
176.724,0,,,
177.332,5.10E-12,,,
177.943,5.08E-12,,,
178.555,5.06E-12,,,
179.17,0,,,
179.787,0,,,
180.406,2.76E-12,,,
181.027,0,,,
181.65,0,,,
182.275,4.96E-12,,,
182.902,0,,,
183.532,0,,,
184.164,0,,,
184.798,0,,,
185.434,0,,,
186.072,0,,,
186.713,0,,,
187.355,0,,,
188,0,,,
188.647,0,,,
189.297,0,,,
189.948,0,,,
190.602,0,,,
191.258,4.73E-12,,,
191.917,0,,,
192.577,0,,,
193.24,0,,,
193.905,0,,,
194.573,0,,,
195.243,0,,,
195.915,0,,,
196.589,0,,,
197.266,0,,,
197.945,0,,,
198.626,0,,,
199.31,0,,,
199.996,4.52E-12,,,
200.684,0,,,
201.375,0,,,
202.068,0,,,
202.764,0,,,
203.462,4.44E-12,,,
204.162,4.43E-12,,,
204.865,0,,,
205.57,0,,,
206.278,0,,,
206.988,0,,,
207.7,0,,,
208.415,4.34E-12,,,
209.133,0,,,
209.853,4.31E-12,,,
210.575,0,,,
211.3,4.28E-12,,,
212.027,0,,,
212.757,0,,,
213.489,0,,,
214.224,0,,,
214.962,0,,,
215.702,4.19E-12,,,
216.444,0,,,
217.189,0,,,
217.937,0,,,
218.687,0,,,
219.44,4.12E-12,,,
220.195,4.11E-12,,,
220.953,0,,,
221.714,0,,,
222.477,6.21E-12,,,
223.243,0,,,
224.011,0,,,
224.782,0,,,
225.556,4.01E-12,,,
226.332,3.99E-12,,,
227.111,0,,,
227.893,3.97E-12,,,
228.678,0,,,
229.465,0,,,
230.255,0,,,
231.047,0,,,
231.843,5.96E-12,,,
232.641,0,,,
233.441,0,,,
234.245,0,,,
235.051,0,,,
235.86,0,,,
236.672,0,,,
237.487,5.81E-12,,,
238.304,0,,,
239.125,0,,,
239.948,0,,,
240.774,0,,,
241.603,0,,,
242.434,0,,,
243.269,0,,,
244.106,0,,,
244.946,0,,,
245.79,0,,,
246.636,5.60E-12,,,
247.485,0,,,
248.337,0,,,
249.191,0,,,
250.049,0,,,
250.91,0,,,
251.774,0,,,
252.64,0,,,
253.51,0,,,
254.383,0,,,
255.258,0,,,
256.137,0,,,
257.019,0,,,
257.903,5.35E-12,,,
258.791,0,,,
259.682,0,,,
260.576,0,,,
261.473,0,,,
262.373,0,,,
263.276,0,,,
264.182,0,,,
265.092,0,,,
266.004,0,,,
266.92,0,,,
267.838,0,,,
268.76,0,,,
269.686,0,,,
270.614,0,,,
271.545,0,,,
272.48,0,,,
273.418,0,,,
274.359,0,,,
275.304,0,,,
276.251,0,,,
277.202,0,,,
278.156,0,,,
279.114,0,,,
280.075,0,,,
281.039,0,,,
282.006,0,,,
282.977,0,,,
283.951,0,,,
284.928,0,,,
285.909,0,,,
286.893,0,,,
287.881,0,,,
288.872,0,,,
289.866,0,,,
290.864,0,,,
291.865,0,,,
292.87,0,,,
293.878,0,,,
294.89,0,,,
295.905,0,,,
296.923,0,,,
297.945,0,,,
298.971,0,,,
300,,,,
