0.01,0.00460222,3.01,0.4644248,0.895267202
0.0100344,0.0122785,,0.9288495,0.749569391
0.010069,0.00857322,,1.393274,0.609157578
0.0101036,0.01447,,1.857699,0.451576861
0.0101384,0.0137415,,2.322124,0.292239106
0.0101733,0.0140126,,2.786549,0.187674129
0.0102083,0.0135052,,4.644248,0.039008136
0.0102435,0.0186468,,,
0.0102787,0.0137485,,,
0.0103141,0.0113057,,,
0.0103496,0.0285418,,,
0.0103852,0.0166832,,,
0.010421,0.0208057,,,
0.0104568,0.0272988,,,
0.0104928,0.0420285,,,
0.010529,0.0487216,,,
0.0105652,0.0450186,,,
0.0106016,0.0486836,,,
0.0106381,0.0447093,,,
0.0106747,0.0478233,,,
0.0107114,0.0536131,,,
0.0107483,0.051729,,,
0.0107853,0.0568897,,,
0.0108224,0.0521201,,,
0.0108597,0.0532699,,,
0.0108971,0.0547621,,,
0.0109346,0.0809519,,,
0.0109722,0.155329,,,
0.01101,0.166791,,,
0.0110479,0.183355,,,
0.0110859,0.675396,,,
0.0111241,0.930831,,,
0.0111624,0.976137,,,
0.0112008,0.948461,,,
0.0112393,0.892427,,,
0.011278,0.934236,,,
0.0113168,0.959309,,,
0.0113558,0.898212,,,
0.0113949,0.894615,,,
0.0114341,0.924379,,,
0.0114735,0.902996,,,
0.011513,0.850867,,,
0.0115526,0.901067,,,
0.0115924,0.906761,,,
0.0116323,0.837377,,,
0.0116723,0.852948,,,
0.0117125,0.881499,,,
0.0117528,0.864219,,,
0.0117933,0.875733,,,
0.0118339,0.806232,,,
0.0118746,0.837496,,,
0.0119155,0.86533,,,
0.0119565,0.798527,,,
0.0119976,0.792988,,,
0.0120389,0.791004,,,
0.0120804,0.801879,,,
0.012122,0.760005,,,
0.0121637,0.737866,,,
0.0122056,0.766897,,,
0.0122476,0.763279,,,
0.0122897,0.860142,,,
0.012332,0.763982,,,
0.0123745,0.72765,,,
0.0124171,0.746725,,,
0.0124598,0.763097,,,
0.0125027,0.718927,,,
0.0125458,0.712774,,,
0.0125889,0.745304,,,
0.0126323,0.722881,,,
0.0126758,0.707883,,,
0.0127194,0.699418,,,
0.0127632,0.687553,,,
0.0128071,0.692596,,,
0.0128512,0.683096,,,
0.0128954,0.667909,,,
0.0129398,0.639737,,,
0.0129844,0.636909,,,
0.0130291,0.65408,,,
0.0130739,0.610375,,,
0.0131189,0.584704,,,
0.0131641,0.656558,,,
0.0132094,0.646182,,,
0.0132548,0.63285,,,
0.0133005,0.621058,,,
0.0133463,0.554157,,,
0.0133922,0.566289,,,
0.0134383,0.588282,,,
0.0134846,0.580394,,,
0.013531,0.576488,,,
0.0135775,0.576942,,,
0.0136243,0.562175,,,
0.0136712,0.520972,,,
0.0137182,0.549736,,,
0.0137655,0.559654,,,
0.0138128,0.546966,,,
0.0138604,0.563308,,,
0.0139081,0.569978,,,
0.013956,0.533537,,,
0.014004,0.521909,,,
0.0140522,0.508282,,,
0.0141006,0.507432,,,
0.0141491,0.504449,,,
0.0141978,0.511815,,,
0.0142467,0.48378,,,
0.0142957,0.489338,,,
0.014345,0.489512,,,
0.0143943,0.477328,,,
0.0144439,0.485831,,,
0.0144936,0.484128,,,
0.0145435,0.460956,,,
0.0145936,0.44837,,,
0.0146438,0.478517,,,
0.0146942,0.44444,,,
0.0147448,0.452255,,,
0.0147955,0.458603,,,
0.0148465,0.483141,,,
0.0148976,0.426981,,,
0.0149488,0.591204,,,
0.0150003,0.448998,,,
0.0150519,0.440945,,,
0.0151038,0.438849,,,
0.0151557,0.431417,,,
0.0152079,0.42785,,,
0.0152603,0.415593,,,
0.0153128,0.420643,,,
0.0153655,0.390263,,,
0.0154184,0.407183,,,
0.0154715,0.396376,,,
0.0155247,0.393272,,,
0.0155782,0.408482,,,
0.0156318,0.371718,,,
0.0156856,0.394513,,,
0.0157396,0.402012,,,
0.0157938,0.416679,,,
0.0158481,0.415295,,,
0.0159027,0.396399,,,
0.0159574,0.370753,,,
0.0160124,0.397924,,,
0.0160675,0.368724,,,
0.0161228,0.374211,,,
0.0161783,1.65459,,,
0.016234,0.453435,,,
0.0162898,0.512577,,,
0.0163459,0.405835,,,
0.0164022,0.411044,,,
0.0164586,0.424175,,,
0.0165153,0.397973,,,
0.0165722,0.390449,,,
0.0166292,0.389153,,,
0.0166864,0.367583,,,
0.0167439,0.360318,,,
0.0168015,0.409239,,,
0.0168593,0.459658,,,
0.0169174,0.3644,,,
0.0169756,0.382058,,,
0.0170341,0.380002,,,
0.0170927,0.353178,,,
0.0171515,0.332556,,,
0.0172106,0.337739,,,
0.0172698,0.320576,,,
0.0173293,0.322355,,,
0.0173889,0.302631,,,
0.0174488,0.305111,,,
0.0175088,0.305062,,,
0.0175691,0.308637,,,
0.0176296,0.289637,,,
0.0176903,0.290892,,,
0.0177511,0.290418,,,
0.0178123,0.271119,,,
0.0178736,0.258679,,,
0.0179351,0.275099,,,
0.0179968,0.240948,,,
0.0180588,0.247985,,,
0.0181209,0.254632,,,
0.0181833,0.259887,,,
0.0182459,0.270557,,,
0.0183087,0.224525,,,
0.0183717,0.265247,,,
0.018435,0.235036,,,
0.0184984,0.244062,,,
0.0185621,0.253132,,,
0.018626,0.24315,,,
0.0186901,0.241637,,,
0.0187545,0.237921,,,
0.018819,0.243502,,,
0.0188838,0.258061,,,
0.0189488,0.228429,,,
0.019014,0.252942,,,
0.0190795,0.206694,,,
0.0191451,0.207904,,,
0.019211,0.211435,,,
0.0192772,0.209,,,
0.0193435,0.191755,,,
0.0194101,0.204776,,,
0.0194769,0.182814,,,
0.019544,0.187681,,,
0.0196112,0.179972,,,
0.0196788,0.195323,,,
0.0197465,0.199263,,,
0.0198145,0.1886,,,
0.0198827,0.188722,,,
0.0199511,0.168809,,,
0.0200198,0.95011,,,
0.0200887,0.213202,,,
0.0201579,0.265179,,,
0.0202272,0.205442,,,
0.0202969,0.217638,,,
0.0203667,0.210329,,,
0.0204368,0.191319,,,
0.0205072,0.203234,,,
0.0205778,0.158932,,,
0.0206486,0.241047,,,
0.0207197,0.179056,,,
0.020791,0.194163,,,
0.0208626,0.197289,,,
0.0209344,0.168084,,,
0.0210065,0.17297,,,
0.0210788,0.179619,,,
0.0211513,0.167209,,,
0.0212241,0.147292,,,
0.0212972,0.153037,,,
0.0213705,0.159221,,,
0.0214441,0.157034,,,
0.0215179,0.16441,,,
0.0215919,0.132641,,,
0.0216663,0.156092,,,
0.0217408,0.133812,,,
0.0218157,0.162008,,,
0.0218908,0.158398,,,
0.0219661,0.155053,,,
0.0220417,0.130998,,,
0.0221176,0.136212,,,
0.0221938,0.149649,,,
0.0222701,0.146445,,,
0.0223468,0.141105,,,
0.0224237,0.138406,,,
0.0225009,0.155352,,,
0.0225784,0.162513,,,
0.0226561,0.13877,,,
0.0227341,0.153957,,,
0.0228123,0.141141,,,
0.0228909,0.159663,,,
0.0229697,0.147048,,,
0.0230487,0.156423,,,
0.0231281,0.141232,,,
0.0232077,0.157504,,,
0.0232876,0.166991,,,
0.0233677,0.156853,,,
0.0234482,0.173984,,,
0.0235289,0.155573,,,
0.0236099,0.174545,,,
0.0236911,0.16931,,,
0.0237727,0.157707,,,
0.0238545,0.166132,,,
0.0239366,0.174894,,,
0.024019,0.533793,,,
0.0241017,0.208998,,,
0.0241847,0.218119,,,
0.0242679,0.18562,,,
0.0243514,0.171161,,,
0.0244353,0.187974,,,
0.0245194,0.173418,,,
0.0246038,0.169525,,,
0.0246885,0.18512,,,
0.0247735,0.19167,,,
0.0248587,0.175623,,,
0.0249443,0.173896,,,
0.0250302,0.172209,,,
0.0251163,0.169037,,,
0.0252028,0.170859,,,
0.0252895,0.167459,,,
0.0253766,0.168766,,,
0.0254639,0.176161,,,
0.0255516,0.174557,,,
0.0256396,0.172418,,,
0.0257278,0.1659,,,
0.0258164,0.172268,,,
0.0259052,0.188186,,,
0.0259944,0.169411,,,
0.0260839,0.154767,,,
0.0261737,0.172427,,,
0.0262638,0.163187,,,
0.0263542,0.170351,,,
0.0264449,0.160763,,,
0.0265359,0.157504,,,
0.0266273,0.159709,,,
0.0267189,0.172738,,,
0.0268109,0.171733,,,
0.0269032,0.152654,,,
0.0269958,0.152249,,,
0.0270887,0.161728,,,
0.027182,0.16274,,,
0.0272755,0.172494,,,
0.0273694,0.170116,,,
0.0274636,0.166257,,,
0.0275582,0.180696,,,
0.027653,0.169624,,,
0.0277482,0.174317,,,
0.0278437,0.168954,,,
0.0279396,0.175835,,,
0.0280357,0.167227,,,
0.0281323,0.174121,,,
0.0282291,0.168815,,,
0.0283263,0.163478,,,
0.0284238,0.164677,,,
0.0285216,0.154845,,,
0.0286198,0.172956,,,
0.0287183,0.159305,,,
0.0288172,0.157231,,,
0.0289164,0.156666,,,
0.0290159,0.167435,,,
0.0291158,0.164749,,,
0.029216,0.157143,,,
0.0293166,0.163921,,,
0.0294175,0.171858,,,
0.0295187,0.160062,,,
0.0296203,0.148553,,,
0.0297223,0.155592,,,
0.0298246,0.149129,,,
0.0299273,0.161343,,,
0.0300303,0.140584,,,
0.0301337,0.14217,,,
0.0302374,0.161325,,,
0.0303415,0.164975,,,
0.0304459,0.149652,,,
0.0305507,0.139686,,,
0.0306559,0.149305,,,
0.0307614,0.153248,,,
0.0308673,0.153703,,,
0.0309735,0.144712,,,
0.0310802,0.145965,,,
0.0311872,0.148246,,,
0.0312945,0.139129,,,
0.0314022,0.157256,,,
0.0315103,0.147087,,,
0.0316188,0.133502,,,
0.0317276,0.143728,,,
0.0318368,0.134278,,,
0.0319464,0.150197,,,
0.0320564,0.135434,,,
0.0321667,0.135506,,,
0.0322775,0.153701,,,
0.0323886,0.139355,,,
0.0325001,0.134971,,,
0.0326119,0.130184,,,
0.0327242,0.12669,,,
0.0328368,0.141638,,,
0.0329499,0.135229,,,
0.0330633,0.138325,,,
0.0331771,0.140203,,,
0.0332913,0.138966,,,
0.0334059,0.129088,,,
0.0335209,0.138939,,,
0.0336363,0.127088,,,
0.0337521,0.111556,,,
0.0338682,0.127468,,,
0.0339848,0.127448,,,
0.0341018,0.117375,,,
0.0342192,0.134654,,,
0.034337,0.113794,,,
0.0344552,0.124171,,,
0.0345738,0.121753,,,
0.0346928,0.109449,,,
0.0348122,0.114332,,,
0.034932,0.120999,,,
0.0350523,0.13343,,,
0.035173,0.113603,,,
0.035294,0.122837,,,
0.0354155,0.118835,,,
0.0355374,0.128151,,,
0.0356597,0.113991,,,
0.0357825,0.12239,,,
0.0359057,0.122875,,,
0.0360293,0.117665,,,
0.0361533,0.136712,,,
0.0362777,0.129478,,,
0.0364026,0.132569,,,
0.0365279,0.116984,,,
0.0366537,0.114828,,,
0.0367798,0.12549,,,
0.0369064,0.119355,,,
0.0370335,0.121415,,,
0.0371609,0.117802,,,
0.0372889,0.110312,,,
0.0374172,0.114253,,,
0.037546,0.113615,,,
0.0376753,0.115634,,,
0.0378049,0.111488,,,
0.0379351,0.113952,,,
0.0380657,0.112042,,,
0.0381967,0.104263,,,
0.0383282,0.114549,,,
0.0384601,0.120642,,,
0.0385925,0.109085,,,
0.0387253,0.105544,,,
0.0388586,0.103425,,,
0.0389924,0.121571,,,
0.0391266,0.116033,,,
0.0392613,0.112711,,,
0.0393965,0.104598,,,
0.0395321,0.111223,,,
0.0396681,0.103458,,,
0.0398047,0.105705,,,
0.0399417,0.11797,,,
0.0400792,0.118355,,,
0.0402172,0.12945,,,
0.0403556,0.117127,,,
0.0404945,0.104301,,,
0.0406339,0.121358,,,
0.0407738,0.115319,,,
0.0409141,0.116644,,,
0.041055,0.109405,,,
0.0411963,0.104684,,,
0.0413381,0.11464,,,
0.0414804,0.105293,,,
0.0416232,0.10524,,,
0.0417664,0.113702,,,
0.0419102,0.109976,,,
0.0420545,0.105499,,,
0.0421992,0.111539,,,
0.0423445,0.103886,,,
0.0424903,0.110081,,,
0.0426365,0.0919192,,,
0.0427833,0.103653,,,
0.0429306,0.104578,,,
0.0430783,0.106463,,,
0.0432266,0.100054,,,
0.0433754,0.103621,,,
0.0435247,0.100423,,,
0.0436745,0.0957956,,,
0.0438249,0.104454,,,
0.0439757,0.107681,,,
0.0441271,0.111548,,,
0.044279,0.101038,,,
0.0444314,0.108183,,,
0.0445844,0.105385,,,
0.0447378,0.10284,,,
0.0448918,0.108447,,,
0.0450464,0.103327,,,
0.0452014,0.102859,,,
0.045357,0.112654,,,
0.0455131,0.0916854,,,
0.0456698,0.0940063,,,
0.045827,0.0917901,,,
0.0459848,0.0964964,,,
0.0461431,0.0948972,,,
0.0463019,0.099043,,,
0.0464613,0.0975883,,,
0.0466212,0.101168,,,
0.0467817,0.101613,,,
0.0469427,0.103703,,,
0.0471043,0.104489,,,
0.0472664,0.0957859,,,
0.0474291,0.0947356,,,
0.0475924,0.105828,,,
0.0477562,0.0928755,,,
0.0479206,0.0933858,,,
0.0480856,0.100993,,,
0.0482511,0.108676,,,
0.0484172,0.170465,,,
0.0485839,0.104172,,,
0.0487511,0.0936431,,,
0.0489189,0.0965775,,,
0.0490873,0.093488,,,
0.0492563,0.0881259,,,
0.0494258,0.0995842,,,
0.0495959,0.0949279,,,
0.0497667,0.0886239,,,
0.049938,0.0918682,,,
0.0501099,0.0874129,,,
0.0502824,0.0885504,,,
0.0504554,0.10073,,,
0.0506291,0.0912454,,,
0.0508034,0.0942792,,,
0.0509783,0.0911512,,,
0.0511538,0.0933633,,,
0.0513298,0.0940465,,,
0.0515065,0.0980869,,,
0.0516838,0.0876018,,,
0.0518617,0.0999803,,,
0.0520403,0.0965618,,,
0.0522194,0.0859722,,,
0.0523991,0.0918617,,,
0.0525795,0.0871737,,,
0.0527605,0.0857205,,,
0.0529421,0.0881022,,,
0.0531244,0.0943864,,,
0.0533072,0.0798168,,,
0.0534907,0.0910784,,,
0.0536748,0.0947623,,,
0.0538596,0.0883095,,,
0.054045,0.0866182,,,
0.054231,0.0835492,,,
0.0544177,0.0943059,,,
0.054605,0.0939797,,,
0.054793,0.0911252,,,
0.0549816,0.0940301,,,
0.0551709,0.0891336,,,
0.0553608,0.0869334,,,
0.0555513,0.0880433,,,
0.0557426,0.0774421,,,
0.0559344,0.0926016,,,
0.056127,0.0875298,,,
0.0563202,0.0910263,,,
0.056514,0.0922051,,,
0.0567086,0.0912756,,,
0.0569038,0.0862082,,,
0.0570997,0.0904154,,,
0.0572962,0.0919819,,,
0.0574934,0.0854114,,,
0.0576913,0.0869724,,,
0.0578899,0.0831472,,,
0.0580892,0.0957791,,,
0.0582892,0.0805017,,,
0.0584898,0.0880047,,,
0.0586911,0.0835731,,,
0.0588932,0.0859993,,,
0.0590959,0.0825154,,,
0.0592993,0.0885178,,,
0.0595034,0.092747,,,
0.0597083,0.0888544,,,
0.0599138,0.090711,,,
0.06012,0.0842396,,,
0.060327,0.0860587,,,
0.0605346,0.095247,,,
0.060743,0.0922437,,,
0.0609521,0.0898972,,,
0.0611619,0.0906401,,,
0.0613724,0.0922615,,,
0.0615837,0.0901438,,,
0.0617957,0.0871511,,,
0.0620084,0.0830248,,,
0.0622218,0.0843176,,,
0.062436,0.0898968,,,
0.0626509,0.0804191,,,
0.0628666,0.0808163,,,
0.063083,0.0827817,,,
0.0633001,0.0826463,,,
0.063518,0.0880937,,,
0.0637367,0.0906745,,,
0.0639561,0.082062,,,
0.0641762,0.0935792,,,
0.0643971,0.0898222,,,
0.0646188,0.0823672,,,
0.0648412,0.0856737,,,
0.0650644,0.0907341,,,
0.0652884,0.0867697,,,
0.0655131,0.0858827,,,
0.0657387,0.0906182,,,
0.0659649,0.077919,,,
0.066192,0.0785779,,,
0.0664199,0.0852415,,,
0.0666485,0.0888069,,,
0.0668779,0.0822324,,,
0.0671081,0.0846712,,,
0.0673391,0.0909129,,,
0.0675709,0.0856368,,,
0.0678035,0.0866749,,,
0.0680369,0.080285,,,
0.0682711,0.0833749,,,
0.0685061,0.0868079,,,
0.0687419,0.0844347,,,
0.0689785,0.0851318,,,
0.069216,0.0833539,,,
0.0694542,0.0829228,,,
0.0696933,0.080812,,,
0.0699332,0.0802696,,,
0.0701739,0.0851606,,,
0.0704155,0.087741,,,
0.0706579,0.0811398,,,
0.0709011,0.0780973,,,
0.0711452,0.08841,,,
0.0713901,0.0802388,,,
0.0716358,0.0857059,,,
0.0718824,0.0876977,,,
0.0721298,0.0837934,,,
0.0723781,0.0831418,,,
0.0726273,0.0832331,,,
0.0728773,0.0855106,,,
0.0731281,0.0861216,,,
0.0733798,0.0797,,,
0.0736324,0.0852893,,,
0.0738859,0.0775211,,,
0.0741402,0.0804183,,,
0.0743954,0.0801579,,,
0.0746515,0.0856921,,,
0.0749085,0.0740191,,,
0.0751663,0.0816498,,,
0.0754251,0.0838871,,,
0.0756847,0.0858596,,,
0.0759452,0.0844928,,,
0.0762067,0.0811035,,,
0.076469,0.0776459,,,
0.0767322,0.0875978,,,
0.0769963,0.0828461,,,
0.0772614,0.0840791,,,
0.0775273,0.0884548,,,
0.0777942,0.0837375,,,
0.078062,0.081979,,,
0.0783307,0.0836146,,,
0.0786003,0.0846868,,,
0.0788709,0.0745944,,,
0.0791424,0.082178,,,
0.0794148,0.0852474,,,
0.0796882,0.0810973,,,
0.0799625,0.0844765,,,
0.0802377,0.0801123,,,
0.0805139,0.0808688,,,
0.080791,0.0829535,,,
0.0810692,0.0807586,,,
0.0813482,0.0832866,,,
0.0816282,0.0814555,,,
0.0819092,0.0801062,,,
0.0821912,0.0919609,,,
0.0824741,0.078562,,,
0.082758,0.0798986,,,
0.0830428,0.0791581,,,
0.0833287,0.0803153,,,
0.0836155,0.0821434,,,
0.0839034,0.0842039,,,
0.0841922,0.0792991,,,
0.084482,0.0837301,,,
0.0847728,0.08335,,,
0.0850646,0.0859103,,,
0.0853574,0.0776679,,,
0.0856512,0.084262,,,
0.0859461,0.0835475,,,
0.0862419,0.0876137,,,
0.0865388,0.0815325,,,
0.0868367,0.0834245,,,
0.0871356,0.0836156,,,
0.0874355,0.0858503,,,
0.0877365,0.0811491,,,
0.0880385,0.0849463,,,
0.0883415,0.0804694,,,
0.0886456,0.0798577,,,
0.0889508,0.0808561,,,
0.089257,0.0820421,,,
0.0895642,0.0811041,,,
0.0898725,0.0820895,,,
0.0901819,0.0759406,,,
0.0904923,0.0785813,,,
0.0908038,0.0798816,,,
0.0911164,0.0805211,,,
0.09143,0.0812456,,,
0.0917447,0.0803733,,,
0.0920605,0.0784981,,,
0.0923774,0.0857155,,,
0.0926954,0.0803841,,,
0.0930145,0.0754006,,,
0.0933347,0.0853772,,,
0.0936559,0.0817798,,,
0.0939783,0.0871171,,,
0.0943018,0.0842315,,,
0.0946264,0.0804632,,,
0.0949522,0.0828519,,,
0.095279,0.0814065,,,
0.095607,0.0807252,,,
0.0959361,0.0788985,,,
0.0962663,0.0827339,,,
0.0965977,0.0818021,,,
0.0969302,0.0790415,,,
0.0972638,0.0854239,,,
0.0975986,0.082473,,,
0.0979346,0.0790734,,,
0.0982717,0.0815345,,,
0.09861,0.0840013,,,
0.0989494,0.0818459,,,
0.09929,0.0859386,,,
0.0996318,0.0824254,,,
0.0999748,0.0840966,,,
0.100319,0.0772726,,,
0.100664,0.0795491,,,
0.101011,0.0840486,,,
0.101358,0.0874984,,,
0.101707,0.0875972,,,
0.102057,0.0791983,,,
0.102409,0.0848998,,,
0.102761,0.0814539,,,
0.103115,0.0869373,,,
0.10347,0.0873286,,,
0.103826,0.0840654,,,
0.104183,0.0804834,,,
0.104542,0.0773696,,,
0.104902,0.08222,,,
0.105263,0.0879251,,,
0.105625,0.0805163,,,
0.105989,0.0835708,,,
0.106354,0.0826533,,,
0.10672,0.0840181,,,
0.107087,0.0855523,,,
0.107456,0.0833902,,,
0.107826,0.0873647,,,
0.108197,0.0837642,,,
0.108569,0.0825679,,,
0.108943,0.0806467,,,
0.109318,0.0818885,,,
0.109694,0.0855578,,,
0.110072,0.0839101,,,
0.110451,0.0866847,,,
0.110831,0.0845391,,,
0.111213,0.0813263,,,
0.111595,0.0858419,,,
0.11198,0.0814222,,,
0.112365,0.0836086,,,
0.112752,0.0841909,,,
0.11314,0.0859524,,,
0.113529,0.087905,,,
0.11392,0.0863133,,,
0.114312,0.0800333,,,
0.114706,0.0864164,,,
0.115101,0.0865971,,,
0.115497,0.0868198,,,
0.115894,0.0894234,,,
0.116293,0.0812891,,,
0.116694,0.0827593,,,
0.117095,0.0831278,,,
0.117498,0.0844029,,,
0.117903,0.0844893,,,
0.118309,0.0823474,,,
0.118716,0.0905598,,,
0.119125,0.086531,,,
0.119535,0.0842384,,,
0.119946,0.0861818,,,
0.120359,0.0821479,,,
0.120773,0.0847457,,,
0.121189,0.0883442,,,
0.121606,0.0878686,,,
0.122025,0.0837619,,,
0.122445,0.0825989,,,
0.122866,0.088306,,,
0.123289,0.0874965,,,
0.123714,0.086874,,,
0.124139,0.088031,,,
0.124567,0.0890729,,,
0.124996,0.0913892,,,
0.125426,0.0900904,,,
0.125858,0.0847356,,,
0.126291,0.0797932,,,
0.126726,0.0896388,,,
0.127162,0.0943685,,,
0.127599,0.0894341,,,
0.128039,0.0936158,,,
0.128479,0.0914078,,,
0.128922,0.0869233,,,
0.129365,0.090248,,,
0.129811,0.082372,,,
0.130258,0.0864995,,,
0.130706,0.0951968,,,
0.131156,0.092317,,,
0.131607,0.0860244,,,
0.13206,0.0888699,,,
0.132515,0.0889246,,,
0.132971,0.0882012,,,
0.133429,0.0923576,,,
0.133888,0.0865559,,,
0.134349,0.0913371,,,
0.134811,0.0877675,,,
0.135276,0.0898491,,,
0.135741,0.091847,,,
0.136208,0.0908988,,,
0.136677,0.0889634,,,
0.137148,0.0916979,,,
0.13762,0.0921765,,,
0.138094,0.085769,,,
0.138569,0.0895009,,,
0.139046,0.090641,,,
0.139525,0.0877662,,,
0.140005,0.086553,,,
0.140487,0.0868645,,,
0.14097,0.0944339,,,
0.141456,0.0912958,,,
0.141943,0.0906576,,,
0.142431,0.0962036,,,
0.142921,0.0890431,,,
0.143413,0.0880026,,,
0.143907,0.0907935,,,
0.144402,0.09271,,,
0.144899,0.0966068,,,
0.145398,0.0882183,,,
0.145899,0.0892536,,,
0.146401,0.0941115,,,
0.146905,0.093422,,,
0.147411,0.0979308,,,
0.147918,0.0929808,,,
0.148427,0.0954225,,,
0.148938,0.085621,,,
0.149451,0.0917355,,,
0.149965,0.0902086,,,
0.150481,0.0915036,,,
0.150999,0.0924083,,,
0.151519,0.0907654,,,
0.152041,0.0936237,,,
0.152564,0.0956964,,,
0.153089,0.0875667,,,
0.153616,0.0959928,,,
0.154145,0.0874167,,,
0.154676,0.091251,,,
0.155208,0.0953293,,,
0.155742,0.0943688,,,
0.156278,0.0946682,,,
0.156816,0.097513,,,
0.157356,0.0894819,,,
0.157898,0.0918969,,,
0.158441,0.0927813,,,
0.158987,0.0983456,,,
0.159534,0.0957928,,,
0.160083,0.0955466,,,
0.160634,0.0984828,,,
0.161187,0.0963705,,,
0.161742,0.0954024,,,
0.162299,0.0940806,,,
0.162857,0.0959797,,,
0.163418,0.0937518,,,
0.163981,0.0921444,,,
0.164545,0.0958912,,,
0.165111,0.0930926,,,
0.16568,0.0948462,,,
0.16625,0.102365,,,
0.166822,0.0988596,,,
0.167397,0.0972967,,,
0.167973,0.0969137,,,
0.168551,0.0953579,,,
0.169131,0.0958011,,,
0.169713,0.0979194,,,
0.170298,0.0959923,,,
0.170884,0.0970592,,,
0.171472,0.0981535,,,
0.172062,0.0985469,,,
0.172654,0.095887,,,
0.173249,0.0979179,,,
0.173845,0.0937343,,,
0.174444,0.101312,,,
0.175044,0.0974778,,,
0.175647,0.0965499,,,
0.176251,0.100833,,,
0.176858,0.0974519,,,
0.177467,0.100331,,,
0.178078,0.0934211,,,
0.178691,0.0944291,,,
0.179306,0.0986189,,,
0.179923,0.0991605,,,
0.180542,0.0974447,,,
0.181164,0.10417,,,
0.181787,0.101725,,,
0.182413,0.101142,,,
0.183041,0.0985184,,,
0.183671,0.0971934,,,
0.184303,0.101171,,,
0.184938,0.0981122,,,
0.185574,0.105018,,,
0.186213,0.104573,,,
0.186854,0.100943,,,
0.187497,0.101012,,,
0.188143,0.098873,,,
0.18879,0.101355,,,
0.18944,0.0996393,,,
0.190092,0.0997006,,,
0.190747,0.104818,,,
0.191403,0.104967,,,
0.192062,0.105381,,,
0.192723,0.105553,,,
0.193387,0.100638,,,
0.194052,0.104093,,,
0.19472,0.0992335,,,
0.19539,0.101567,,,
0.196063,0.106111,,,
0.196738,0.105279,,,
0.197415,0.100436,,,
0.198095,0.0994376,,,
0.198777,0.104265,,,
0.199461,0.100903,,,
0.200147,0.106214,,,
0.200836,0.103315,,,
0.201528,0.0998438,,,
0.202221,0.110152,,,
0.202917,0.104944,,,
0.203616,0.1058,,,
0.204317,0.104515,,,
0.20502,0.10612,,,
0.205726,0.108514,,,
0.206434,0.104078,,,
0.207145,0.110957,,,
0.207858,0.105081,,,
0.208573,0.103052,,,
0.209291,0.106926,,,
0.210012,0.10522,,,
0.210734,0.105091,,,
0.21146,0.107579,,,
0.212188,0.107287,,,
0.212918,0.10423,,,
0.213651,0.10815,,,
0.214386,0.107088,,,
0.215124,0.104093,,,
0.215865,0.105569,,,
0.216608,0.110057,,,
0.217354,0.107257,,,
0.218102,0.104476,,,
0.218853,0.111696,,,
0.219606,0.108451,,,
0.220362,0.107239,,,
0.22112,0.104527,,,
0.221882,0.108075,,,
0.222645,0.112391,,,
0.223412,0.108865,,,
0.224181,0.10728,,,
0.224952,0.11274,,,
0.225727,0.111128,,,
0.226504,0.108884,,,
0.227283,0.109117,,,
0.228066,0.106566,,,
0.228851,0.113493,,,
0.229639,0.111647,,,
0.230429,0.114047,,,
0.231222,0.111809,,,
0.232018,0.111896,,,
0.232817,0.112148,,,
0.233618,0.115287,,,
0.234422,0.112192,,,
0.235229,0.111376,,,
0.236039,0.109172,,,
0.236852,0.110681,,,
0.237667,0.111299,,,
0.238485,0.114202,,,
0.239306,0.107218,,,
0.24013,0.114331,,,
0.240956,0.115126,,,
0.241786,0.114923,,,
0.242618,0.117802,,,
0.243453,0.111174,,,
0.244291,0.115385,,,
0.245132,0.113424,,,
0.245976,0.111353,,,
0.246822,0.111015,,,
0.247672,0.116527,,,
0.248525,0.112371,,,
0.24938,0.113683,,,
0.250239,0.119512,,,
0.2511,0.115953,,,
0.251964,0.113853,,,
0.252832,0.116075,,,
0.253702,0.116379,,,
0.254575,0.116591,,,
0.255452,0.117156,,,
0.256331,0.119073,,,
0.257213,0.117034,,,
0.258099,0.11921,,,
0.258987,0.113629,,,
0.259878,0.114569,,,
0.260773,0.116994,,,
0.261671,0.116398,,,
0.262571,0.115313,,,
0.263475,0.117417,,,
0.264382,0.119651,,,
0.265292,0.117078,,,
0.266205,0.114711,,,
0.267122,0.121004,,,
0.268041,0.119396,,,
0.268964,0.118999,,,
0.26989,0.120308,,,
0.270819,0.120473,,,
0.271751,0.119111,,,
0.272686,0.1176,,,
0.273625,0.119824,,,
0.274567,0.117378,,,
0.275512,0.125862,,,
0.27646,0.119597,,,
0.277412,0.119072,,,
0.278367,0.120236,,,
0.279325,0.120911,,,
0.280287,0.126544,,,
0.281252,0.119887,,,
0.28222,0.120514,,,
0.283191,0.121478,,,
0.284166,0.118424,,,
0.285144,0.122126,,,
0.286126,0.12123,,,
0.287111,0.12534,,,
0.288099,0.124085,,,
0.289091,0.126197,,,
0.290086,0.121094,,,
0.291084,0.126083,,,
0.292086,0.124967,,,
0.293092,0.123847,,,
0.294101,0.124547,,,
0.295113,0.124842,,,
0.296129,0.127973,,,
0.297148,0.124055,,,
0.298171,0.12528,,,
0.299197,0.126607,,,
0.300227,0.126844,,,
0.301261,0.124914,,,
0.302298,0.128669,,,
0.303338,0.125032,,,
0.304382,0.128668,,,
0.30543,0.127245,,,
0.306482,0.125972,,,
0.307536,0.127633,,,
0.308595,0.124311,,,
0.309657,0.125553,,,
0.310723,0.126085,,,
0.311793,0.131818,,,
0.312866,0.128,,,
0.313943,0.129775,,,
0.315024,0.129934,,,
0.316108,0.128647,,,
0.317196,0.126607,,,
0.318288,0.130267,,,
0.319384,0.126308,,,
0.320483,0.131806,,,
0.321586,0.13076,,,
0.322693,0.132469,,,
0.323804,0.132685,,,
0.324919,0.133455,,,
0.326037,0.13061,,,
0.327159,0.133339,,,
0.328286,0.136428,,,
0.329416,0.133092,,,
0.330549,0.13205,,,
0.331687,0.133549,,,
0.332829,0.134753,,,
0.333975,0.133869,,,
0.335124,0.133608,,,
0.336278,0.134194,,,
0.337435,0.136647,,,
0.338597,0.136904,,,
0.339763,0.136868,,,
0.340932,0.136665,,,
0.342106,0.13744,,,
0.343283,0.135212,,,
0.344465,0.138906,,,
0.345651,0.135924,,,
0.34684,0.139018,,,
0.348034,0.138629,,,
0.349232,0.136561,,,
0.350434,0.138369,,,
0.351641,0.13322,,,
0.352851,0.138145,,,
0.354066,0.136175,,,
0.355285,0.138414,,,
0.356508,0.137143,,,
0.357735,0.140635,,,
0.358966,0.13965,,,
0.360202,0.138362,,,
0.361442,0.139198,,,
0.362686,0.141118,,,
0.363934,0.146891,,,
0.365187,0.142699,,,
0.366444,0.139572,,,
0.367705,0.141057,,,
0.368971,0.140691,,,
0.370241,0.142107,,,
0.371516,0.142133,,,
0.372795,0.144387,,,
0.374078,0.142403,,,
0.375365,0.143986,,,
0.376658,0.143959,,,
0.377954,0.148342,,,
0.379255,0.144242,,,
0.380561,0.144416,,,
0.381871,0.143078,,,
0.383185,0.148183,,,
0.384504,0.14472,,,
0.385828,0.145894,,,
0.387156,0.141891,,,
0.388488,0.147851,,,
0.389826,0.148734,,,
0.391168,0.145818,,,
0.392514,0.14463,,,
0.393865,0.148482,,,
0.395221,0.142123,,,
0.396581,0.14925,,,
0.397946,0.145578,,,
0.399316,0.148263,,,
0.400691,0.149926,,,
0.40207,0.149936,,,
0.403454,0.151099,,,
0.404843,0.148177,,,
0.406236,0.148841,,,
0.407635,0.146324,,,
0.409038,0.149811,,,
0.410446,0.149293,,,
0.411859,0.150349,,,
0.413277,0.152426,,,
0.414699,0.150996,,,
0.416127,0.152368,,,
0.417559,0.150297,,,
0.418996,0.148121,,,
0.420439,0.152055,,,
0.421886,0.149885,,,
0.423338,0.151675,,,
0.424795,0.152524,,,
0.426258,0.151459,,,
0.427725,0.152279,,,
0.429197,0.152889,,,
0.430675,0.154109,,,
0.432157,0.154167,,,
0.433645,0.153944,,,
0.435137,0.155995,,,
0.436635,0.157438,,,
0.438138,0.155027,,,
0.439646,0.156619,,,
0.44116,0.157945,,,
0.442678,0.15981,,,
0.444202,0.156595,,,
0.445731,0.154794,,,
0.447265,0.156549,,,
0.448805,0.1586,,,
0.45035,0.159736,,,
0.4519,0.159111,,,
0.453456,0.163057,,,
0.455017,0.158483,,,
0.456583,0.160465,,,
0.458155,0.159908,,,
0.459732,0.160833,,,
0.461314,0.161232,,,
0.462902,0.161901,,,
0.464495,0.158551,,,
0.466094,0.162479,,,
0.467699,0.163714,,,
0.469309,0.163526,,,
0.470924,0.160969,,,
0.472545,0.162108,,,
0.474172,0.162294,,,
0.475804,0.166098,,,
0.477442,0.16414,,,
0.479085,0.164058,,,
0.480734,0.163792,,,
0.482389,0.167147,,,
0.48405,0.164237,,,
0.485716,0.164276,,,
0.487388,0.166569,,,
0.489066,0.167447,,,
0.490749,0.166973,,,
0.492438,0.166139,,,
0.494133,0.168738,,,
0.495834,0.168321,,,
0.497541,0.169142,,,
0.499254,0.167904,,,
0.500972,0.170468,,,
0.502697,0.169484,,,
0.504427,0.168682,,,
0.506164,0.170172,,,
0.507906,0.171654,,,
0.509654,0.168741,,,
0.511409,0.17395,,,
0.513169,0.172637,,,
0.514935,0.171248,,,
0.516708,0.176962,,,
0.518486,0.172777,,,
0.520271,0.175276,,,
0.522062,0.171485,,,
0.523859,0.174679,,,
0.525662,0.174343,,,
0.527472,0.171811,,,
0.529288,0.175593,,,
0.531109,0.175079,,,
0.532938,0.176248,,,
0.534772,0.173097,,,
0.536613,0.173543,,,
0.53846,0.178484,,,
0.540314,0.177414,,,
0.542174,0.174032,,,
0.54404,0.176931,,,
0.545913,0.178125,,,
0.547792,0.178838,,,
0.549677,0.17524,,,
0.551569,0.179936,,,
0.553468,0.17645,,,
0.555373,0.174789,,,
0.557285,0.179618,,,
0.559203,0.180857,,,
0.561128,0.181751,,,
0.56306,0.177492,,,
0.564998,0.181188,,,
0.566943,0.181712,,,
0.568894,0.183388,,,
0.570853,0.181652,,,
0.572818,0.187196,,,
0.574789,0.182616,,,
0.576768,0.18313,,,
0.578753,0.181177,,,
0.580745,0.184379,,,
0.582744,0.186356,,,
0.58475,0.184721,,,
0.586763,0.184483,,,
0.588783,0.184457,,,
0.59081,0.188075,,,
0.592843,0.184951,,,
0.594884,0.186933,,,
0.596932,0.191093,,,
0.598987,0.188811,,,
0.601049,0.190359,,,
0.603117,0.190873,,,
0.605194,0.187961,,,
0.607277,0.190849,,,
0.609367,0.190589,,,
0.611465,0.186764,,,
0.61357,0.188833,,,
0.615682,0.189551,,,
0.617801,0.192042,,,
0.619927,0.188994,,,
0.622061,0.193169,,,
0.624203,0.193354,,,
0.626351,0.195083,,,
0.628507,0.192637,,,
0.630671,0.188324,,,
0.632842,0.189545,,,
0.63502,0.191753,,,
0.637206,0.192335,,,
0.639399,0.195955,,,
0.6416,0.194173,,,
0.643809,0.195212,,,
0.646025,0.195756,,,
0.648249,0.196128,,,
0.65048,0.195868,,,
0.652719,0.197281,,,
0.654966,0.199939,,,
0.657221,0.197266,,,
0.659483,0.199904,,,
0.661753,0.198069,,,
0.664031,0.200497,,,
0.666317,0.199646,,,
0.66861,0.201008,,,
0.670912,0.198655,,,
0.673221,0.200523,,,
0.675539,0.203848,,,
0.677864,0.203798,,,
0.680197,0.202384,,,
0.682539,0.201843,,,
0.684888,0.204472,,,
0.687246,0.203027,,,
0.689611,0.203214,,,
0.691985,0.20505,,,
0.694367,0.204857,,,
0.696757,0.205415,,,
0.699156,0.204954,,,
0.701562,0.208332,,,
0.703977,0.205864,,,
0.706401,0.206774,,,
0.708832,0.207784,,,
0.711272,0.208757,,,
0.713721,0.208851,,,
0.716177,0.208411,,,
0.718643,0.207687,,,
0.721116,0.209885,,,
0.723599,0.208015,,,
0.726089,0.211656,,,
0.728589,0.208773,,,
0.731097,0.211266,,,
0.733613,0.208338,,,
0.736139,0.212058,,,
0.738673,0.214105,,,
0.741215,0.24127,,,
0.743767,0.214438,,,
0.746327,0.215026,,,
0.748896,0.211513,,,
0.751474,0.2147,,,
0.754061,0.214925,,,
0.756656,0.213174,,,
0.759261,0.212907,,,
0.761874,0.224325,,,
0.764497,0.214373,,,
0.767128,0.218569,,,
0.769769,0.218181,,,
0.772419,0.221965,,,
0.775078,0.21763,,,
0.777746,0.218644,,,
0.780423,0.216797,,,
0.783109,0.222688,,,
0.785805,0.219472,,,
0.78851,0.222808,,,
0.791224,0.220902,,,
0.793948,0.225198,,,
0.79668,0.223482,,,
0.799423,0.225682,,,
0.802175,0.223941,,,
0.804936,0.226841,,,
0.807707,0.223854,,,
0.810487,0.225716,,,
0.813277,0.223874,,,
0.816076,0.22178,,,
0.818885,0.223533,,,
0.821704,0.227237,,,
0.824533,0.225505,,,
0.827371,0.229261,,,
0.830219,0.226818,,,
0.833077,0.228158,,,
0.835944,0.227674,,,
0.838822,0.230183,,,
0.841709,0.228228,,,
0.844607,0.234204,,,
0.847514,0.229435,,,
0.850431,0.233846,,,
0.853359,0.229084,,,
0.856296,0.231054,,,
0.859244,0.231212,,,
0.862201,0.23054,,,
0.865169,0.233271,,,
0.868147,0.234663,,,
0.871136,0.237184,,,
0.874135,0.234999,,,
0.877143,0.235598,,,
0.880163,0.233821,,,
0.883193,0.238547,,,
0.886233,0.236052,,,
0.889283,0.23736,,,
0.892344,0.238054,,,
0.895416,0.240649,,,
0.898498,0.234311,,,
0.901591,0.237936,,,
0.904695,0.239265,,,
0.907809,0.24061,,,
0.910934,0.23799,,,
0.914069,0.243736,,,
0.917216,0.240264,,,
0.920373,0.242971,,,
0.923541,0.243442,,,
0.92672,0.24455,,,
0.92991,0.247234,,,
0.933111,0.243935,,,
0.936323,0.247787,,,
0.939546,0.246019,,,
0.94278,0.246063,,,
0.946026,0.246509,,,
0.949282,0.245811,,,
0.95255,0.245944,,,
0.955829,0.246996,,,
0.959119,0.249861,,,
0.96242,0.249114,,,
0.965733,0.251705,,,
0.969057,0.249141,,,
0.972393,0.248222,,,
0.97574,0.250614,,,
0.979099,0.251923,,,
0.982469,0.252632,,,
0.985851,0.249211,,,
0.989245,0.252089,,,
0.99265,0.252002,,,
0.996067,0.254187,,,
0.999495,0.255268,,,
1.00294,0.253881,,,
1.00639,0.256346,,,
1.00985,0.256576,,,
1.01333,0.257107,,,
1.01682,0.260688,,,
1.02032,0.254067,,,
1.02383,0.257246,,,
1.02735,0.258058,,,
1.03089,0.260335,,,
1.03444,0.260953,,,
1.038,0.261105,,,
1.04157,0.261828,,,
1.04516,0.260157,,,
1.04876,0.264246,,,
1.05237,0.265362,,,
1.05599,0.264151,,,
1.05962,0.263318,,,
1.06327,0.263103,,,
1.06693,0.262426,,,
1.0706,0.262026,,,
1.07429,0.2636,,,
1.07799,0.268517,,,
1.0817,0.265719,,,
1.08542,0.270117,,,
1.08916,0.264889,,,
1.09291,0.272754,,,
1.09667,0.269531,,,
1.10044,0.268134,,,
1.10423,0.27248,,,
1.10803,0.272187,,,
1.11185,0.270032,,,
1.11567,0.269167,,,
1.11951,0.273906,,,
1.12337,0.270301,,,
1.12723,0.273418,,,
1.13111,0.274109,,,
1.13501,0.271996,,,
1.13891,0.274239,,,
1.14283,0.277375,,,
1.14677,0.274352,,,
1.15072,0.275576,,,
1.15468,0.278878,,,
1.15865,0.277366,,,
1.16264,0.278397,,,
1.16664,0.277074,,,
1.17066,0.278197,,,
1.17469,0.281317,,,
1.17873,0.275498,,,
1.18279,0.27529,,,
1.18686,0.282949,,,
1.19095,0.277476,,,
1.19505,0.280819,,,
1.19916,0.280422,,,
1.20329,0.281859,,,
1.20743,0.282164,,,
1.21158,0.282423,,,
1.21576,0.289512,,,
1.21994,0.285037,,,
1.22414,0.283777,,,
1.22835,0.285613,,,
1.23258,0.29026,,,
1.23682,0.288721,,,
1.24108,0.286439,,,
1.24535,0.284883,,,
1.24964,0.291417,,,
1.25394,0.285842,,,
1.25826,0.286937,,,
1.26259,0.290726,,,
1.26694,0.288776,,,
1.2713,0.295093,,,
1.27567,0.29492,,,
1.28006,0.293598,,,
1.28447,0.293397,,,
1.28889,0.295583,,,
1.29333,0.292271,,,
1.29778,0.294429,,,
1.30225,0.29748,,,
1.30673,0.298867,,,
1.31123,0.297582,,,
1.31574,0.294377,,,
1.32027,0.295649,,,
1.32482,0.298142,,,
1.32938,0.296631,,,
1.33395,0.297713,,,
1.33854,0.296384,,,
1.34315,0.298985,,,
1.34777,0.300344,,,
1.35241,0.302448,,,
1.35707,0.301012,,,
1.36174,0.299147,,,
1.36643,0.297448,,,
1.37113,0.301042,,,
1.37585,0.301919,,,
1.38059,0.301845,,,
1.38534,0.299635,,,
1.39011,0.303752,,,
1.39489,0.302186,,,
1.3997,0.304159,,,
1.40451,0.304922,,,
1.40935,0.302954,,,
1.4142,0.301913,,,
1.41907,0.303361,,,
1.42395,0.306523,,,
1.42885,0.305998,,,
1.43377,0.305477,,,
1.43871,0.30843,,,
1.44366,0.30837,,,
1.44863,0.305099,,,
1.45362,0.307319,,,
1.45862,0.306544,,,
1.46364,0.306869,,,
1.46868,0.307126,,,
1.47373,0.311486,,,
1.47881,0.309263,,,
1.4839,0.309389,,,
1.48901,0.309719,,,
1.49413,0.310232,,,
1.49927,0.308687,,,
1.50443,0.311403,,,
1.50961,0.312393,,,
1.51481,0.312564,,,
1.52002,0.312604,,,
1.52526,0.311721,,,
1.53051,0.309507,,,
1.53577,0.312331,,,
1.54106,0.314332,,,
1.54637,0.313446,,,
1.55169,0.313566,,,
1.55703,0.314316,,,
1.56239,0.315236,,,
1.56777,0.31448,,,
1.57316,0.312025,,,
1.57858,0.313247,,,
1.58401,0.313966,,,
1.58947,0.316565,,,
1.59494,0.313762,,,
1.60043,0.313036,,,
1.60594,0.313623,,,
1.61146,0.31534,,,
1.61701,0.314397,,,
1.62258,0.314549,,,
1.62816,0.315113,,,
1.63377,0.31286,,,
1.63939,0.314374,,,
1.64503,0.315242,,,
1.6507,0.313353,,,
1.65638,0.316085,,,
1.66208,0.316106,,,
1.6678,0.313599,,,
1.67354,0.313633,,,
1.6793,0.316039,,,
1.68508,0.315884,,,
1.69088,0.315132,,,
1.69671,0.318257,,,
1.70255,0.314116,,,
1.70841,0.315601,,,
1.71429,0.314404,,,
1.72019,0.31635,,,
1.72611,0.315078,,,
1.73205,0.315496,,,
1.73801,0.313565,,,
1.744,0.316476,,,
1.75,0.314906,,,
1.75602,0.314182,,,
1.76207,0.316472,,,
1.76813,0.312723,,,
1.77422,0.312567,,,
1.78033,0.31496,,,
1.78645,0.313536,,,
1.7926,0.312276,,,
1.79877,0.313215,,,
1.80497,0.311774,,,
1.81118,0.312918,,,
1.81741,0.313204,,,
1.82367,0.311845,,,
1.82995,0.309765,,,
1.83625,0.310743,,,
1.84257,0.3131,,,
1.84891,0.309885,,,
1.85527,0.309086,,,
1.86166,0.310486,,,
1.86807,0.310553,,,
1.8745,0.307812,,,
1.88095,0.310728,,,
1.88743,0.307034,,,
1.89392,0.307413,,,
1.90044,0.308234,,,
1.90698,0.306214,,,
1.91355,0.304272,,,
1.92014,0.307107,,,
1.92674,0.307075,,,
1.93338,0.304177,,,
1.94003,0.306837,,,
1.94671,0.302729,,,
1.95341,0.305623,,,
1.96014,0.299841,,,
1.96688,0.301197,,,
1.97365,0.301503,,,
1.98045,0.299735,,,
1.98726,0.298921,,,
1.9941,0.297526,,,
2.00097,0.300706,,,
2.00786,0.298221,,,
2.01477,0.297575,,,
2.0217,0.298893,,,
2.02866,0.297668,,,
2.03565,0.293426,,,
2.04265,0.294243,,,
2.04968,0.294293,,,
2.05674,0.294753,,,
2.06382,0.293976,,,
2.07092,0.290475,,,
2.07805,0.293435,,,
2.08521,0.292261,,,
2.09238,0.290994,,,
2.09959,0.289655,,,
2.10681,0.286785,,,
2.11406,0.28756,,,
2.12134,0.287362,,,
2.12864,0.28565,,,
2.13597,0.284971,,,
2.14332,0.283049,,,
2.1507,0.283923,,,
2.1581,0.281128,,,
2.16553,0.280061,,,
2.17299,0.281273,,,
2.18047,0.27964,,,
2.18797,0.281385,,,
2.19551,0.27989,,,
2.20306,0.277609,,,
2.21065,0.277417,,,
2.21826,0.276732,,,
2.22589,0.275565,,,
2.23355,0.276199,,,
2.24124,0.273279,,,
2.24896,0.269654,,,
2.2567,0.27142,,,
2.26447,0.267867,,,
2.27226,0.269493,,,
2.28008,0.271416,,,
2.28793,0.26674,,,
2.29581,0.265175,,,
2.30371,0.265114,,,
2.31164,0.264075,,,
2.3196,0.263108,,,
2.32758,0.258578,,,
2.33559,0.259359,,,
2.34363,0.2576,,,
2.3517,0.255414,,,
2.3598,0.258987,,,
2.36792,0.254491,,,
2.37607,0.255613,,,
2.38425,0.251996,,,
2.39245,0.252151,,,
2.40069,0.253091,,,
2.40895,0.249666,,,
2.41725,0.251549,,,
2.42557,0.249351,,,
2.43392,0.248542,,,
2.44229,0.247744,,,
2.4507,0.242916,,,
2.45914,0.244732,,,
2.4676,0.245082,,,
2.4761,0.239749,,,
2.48462,0.240816,,,
2.49317,0.239114,,,
2.50175,0.238588,,,
2.51037,0.239379,,,
2.51901,0.235482,,,
2.52768,0.233109,,,
2.53638,0.234369,,,
2.54511,0.233636,,,
2.55387,0.230286,,,
2.56266,0.229475,,,
2.57148,0.227013,,,
2.58033,0.227545,,,
2.58922,0.226511,,,
2.59813,0.225877,,,
2.60707,0.22384,,,
2.61605,0.224668,,,
2.62505,0.219629,,,
2.63409,0.22066,,,
2.64315,0.219164,,,
2.65225,0.218105,,,
2.66138,0.216228,,,
2.67054,0.215178,,,
2.67974,0.215145,,,
2.68896,0.21327,,,
2.69822,0.209682,,,
2.7075,0.209945,,,
2.71682,0.208148,,,
2.72618,0.208955,,,
2.73556,0.20702,,,
2.74498,0.204846,,,
2.75443,0.203488,,,
2.76391,0.205255,,,
2.77342,0.201624,,,
2.78297,0.200988,,,
2.79255,0.199571,,,
2.80216,0.199092,,,
2.81181,0.198646,,,
2.82148,0.195681,,,
2.8312,0.194273,,,
2.84094,0.193726,,,
2.85072,0.192777,,,
2.86053,0.19212,,,
2.87038,0.18861,,,
2.88026,0.189991,,,
2.89018,0.186459,,,
2.90012,0.186992,,,
2.91011,0.186095,,,
2.92013,0.183315,,,
2.93018,0.180721,,,
2.94026,0.182462,,,
2.95038,0.179342,,,
2.96054,0.179672,,,
2.97073,0.177368,,,
2.98096,0.176599,,,
2.99122,0.175257,,,
3.00151,0.173023,,,
3.01185,0.172747,,,
3.02221,0.172449,,,
3.03262,0.170914,,,
3.04306,0.17028,,,
3.05353,0.168459,,,
3.06404,0.168156,,,
3.07459,0.164684,,,
3.08517,0.16473,,,
3.09579,0.163073,,,
3.10645,0.163091,,,
3.11714,0.159724,,,
3.12787,0.16045,,,
3.13864,0.157935,,,
3.14944,0.158292,,,
3.16028,0.156799,,,
3.17116,0.155487,,,
3.18208,0.155952,,,
3.19303,0.153538,,,
3.20402,0.153001,,,
3.21505,0.150598,,,
3.22612,0.150106,,,
3.23722,0.149131,,,
3.24837,0.147586,,,
3.25955,0.146693,,,
3.27077,0.146151,,,
3.28203,0.144761,,,
3.29332,0.142645,,,
3.30466,0.143547,,,
3.31604,0.142208,,,
3.32745,0.139173,,,
3.3389,0.139873,,,
3.3504,0.139203,,,
3.36193,0.136111,,,
3.3735,0.137319,,,
3.38512,0.134943,,,
3.39677,0.135605,,,
3.40846,0.135359,,,
3.42019,0.132971,,,
3.43197,0.132041,,,
3.44378,0.130011,,,
3.45563,0.129624,,,
3.46753,0.127973,,,
3.47947,0.127706,,,
3.49144,0.126403,,,
3.50346,0.124261,,,
3.51552,0.124196,,,
3.52762,0.123721,,,
3.53976,0.123113,,,
3.55195,0.122375,,,
3.56418,0.119013,,,
3.57644,0.11888,,,
3.58876,0.119527,,,
3.60111,0.117341,,,
3.6135,0.116999,,,
3.62594,0.115994,,,
3.63842,0.114638,,,
3.65095,0.114651,,,
3.66352,0.112659,,,
3.67613,0.111868,,,
3.68878,0.111618,,,
3.70148,0.110633,,,
3.71422,0.109774,,,
3.72701,0.107908,,,
3.73983,0.106951,,,
3.75271,0.107148,,,
3.76563,0.105824,,,
3.77859,0.105205,,,
3.79159,0.103931,,,
3.80465,0.103853,,,
3.81774,0.101474,,,
3.83088,0.101021,,,
3.84407,0.0997985,,,
3.8573,0.0991174,,,
3.87058,0.100046,,,
3.8839,0.0968841,,,
3.89727,0.0973283,,,
3.91069,0.0958497,,,
3.92415,0.0948405,,,
3.93766,0.0942683,,,
3.95121,0.0937662,,,
3.96481,0.0921565,,,
3.97846,0.0920177,,,
3.99216,0.0918504,,,
4.0059,0.0901147,,,
4.01969,0.0893753,,,
4.03352,0.0883156,,,
4.04741,0.0877361,,,
4.06134,0.0866982,,,
4.07532,0.0863176,,,
4.08935,0.08503,,,
4.10342,0.0856539,,,
4.11755,0.0843214,,,
4.13172,0.0837018,,,
4.14595,0.0825724,,,
4.16022,0.0834267,,,
4.17454,0.0819092,,,
4.18891,0.0804374,,,
4.20333,0.0796338,,,
4.21779,0.0790856,,,
4.23231,0.0791175,,,
4.24688,0.0771662,,,
4.2615,0.0764925,,,
4.27617,0.0751437,,,
4.29089,0.0751689,,,
4.30566,0.0753689,,,
4.32048,0.0741742,,,
4.33535,0.0742538,,,
4.35028,0.0723649,,,
4.36525,0.0731181,,,
4.38028,0.0709298,,,
4.39535,0.0711563,,,
4.41048,0.0697183,,,
4.42567,0.0693929,,,
4.4409,0.0694331,,,
4.45619,0.0678998,,,
4.47153,0.0679695,,,
4.48692,0.0668041,,,
4.50236,0.0661697,,,
4.51786,0.0660531,,,
4.53341,0.0646582,,,
4.54902,0.0651004,,,
4.56468,0.0640043,,,
4.58039,0.0641296,,,
4.59616,0.0631573,,,
4.61198,0.0620352,,,
4.62785,0.061888,,,
4.64378,0.0609508,,,
4.65977,0.060989,,,
4.67581,0.0594939,,,
4.6919,0.0587547,,,
4.70805,0.0586262,,,
4.72426,0.0593602,,,
4.74052,0.0581693,,,
4.75684,0.0571456,,,
4.77321,0.0565326,,,
4.78964,0.0566195,,,
4.80613,0.0558832,,,
4.82268,0.0557451,,,
4.83928,0.0546419,,,
4.85593,0.0539675,,,
4.87265,0.0537264,,,
4.88942,0.0530014,,,
4.90625,0.052966,,,
4.92314,0.0519125,,,
4.94009,0.0521824,,,
4.95709,0.0506887,,,
4.97416,0.0504125,,,
4.99128,0.0500945,,,
5.00846,0.0491622,,,
5.0257,0.0485393,,,
5.043,0.0481614,,,
5.06036,0.0481748,,,
5.07778,0.0471059,,,
5.09526,0.0469852,,,
5.11279,0.0464588,,,
5.13039,0.0458227,,,
5.14805,0.0455864,,,
5.16578,0.0448315,,,
5.18356,0.0446005,,,
5.2014,0.0445433,,,
5.2193,0.0435082,,,
5.23727,0.0435834,,,
5.2553,0.0436719,,,
5.27339,0.0426845,,,
5.29154,0.042623,,,
5.30976,0.041135,,,
5.32803,0.0412526,,,
5.34637,0.041074,,,
5.36478,0.0407615,,,
5.38324,0.0402141,,,
5.40177,0.0391845,,,
5.42037,0.0397038,,,
5.43903,0.0390135,,,
5.45775,0.0380808,,,
5.47653,0.0384033,,,
5.49539,0.0380988,,,
5.5143,0.0371197,,,
5.53328,0.0373131,,,
5.55233,0.0364066,,,
5.57144,0.0363207,,,
5.59062,0.0359862,,,
5.60987,0.0356985,,,
5.62918,0.0349542,,,
5.64855,0.0350926,,,
5.668,0.0343003,,,
5.68751,0.0345359,,,
5.70708,0.0336055,,,
5.72673,0.033255,,,
5.74644,0.0326291,,,
5.76622,0.0327189,,,
5.78607,0.03239,,,
5.80599,0.032184,,,
5.82597,0.0318208,,,
5.84603,0.0314507,,,
5.86615,0.0307745,,,
5.88634,0.0309386,,,
5.90661,0.0302744,,,
5.92694,0.030089,,,
5.94734,0.0298746,,,
5.96781,0.0296096,,,
5.98836,0.0293604,,,
6.00897,0.0286901,,,
6.02965,0.0283669,,,
6.05041,0.0281903,,,
6.07124,0.0278005,,,
6.09213,0.0274496,,,
6.1131,0.0271882,,,
6.13415,0.0271067,,,
6.15526,0.0267331,,,
6.17645,0.0267364,,,
6.19771,0.0262535,,,
6.21904,0.0255739,,,
6.24045,0.0252527,,,
6.26193,0.0253254,,,
6.28349,0.0249807,,,
6.30512,0.0250429,,,
6.32682,0.0247651,,,
6.3486,0.0240377,,,
6.37045,0.0239428,,,
6.39238,0.0237316,,,
6.41439,0.0232634,,,
6.43647,0.0233427,,,
6.45862,0.022816,,,
6.48085,0.0223764,,,
6.50316,0.0223804,,,
6.52555,0.0219562,,,
6.54801,0.0222731,,,
6.57055,0.0220199,,,
6.59317,0.0213863,,,
6.61586,0.0213186,,,
6.63863,0.0212354,,,
6.66149,0.0204644,,,
6.68442,0.0204307,,,
6.70743,0.0201396,,,
6.73051,0.0200434,,,
6.75368,0.0202316,,,
6.77693,0.0198677,,,
6.80026,0.0192139,,,
6.82367,0.01917,,,
6.84715,0.0188618,,,
6.87072,0.0186836,,,
6.89437,0.0186455,,,
6.91811,0.0184288,,,
6.94192,0.0179482,,,
6.96582,0.017562,,,
6.98979,0.0174411,,,
7.01385,0.0176402,,,
7.038,0.0169754,,,
7.06222,0.0170836,,,
7.08653,0.0168649,,,
7.11093,0.0167977,,,
7.13541,0.0159832,,,
7.15997,0.0160468,,,
7.18461,0.0161073,,,
7.20934,0.0158151,,,
7.23416,0.0155359,,,
7.25906,0.0153823,,,
7.28405,0.0153376,,,
7.30912,0.0147507,,,
7.33428,0.0148532,,,
7.35953,0.0147344,,,
7.38486,0.0146134,,,
7.41028,0.0144549,,,
7.43579,0.0140133,,,
7.46139,0.0138157,,,
7.48707,0.0138059,,,
7.51284,0.013786,,,
7.5387,0.0131831,,,
7.56465,0.0134437,,,
7.59069,0.0134003,,,
7.61682,0.0130508,,,
7.64304,0.0127625,,,
7.66935,0.0124468,,,
7.69575,0.0124144,,,
7.72224,0.0123125,,,
7.74882,0.0121704,,,
7.77549,0.0119534,,,
7.80226,0.0115744,,,
7.82912,0.0114446,,,
7.85607,0.0115446,,,
7.88311,0.0112971,,,
7.91024,0.0113106,,,
7.93747,0.0110151,,,
7.96479,0.0108358,,,
7.99221,0.0106195,,,
8.01972,0.0104248,,,
8.04733,0.0104389,,,
8.07503,0.0102486,,,
8.10283,0.0101778,,,
8.13072,0.00981571,,,
8.1587,0.0100195,,,
8.18679,0.00984002,,,
8.21497,0.00961514,,,
8.24325,0.00947055,,,
8.27162,0.00925722,,,
8.3001,0.00923075,,,
8.32867,0.00900713,,,
8.35734,0.00901155,,,
8.3861,0.0087714,,,
8.41497,0.00870637,,,
8.44394,0.00860301,,,
8.473,0.00841548,,,
8.50217,0.00845142,,,
8.53143,0.00827973,,,
8.5608,0.00816993,,,
8.59027,0.0080469,,,
8.61984,0.00782782,,,
8.64951,0.00766766,,,
8.67928,0.00737852,,,
8.70916,0.00745178,,,
8.73914,0.0072994,,,
8.76922,0.00715437,,,
8.79941,0.00705937,,,
8.8297,0.00722767,,,
8.86009,0.00687273,,,
8.89059,0.00665044,,,
8.92119,0.00682506,,,
8.9519,0.0065346,,,
8.98272,0.00640455,,,
9.01364,0.00626337,,,
9.04466,0.00644239,,,
9.0758,0.00621234,,,
9.10704,0.00598659,,,
9.13839,0.0059054,,,
9.16984,0.00579213,,,
9.20141,0.00582679,,,
9.23308,0.00568405,,,
9.26486,0.00552016,,,
9.29676,0.00559821,,,
9.32876,0.00551253,,,
9.36087,0.00533868,,,
9.39309,0.0051255,,,
9.42542,0.00512025,,,
9.45787,0.00492877,,,
9.49042,0.00505411,,,
9.52309,0.00495156,,,
9.55587,0.00482146,,,
9.58877,0.00474973,,,
9.62177,0.00471229,,,
9.65489,0.00450875,,,
9.68813,0.00447311,,,
9.72148,0.00438265,,,
9.75494,0.00441265,,,
9.78852,0.00428688,,,
9.82221,0.00422126,,,
9.85602,0.00410492,,,
9.88995,0.00389606,,,
9.92399,0.00387647,,,
9.95816,0.00386029,,,
9.99243,0.00365039,,,
10.0268,0.00375435,,,
10.0613,0.00360575,,,
10.096,0.00347178,,,
10.1307,0.0034806,,,
10.1656,0.00355029,,,
10.2006,0.00347707,,,
10.2357,0.00331928,,,
10.2709,0.00326524,,,
10.3063,0.00311544,,,
10.3418,0.00319773,,,
10.3774,0.00307542,,,
10.4131,0.00306162,,,
10.4489,0.00286848,,,
10.4849,0.00301419,,,
10.521,0.00282436,,,
10.5572,0.00280662,,,
10.5936,0.00270067,,,
10.63,0.00264774,,,
10.6666,0.00265347,,,
10.7033,0.00257868,,,
10.7402,0.00250502,,,
10.7771,0.00253145,,,
10.8142,0.00239028,,,
10.8515,0.00238641,,,
10.8888,0.0023472,,,
10.9263,0.00228549,,,
10.9639,0.00225842,,,
11.0016,0.00223205,,,
11.0395,0.00204833,,,
11.0775,0.00206138,,,
11.1156,0.00202967,,,
11.1539,0.0020122,,,
11.1923,0.00204666,,,
11.2308,0.00193386,,,
11.2695,0.00186193,,,
11.3083,0.00182864,,,
11.3472,0.00178972,,,
11.3863,0.00180741,,,
11.4255,0.00169991,,,
11.4648,0.00172724,,,
11.5043,0.00171208,,,
11.5439,0.00173323,,,
11.5836,0.00155779,,,
11.6235,0.00154305,,,
11.6635,0.0015379,,,
11.7036,0.00154674,,,
11.7439,0.00146964,,,
11.7843,0.00144619,,,
11.8249,0.00142503,,,
11.8656,0.00132283,,,
11.9065,0.00136809,,,
11.9474,0.00130585,,,
11.9886,0.0013167,,,
12.0298,0.00124773,,,
12.0712,0.00123305,,,
12.1128,0.00118729,,,
12.1545,0.00119556,,,
12.1963,0.00115733,,,
12.2383,0.00112765,,,
12.2804,0.00110527,,,
12.3227,0.00108101,,,
12.3651,0.0010038,,,
12.4077,0.000962901,,,
12.4504,0.00098,,,
12.4933,0.000982614,,,
12.5363,0.00095459,,,
12.5794,0.00100402,,,
12.6227,0.000961857,,,
12.6662,0.000921057,,,
12.7098,0.000877093,,,
12.7535,0.000855572,,,
12.7974,0.000834611,,,
12.8415,0.000780923,,,
12.8857,0.000818018,,,
12.93,0.000747854,,,
12.9745,0.00077021,,,
13.0192,0.000700396,,,
13.064,0.000732248,,,
13.109,0.000743432,,,
13.1541,0.000676437,,,
13.1994,0.000677039,,,
13.2448,0.000673702,,,
13.2904,0.000667417,,,
13.3362,0.00063368,,,
13.3821,0.000607459,,,
13.4281,0.000609375,,,
13.4743,0.00059878,,,
13.5207,0.000600878,,,
13.5673,0.000596294,,,
13.614,0.000565061,,,
13.6608,0.000575892,,,
13.7079,0.000517509,,,
13.755,0.000521285,,,
13.8024,0.000493156,,,
13.8499,0.000471858,,,
13.8976,0.000456196,,,
13.9454,0.000463816,,,
13.9934,0.000459607,,,
14.0416,0.000456203,,,
14.0899,0.00041855,,,
14.1384,0.000428532,,,
14.1871,0.000428251,,,
14.2359,0.00039519,,,
14.2849,0.000369795,,,
14.3341,0.000390848,,,
14.3834,0.000383011,,,
14.433,0.000390578,,,
14.4826,0.000368281,,,
14.5325,0.000365843,,,
14.5825,0.000345538,,,
14.6327,0.000336483,,,
14.6831,0.000339988,,,
14.7336,0.000315637,,,
14.7843,0.000305201,,,
14.8352,0.000306624,,,
14.8863,0.000285279,,,
14.9375,0.000291519,,,
14.989,0.000275853,,,
15.0406,0.000280335,,,
15.0923,0.000268223,,,
15.1443,0.00026784,,,
15.1964,0.000245522,,,
15.2487,0.000259626,,,
15.3012,0.000257449,,,
15.3539,0.000251119,,,
15.4067,0.000234842,,,
15.4598,0.000222815,,,
15.513,0.000222278,,,
15.5664,0.000230596,,,
15.62,0.000216756,,,
15.6737,0.000209486,,,
15.7277,0.000197208,,,
15.7818,0.000213303,,,
15.8361,0.000196331,,,
15.8907,0.000194266,,,
15.9454,0.000187471,,,
16.0002,0.000188351,,,
16.0553,0.000193138,,,
16.1106,0.000184086,,,
16.166,0.000171952,,,
16.2217,0.000174108,,,
16.2775,0.000164178,,,
16.3336,0.000163128,,,
16.3898,0.000158847,,,
16.4462,0.000161073,,,
16.5028,0.000152254,,,
16.5596,0.00016301,,,
16.6166,0.000148895,,,
16.6738,0.000140263,,,
16.7312,0.000145451,,,
16.7888,0.00014137,,,
16.8466,0.000131303,,,
16.9046,0.000146611,,,
16.9628,0.000132025,,,
17.0212,0.000130171,,,
17.0798,0.000120556,,,
17.1385,0.000117689,,,
17.1975,0.000121141,,,
17.2567,0.000116707,,,
17.3161,0.000107268,,,
17.3757,0.000115266,,,
17.4356,0.000101807,,,
17.4956,0.000112029,,,
17.5558,0.000106339,,,
17.6162,0.000107763,,,
17.6769,0.000116374,,,
17.7377,9.88E-05,,,
17.7988,9.93E-05,,,
17.86,0.000102737,,,
17.9215,9.57E-05,,,
17.9832,9.83E-05,,,
18.0451,9.52E-05,,,
18.1072,9.29E-05,,,
18.1696,8.55E-05,,,
18.2321,8.18E-05,,,
18.2949,8.93E-05,,,
18.3578,8.62E-05,,,
18.421,8.24E-05,,,
18.4844,8.61E-05,,,
18.5481,7.56E-05,,,
18.6119,7.79E-05,,,
18.676,7.67E-05,,,
18.7403,7.45E-05,,,
18.8048,7.33E-05,,,
18.8695,7.29E-05,,,
18.9345,7.08E-05,,,
18.9996,7.76E-05,,,
19.065,6.65E-05,,,
19.1307,6.28E-05,,,
19.1965,7.00E-05,,,
19.2626,6.59E-05,,,
19.3289,6.33E-05,,,
19.3954,6.08E-05,,,
19.4622,5.90E-05,,,
19.5292,6.01E-05,,,
19.5964,6.39E-05,,,
19.6639,6.53E-05,,,
19.7316,6.19E-05,,,
19.7995,5.44E-05,,,
19.8676,5.70E-05,,,
19.936,5.94E-05,,,
20.0046,5.55E-05,,,
20.0735,5.48E-05,,,
20.1426,5.45E-05,,,
20.2119,5.48E-05,,,
20.2815,5.06E-05,,,
20.3513,5.10E-05,,,
20.4214,4.74E-05,,,
20.4917,4.82E-05,,,
20.5622,4.77E-05,,,
20.633,4.80E-05,,,
20.704,4.90E-05,,,
20.7753,4.68E-05,,,
20.8468,4.66E-05,,,
20.9186,4.54E-05,,,
20.9906,4.57E-05,,,
21.0628,4.28E-05,,,
21.1353,4.28E-05,,,
21.2081,4.35E-05,,,
21.2811,4.10E-05,,,
21.3543,4.42E-05,,,
21.4278,4.27E-05,,,
21.5016,4.04E-05,,,
21.5756,4.00E-05,,,
21.6499,3.96E-05,,,
21.7244,3.78E-05,,,
21.7992,3.93E-05,,,
21.8742,3.86E-05,,,
21.9495,3.70E-05,,,
22.0251,3.75E-05,,,
22.1009,3.62E-05,,,
22.177,3.78E-05,,,
22.2533,3.58E-05,,,
22.3299,3.47E-05,,,
22.4068,3.53E-05,,,
22.4839,3.47E-05,,,
22.5613,3.26E-05,,,
22.6389,3.31E-05,,,
22.7169,3.16E-05,,,
22.7951,3.24E-05,,,
22.8735,3.12E-05,,,
22.9523,3.23E-05,,,
23.0313,3.02E-05,,,
23.1106,3.05E-05,,,
23.1901,2.94E-05,,,
23.2699,3.04E-05,,,
23.35,2.97E-05,,,
23.4304,3.02E-05,,,
23.5111,2.84E-05,,,
23.592,2.80E-05,,,
23.6732,2.76E-05,,,
23.7547,2.72E-05,,,
23.8365,2.77E-05,,,
23.9185,2.67E-05,,,
24.0008,2.77E-05,,,
24.0835,2.59E-05,,,
24.1664,2.58E-05,,,
24.2496,2.56E-05,,,
24.333,2.54E-05,,,
24.4168,2.52E-05,,,
24.5008,2.45E-05,,,
24.5852,2.43E-05,,,
24.6698,2.40E-05,,,
24.7547,2.45E-05,,,
24.8399,2.38E-05,,,
24.9254,2.34E-05,,,
25.0112,2.31E-05,,,
25.0973,2.27E-05,,,
25.1837,2.26E-05,,,
25.2704,2.21E-05,,,
25.3574,2.19E-05,,,
25.4447,2.18E-05,,,
25.5323,2.16E-05,,,
25.6202,2.10E-05,,,
25.7083,2.08E-05,,,
25.7968,2.08E-05,,,
25.8856,2.05E-05,,,
25.9747,2.09E-05,,,
26.0641,2.01E-05,,,
26.1539,1.99E-05,,,
26.2439,1.94E-05,,,
26.3342,1.97E-05,,,
26.4249,1.89E-05,,,
26.5158,1.91E-05,,,
26.6071,1.87E-05,,,
26.6987,1.84E-05,,,
26.7906,1.83E-05,,,
26.8828,1.81E-05,,,
26.9754,1.77E-05,,,
27.0682,1.77E-05,,,
27.1614,1.75E-05,,,
27.2549,1.75E-05,,,
27.3487,1.72E-05,,,
27.4428,1.72E-05,,,
27.5373,1.69E-05,,,
27.6321,1.66E-05,,,
27.7272,1.62E-05,,,
27.8227,1.61E-05,,,
27.9184,1.61E-05,,,
28.0145,1.59E-05,,,
28.111,1.57E-05,,,
28.2077,1.55E-05,,,
28.3048,1.55E-05,,,
28.4023,1.52E-05,,,
28.5,1.49E-05,,,
28.5981,1.48E-05,,,
28.6966,1.46E-05,,,
28.7954,1.45E-05,,,
28.8945,1.45E-05,,,
28.9939,1.42E-05,,,
29.0937,1.40E-05,,,
29.1939,1.41E-05,,,
29.2944,1.38E-05,,,
29.3952,1.38E-05,,,
29.4964,1.34E-05,,,
29.5979,1.34E-05,,,
29.6998,1.30E-05,,,
29.802,1.31E-05,,,
29.9046,1.29E-05,,,
30.0076,1.28E-05,,,
30.1109,1.25E-05,,,
30.2145,1.25E-05,,,
30.3185,1.25E-05,,,
30.4229,1.22E-05,,,
30.5276,1.19E-05,,,
30.6327,1.20E-05,,,
30.7381,1.18E-05,,,
30.8439,1.15E-05,,,
30.9501,1.17E-05,,,
31.0566,1.13E-05,,,
31.1636,1.13E-05,,,
31.2708,1.10E-05,,,
31.3785,1.11E-05,,,
31.4865,1.09E-05,,,
31.5949,1.08E-05,,,
31.7036,1.07E-05,,,
31.8128,1.05E-05,,,
31.9223,1.05E-05,,,
32.0321,1.03E-05,,,
32.1424,1.02E-05,,,
32.253,1.01E-05,,,
32.3641,9.93E-06,,,
32.4755,9.91E-06,,,
32.5873,9.77E-06,,,
32.6994,9.69E-06,,,
32.812,9.34E-06,,,
32.9249,9.44E-06,,,
33.0383,9.27E-06,,,
33.152,9.41E-06,,,
33.2661,9.07E-06,,,
33.3806,8.98E-06,,,
33.4955,8.98E-06,,,
33.6108,8.73E-06,,,
33.7265,8.65E-06,,,
33.8426,8.56E-06,,,
33.9591,8.59E-06,,,
34.076,8.48E-06,,,
34.1933,8.38E-06,,,
34.311,8.12E-06,,,
34.4291,8.00E-06,,,
34.5476,7.87E-06,,,
34.6665,7.98E-06,,,
34.7859,7.76E-06,,,
34.9056,7.75E-06,,,
35.0258,7.54E-06,,,
35.1463,7.56E-06,,,
35.2673,7.43E-06,,,
35.3887,7.38E-06,,,
35.5105,7.31E-06,,,
35.6328,7.28E-06,,,
35.7554,7.16E-06,,,
35.8785,7.03E-06,,,
36.002,6.87E-06,,,
36.1259,7.01E-06,,,
36.2503,6.83E-06,,,
36.3751,6.68E-06,,,
36.5003,6.68E-06,,,
36.6259,6.62E-06,,,
36.752,6.42E-06,,,
36.8785,6.50E-06,,,
37.0054,6.33E-06,,,
37.1328,6.26E-06,,,
37.2606,6.24E-06,,,
37.3889,6.10E-06,,,
37.5176,6.03E-06,,,
37.6468,6.03E-06,,,
37.7763,5.96E-06,,,
37.9064,5.75E-06,,,
38.0369,5.70E-06,,,
38.1678,5.74E-06,,,
38.2992,5.64E-06,,,
38.431,5.52E-06,,,
38.5633,5.44E-06,,,
38.696,5.31E-06,,,
38.8292,5.28E-06,,,
38.9629,5.26E-06,,,
39.097,5.29E-06,,,
39.2316,5.14E-06,,,
39.3666,5.05E-06,,,
39.5022,4.98E-06,,,
39.6381,4.96E-06,,,
39.7746,4.87E-06,,,
39.9115,4.83E-06,,,
40.0489,4.83E-06,,,
40.1867,4.69E-06,,,
40.3251,4.62E-06,,,
40.4639,4.56E-06,,,
40.6032,4.54E-06,,,
40.7429,4.48E-06,,,
40.8832,4.44E-06,,,
41.0239,4.37E-06,,,
41.1651,4.36E-06,,,
41.3068,4.25E-06,,,
41.449,4.17E-06,,,
41.5917,4.14E-06,,,
41.7348,4.09E-06,,,
41.8785,4.14E-06,,,
42.0227,3.98E-06,,,
42.1673,4.02E-06,,,
42.3125,3.91E-06,,,
42.4581,3.87E-06,,,
42.6043,3.76E-06,,,
42.7509,3.80E-06,,,
42.8981,3.73E-06,,,
43.0457,3.64E-06,,,
43.1939,3.62E-06,,,
43.3426,3.55E-06,,,
43.4918,3.58E-06,,,
43.6415,3.46E-06,,,
43.7917,3.43E-06,,,
43.9425,3.47E-06,,,
44.0937,3.41E-06,,,
44.2455,3.32E-06,,,
44.3978,3.33E-06,,,
44.5506,3.30E-06,,,
44.704,3.23E-06,,,
44.8579,3.23E-06,,,
45.0123,3.12E-06,,,
45.1672,3.11E-06,,,
45.3227,3.06E-06,,,
45.4787,3.03E-06,,,
45.6353,2.95E-06,,,
45.7923,3.02E-06,,,
45.95,2.98E-06,,,
46.1081,2.82E-06,,,
46.2669,2.90E-06,,,
46.4261,2.88E-06,,,
46.5859,2.78E-06,,,
46.7463,2.74E-06,,,
46.9072,2.77E-06,,,
47.0687,2.77E-06,,,
47.2307,2.62E-06,,,
47.3933,2.64E-06,,,
47.5564,2.63E-06,,,
47.7201,2.55E-06,,,
47.8844,2.59E-06,,,
48.0492,2.54E-06,,,
48.2146,2.50E-06,,,
48.3806,2.45E-06,,,
48.5471,2.52E-06,,,
48.7142,2.40E-06,,,
48.8819,2.43E-06,,,
49.0501,2.40E-06,,,
49.219,2.36E-06,,,
49.3884,2.32E-06,,,
49.5584,2.26E-06,,,
49.729,2.29E-06,,,
49.9002,2.26E-06,,,
50.072,2.23E-06,,,
50.2443,2.20E-06,,,
50.4173,2.17E-06,,,
50.5908,2.13E-06,,,
50.765,2.10E-06,,,
50.9397,2.09E-06,,,
51.1151,2.05E-06,,,
51.291,2.09E-06,,,
51.4676,2.05E-06,,,
51.6447,1.99E-06,,,
51.8225,1.99E-06,,,
52.0009,1.98E-06,,,
52.1799,1.91E-06,,,
52.3595,1.92E-06,,,
52.5397,1.88E-06,,,
52.7206,1.86E-06,,,
52.9021,1.87E-06,,,
53.0842,1.82E-06,,,
53.2669,1.79E-06,,,
53.4502,1.80E-06,,,
53.6342,1.76E-06,,,
53.8188,1.78E-06,,,
54.0041,1.76E-06,,,
54.19,1.73E-06,,,
54.3765,1.70E-06,,,
54.5637,1.67E-06,,,
54.7515,1.67E-06,,,
54.94,1.64E-06,,,
55.1291,1.61E-06,,,
55.3189,1.58E-06,,,
55.5093,1.60E-06,,,
55.7004,1.58E-06,,,
55.8921,1.56E-06,,,
56.0845,1.56E-06,,,
56.2776,1.52E-06,,,
56.4713,1.50E-06,,,
56.6657,1.47E-06,,,
56.8607,1.46E-06,,,
57.0565,1.46E-06,,,
57.2529,1.43E-06,,,
57.4499,1.40E-06,,,
57.6477,1.41E-06,,,
57.8461,1.38E-06,,,
58.0452,1.40E-06,,,
58.245,1.37E-06,,,
58.4455,1.32E-06,,,
58.6467,1.29E-06,,,
58.8486,1.31E-06,,,
59.0512,1.29E-06,,,
59.2544,1.26E-06,,,
59.4584,1.27E-06,,,
59.6631,1.25E-06,,,
59.8684,1.24E-06,,,
60.0745,1.21E-06,,,
60.2813,1.19E-06,,,
60.4888,1.20E-06,,,
60.697,1.19E-06,,,
60.906,1.16E-06,,,
61.1156,1.16E-06,,,
61.326,1.12E-06,,,
61.5371,1.13E-06,,,
61.7489,1.09E-06,,,
61.9615,1.10E-06,,,
62.1748,1.07E-06,,,
62.3888,1.09E-06,,,
62.6035,1.07E-06,,,
62.819,1.06E-06,,,
63.0353,1.01E-06,,,
63.2522,1.02E-06,,,
63.47,1.01E-06,,,
63.6885,9.93E-07,,,
63.9077,9.75E-07,,,
64.1277,9.86E-07,,,
64.3484,9.41E-07,,,
64.5699,9.30E-07,,,
64.7922,9.23E-07,,,
65.0152,9.17E-07,,,
65.239,9.14E-07,,,
65.4636,8.84E-07,,,
65.6889,8.70E-07,,,
65.915,8.83E-07,,,
66.1419,8.71E-07,,,
66.3696,8.52E-07,,,
66.5981,8.39E-07,,,
66.8273,8.35E-07,,,
67.0573,8.29E-07,,,
67.2882,8.08E-07,,,
67.5198,7.79E-07,,,
67.7522,7.78E-07,,,
67.9854,7.68E-07,,,
68.2194,7.58E-07,,,
68.4543,7.54E-07,,,
68.6899,7.42E-07,,,
68.9264,7.29E-07,,,
69.1636,7.53E-07,,,
69.4017,7.30E-07,,,
69.6406,7.23E-07,,,
69.8803,7.16E-07,,,
70.1209,7.05E-07,,,
70.3622,6.86E-07,,,
70.6044,6.97E-07,,,
70.8475,6.66E-07,,,
71.0913,6.74E-07,,,
71.336,6.57E-07,,,
71.5816,6.44E-07,,,
71.828,6.46E-07,,,
72.0753,6.35E-07,,,
72.3234,6.12E-07,,,
72.5723,6.26E-07,,,
72.8221,6.30E-07,,,
73.0728,6.16E-07,,,
73.3243,5.95E-07,,,
73.5767,6.04E-07,,,
73.83,5.99E-07,,,
74.0841,5.84E-07,,,
74.3391,5.85E-07,,,
74.595,5.67E-07,,,
74.8518,5.60E-07,,,
75.1095,5.63E-07,,,
75.368,5.54E-07,,,
75.6274,5.37E-07,,,
75.8878,5.46E-07,,,
76.149,5.35E-07,,,
76.4111,5.35E-07,,,
76.6741,5.26E-07,,,
76.9381,5.27E-07,,,
77.2029,5.09E-07,,,
77.4687,5.09E-07,,,
77.7353,5.10E-07,,,
78.0029,4.93E-07,,,
78.2714,4.76E-07,,,
78.5408,4.96E-07,,,
78.8112,4.84E-07,,,
79.0825,4.77E-07,,,
79.3547,4.62E-07,,,
79.6279,4.63E-07,,,
79.902,4.62E-07,,,
80.177,4.70E-07,,,
80.453,4.63E-07,,,
80.7299,4.57E-07,,,
81.0078,4.49E-07,,,
81.2867,4.23E-07,,,
81.5665,4.33E-07,,,
81.8472,4.33E-07,,,
82.129,4.27E-07,,,
82.4117,4.21E-07,,,
82.6954,4.08E-07,,,
82.98,4.10E-07,,,
83.2656,4.02E-07,,,
83.5523,4.01E-07,,,
83.8399,4.02E-07,,,
84.1285,3.91E-07,,,
84.4181,3.87E-07,,,
84.7086,3.75E-07,,,
85.0002,3.84E-07,,,
85.2928,3.69E-07,,,
85.5864,3.72E-07,,,
85.881,3.55E-07,,,
86.1767,3.71E-07,,,
86.4733,3.54E-07,,,
86.771,3.49E-07,,,
87.0696,3.38E-07,,,
87.3693,3.43E-07,,,
87.6701,3.49E-07,,,
87.9719,3.31E-07,,,
88.2747,3.34E-07,,,
88.5786,3.22E-07,,,
88.8835,3.30E-07,,,
89.1894,3.24E-07,,,
89.4964,3.14E-07,,,
89.8045,3.21E-07,,,
90.1136,3.08E-07,,,
90.4238,3.12E-07,,,
90.7351,2.98E-07,,,
91.0474,2.95E-07,,,
91.3608,2.94E-07,,,
91.6753,3.05E-07,,,
91.9909,2.88E-07,,,
92.3075,2.87E-07,,,
92.6253,2.79E-07,,,
92.9441,2.86E-07,,,
93.264,2.73E-07,,,
93.5851,2.74E-07,,,
93.9072,2.71E-07,,,
94.2305,2.65E-07,,,
94.5548,2.59E-07,,,
94.8803,2.64E-07,,,
95.2069,2.53E-07,,,
95.5346,2.58E-07,,,
95.8635,2.45E-07,,,
96.1935,2.38E-07,,,
96.5246,2.39E-07,,,
96.8568,2.35E-07,,,
97.1902,2.40E-07,,,
97.5248,2.28E-07,,,
97.8605,2.24E-07,,,
98.1974,2.26E-07,,,
98.5354,2.21E-07,,,
98.8746,2.15E-07,,,
99.2149,2.12E-07,,,
99.5564,2.12E-07,,,
99.8991,2.19E-07,,,
100.243,2.01E-07,,,
100.588,1.99E-07,,,
100.934,2.03E-07,,,
101.282,1.97E-07,,,
101.63,2.00E-07,,,
101.98,1.96E-07,,,
102.331,1.87E-07,,,
102.684,1.87E-07,,,
103.037,1.74E-07,,,
103.392,1.82E-07,,,
103.748,1.74E-07,,,
104.105,1.73E-07,,,
104.463,1.70E-07,,,
104.823,1.67E-07,,,
105.183,1.64E-07,,,
105.545,1.64E-07,,,
105.909,1.59E-07,,,
106.273,1.56E-07,,,
106.639,1.56E-07,,,
107.006,1.57E-07,,,
107.375,1.47E-07,,,
107.744,1.44E-07,,,
108.115,1.40E-07,,,
108.487,1.33E-07,,,
108.861,1.42E-07,,,
109.235,1.32E-07,,,
109.611,1.34E-07,,,
109.989,1.29E-07,,,
110.367,1.23E-07,,,
110.747,1.28E-07,,,
111.128,1.17E-07,,,
111.511,1.13E-07,,,
111.895,1.14E-07,,,
112.28,1.04E-07,,,
112.666,1.10E-07,,,
113.054,9.64E-08,,,
113.443,1.02E-07,,,
113.834,9.40E-08,,,
114.226,9.35E-08,,,
114.619,8.61E-08,,,
115.014,8.04E-08,,,
115.409,7.72E-08,,,
115.807,7.30E-08,,,
116.205,7.47E-08,,,
116.605,6.91E-08,,,
117.007,6.32E-08,,,
117.41,6.03E-08,,,
117.814,5.22E-08,,,
118.219,4.81E-08,,,
118.626,4.26E-08,,,
119.034,4.34E-08,,,
119.444,3.52E-08,,,
119.855,2.97E-08,,,
120.268,2.98E-08,,,
120.682,2.51E-08,,,
121.097,2.29E-08,,,
121.514,1.91E-08,,,
121.932,1.73E-08,,,
122.352,1.58E-08,,,
122.773,1.19E-08,,,
123.196,1.07E-08,,,
123.62,7.57E-09,,,
124.046,7.29E-09,,,
124.473,5.62E-09,,,
124.901,3.82E-09,,,
125.331,3.83E-09,,,
125.762,3.35E-09,,,
126.195,2.60E-09,,,
126.63,2.49E-09,,,
127.066,2.23E-09,,,
127.503,1.79E-09,,,
127.942,1.50E-09,,,
128.382,1.25E-09,,,
128.824,9.44E-10,,,
129.268,8.88E-10,,,
129.713,9.43E-10,,,
130.159,8.80E-10,,,
130.607,8.15E-10,,,
131.057,7.57E-10,,,
131.508,7.29E-10,,,
131.961,6.29E-10,,,
132.415,8.48E-10,,,
132.871,6.82E-10,,,
133.328,3.62E-10,,,
133.787,4.86E-10,,,
134.247,3.40E-10,,,
134.709,5.08E-10,,,
135.173,3.99E-10,,,
135.638,4.24E-10,,,
136.105,4.03E-10,,,
136.574,3.32E-10,,,
137.044,1.73E-10,,,
137.516,5.79E-10,,,
137.989,3.47E-10,,,
138.464,3.92E-10,,,
138.941,2.92E-10,,,
139.419,2.90E-10,,,
139.899,3.37E-10,,,
140.38,1.75E-10,,,
140.864,2.64E-10,,,
141.349,2.42E-10,,,
141.835,7.96E-11,,,
142.323,3.57E-10,,,
142.813,1.09E-10,,,
143.305,2.73E-10,,,
143.798,3.88E-11,,,
144.293,3.20E-10,,,
144.79,2.05E-10,,,
145.288,1.51E-10,,,
145.788,1.53E-10,,,
146.29,2.91E-10,,,
146.794,1.62E-10,,,
147.299,1.15E-10,,,
147.806,9.32E-11,,,
148.315,1.63E-10,,,
148.825,5.50E-11,,,
149.338,3.06E-10,,,
149.852,1.44E-10,,,
150.368,8.88E-11,,,
150.885,3.77E-10,,,
151.405,1.82E-10,,,
151.926,1.56E-10,,,
152.449,1.58E-10,,,
152.973,2.97E-10,,,
153.5,0,,,
154.028,1.16E-10,,,
154.559,1.03E-10,,,
155.091,3.60E-11,,,
155.624,0,,,
156.16,3.57E-11,,,
156.698,1.05E-10,,,
157.237,0,,,
157.778,4.93E-11,,,
158.321,1.07E-10,,,
158.866,2.12E-10,,,
159.413,1.37E-10,,,
159.962,0,,,
160.513,0,,,
161.065,1.34E-10,,,
161.62,0,,,
162.176,7.57E-11,,,
162.734,8.69E-11,,,
163.294,8.66E-11,,,
163.856,1.36E-10,,,
164.42,8.38E-11,,,
164.986,9.68E-11,,,
165.554,0,,,
166.124,0,,,
166.696,0,,,
167.27,0,,,
167.846,4.63E-11,,,
168.423,8.40E-11,,,
169.003,0,,,
169.585,7.24E-11,,,
170.169,1.97E-10,,,
170.754,8.28E-11,,,
171.342,0,,,
171.932,3.25E-11,,,
172.524,6.47E-11,,,
173.118,0,,,
173.714,0,,,
174.312,8.11E-11,,,
174.912,8.09E-11,,,
175.514,0,,,
176.118,0,,,
176.724,0,,,
177.332,7.98E-11,,,
177.943,7.95E-11,,,
178.555,7.92E-11,,,
179.17,0,,,
179.787,0,,,
180.406,3.09E-11,,,
181.027,0,,,
181.65,0,,,
182.275,7.76E-11,,,
182.902,0,,,
183.532,0,,,
184.164,0,,,
184.798,0,,,
185.434,0,,,
186.072,0,,,
186.713,0,,,
187.355,0,,,
188,0,,,
188.647,0,,,
189.297,0,,,
189.948,0,,,
190.602,0,,,
191.258,7.40E-11,,,
191.917,0,,,
192.577,0,,,
193.24,0,,,
193.905,0,,,
194.573,0,,,
195.243,0,,,
195.915,0,,,
196.589,0,,,
197.266,0,,,
197.945,0,,,
198.626,0,,,
199.31,0,,,
199.996,7.07E-11,,,
200.684,0,,,
201.375,0,,,
202.068,0,,,
202.764,0,,,
203.462,8.03E-11,,,
204.162,8.00E-11,,,
204.865,0,,,
205.57,0,,,
206.278,0,,,
206.988,0,,,
207.7,0,,,
208.415,6.79E-11,,,
209.133,0,,,
209.853,6.74E-11,,,
210.575,0,,,
211.3,7.73E-11,,,
212.027,0,,,
212.757,0,,,
213.489,0,,,
214.224,0,,,
214.962,0,,,
215.702,6.56E-11,,,
216.444,0,,,
217.189,0,,,
217.937,0,,,
218.687,0,,,
219.44,6.45E-11,,,
220.195,7.42E-11,,,
220.953,0,,,
221.714,0,,,
222.477,7.89E-11,,,
223.243,0,,,
224.011,0,,,
224.782,0,,,
225.556,7.24E-11,,,
226.332,7.22E-11,,,
227.111,0,,,
227.893,7.17E-11,,,
228.678,0,,,
229.465,0,,,
230.255,0,,,
231.047,0,,,
231.843,7.57E-11,,,
232.641,0,,,
233.441,0,,,
234.245,0,,,
235.051,0,,,
235.86,0,,,
236.672,0,,,
237.487,7.39E-11,,,
238.304,0,,,
239.125,0,,,
239.948,0,,,
240.774,0,,,
241.603,0,,,
242.434,0,,,
243.269,0,,,
244.106,0,,,
244.946,0,,,
245.79,0,,,
246.636,7.11E-11,,,
247.485,0,,,
248.337,0,,,
249.191,0,,,
250.049,0,,,
250.91,0,,,
251.774,0,,,
252.64,0,,,
253.51,0,,,
254.383,0,,,
255.258,0,,,
256.137,0,,,
257.019,0,,,
257.903,6.80E-11,,,
258.791,0,,,
259.682,0,,,
260.576,0,,,
261.473,0,,,
262.373,0,,,
263.276,0,,,
264.182,0,,,
265.092,0,,,
266.004,0,,,
266.92,0,,,
267.838,0,,,
268.76,0,,,
269.686,0,,,
270.614,0,,,
271.545,0,,,
272.48,0,,,
273.418,0,,,
274.359,0,,,
275.304,0,,,
276.251,0,,,
277.202,0,,,
278.156,0,,,
279.114,0,,,
280.075,0,,,
281.039,0,,,
282.006,0,,,
282.977,0,,,
283.951,0,,,
284.928,0,,,
285.909,0,,,
286.893,0,,,
287.881,0,,,
288.872,0,,,
289.866,0,,,
290.864,0,,,
291.865,0,,,
292.87,0,,,
293.878,0,,,
294.89,0,,,
295.905,0,,,
296.923,0,,,
297.945,0,,,
298.971,0,,,
300,,,,
