0.01,0.00617961,10.8,0.8668616,0.707339013
0.0100344,0.0116795,,1.733723,0.361832773
0.010069,0.0130247,,2.600585,0.134352829
0.0101036,0.0128171,,3.467447,0.054051125
0.0101384,0.00926915,,4.334308,0.019357727
0.0101733,0.0117891,,,
0.0102083,0.0110025,,,
0.0102435,0.0167113,,,
0.0102787,0.0114801,,,
0.0103141,0.0148691,,,
0.0103496,0.0209585,,,
0.0103852,0.0140648,,,
0.010421,0.0238166,,,
0.0104568,0.032772,,,
0.0104928,0.0488113,,,
0.010529,0.0477338,,,
0.0105652,0.0518211,,,
0.0106016,0.0559044,,,
0.0106381,0.0575791,,,
0.0106747,0.0566731,,,
0.0107114,0.0559812,,,
0.0107483,0.0470623,,,
0.0107853,0.0728167,,,
0.0108224,0.0654975,,,
0.0108597,0.0756243,,,
0.0108971,0.0673966,,,
0.0109346,0.0882619,,,
0.0109722,0.162958,,,
0.01101,0.171902,,,
0.0110479,0.215244,,,
0.0110859,0.771968,,,
0.0111241,1.11923,,,
0.0111624,1.08239,,,
0.0112008,1.11613,,,
0.0112393,1.11791,,,
0.011278,1.07606,,,
0.0113168,1.06672,,,
0.0113558,1.09954,,,
0.0113949,1.06281,,,
0.0114341,1.0856,,,
0.0114735,1.04516,,,
0.011513,0.995492,,,
0.0115526,1.01774,,,
0.0115924,1.00422,,,
0.0116323,1.0437,,,
0.0116723,1.00213,,,
0.0117125,1.02585,,,
0.0117528,1.03281,,,
0.0117933,0.991325,,,
0.0118339,0.958639,,,
0.0118746,0.968086,,,
0.0119155,0.975474,,,
0.0119565,0.969311,,,
0.0119976,0.910634,,,
0.0120389,0.896722,,,
0.0120804,0.925398,,,
0.012122,0.945871,,,
0.0121637,0.923398,,,
0.0122056,0.910783,,,
0.0122476,0.90065,,,
0.0122897,0.95184,,,
0.012332,0.92971,,,
0.0123745,0.887989,,,
0.0124171,0.856808,,,
0.0124598,0.857124,,,
0.0125027,0.835171,,,
0.0125458,0.879907,,,
0.0125889,0.803775,,,
0.0126323,0.830169,,,
0.0126758,0.839999,,,
0.0127194,0.810329,,,
0.0127632,0.789986,,,
0.0128071,0.794741,,,
0.0128512,0.789981,,,
0.0128954,0.751875,,,
0.0129398,0.803992,,,
0.0129844,0.784084,,,
0.0130291,0.754262,,,
0.0130739,0.760739,,,
0.0131189,0.750316,,,
0.0131641,0.715243,,,
0.0132094,0.74159,,,
0.0132548,0.744407,,,
0.0133005,0.716963,,,
0.0133463,0.687244,,,
0.0133922,0.697873,,,
0.0134383,0.712991,,,
0.0134846,0.712662,,,
0.013531,0.641042,,,
0.0135775,0.674577,,,
0.0136243,0.67208,,,
0.0136712,0.652509,,,
0.0137182,0.631388,,,
0.0137655,0.689897,,,
0.0138128,0.644151,,,
0.0138604,0.661039,,,
0.0139081,0.619523,,,
0.013956,0.62695,,,
0.014004,0.646314,,,
0.0140522,0.61764,,,
0.0141006,0.613494,,,
0.0141491,0.590109,,,
0.0141978,0.591435,,,
0.0142467,0.578713,,,
0.0142957,0.580453,,,
0.014345,0.576892,,,
0.0143943,0.558903,,,
0.0144439,0.587833,,,
0.0144936,0.54352,,,
0.0145435,0.560097,,,
0.0145936,0.536101,,,
0.0146438,0.545049,,,
0.0146942,0.544864,,,
0.0147448,0.540798,,,
0.0147955,0.534592,,,
0.0148465,0.527125,,,
0.0148976,0.528882,,,
0.0149488,0.610921,,,
0.0150003,0.520192,,,
0.0150519,0.531161,,,
0.0151038,0.529959,,,
0.0151557,0.519312,,,
0.0152079,0.486923,,,
0.0152603,0.523343,,,
0.0153128,0.49425,,,
0.0153655,0.490928,,,
0.0154184,0.47876,,,
0.0154715,0.472593,,,
0.0155247,0.462915,,,
0.0155782,0.475116,,,
0.0156318,0.465716,,,
0.0156856,0.466915,,,
0.0157396,0.470765,,,
0.0157938,0.435145,,,
0.0158481,0.491091,,,
0.0159027,0.451717,,,
0.0159574,0.445465,,,
0.0160124,0.444332,,,
0.0160675,0.429177,,,
0.0161228,0.438944,,,
0.0161783,1.29515,,,
0.016234,0.470652,,,
0.0162898,0.492164,,,
0.0163459,0.453572,,,
0.0164022,0.438791,,,
0.0164586,0.459475,,,
0.0165153,0.433065,,,
0.0165722,0.42619,,,
0.0166292,0.386541,,,
0.0166864,0.411862,,,
0.0167439,0.411532,,,
0.0168015,0.40826,,,
0.0168593,0.453963,,,
0.0169174,0.413993,,,
0.0169756,0.402377,,,
0.0170341,0.392112,,,
0.0170927,0.397397,,,
0.0171515,0.385,,,
0.0172106,0.363795,,,
0.0172698,0.374607,,,
0.0173293,0.337582,,,
0.0173889,0.344426,,,
0.0174488,0.33293,,,
0.0175088,0.292286,,,
0.0175691,0.316054,,,
0.0176296,0.325044,,,
0.0176903,0.307355,,,
0.0177511,0.309678,,,
0.0178123,0.288037,,,
0.0178736,0.293449,,,
0.0179351,0.279169,,,
0.0179968,0.293677,,,
0.0180588,0.273241,,,
0.0181209,0.271688,,,
0.0181833,0.28519,,,
0.0182459,0.265247,,,
0.0183087,0.261859,,,
0.0183717,0.278449,,,
0.018435,0.249061,,,
0.0184984,0.250232,,,
0.0185621,0.249436,,,
0.018626,0.230882,,,
0.0186901,0.247775,,,
0.0187545,0.242347,,,
0.018819,0.243788,,,
0.0188838,0.24516,,,
0.0189488,0.230549,,,
0.019014,0.253365,,,
0.0190795,0.215335,,,
0.0191451,0.226788,,,
0.019211,0.202037,,,
0.0192772,0.225016,,,
0.0193435,0.212887,,,
0.0194101,0.211549,,,
0.0194769,0.196545,,,
0.019544,0.19708,,,
0.0196112,0.199204,,,
0.0196788,0.200805,,,
0.0197465,0.200488,,,
0.0198145,0.205685,,,
0.0198827,0.185142,,,
0.0199511,0.186921,,,
0.0200198,0.621767,,,
0.0200887,0.210329,,,
0.0201579,0.225929,,,
0.0202272,0.195402,,,
0.0202969,0.200225,,,
0.0203667,0.182048,,,
0.0204368,0.175719,,,
0.0205072,0.169464,,,
0.0205778,0.178543,,,
0.0206486,0.189674,,,
0.0207197,0.171505,,,
0.020791,0.175469,,,
0.0208626,0.160693,,,
0.0209344,0.15873,,,
0.0210065,0.166205,,,
0.0210788,0.157786,,,
0.0211513,0.145298,,,
0.0212241,0.159622,,,
0.0212972,0.157056,,,
0.0213705,0.150432,,,
0.0214441,0.141114,,,
0.0215179,0.140538,,,
0.0215919,0.138275,,,
0.0216663,0.145148,,,
0.0217408,0.142682,,,
0.0218157,0.131591,,,
0.0218908,0.141832,,,
0.0219661,0.124181,,,
0.0220417,0.141849,,,
0.0221176,0.141454,,,
0.0221938,0.127866,,,
0.0222701,0.125708,,,
0.0223468,0.144493,,,
0.0224237,0.140607,,,
0.0225009,0.143302,,,
0.0225784,0.145798,,,
0.0226561,0.153476,,,
0.0227341,0.156438,,,
0.0228123,0.15229,,,
0.0228909,0.16506,,,
0.0229697,0.157756,,,
0.0230487,0.157531,,,
0.0231281,0.161052,,,
0.0232077,0.165185,,,
0.0232876,0.161092,,,
0.0233677,0.157006,,,
0.0234482,0.171224,,,
0.0235289,0.176447,,,
0.0236099,0.16631,,,
0.0236911,0.167949,,,
0.0237727,0.173719,,,
0.0238545,0.185468,,,
0.0239366,0.189186,,,
0.024019,0.349999,,,
0.0241017,0.191503,,,
0.0241847,0.210556,,,
0.0242679,0.206232,,,
0.0243514,0.188906,,,
0.0244353,0.181817,,,
0.0245194,0.1945,,,
0.0246038,0.192363,,,
0.0246885,0.186822,,,
0.0247735,0.19514,,,
0.0248587,0.190281,,,
0.0249443,0.19794,,,
0.0250302,0.19837,,,
0.0251163,0.198025,,,
0.0252028,0.192038,,,
0.0252895,0.189588,,,
0.0253766,0.204017,,,
0.0254639,0.20226,,,
0.0255516,0.197198,,,
0.0256396,0.19014,,,
0.0257278,0.18144,,,
0.0258164,0.187121,,,
0.0259052,0.190326,,,
0.0259944,0.185992,,,
0.0260839,0.187672,,,
0.0261737,0.190741,,,
0.0262638,0.190713,,,
0.0263542,0.20347,,,
0.0264449,0.197322,,,
0.0265359,0.197875,,,
0.0266273,0.195406,,,
0.0267189,0.186554,,,
0.0268109,0.194603,,,
0.0269032,0.182836,,,
0.0269958,0.198157,,,
0.0270887,0.193166,,,
0.027182,0.203214,,,
0.0272755,0.204448,,,
0.0273694,0.194511,,,
0.0274636,0.194132,,,
0.0275582,0.195476,,,
0.027653,0.200647,,,
0.0277482,0.197704,,,
0.0278437,0.19803,,,
0.0279396,0.195745,,,
0.0280357,0.211808,,,
0.0281323,0.190205,,,
0.0282291,0.187445,,,
0.0283263,0.19286,,,
0.0284238,0.189843,,,
0.0285216,0.188205,,,
0.0286198,0.191907,,,
0.0287183,0.194448,,,
0.0288172,0.194525,,,
0.0289164,0.186186,,,
0.0290159,0.180341,,,
0.0291158,0.19274,,,
0.029216,0.181002,,,
0.0293166,0.201095,,,
0.0294175,0.181413,,,
0.0295187,0.187526,,,
0.0296203,0.191313,,,
0.0297223,0.178232,,,
0.0298246,0.17016,,,
0.0299273,0.17083,,,
0.0300303,0.163284,,,
0.0301337,0.171243,,,
0.0302374,0.179776,,,
0.0303415,0.1761,,,
0.0304459,0.165083,,,
0.0305507,0.165529,,,
0.0306559,0.167345,,,
0.0307614,0.164362,,,
0.0308673,0.158526,,,
0.0309735,0.164943,,,
0.0310802,0.158829,,,
0.0311872,0.156336,,,
0.0312945,0.155598,,,
0.0314022,0.153989,,,
0.0315103,0.154345,,,
0.0316188,0.159544,,,
0.0317276,0.156548,,,
0.0318368,0.152663,,,
0.0319464,0.149452,,,
0.0320564,0.151454,,,
0.0321667,0.155277,,,
0.0322775,0.162689,,,
0.0323886,0.152985,,,
0.0325001,0.146246,,,
0.0326119,0.148847,,,
0.0327242,0.135342,,,
0.0328368,0.149385,,,
0.0329499,0.152755,,,
0.0330633,0.139356,,,
0.0331771,0.136901,,,
0.0332913,0.144238,,,
0.0334059,0.133356,,,
0.0335209,0.144041,,,
0.0336363,0.134883,,,
0.0337521,0.130496,,,
0.0338682,0.1271,,,
0.0339848,0.127148,,,
0.0341018,0.12622,,,
0.0342192,0.135458,,,
0.034337,0.137375,,,
0.0344552,0.121638,,,
0.0345738,0.119723,,,
0.0346928,0.131496,,,
0.0348122,0.127373,,,
0.034932,0.132573,,,
0.0350523,0.1305,,,
0.035173,0.121591,,,
0.035294,0.130018,,,
0.0354155,0.12052,,,
0.0355374,0.114975,,,
0.0356597,0.125163,,,
0.0357825,0.122623,,,
0.0359057,0.122308,,,
0.0360293,0.119952,,,
0.0361533,0.12785,,,
0.0362777,0.121359,,,
0.0364026,0.126745,,,
0.0365279,0.126575,,,
0.0366537,0.1147,,,
0.0367798,0.11728,,,
0.0369064,0.115554,,,
0.0370335,0.115101,,,
0.0371609,0.123244,,,
0.0372889,0.127826,,,
0.0374172,0.111742,,,
0.037546,0.117277,,,
0.0376753,0.116075,,,
0.0378049,0.124652,,,
0.0379351,0.107154,,,
0.0380657,0.111608,,,
0.0381967,0.116252,,,
0.0383282,0.110771,,,
0.0384601,0.112991,,,
0.0385925,0.113433,,,
0.0387253,0.107001,,,
0.0388586,0.113593,,,
0.0389924,0.11264,,,
0.0391266,0.11246,,,
0.0392613,0.114191,,,
0.0393965,0.108023,,,
0.0395321,0.111772,,,
0.0396681,0.114385,,,
0.0398047,0.10631,,,
0.0399417,0.107716,,,
0.0400792,0.118612,,,
0.0402172,0.113282,,,
0.0403556,0.116576,,,
0.0404945,0.110386,,,
0.0406339,0.117717,,,
0.0407738,0.116704,,,
0.0409141,0.114834,,,
0.041055,0.119983,,,
0.0411963,0.109637,,,
0.0413381,0.112492,,,
0.0414804,0.109892,,,
0.0416232,0.107298,,,
0.0417664,0.108209,,,
0.0419102,0.111616,,,
0.0420545,0.107364,,,
0.0421992,0.107165,,,
0.0423445,0.115423,,,
0.0424903,0.10868,,,
0.0426365,0.102109,,,
0.0427833,0.104778,,,
0.0429306,0.103466,,,
0.0430783,0.108833,,,
0.0432266,0.10358,,,
0.0433754,0.0936669,,,
0.0435247,0.106043,,,
0.0436745,0.103453,,,
0.0438249,0.103985,,,
0.0439757,0.102637,,,
0.0441271,0.109231,,,
0.044279,0.106823,,,
0.0444314,0.102361,,,
0.0445844,0.10717,,,
0.0447378,0.100073,,,
0.0448918,0.101019,,,
0.0450464,0.098376,,,
0.0452014,0.102759,,,
0.045357,0.100085,,,
0.0455131,0.0948331,,,
0.0456698,0.10255,,,
0.045827,0.0981373,,,
0.0459848,0.0893526,,,
0.0461431,0.098107,,,
0.0463019,0.0913139,,,
0.0464613,0.0969996,,,
0.0466212,0.098173,,,
0.0467817,0.0896752,,,
0.0469427,0.0883062,,,
0.0471043,0.090469,,,
0.0472664,0.0877559,,,
0.0474291,0.0887084,,,
0.0475924,0.0904231,,,
0.0477562,0.0924818,,,
0.0479206,0.0926868,,,
0.0480856,0.0918676,,,
0.0482511,0.0919647,,,
0.0484172,0.128247,,,
0.0485839,0.0926875,,,
0.0487511,0.0916899,,,
0.0489189,0.0912161,,,
0.0490873,0.0976954,,,
0.0492563,0.0891485,,,
0.0494258,0.0884244,,,
0.0495959,0.0891738,,,
0.0497667,0.0887607,,,
0.049938,0.0897018,,,
0.0501099,0.0862052,,,
0.0502824,0.0780963,,,
0.0504554,0.0834823,,,
0.0506291,0.0845142,,,
0.0508034,0.0854007,,,
0.0509783,0.0838843,,,
0.0511538,0.0844667,,,
0.0513298,0.0857561,,,
0.0515065,0.090221,,,
0.0516838,0.0817992,,,
0.0518617,0.0842031,,,
0.0520403,0.0871852,,,
0.0522194,0.0825102,,,
0.0523991,0.085499,,,
0.0525795,0.0794961,,,
0.0527605,0.079474,,,
0.0529421,0.0818167,,,
0.0531244,0.0856475,,,
0.0533072,0.0814448,,,
0.0534907,0.0815301,,,
0.0536748,0.0837229,,,
0.0538596,0.0811775,,,
0.054045,0.0834839,,,
0.054231,0.0835906,,,
0.0544177,0.0772002,,,
0.054605,0.0791984,,,
0.054793,0.0747534,,,
0.0549816,0.0800946,,,
0.0551709,0.0816105,,,
0.0553608,0.0778142,,,
0.0555513,0.0768208,,,
0.0557426,0.0775317,,,
0.0559344,0.0743894,,,
0.056127,0.077507,,,
0.0563202,0.0728617,,,
0.056514,0.0760903,,,
0.0567086,0.0753728,,,
0.0569038,0.0708391,,,
0.0570997,0.0770188,,,
0.0572962,0.0824412,,,
0.0574934,0.072494,,,
0.0576913,0.071637,,,
0.0578899,0.074622,,,
0.0580892,0.0785532,,,
0.0582892,0.0726992,,,
0.0584898,0.0728029,,,
0.0586911,0.0754313,,,
0.0588932,0.0715946,,,
0.0590959,0.0685553,,,
0.0592993,0.0722033,,,
0.0595034,0.0711108,,,
0.0597083,0.0722644,,,
0.0599138,0.0686373,,,
0.06012,0.0728412,,,
0.060327,0.070863,,,
0.0605346,0.0650323,,,
0.060743,0.0756108,,,
0.0609521,0.0707457,,,
0.0611619,0.0700704,,,
0.0613724,0.0733738,,,
0.0615837,0.0727904,,,
0.0617957,0.0686394,,,
0.0620084,0.0701722,,,
0.0622218,0.0690133,,,
0.062436,0.0690746,,,
0.0626509,0.0742508,,,
0.0628666,0.0662908,,,
0.063083,0.0724439,,,
0.0633001,0.0656247,,,
0.063518,0.0687861,,,
0.0637367,0.0692076,,,
0.0639561,0.0653388,,,
0.0641762,0.0653255,,,
0.0643971,0.0690815,,,
0.0646188,0.0673662,,,
0.0648412,0.0650392,,,
0.0650644,0.0648633,,,
0.0652884,0.0666054,,,
0.0655131,0.0659695,,,
0.0657387,0.0649605,,,
0.0659649,0.0654215,,,
0.066192,0.0614974,,,
0.0664199,0.0685909,,,
0.0666485,0.065266,,,
0.0668779,0.0649722,,,
0.0671081,0.066171,,,
0.0673391,0.0621123,,,
0.0675709,0.063018,,,
0.0678035,0.0658621,,,
0.0680369,0.064492,,,
0.0682711,0.0636776,,,
0.0685061,0.0613795,,,
0.0687419,0.0625123,,,
0.0689785,0.0627667,,,
0.069216,0.0629106,,,
0.0694542,0.0601528,,,
0.0696933,0.0643075,,,
0.0699332,0.0596594,,,
0.0701739,0.062814,,,
0.0704155,0.0616017,,,
0.0706579,0.0609348,,,
0.0709011,0.0609651,,,
0.0711452,0.0608014,,,
0.0713901,0.0641754,,,
0.0716358,0.05815,,,
0.0718824,0.0655461,,,
0.0721298,0.0601742,,,
0.0723781,0.0585252,,,
0.0726273,0.0655361,,,
0.0728773,0.0611276,,,
0.0731281,0.0616,,,
0.0733798,0.0568639,,,
0.0736324,0.0600915,,,
0.0738859,0.0592982,,,
0.0741402,0.0554079,,,
0.0743954,0.0605607,,,
0.0746515,0.0592294,,,
0.0749085,0.056775,,,
0.0751663,0.0599971,,,
0.0754251,0.0548674,,,
0.0756847,0.0540687,,,
0.0759452,0.0569421,,,
0.0762067,0.0563732,,,
0.076469,0.055021,,,
0.0767322,0.0548633,,,
0.0769963,0.0581329,,,
0.0772614,0.0625785,,,
0.0775273,0.0584644,,,
0.0777942,0.0572856,,,
0.078062,0.0536179,,,
0.0783307,0.0587982,,,
0.0786003,0.0569611,,,
0.0788709,0.054541,,,
0.0791424,0.0579604,,,
0.0794148,0.0543176,,,
0.0796882,0.0546239,,,
0.0799625,0.0531767,,,
0.0802377,0.0542621,,,
0.0805139,0.0536384,,,
0.080791,0.0528437,,,
0.0810692,0.054624,,,
0.0813482,0.0568226,,,
0.0816282,0.053833,,,
0.0819092,0.053321,,,
0.0821912,0.0530669,,,
0.0824741,0.0552958,,,
0.082758,0.0538916,,,
0.0830428,0.0546015,,,
0.0833287,0.0536953,,,
0.0836155,0.0502553,,,
0.0839034,0.0501521,,,
0.0841922,0.0505911,,,
0.084482,0.0548159,,,
0.0847728,0.0503484,,,
0.0850646,0.0534468,,,
0.0853574,0.0539196,,,
0.0856512,0.0482865,,,
0.0859461,0.0537606,,,
0.0862419,0.0544238,,,
0.0865388,0.0512284,,,
0.0868367,0.0469105,,,
0.0871356,0.0528019,,,
0.0874355,0.0539499,,,
0.0877365,0.0509871,,,
0.0880385,0.0491855,,,
0.0883415,0.0537937,,,
0.0886456,0.0513564,,,
0.0889508,0.0493685,,,
0.089257,0.0492595,,,
0.0895642,0.0523191,,,
0.0898725,0.0521067,,,
0.0901819,0.0519793,,,
0.0904923,0.0487909,,,
0.0908038,0.0500144,,,
0.0911164,0.0486799,,,
0.09143,0.0514947,,,
0.0917447,0.0497227,,,
0.0920605,0.0530793,,,
0.0923774,0.0474758,,,
0.0926954,0.0485432,,,
0.0930145,0.0481949,,,
0.0933347,0.0493745,,,
0.0936559,0.0509975,,,
0.0939783,0.0488407,,,
0.0943018,0.0479264,,,
0.0946264,0.0462741,,,
0.0949522,0.0494817,,,
0.095279,0.0482509,,,
0.095607,0.0474897,,,
0.0959361,0.0450442,,,
0.0962663,0.0484667,,,
0.0965977,0.048881,,,
0.0969302,0.0475432,,,
0.0972638,0.0463902,,,
0.0975986,0.0489392,,,
0.0979346,0.0502918,,,
0.0982717,0.0450904,,,
0.09861,0.0505257,,,
0.0989494,0.0477688,,,
0.09929,0.0478261,,,
0.0996318,0.0467071,,,
0.0999748,0.0452255,,,
0.100319,0.0474992,,,
0.100664,0.0440683,,,
0.101011,0.0487374,,,
0.101358,0.0491663,,,
0.101707,0.0446033,,,
0.102057,0.0485929,,,
0.102409,0.0453779,,,
0.102761,0.0477662,,,
0.103115,0.0453981,,,
0.10347,0.0482158,,,
0.103826,0.0466876,,,
0.104183,0.0482001,,,
0.104542,0.0481746,,,
0.104902,0.0463045,,,
0.105263,0.0494403,,,
0.105625,0.0489302,,,
0.105989,0.0478255,,,
0.106354,0.0447331,,,
0.10672,0.0473838,,,
0.107087,0.0444177,,,
0.107456,0.0431588,,,
0.107826,0.0445066,,,
0.108197,0.0442407,,,
0.108569,0.0455758,,,
0.108943,0.0451938,,,
0.109318,0.04514,,,
0.109694,0.0446617,,,
0.110072,0.043031,,,
0.110451,0.0442684,,,
0.110831,0.0453451,,,
0.111213,0.0447245,,,
0.111595,0.0451429,,,
0.11198,0.0462296,,,
0.112365,0.0427319,,,
0.112752,0.044627,,,
0.11314,0.0436493,,,
0.113529,0.0430112,,,
0.11392,0.0437428,,,
0.114312,0.0454373,,,
0.114706,0.0435382,,,
0.115101,0.046489,,,
0.115497,0.0446469,,,
0.115894,0.0458232,,,
0.116293,0.0436802,,,
0.116694,0.0450767,,,
0.117095,0.0461218,,,
0.117498,0.0453987,,,
0.117903,0.0446274,,,
0.118309,0.0424006,,,
0.118716,0.0431879,,,
0.119125,0.0429514,,,
0.119535,0.0429865,,,
0.119946,0.0454092,,,
0.120359,0.0413949,,,
0.120773,0.0442849,,,
0.121189,0.0435084,,,
0.121606,0.0447715,,,
0.122025,0.0445005,,,
0.122445,0.0417399,,,
0.122866,0.0417153,,,
0.123289,0.0418153,,,
0.123714,0.0452644,,,
0.124139,0.0426159,,,
0.124567,0.0439119,,,
0.124996,0.0450989,,,
0.125426,0.0419019,,,
0.125858,0.0407734,,,
0.126291,0.0426028,,,
0.126726,0.0425753,,,
0.127162,0.0428271,,,
0.127599,0.0434029,,,
0.128039,0.043361,,,
0.128479,0.0423377,,,
0.128922,0.0404471,,,
0.129365,0.0474574,,,
0.129811,0.0400645,,,
0.130258,0.0428508,,,
0.130706,0.0424425,,,
0.131156,0.0412383,,,
0.131607,0.0421703,,,
0.13206,0.0411219,,,
0.132515,0.0417269,,,
0.132971,0.0428204,,,
0.133429,0.0444633,,,
0.133888,0.0441436,,,
0.134349,0.042906,,,
0.134811,0.0427742,,,
0.135276,0.0450029,,,
0.135741,0.0449246,,,
0.136208,0.0409544,,,
0.136677,0.0421516,,,
0.137148,0.0407558,,,
0.13762,0.0409673,,,
0.138094,0.0444391,,,
0.138569,0.0434782,,,
0.139046,0.041278,,,
0.139525,0.038783,,,
0.140005,0.0424599,,,
0.140487,0.0435084,,,
0.14097,0.0419435,,,
0.141456,0.0428624,,,
0.141943,0.0418519,,,
0.142431,0.0409165,,,
0.142921,0.0436683,,,
0.143413,0.0399956,,,
0.143907,0.0440118,,,
0.144402,0.0433431,,,
0.144899,0.0416836,,,
0.145398,0.0423852,,,
0.145899,0.0430809,,,
0.146401,0.0408898,,,
0.146905,0.0431158,,,
0.147411,0.0417116,,,
0.147918,0.0419713,,,
0.148427,0.0407857,,,
0.148938,0.0436887,,,
0.149451,0.0431194,,,
0.149965,0.0430915,,,
0.150481,0.0402359,,,
0.150999,0.0406254,,,
0.151519,0.0421639,,,
0.152041,0.0402389,,,
0.152564,0.0402763,,,
0.153089,0.041204,,,
0.153616,0.0407094,,,
0.154145,0.0422641,,,
0.154676,0.0403494,,,
0.155208,0.0401821,,,
0.155742,0.0436981,,,
0.156278,0.0404215,,,
0.156816,0.040706,,,
0.157356,0.0413808,,,
0.157898,0.0410656,,,
0.158441,0.0401042,,,
0.158987,0.0420531,,,
0.159534,0.0400383,,,
0.160083,0.0403077,,,
0.160634,0.0423013,,,
0.161187,0.0421236,,,
0.161742,0.0396455,,,
0.162299,0.0408514,,,
0.162857,0.0410475,,,
0.163418,0.0406334,,,
0.163981,0.041718,,,
0.164545,0.0411108,,,
0.165111,0.0442164,,,
0.16568,0.0401913,,,
0.16625,0.0431882,,,
0.166822,0.0424803,,,
0.167397,0.0407852,,,
0.167973,0.0426273,,,
0.168551,0.0401003,,,
0.169131,0.0422152,,,
0.169713,0.0402413,,,
0.170298,0.0410866,,,
0.170884,0.0397511,,,
0.171472,0.0409741,,,
0.172062,0.0411862,,,
0.172654,0.0417836,,,
0.173249,0.039498,,,
0.173845,0.0418027,,,
0.174444,0.0425507,,,
0.175044,0.041237,,,
0.175647,0.0415317,,,
0.176251,0.0417399,,,
0.176858,0.0431004,,,
0.177467,0.0443887,,,
0.178078,0.0409174,,,
0.178691,0.0427117,,,
0.179306,0.0414897,,,
0.179923,0.0410638,,,
0.180542,0.0405667,,,
0.181164,0.0420469,,,
0.181787,0.0397261,,,
0.182413,0.0417373,,,
0.183041,0.0432457,,,
0.183671,0.0429424,,,
0.184303,0.0408523,,,
0.184938,0.0410697,,,
0.185574,0.0419286,,,
0.186213,0.0428035,,,
0.186854,0.0401971,,,
0.187497,0.0455234,,,
0.188143,0.0416053,,,
0.18879,0.040777,,,
0.18944,0.0416044,,,
0.190092,0.0403029,,,
0.190747,0.0430026,,,
0.191403,0.0417514,,,
0.192062,0.04153,,,
0.192723,0.0426453,,,
0.193387,0.0414738,,,
0.194052,0.0428826,,,
0.19472,0.0423867,,,
0.19539,0.042708,,,
0.196063,0.0420836,,,
0.196738,0.043164,,,
0.197415,0.0419193,,,
0.198095,0.0425242,,,
0.198777,0.0418219,,,
0.199461,0.041443,,,
0.200147,0.0426187,,,
0.200836,0.0412681,,,
0.201528,0.0428688,,,
0.202221,0.0428041,,,
0.202917,0.0418524,,,
0.203616,0.0413152,,,
0.204317,0.0410479,,,
0.20502,0.0419523,,,
0.205726,0.0415908,,,
0.206434,0.0422631,,,
0.207145,0.0427561,,,
0.207858,0.041602,,,
0.208573,0.0423989,,,
0.209291,0.0403165,,,
0.210012,0.0407783,,,
0.210734,0.0433209,,,
0.21146,0.0422002,,,
0.212188,0.0428365,,,
0.212918,0.0407389,,,
0.213651,0.0404237,,,
0.214386,0.0425462,,,
0.215124,0.0405875,,,
0.215865,0.0426481,,,
0.216608,0.0422547,,,
0.217354,0.0441043,,,
0.218102,0.042935,,,
0.218853,0.0407573,,,
0.219606,0.0424978,,,
0.220362,0.0395581,,,
0.22112,0.0414622,,,
0.221882,0.0419855,,,
0.222645,0.0435265,,,
0.223412,0.0422082,,,
0.224181,0.0409456,,,
0.224952,0.0399013,,,
0.225727,0.0408315,,,
0.226504,0.043802,,,
0.227283,0.0414558,,,
0.228066,0.0433069,,,
0.228851,0.0418257,,,
0.229639,0.0425017,,,
0.230429,0.0428794,,,
0.231222,0.0430366,,,
0.232018,0.0437535,,,
0.232817,0.0431108,,,
0.233618,0.0426454,,,
0.234422,0.0441692,,,
0.235229,0.0426206,,,
0.236039,0.0429748,,,
0.236852,0.043115,,,
0.237667,0.0413658,,,
0.238485,0.0421885,,,
0.239306,0.0421946,,,
0.24013,0.0423068,,,
0.240956,0.0409955,,,
0.241786,0.0455673,,,
0.242618,0.043365,,,
0.243453,0.0423999,,,
0.244291,0.0435829,,,
0.245132,0.045023,,,
0.245976,0.0408361,,,
0.246822,0.0429317,,,
0.247672,0.0440341,,,
0.248525,0.0441585,,,
0.24938,0.0422511,,,
0.250239,0.0426626,,,
0.2511,0.0422353,,,
0.251964,0.0440049,,,
0.252832,0.0439713,,,
0.253702,0.043442,,,
0.254575,0.0459595,,,
0.255452,0.0415078,,,
0.256331,0.0431489,,,
0.257213,0.0429285,,,
0.258099,0.0449681,,,
0.258987,0.0428545,,,
0.259878,0.0436396,,,
0.260773,0.0427855,,,
0.261671,0.04366,,,
0.262571,0.0431522,,,
0.263475,0.0447353,,,
0.264382,0.0422263,,,
0.265292,0.04336,,,
0.266205,0.0430956,,,
0.267122,0.0446253,,,
0.268041,0.043301,,,
0.268964,0.0451168,,,
0.26989,0.0442497,,,
0.270819,0.0431639,,,
0.271751,0.0445801,,,
0.272686,0.0443672,,,
0.273625,0.0444723,,,
0.274567,0.0448743,,,
0.275512,0.0438288,,,
0.27646,0.0433809,,,
0.277412,0.0427043,,,
0.278367,0.0429634,,,
0.279325,0.0436572,,,
0.280287,0.0468623,,,
0.281252,0.0465213,,,
0.28222,0.0445417,,,
0.283191,0.043997,,,
0.284166,0.0447825,,,
0.285144,0.0437945,,,
0.286126,0.0434413,,,
0.287111,0.0440533,,,
0.288099,0.0445865,,,
0.289091,0.0440434,,,
0.290086,0.0431892,,,
0.291084,0.045042,,,
0.292086,0.0423803,,,
0.293092,0.0464861,,,
0.294101,0.044819,,,
0.295113,0.0453094,,,
0.296129,0.0461344,,,
0.297148,0.0438858,,,
0.298171,0.0457183,,,
0.299197,0.0461298,,,
0.300227,0.0472747,,,
0.301261,0.0466985,,,
0.302298,0.0450052,,,
0.303338,0.0451603,,,
0.304382,0.0438209,,,
0.30543,0.0471619,,,
0.306482,0.044718,,,
0.307536,0.0456184,,,
0.308595,0.0437358,,,
0.309657,0.0468781,,,
0.310723,0.0466793,,,
0.311793,0.0451679,,,
0.312866,0.0443839,,,
0.313943,0.0454985,,,
0.315024,0.0451171,,,
0.316108,0.0490522,,,
0.317196,0.0468013,,,
0.318288,0.0450981,,,
0.319384,0.0462986,,,
0.320483,0.0457617,,,
0.321586,0.0467477,,,
0.322693,0.0465208,,,
0.323804,0.0461865,,,
0.324919,0.0461678,,,
0.326037,0.0472032,,,
0.327159,0.0464899,,,
0.328286,0.0468708,,,
0.329416,0.0457037,,,
0.330549,0.0456936,,,
0.331687,0.0478449,,,
0.332829,0.0467194,,,
0.333975,0.0477867,,,
0.335124,0.0452783,,,
0.336278,0.0476237,,,
0.337435,0.0473243,,,
0.338597,0.0467229,,,
0.339763,0.0476408,,,
0.340932,0.0458155,,,
0.342106,0.0474703,,,
0.343283,0.0469767,,,
0.344465,0.0478585,,,
0.345651,0.0474778,,,
0.34684,0.0465368,,,
0.348034,0.0460936,,,
0.349232,0.0498141,,,
0.350434,0.047526,,,
0.351641,0.0469068,,,
0.352851,0.0466076,,,
0.354066,0.0480564,,,
0.355285,0.047033,,,
0.356508,0.0476875,,,
0.357735,0.0481669,,,
0.358966,0.0483607,,,
0.360202,0.0476893,,,
0.361442,0.0477047,,,
0.362686,0.0487176,,,
0.363934,0.0485547,,,
0.365187,0.0494501,,,
0.366444,0.0470654,,,
0.367705,0.0484998,,,
0.368971,0.0471326,,,
0.370241,0.0471907,,,
0.371516,0.0479117,,,
0.372795,0.0495193,,,
0.374078,0.048878,,,
0.375365,0.0470774,,,
0.376658,0.0490342,,,
0.377954,0.0500915,,,
0.379255,0.0486079,,,
0.380561,0.047338,,,
0.381871,0.0480193,,,
0.383185,0.0493633,,,
0.384504,0.0491198,,,
0.385828,0.0487717,,,
0.387156,0.0492336,,,
0.388488,0.0489062,,,
0.389826,0.0504259,,,
0.391168,0.0494251,,,
0.392514,0.0495373,,,
0.393865,0.0488628,,,
0.395221,0.0484684,,,
0.396581,0.0484358,,,
0.397946,0.0491842,,,
0.399316,0.0485818,,,
0.400691,0.0491526,,,
0.40207,0.0497082,,,
0.403454,0.0505176,,,
0.404843,0.0496014,,,
0.406236,0.0493784,,,
0.407635,0.0512767,,,
0.409038,0.0497235,,,
0.410446,0.0500462,,,
0.411859,0.0501643,,,
0.413277,0.0507213,,,
0.414699,0.0495444,,,
0.416127,0.0500645,,,
0.417559,0.0497299,,,
0.418996,0.0487807,,,
0.420439,0.0510982,,,
0.421886,0.0528955,,,
0.423338,0.0509927,,,
0.424795,0.0505629,,,
0.426258,0.0513972,,,
0.427725,0.0520504,,,
0.429197,0.0525238,,,
0.430675,0.0499909,,,
0.432157,0.0517174,,,
0.433645,0.0507262,,,
0.435137,0.0503884,,,
0.436635,0.0526225,,,
0.438138,0.0513204,,,
0.439646,0.0508846,,,
0.44116,0.0513714,,,
0.442678,0.050372,,,
0.444202,0.052351,,,
0.445731,0.0518468,,,
0.447265,0.0520348,,,
0.448805,0.052842,,,
0.45035,0.0514979,,,
0.4519,0.0523406,,,
0.453456,0.0537422,,,
0.455017,0.0514285,,,
0.456583,0.0520884,,,
0.458155,0.0517447,,,
0.459732,0.0527055,,,
0.461314,0.0543587,,,
0.462902,0.0506427,,,
0.464495,0.053757,,,
0.466094,0.0513542,,,
0.467699,0.0529961,,,
0.469309,0.0535413,,,
0.470924,0.0522776,,,
0.472545,0.053753,,,
0.474172,0.0531708,,,
0.475804,0.0524901,,,
0.477442,0.0535543,,,
0.479085,0.0543696,,,
0.480734,0.0530248,,,
0.482389,0.0547363,,,
0.48405,0.0536782,,,
0.485716,0.0547803,,,
0.487388,0.055135,,,
0.489066,0.0536705,,,
0.490749,0.0551,,,
0.492438,0.0542177,,,
0.494133,0.0533457,,,
0.495834,0.0547198,,,
0.497541,0.0538912,,,
0.499254,0.0526263,,,
0.500972,0.0544514,,,
0.502697,0.0542577,,,
0.504427,0.0553346,,,
0.506164,0.0535519,,,
0.507906,0.0546444,,,
0.509654,0.0561163,,,
0.511409,0.0555371,,,
0.513169,0.0544437,,,
0.514935,0.0560477,,,
0.516708,0.0547371,,,
0.518486,0.0533644,,,
0.520271,0.0555539,,,
0.522062,0.0558412,,,
0.523859,0.0563187,,,
0.525662,0.0549623,,,
0.527472,0.0554893,,,
0.529288,0.0576167,,,
0.531109,0.0549994,,,
0.532938,0.0565014,,,
0.534772,0.056788,,,
0.536613,0.0561416,,,
0.53846,0.0567453,,,
0.540314,0.0557742,,,
0.542174,0.0578703,,,
0.54404,0.0549118,,,
0.545913,0.0559536,,,
0.547792,0.0549622,,,
0.549677,0.0576488,,,
0.551569,0.0555949,,,
0.553468,0.0571722,,,
0.555373,0.0553146,,,
0.557285,0.0567692,,,
0.559203,0.0576194,,,
0.561128,0.0578905,,,
0.56306,0.057788,,,
0.564998,0.0576194,,,
0.566943,0.0574681,,,
0.568894,0.0570141,,,
0.570853,0.0580547,,,
0.572818,0.0565742,,,
0.574789,0.0602306,,,
0.576768,0.0569945,,,
0.578753,0.0586003,,,
0.580745,0.0577892,,,
0.582744,0.0578076,,,
0.58475,0.0587147,,,
0.586763,0.057421,,,
0.588783,0.057725,,,
0.59081,0.058889,,,
0.592843,0.0596602,,,
0.594884,0.058307,,,
0.596932,0.0583258,,,
0.598987,0.0576,,,
0.601049,0.0590307,,,
0.603117,0.0582531,,,
0.605194,0.0595332,,,
0.607277,0.0592501,,,
0.609367,0.0583038,,,
0.611465,0.059916,,,
0.61357,0.0597087,,,
0.615682,0.0603947,,,
0.617801,0.0606684,,,
0.619927,0.0593627,,,
0.622061,0.0601507,,,
0.624203,0.0594464,,,
0.626351,0.0596423,,,
0.628507,0.0605229,,,
0.630671,0.0613495,,,
0.632842,0.0616674,,,
0.63502,0.0607884,,,
0.637206,0.0617,,,
0.639399,0.0608136,,,
0.6416,0.0613632,,,
0.643809,0.0622046,,,
0.646025,0.0610857,,,
0.648249,0.0622653,,,
0.65048,0.060811,,,
0.652719,0.0602033,,,
0.654966,0.0609668,,,
0.657221,0.0609984,,,
0.659483,0.0614137,,,
0.661753,0.0605092,,,
0.664031,0.0608513,,,
0.666317,0.0610662,,,
0.66861,0.0616325,,,
0.670912,0.0616244,,,
0.673221,0.0610136,,,
0.675539,0.0614629,,,
0.677864,0.0623583,,,
0.680197,0.0635767,,,
0.682539,0.0633206,,,
0.684888,0.0629991,,,
0.687246,0.0626713,,,
0.689611,0.0626273,,,
0.691985,0.0628757,,,
0.694367,0.0622713,,,
0.696757,0.0644746,,,
0.699156,0.0630054,,,
0.701562,0.0635305,,,
0.703977,0.0631376,,,
0.706401,0.0632029,,,
0.708832,0.0641223,,,
0.711272,0.0645376,,,
0.713721,0.0642947,,,
0.716177,0.0638012,,,
0.718643,0.0638718,,,
0.721116,0.0636194,,,
0.723599,0.06274,,,
0.726089,0.0655264,,,
0.728589,0.0640735,,,
0.731097,0.0636818,,,
0.733613,0.0644648,,,
0.736139,0.0646091,,,
0.738673,0.0657454,,,
0.741215,0.118252,,,
0.743767,0.0632719,,,
0.746327,0.0649455,,,
0.748896,0.0644176,,,
0.751474,0.0656493,,,
0.754061,0.0667023,,,
0.756656,0.0653848,,,
0.759261,0.0657747,,,
0.761874,0.0856006,,,
0.764497,0.0646991,,,
0.767128,0.0660516,,,
0.769769,0.0657242,,,
0.772419,0.0662204,,,
0.775078,0.0662104,,,
0.777746,0.0684709,,,
0.780423,0.0663123,,,
0.783109,0.0658147,,,
0.785805,0.0656302,,,
0.78851,0.067177,,,
0.791224,0.066782,,,
0.793948,0.0675419,,,
0.79668,0.0673886,,,
0.799423,0.067285,,,
0.802175,0.0670564,,,
0.804936,0.0674112,,,
0.807707,0.06712,,,
0.810487,0.0667572,,,
0.813277,0.0674915,,,
0.816076,0.0683257,,,
0.818885,0.067421,,,
0.821704,0.0679859,,,
0.824533,0.0679403,,,
0.827371,0.0678479,,,
0.830219,0.0691208,,,
0.833077,0.0684919,,,
0.835944,0.0691815,,,
0.838822,0.0682752,,,
0.841709,0.0691558,,,
0.844607,0.0693089,,,
0.847514,0.0677024,,,
0.850431,0.0687097,,,
0.853359,0.06887,,,
0.856296,0.0686707,,,
0.859244,0.070108,,,
0.862201,0.0683803,,,
0.865169,0.0688313,,,
0.868147,0.0689684,,,
0.871136,0.0694188,,,
0.874135,0.0706433,,,
0.877143,0.0711438,,,
0.880163,0.0706417,,,
0.883193,0.0698066,,,
0.886233,0.071887,,,
0.889283,0.0709331,,,
0.892344,0.0697456,,,
0.895416,0.0713794,,,
0.898498,0.0715648,,,
0.901591,0.070233,,,
0.904695,0.071122,,,
0.907809,0.0718091,,,
0.910934,0.07286,,,
0.914069,0.0718534,,,
0.917216,0.0726646,,,
0.920373,0.0720651,,,
0.923541,0.0715213,,,
0.92672,0.0727789,,,
0.92991,0.072419,,,
0.933111,0.0725068,,,
0.936323,0.0731549,,,
0.939546,0.0726146,,,
0.94278,0.0733407,,,
0.946026,0.0731181,,,
0.949282,0.0738011,,,
0.95255,0.0737744,,,
0.955829,0.0732356,,,
0.959119,0.0734849,,,
0.96242,0.0745943,,,
0.965733,0.0724442,,,
0.969057,0.0740988,,,
0.972393,0.0737549,,,
0.97574,0.0740614,,,
0.979099,0.0746016,,,
0.982469,0.0741993,,,
0.985851,0.0742557,,,
0.989245,0.0751435,,,
0.99265,0.0744364,,,
0.996067,0.0748637,,,
0.999495,0.0739253,,,
1.00294,0.0756639,,,
1.00639,0.0756196,,,
1.00985,0.0762275,,,
1.01333,0.0758701,,,
1.01682,0.0770708,,,
1.02032,0.0748535,,,
1.02383,0.0750063,,,
1.02735,0.0766222,,,
1.03089,0.0764504,,,
1.03444,0.0765999,,,
1.038,0.0761034,,,
1.04157,0.0772647,,,
1.04516,0.0768321,,,
1.04876,0.0783133,,,
1.05237,0.0762359,,,
1.05599,0.0770006,,,
1.05962,0.0775974,,,
1.06327,0.0764888,,,
1.06693,0.0788478,,,
1.0706,0.0772216,,,
1.07429,0.0770709,,,
1.07799,0.0786792,,,
1.0817,0.0767765,,,
1.08542,0.079115,,,
1.08916,0.0776386,,,
1.09291,0.0785909,,,
1.09667,0.0777472,,,
1.10044,0.0791299,,,
1.10423,0.0784958,,,
1.10803,0.0790638,,,
1.11185,0.0788634,,,
1.11567,0.0787679,,,
1.11951,0.0791408,,,
1.12337,0.0797545,,,
1.12723,0.0793638,,,
1.13111,0.0789766,,,
1.13501,0.0802852,,,
1.13891,0.0798881,,,
1.14283,0.0811201,,,
1.14677,0.0807185,,,
1.15072,0.0802611,,,
1.15468,0.0802699,,,
1.15865,0.0809382,,,
1.16264,0.0800564,,,
1.16664,0.0810234,,,
1.17066,0.0810392,,,
1.17469,0.0817696,,,
1.17873,0.0810262,,,
1.18279,0.0806651,,,
1.18686,0.0814572,,,
1.19095,0.0832997,,,
1.19505,0.0818472,,,
1.19916,0.0818281,,,
1.20329,0.0826343,,,
1.20743,0.0827291,,,
1.21158,0.0834827,,,
1.21576,0.0830436,,,
1.21994,0.0840125,,,
1.22414,0.0828556,,,
1.22835,0.0839339,,,
1.23258,0.0829403,,,
1.23682,0.0833143,,,
1.24108,0.0835929,,,
1.24535,0.0837928,,,
1.24964,0.084584,,,
1.25394,0.0850504,,,
1.25826,0.0840718,,,
1.26259,0.0857282,,,
1.26694,0.0853467,,,
1.2713,0.0849758,,,
1.27567,0.0848393,,,
1.28006,0.0848899,,,
1.28447,0.0846657,,,
1.28889,0.0854563,,,
1.29333,0.0861772,,,
1.29778,0.0863156,,,
1.30225,0.0868241,,,
1.30673,0.0864468,,,
1.31123,0.0864974,,,
1.31574,0.0870567,,,
1.32027,0.0876019,,,
1.32482,0.0874917,,,
1.32938,0.0871354,,,
1.33395,0.0865626,,,
1.33854,0.0878842,,,
1.34315,0.0878003,,,
1.34777,0.0873341,,,
1.35241,0.0874259,,,
1.35707,0.0885023,,,
1.36174,0.0873349,,,
1.36643,0.0880524,,,
1.37113,0.0888194,,,
1.37585,0.0875886,,,
1.38059,0.0892437,,,
1.38534,0.0890288,,,
1.39011,0.0894008,,,
1.39489,0.0878129,,,
1.3997,0.0883153,,,
1.40451,0.0898891,,,
1.40935,0.0888913,,,
1.4142,0.0910405,,,
1.41907,0.0899572,,,
1.42395,0.0905315,,,
1.42885,0.0900268,,,
1.43377,0.090014,,,
1.43871,0.0902998,,,
1.44366,0.0901801,,,
1.44863,0.0902953,,,
1.45362,0.0908277,,,
1.45862,0.091218,,,
1.46364,0.0911622,,,
1.46868,0.091987,,,
1.47373,0.0927224,,,
1.47881,0.0919557,,,
1.4839,0.0924647,,,
1.48901,0.0920628,,,
1.49413,0.0920316,,,
1.49927,0.093052,,,
1.50443,0.0939999,,,
1.50961,0.092568,,,
1.51481,0.0927383,,,
1.52002,0.0940596,,,
1.52526,0.093558,,,
1.53051,0.0933057,,,
1.53577,0.0950952,,,
1.54106,0.0949141,,,
1.54637,0.0934647,,,
1.55169,0.0940562,,,
1.55703,0.0944811,,,
1.56239,0.094084,,,
1.56777,0.0949774,,,
1.57316,0.0963744,,,
1.57858,0.0943455,,,
1.58401,0.0948328,,,
1.58947,0.095747,,,
1.59494,0.0971746,,,
1.60043,0.0962848,,,
1.60594,0.0954326,,,
1.61146,0.0963512,,,
1.61701,0.0958379,,,
1.62258,0.0974568,,,
1.62816,0.096576,,,
1.63377,0.0973054,,,
1.63939,0.0971802,,,
1.64503,0.0963514,,,
1.6507,0.0976018,,,
1.65638,0.0985783,,,
1.66208,0.0984354,,,
1.6678,0.0985446,,,
1.67354,0.0974608,,,
1.6793,0.0998066,,,
1.68508,0.0994337,,,
1.69088,0.0990338,,,
1.69671,0.0989216,,,
1.70255,0.0990631,,,
1.70841,0.0985464,,,
1.71429,0.0999258,,,
1.72019,0.099681,,,
1.72611,0.100572,,,
1.73205,0.100148,,,
1.73801,0.100155,,,
1.744,0.10045,,,
1.75,0.10135,,,
1.75602,0.1006,,,
1.76207,0.101065,,,
1.76813,0.101096,,,
1.77422,0.101573,,,
1.78033,0.100101,,,
1.78645,0.101696,,,
1.7926,0.101739,,,
1.79877,0.101881,,,
1.80497,0.102243,,,
1.81118,0.102013,,,
1.81741,0.103471,,,
1.82367,0.103457,,,
1.82995,0.103015,,,
1.83625,0.104345,,,
1.84257,0.102964,,,
1.84891,0.103901,,,
1.85527,0.104245,,,
1.86166,0.105501,,,
1.86807,0.10302,,,
1.8745,0.104709,,,
1.88095,0.103967,,,
1.88743,0.105587,,,
1.89392,0.105018,,,
1.90044,0.10463,,,
1.90698,0.106098,,,
1.91355,0.106199,,,
1.92014,0.106504,,,
1.92674,0.105237,,,
1.93338,0.106089,,,
1.94003,0.1072,,,
1.94671,0.106778,,,
1.95341,0.106152,,,
1.96014,0.10736,,,
1.96688,0.108444,,,
1.97365,0.107497,,,
1.98045,0.106209,,,
1.98726,0.109419,,,
1.9941,0.107927,,,
2.00097,0.108315,,,
2.00786,0.108948,,,
2.01477,0.109121,,,
2.0217,0.108473,,,
2.02866,0.108876,,,
2.03565,0.109388,,,
2.04265,0.10966,,,
2.04968,0.110151,,,
2.05674,0.110756,,,
2.06382,0.109584,,,
2.07092,0.109252,,,
2.07805,0.111359,,,
2.08521,0.110883,,,
2.09238,0.109851,,,
2.09959,0.111642,,,
2.10681,0.110578,,,
2.11406,0.111686,,,
2.12134,0.112281,,,
2.12864,0.111696,,,
2.13597,0.11149,,,
2.14332,0.111981,,,
2.1507,0.111943,,,
2.1581,0.112037,,,
2.16553,0.11236,,,
2.17299,0.112333,,,
2.18047,0.113502,,,
2.18797,0.113753,,,
2.19551,0.113455,,,
2.20306,0.114359,,,
2.21065,0.114938,,,
2.21826,0.114415,,,
2.22589,0.113891,,,
2.23355,0.11405,,,
2.24124,0.115699,,,
2.24896,0.115382,,,
2.2567,0.115786,,,
2.26447,0.115155,,,
2.27226,0.115959,,,
2.28008,0.115241,,,
2.28793,0.115394,,,
2.29581,0.116397,,,
2.30371,0.116471,,,
2.31164,0.116113,,,
2.3196,0.11496,,,
2.32758,0.116998,,,
2.33559,0.115655,,,
2.34363,0.117115,,,
2.3517,0.117706,,,
2.3598,0.117203,,,
2.36792,0.117315,,,
2.37607,0.118292,,,
2.38425,0.118048,,,
2.39245,0.117514,,,
2.40069,0.118144,,,
2.40895,0.119064,,,
2.41725,0.11956,,,
2.42557,0.118945,,,
2.43392,0.119683,,,
2.44229,0.120434,,,
2.4507,0.119973,,,
2.45914,0.119914,,,
2.4676,0.118703,,,
2.4761,0.12044,,,
2.48462,0.120829,,,
2.49317,0.119647,,,
2.50175,0.121361,,,
2.51037,0.121404,,,
2.51901,0.121046,,,
2.52768,0.120827,,,
2.53638,0.121062,,,
2.54511,0.12159,,,
2.55387,0.121305,,,
2.56266,0.122347,,,
2.57148,0.122659,,,
2.58033,0.122582,,,
2.58922,0.1227,,,
2.59813,0.123197,,,
2.60707,0.123191,,,
2.61605,0.12378,,,
2.62505,0.123606,,,
2.63409,0.12271,,,
2.64315,0.123869,,,
2.65225,0.124165,,,
2.66138,0.124387,,,
2.67054,0.124356,,,
2.67974,0.123962,,,
2.68896,0.124166,,,
2.69822,0.124548,,,
2.7075,0.123833,,,
2.71682,0.124842,,,
2.72618,0.12565,,,
2.73556,0.124657,,,
2.74498,0.124794,,,
2.75443,0.125267,,,
2.76391,0.12554,,,
2.77342,0.125283,,,
2.78297,0.125732,,,
2.79255,0.125669,,,
2.80216,0.126201,,,
2.81181,0.125803,,,
2.82148,0.125389,,,
2.8312,0.126272,,,
2.84094,0.126485,,,
2.85072,0.126502,,,
2.86053,0.127169,,,
2.87038,0.126542,,,
2.88026,0.126453,,,
2.89018,0.126572,,,
2.90012,0.127177,,,
2.91011,0.126203,,,
2.92013,0.128114,,,
2.93018,0.128399,,,
2.94026,0.126933,,,
2.95038,0.127136,,,
2.96054,0.127336,,,
2.97073,0.128829,,,
2.98096,0.127313,,,
2.99122,0.128598,,,
3.00151,0.127815,,,
3.01185,0.128194,,,
3.02221,0.128581,,,
3.03262,0.128836,,,
3.04306,0.128923,,,
3.05353,0.128741,,,
3.06404,0.12875,,,
3.07459,0.128628,,,
3.08517,0.129164,,,
3.09579,0.128429,,,
3.10645,0.129413,,,
3.11714,0.128344,,,
3.12787,0.129261,,,
3.13864,0.130136,,,
3.14944,0.129584,,,
3.16028,0.129197,,,
3.17116,0.130042,,,
3.18208,0.129524,,,
3.19303,0.128814,,,
3.20402,0.129216,,,
3.21505,0.129439,,,
3.22612,0.130083,,,
3.23722,0.129011,,,
3.24837,0.12975,,,
3.25955,0.129618,,,
3.27077,0.129394,,,
3.28203,0.129171,,,
3.29332,0.12942,,,
3.30466,0.129154,,,
3.31604,0.130019,,,
3.32745,0.129101,,,
3.3389,0.129686,,,
3.3504,0.131013,,,
3.36193,0.130015,,,
3.3735,0.130468,,,
3.38512,0.128987,,,
3.39677,0.129754,,,
3.40846,0.129707,,,
3.42019,0.129841,,,
3.43197,0.130392,,,
3.44378,0.13083,,,
3.45563,0.130121,,,
3.46753,0.129271,,,
3.47947,0.130088,,,
3.49144,0.128341,,,
3.50346,0.129681,,,
3.51552,0.129781,,,
3.52762,0.129405,,,
3.53976,0.130461,,,
3.55195,0.12899,,,
3.56418,0.130569,,,
3.57644,0.129044,,,
3.58876,0.130295,,,
3.60111,0.128855,,,
3.6135,0.129184,,,
3.62594,0.129656,,,
3.63842,0.129378,,,
3.65095,0.129118,,,
3.66352,0.12974,,,
3.67613,0.129081,,,
3.68878,0.128798,,,
3.70148,0.128804,,,
3.71422,0.128567,,,
3.72701,0.129179,,,
3.73983,0.128088,,,
3.75271,0.128489,,,
3.76563,0.128959,,,
3.77859,0.128792,,,
3.79159,0.127653,,,
3.80465,0.128809,,,
3.81774,0.128678,,,
3.83088,0.127609,,,
3.84407,0.127022,,,
3.8573,0.126331,,,
3.87058,0.1278,,,
3.8839,0.126929,,,
3.89727,0.127683,,,
3.91069,0.126783,,,
3.92415,0.126183,,,
3.93766,0.127218,,,
3.95121,0.126693,,,
3.96481,0.126697,,,
3.97846,0.126312,,,
3.99216,0.12745,,,
4.0059,0.125399,,,
4.01969,0.125783,,,
4.03352,0.125447,,,
4.04741,0.125824,,,
4.06134,0.125515,,,
4.07532,0.125437,,,
4.08935,0.125616,,,
4.10342,0.124975,,,
4.11755,0.124556,,,
4.13172,0.123436,,,
4.14595,0.124671,,,
4.16022,0.123795,,,
4.17454,0.123928,,,
4.18891,0.123754,,,
4.20333,0.123159,,,
4.21779,0.123037,,,
4.23231,0.123149,,,
4.24688,0.121885,,,
4.2615,0.122348,,,
4.27617,0.121782,,,
4.29089,0.122312,,,
4.30566,0.122324,,,
4.32048,0.121502,,,
4.33535,0.120937,,,
4.35028,0.120683,,,
4.36525,0.120889,,,
4.38028,0.120974,,,
4.39535,0.120039,,,
4.41048,0.119926,,,
4.42567,0.119888,,,
4.4409,0.11937,,,
4.45619,0.119227,,,
4.47153,0.119492,,,
4.48692,0.118734,,,
4.50236,0.118777,,,
4.51786,0.119023,,,
4.53341,0.11741,,,
4.54902,0.117553,,,
4.56468,0.117514,,,
4.58039,0.117597,,,
4.59616,0.116903,,,
4.61198,0.116697,,,
4.62785,0.116343,,,
4.64378,0.116456,,,
4.65977,0.11503,,,
4.67581,0.115064,,,
4.6919,0.114784,,,
4.70805,0.114844,,,
4.72426,0.11434,,,
4.74052,0.113825,,,
4.75684,0.113204,,,
4.77321,0.113356,,,
4.78964,0.113366,,,
4.80613,0.113361,,,
4.82268,0.112704,,,
4.83928,0.112446,,,
4.85593,0.111051,,,
4.87265,0.110904,,,
4.88942,0.111079,,,
4.90625,0.110602,,,
4.92314,0.110666,,,
4.94009,0.10986,,,
4.95709,0.108764,,,
4.97416,0.108992,,,
4.99128,0.109914,,,
5.00846,0.108777,,,
5.0257,0.108446,,,
5.043,0.108404,,,
5.06036,0.107154,,,
5.07778,0.107345,,,
5.09526,0.106815,,,
5.11279,0.106862,,,
5.13039,0.106983,,,
5.14805,0.107054,,,
5.16578,0.105196,,,
5.18356,0.105169,,,
5.2014,0.105075,,,
5.2193,0.104697,,,
5.23727,0.10357,,,
5.2553,0.104409,,,
5.27339,0.104107,,,
5.29154,0.102812,,,
5.30976,0.102601,,,
5.32803,0.10268,,,
5.34637,0.102096,,,
5.36478,0.101706,,,
5.38324,0.101211,,,
5.40177,0.10062,,,
5.42037,0.101001,,,
5.43903,0.100138,,,
5.45775,0.099371,,,
5.47653,0.0991634,,,
5.49539,0.098511,,,
5.5143,0.0988901,,,
5.53328,0.0975621,,,
5.55233,0.0980891,,,
5.57144,0.0972017,,,
5.59062,0.0968902,,,
5.60987,0.0964822,,,
5.62918,0.0961259,,,
5.64855,0.0958424,,,
5.668,0.0954027,,,
5.68751,0.0958593,,,
5.70708,0.0943284,,,
5.72673,0.0946867,,,
5.74644,0.0935123,,,
5.76622,0.0927107,,,
5.78607,0.0930992,,,
5.80599,0.0927056,,,
5.82597,0.0925951,,,
5.84603,0.0913398,,,
5.86615,0.091408,,,
5.88634,0.0908965,,,
5.90661,0.0904637,,,
5.92694,0.0900037,,,
5.94734,0.0899657,,,
5.96781,0.0896503,,,
5.98836,0.0879993,,,
6.00897,0.0883671,,,
6.02965,0.0879671,,,
6.05041,0.0875566,,,
6.07124,0.0865772,,,
6.09213,0.08665,,,
6.1131,0.0866081,,,
6.13415,0.0862104,,,
6.15526,0.0860158,,,
6.17645,0.0858301,,,
6.19771,0.0848038,,,
6.21904,0.0844388,,,
6.24045,0.084057,,,
6.26193,0.0835177,,,
6.28349,0.0829799,,,
6.30512,0.0820555,,,
6.32682,0.082288,,,
6.3486,0.0818504,,,
6.37045,0.0817909,,,
6.39238,0.0807691,,,
6.41439,0.0803161,,,
6.43647,0.0798366,,,
6.45862,0.0795853,,,
6.48085,0.079104,,,
6.50316,0.0789085,,,
6.52555,0.0784926,,,
6.54801,0.0779838,,,
6.57055,0.0777841,,,
6.59317,0.076884,,,
6.61586,0.0769721,,,
6.63863,0.0762754,,,
6.66149,0.076291,,,
6.68442,0.076311,,,
6.70743,0.0753648,,,
6.73051,0.07479,,,
6.75368,0.0742719,,,
6.77693,0.0744045,,,
6.80026,0.0729893,,,
6.82367,0.0727577,,,
6.84715,0.0730566,,,
6.87072,0.0719584,,,
6.89437,0.0716481,,,
6.91811,0.0717615,,,
6.94192,0.0707417,,,
6.96582,0.0704734,,,
6.98979,0.0706561,,,
7.01385,0.0694189,,,
7.038,0.069095,,,
7.06222,0.06896,,,
7.08653,0.0678733,,,
7.11093,0.0679889,,,
7.13541,0.0677159,,,
7.15997,0.0673611,,,
7.18461,0.0663518,,,
7.20934,0.0660641,,,
7.23416,0.0658964,,,
7.25906,0.0654415,,,
7.28405,0.064995,,,
7.30912,0.0648013,,,
7.33428,0.0643736,,,
7.35953,0.0638048,,,
7.38486,0.063076,,,
7.41028,0.0631146,,,
7.43579,0.0624966,,,
7.46139,0.0624923,,,
7.48707,0.0614475,,,
7.51284,0.0610874,,,
7.5387,0.0609693,,,
7.56465,0.0606114,,,
7.59069,0.0605027,,,
7.61682,0.0597958,,,
7.64304,0.0592725,,,
7.66935,0.0589098,,,
7.69575,0.058575,,,
7.72224,0.0585063,,,
7.74882,0.0576295,,,
7.77549,0.0577968,,,
7.80226,0.0570432,,,
7.82912,0.0565236,,,
7.85607,0.0569009,,,
7.88311,0.0558247,,,
7.91024,0.0555134,,,
7.93747,0.0554634,,,
7.96479,0.0550349,,,
7.99221,0.0541258,,,
8.01972,0.05394,,,
8.04733,0.0538651,,,
8.07503,0.0533665,,,
8.10283,0.0527762,,,
8.13072,0.0522533,,,
8.1587,0.052211,,,
8.18679,0.0516378,,,
8.21497,0.0508893,,,
8.24325,0.0510402,,,
8.27162,0.0505087,,,
8.3001,0.0501915,,,
8.32867,0.0497261,,,
8.35734,0.0494313,,,
8.3861,0.0485826,,,
8.41497,0.0486398,,,
8.44394,0.0484134,,,
8.473,0.048038,,,
8.50217,0.0478462,,,
8.53143,0.0475046,,,
8.5608,0.0468616,,,
8.59027,0.0463397,,,
8.61984,0.046016,,,
8.64951,0.0461098,,,
8.67928,0.0453491,,,
8.70916,0.0450699,,,
8.73914,0.0449316,,,
8.76922,0.0445829,,,
8.79941,0.0436646,,,
8.8297,0.0438771,,,
8.86009,0.0430678,,,
8.89059,0.0431767,,,
8.92119,0.0424162,,,
8.9519,0.0425742,,,
8.98272,0.0420655,,,
9.01364,0.0417793,,,
9.04466,0.041032,,,
9.0758,0.0410749,,,
9.10704,0.0407049,,,
9.13839,0.0405392,,,
9.16984,0.0398675,,,
9.20141,0.0395679,,,
9.23308,0.0391888,,,
9.26486,0.0391424,,,
9.29676,0.0386198,,,
9.32876,0.0383415,,,
9.36087,0.0379896,,,
9.39309,0.0381639,,,
9.42542,0.0373649,,,
9.45787,0.0370894,,,
9.49042,0.037025,,,
9.52309,0.0366988,,,
9.55587,0.0362259,,,
9.58877,0.0358311,,,
9.62177,0.0354639,,,
9.65489,0.0351376,,,
9.68813,0.0350781,,,
9.72148,0.0346983,,,
9.75494,0.0343648,,,
9.78852,0.0341089,,,
9.82221,0.0340244,,,
9.85602,0.0334163,,,
9.88995,0.0333643,,,
9.92399,0.0331011,,,
9.95816,0.0325554,,,
9.99243,0.0326089,,,
10.0268,0.0321916,,,
10.0613,0.0317858,,,
10.096,0.0315472,,,
10.1307,0.0313592,,,
10.1656,0.0310439,,,
10.2006,0.0306152,,,
10.2357,0.0306278,,,
10.2709,0.0303271,,,
10.3063,0.0297207,,,
10.3418,0.0298934,,,
10.3774,0.0293706,,,
10.4131,0.0288578,,,
10.4489,0.0288549,,,
10.4849,0.0285815,,,
10.521,0.0281628,,,
10.5572,0.0279988,,,
10.5936,0.0280253,,,
10.63,0.0273119,,,
10.6666,0.0272738,,,
10.7033,0.0270228,,,
10.7402,0.0268423,,,
10.7771,0.0264134,,,
10.8142,0.0260761,,,
10.8515,0.0261086,,,
10.8888,0.0256564,,,
10.9263,0.0255769,,,
10.9639,0.0253661,,,
11.0016,0.0249911,,,
11.0395,0.024671,,,
11.0775,0.0245322,,,
11.1156,0.0246337,,,
11.1539,0.0241707,,,
11.1923,0.0239052,,,
11.2308,0.0236672,,,
11.2695,0.0236938,,,
11.3083,0.0232032,,,
11.3472,0.0230005,,,
11.3863,0.0228581,,,
11.4255,0.0224,,,
11.4648,0.0224977,,,
11.5043,0.0220166,,,
11.5439,0.0219743,,,
11.5836,0.0214673,,,
11.6235,0.0211329,,,
11.6635,0.0214245,,,
11.7036,0.0211131,,,
11.7439,0.0207636,,,
11.7843,0.0208637,,,
11.8249,0.0205352,,,
11.8656,0.0202558,,,
11.9065,0.019938,,,
11.9474,0.0197744,,,
11.9886,0.0197629,,,
12.0298,0.0194804,,,
12.0712,0.0194267,,,
12.1128,0.0191044,,,
12.1545,0.0188514,,,
12.1963,0.0186296,,,
12.2383,0.0185234,,,
12.2804,0.0181911,,,
12.3227,0.018177,,,
12.3651,0.0179057,,,
12.4077,0.0176462,,,
12.4504,0.0174655,,,
12.4933,0.0173046,,,
12.5363,0.0172202,,,
12.5794,0.0171877,,,
12.6227,0.0168367,,,
12.6662,0.0165629,,,
12.7098,0.0163226,,,
12.7535,0.01621,,,
12.7974,0.016124,,,
12.8415,0.0158794,,,
12.8857,0.0158358,,,
12.93,0.015624,,,
12.9745,0.0154387,,,
13.0192,0.0152426,,,
13.064,0.0151545,,,
13.109,0.0150574,,,
13.1541,0.0149889,,,
13.1994,0.0144867,,,
13.2448,0.0147136,,,
13.2904,0.0143842,,,
13.3362,0.0143626,,,
13.3821,0.0139915,,,
13.4281,0.0137913,,,
13.4743,0.0137008,,,
13.5207,0.0135521,,,
13.5673,0.0133751,,,
13.614,0.0133917,,,
13.6608,0.0132025,,,
13.7079,0.0131166,,,
13.755,0.0128168,,,
13.8024,0.0127349,,,
13.8499,0.0125053,,,
13.8976,0.0125984,,,
13.9454,0.0122158,,,
13.9934,0.012188,,,
14.0416,0.0120667,,,
14.0899,0.0119036,,,
14.1384,0.0117425,,,
14.1871,0.011681,,,
14.2359,0.0114735,,,
14.2849,0.0113582,,,
14.3341,0.0112844,,,
14.3834,0.0111854,,,
14.433,0.0109599,,,
14.4826,0.0108487,,,
14.5325,0.0107128,,,
14.5825,0.0106423,,,
14.6327,0.0105431,,,
14.6831,0.0104027,,,
14.7336,0.010301,,,
14.7843,0.0101541,,,
14.8352,0.0100557,,,
14.8863,0.0099118,,,
14.9375,0.00966061,,,
14.989,0.00953874,,,
15.0406,0.00957668,,,
15.0923,0.00945437,,,
15.1443,0.00937808,,,
15.1964,0.00928462,,,
15.2487,0.00912312,,,
15.3012,0.00905409,,,
15.3539,0.00896015,,,
15.4067,0.00883915,,,
15.4598,0.00872696,,,
15.513,0.00863785,,,
15.5664,0.00852289,,,
15.62,0.00836893,,,
15.6737,0.0082712,,,
15.7277,0.00832168,,,
15.7818,0.0082153,,,
15.8361,0.00797999,,,
15.8907,0.00798421,,,
15.9454,0.00779297,,,
16.0002,0.00775502,,,
16.0553,0.0077487,,,
16.1106,0.00761162,,,
16.166,0.00756325,,,
16.2217,0.0074306,,,
16.2775,0.00731397,,,
16.3336,0.00722327,,,
16.3898,0.00718117,,,
16.4462,0.00708019,,,
16.5028,0.00700063,,,
16.5596,0.00696538,,,
16.6166,0.00686786,,,
16.6738,0.00673569,,,
16.7312,0.00668521,,,
16.7888,0.0065536,,,
16.8466,0.00654881,,,
16.9046,0.00644649,,,
16.9628,0.00634928,,,
17.0212,0.00629139,,,
17.0798,0.00619245,,,
17.1385,0.00616564,,,
17.1975,0.00602514,,,
17.2567,0.00602176,,,
17.3161,0.00596979,,,
17.3757,0.00580884,,,
17.4356,0.0057892,,,
17.4956,0.00569965,,,
17.5558,0.00564097,,,
17.6162,0.00555276,,,
17.6769,0.00551261,,,
17.7377,0.00542426,,,
17.7988,0.00539846,,,
17.86,0.00533047,,,
17.9215,0.00524718,,,
17.9832,0.00522567,,,
18.0451,0.00512116,,,
18.1072,0.00500089,,,
18.1696,0.00495523,,,
18.2321,0.00498603,,,
18.2949,0.00485168,,,
18.3578,0.00480786,,,
18.421,0.0047533,,,
18.4844,0.00473238,,,
18.5481,0.00468032,,,
18.6119,0.00454663,,,
18.676,0.00451814,,,
18.7403,0.00445926,,,
18.8048,0.00441905,,,
18.8695,0.00442582,,,
18.9345,0.0042733,,,
18.9996,0.00429496,,,
19.065,0.00425767,,,
19.1307,0.00416012,,,
19.1965,0.00416381,,,
19.2626,0.00408358,,,
19.3289,0.00403839,,,
19.3954,0.00397582,,,
19.4622,0.0039313,,,
19.5292,0.00387937,,,
19.5964,0.00384497,,,
19.6639,0.00380057,,,
19.7316,0.00379709,,,
19.7995,0.00367036,,,
19.8676,0.00360011,,,
19.936,0.00364373,,,
20.0046,0.00360697,,,
20.0735,0.00350804,,,
20.1426,0.00347515,,,
20.2119,0.00347979,,,
20.2815,0.00340746,,,
20.3513,0.00336714,,,
20.4214,0.00332314,,,
20.4917,0.00325753,,,
20.5622,0.00321985,,,
20.633,0.00316511,,,
20.704,0.00317152,,,
20.7753,0.00309923,,,
20.8468,0.00309717,,,
20.9186,0.00308426,,,
20.9906,0.00301674,,,
21.0628,0.00294724,,,
21.1353,0.00294108,,,
21.2081,0.00292531,,,
21.2811,0.00283087,,,
21.3543,0.00282871,,,
21.4278,0.00280374,,,
21.5016,0.00275629,,,
21.5756,0.00274682,,,
21.6499,0.00266884,,,
21.7244,0.00266176,,,
21.7992,0.00264536,,,
21.8742,0.0025956,,,
21.9495,0.00254835,,,
22.0251,0.00256669,,,
22.1009,0.00255162,,,
22.177,0.00249359,,,
22.2533,0.00246474,,,
22.3299,0.0024063,,,
22.4068,0.0023768,,,
22.4839,0.00235347,,,
22.5613,0.00230601,,,
22.6389,0.0022951,,,
22.7169,0.0022678,,,
22.7951,0.00223456,,,
22.8735,0.00221697,,,
22.9523,0.00220171,,,
23.0313,0.00215359,,,
23.1106,0.00212656,,,
23.1901,0.00209709,,,
23.2699,0.00208035,,,
23.35,0.00207209,,,
23.4304,0.00205251,,,
23.5111,0.00200119,,,
23.592,0.00199464,,,
23.6732,0.00197214,,,
23.7547,0.00192983,,,
23.8365,0.00192607,,,
23.9185,0.00190047,,,
24.0008,0.00188349,,,
24.0835,0.00183966,,,
24.1664,0.00182322,,,
24.2496,0.00182047,,,
24.333,0.00176674,,,
24.4168,0.00179214,,,
24.5008,0.00173913,,,
24.5852,0.00172664,,,
24.6698,0.00169402,,,
24.7547,0.00167685,,,
24.8399,0.00166914,,,
24.9254,0.00165189,,,
25.0112,0.00163726,,,
25.0973,0.00160735,,,
25.1837,0.00160069,,,
25.2704,0.00156509,,,
25.3574,0.00154701,,,
25.4447,0.00153053,,,
25.5323,0.00152915,,,
25.6202,0.00148187,,,
25.7083,0.00146895,,,
25.7968,0.00146053,,,
25.8856,0.00143693,,,
25.9747,0.00143385,,,
26.0641,0.00139978,,,
26.1539,0.00139784,,,
26.2439,0.00136539,,,
26.3342,0.00137538,,,
26.4249,0.00132932,,,
26.5158,0.00134199,,,
26.6071,0.0013101,,,
26.6987,0.00129223,,,
26.7906,0.00128308,,,
26.8828,0.00126171,,,
26.9754,0.00124305,,,
27.0682,0.00123729,,,
27.1614,0.00122299,,,
27.2549,0.00121225,,,
27.3487,0.00120512,,,
27.4428,0.00119999,,,
27.5373,0.00118206,,,
27.6321,0.00116171,,,
27.7272,0.00113124,,,
27.8227,0.00112515,,,
27.9184,0.00112603,,,
28.0145,0.00110419,,,
28.111,0.00109234,,,
28.2077,0.00107758,,,
28.3048,0.00107468,,,
28.4023,0.0010547,,,
28.5,0.00103546,,,
28.5981,0.00102705,,,
28.6966,0.00101424,,,
28.7954,0.00100818,,,
28.8945,0.00100502,,,
28.9939,0.000986294,,,
29.0937,0.000972979,,,
29.1939,0.000976522,,,
29.2944,0.000950299,,,
29.3952,0.000954039,,,
29.4964,0.000925998,,,
29.5979,0.00092519,,,
29.6998,0.000903285,,,
29.802,0.000908304,,,
29.9046,0.000892292,,,
30.0076,0.000884757,,,
30.1109,0.000866696,,,
30.2145,0.000862901,,,
30.3185,0.000862985,,,
30.4229,0.000843024,,,
30.5276,0.000825243,,,
30.6327,0.00082865,,,
30.7381,0.000811146,,,
30.8439,0.000791142,,,
30.9501,0.00080386,,,
31.0566,0.000777445,,,
31.1636,0.000779007,,,
31.2708,0.000760082,,,
31.3785,0.000761783,,,
31.4865,0.000750259,,,
31.5949,0.000745122,,,
31.7036,0.000736717,,,
31.8128,0.000723327,,,
31.9223,0.000719054,,,
32.0321,0.000708265,,,
32.1424,0.000700598,,,
32.253,0.000693177,,,
32.3641,0.000682269,,,
32.4755,0.000681274,,,
32.5873,0.00067091,,,
32.6994,0.000665351,,,
32.812,0.00064091,,,
32.9249,0.000647639,,,
33.0383,0.000635463,,,
33.152,0.000645321,,,
33.2661,0.000621117,,,
33.3806,0.000614913,,,
33.4955,0.000614962,,,
33.6108,0.000597661,,,
33.7265,0.000592359,,,
33.8426,0.000586001,,,
33.9591,0.000588139,,,
34.076,0.000580123,,,
34.1933,0.000572975,,,
34.311,0.000553955,,,
34.4291,0.000547,,,
34.5476,0.000537928,,,
34.6665,0.000544748,,,
34.7859,0.000530004,,,
34.9056,0.000528515,,,
35.0258,0.000514583,,,
35.1463,0.000515541,,,
35.2673,0.000506504,,,
35.3887,0.00050285,,,
35.5105,0.000498505,,,
35.6328,0.000496007,,,
35.7554,0.000487898,,,
35.8785,0.000478796,,,
36.002,0.000467384,,,
36.1259,0.000476866,,,
36.2503,0.00046438,,,
36.3751,0.000454276,,,
36.5003,0.000454182,,,
36.6259,0.000450055,,,
36.752,0.000435978,,,
36.8785,0.000441452,,,
37.0054,0.000430042,,,
37.1328,0.0004246,,,
37.2606,0.000423135,,,
37.3889,0.000413945,,,
37.5176,0.000408848,,,
37.6468,0.000408933,,,
37.7763,0.000404143,,,
37.9064,0.000390104,,,
38.0369,0.000386022,,,
38.1678,0.0003886,,,
38.2992,0.000381526,,,
38.431,0.000373019,,,
38.5633,0.000367635,,,
38.696,0.00035912,,,
38.8292,0.000356892,,,
38.9629,0.000355083,,,
39.097,0.000357333,,,
39.2316,0.000346462,,,
39.3666,0.000340624,,,
39.5022,0.000335457,,,
39.6381,0.000334725,,,
39.7746,0.000328087,,,
39.9115,0.000325451,,,
40.0489,0.000324685,,,
40.1867,0.000315677,,,
40.3251,0.000310727,,,
40.4639,0.000306583,,,
40.6032,0.000305602,,,
40.7429,0.000300977,,,
40.8832,0.000298181,,,
41.0239,0.000293333,,,
41.1651,0.000292609,,,
41.3068,0.000285009,,,
41.449,0.000279973,,,
41.5917,0.000277446,,,
41.7348,0.000274537,,,
41.8785,0.000277164,,,
42.0227,0.000266708,,,
42.1673,0.000269496,,,
42.3125,0.000261586,,,
42.4581,0.000258945,,,
42.6043,0.000251696,,,
42.7509,0.000253766,,,
42.8981,0.000249158,,,
43.0457,0.000243161,,,
43.1939,0.000242295,,,
43.3426,0.000236751,,,
43.4918,0.000238675,,,
43.6415,0.000230757,,,
43.7917,0.000228694,,,
43.9425,0.000231462,,,
44.0937,0.000227365,,,
44.2455,0.000220883,,,
44.3978,0.000221867,,,
44.5506,0.000219878,,,
44.704,0.000215126,,,
44.8579,0.000214663,,,
45.0123,0.000207496,,,
45.1672,0.000206796,,,
45.3227,0.000203579,,,
45.4787,0.000201466,,,
45.6353,0.000196288,,,
45.7923,0.000200516,,,
45.95,0.00019765,,,
46.1081,0.000187246,,,
46.2669,0.000192435,,,
46.4261,0.00019084,,,
46.5859,0.00018454,,,
46.7463,0.000181697,,,
46.9072,0.000183656,,,
47.0687,0.000183439,,,
47.2307,0.000173755,,,
47.3933,0.000174909,,,
47.5564,0.000174162,,,
47.7201,0.00016923,,,
47.8844,0.000171867,,,
48.0492,0.000168504,,,
48.2146,0.000165628,,,
48.3806,0.000162083,,,
48.5471,0.000167083,,,
48.7142,0.000158649,,,
48.8819,0.000160816,,,
49.0501,0.000158845,,,
49.219,0.000156027,,,
49.3884,0.000153638,,,
49.5584,0.000149721,,,
49.729,0.000151463,,,
49.9002,0.000149715,,,
50.072,0.000147465,,,
50.2443,0.000145527,,,
50.4173,0.000143914,,,
50.5908,0.000141005,,,
50.765,0.00013931,,,
50.9397,0.00013875,,,
51.1151,0.000135864,,,
51.291,0.000138865,,,
51.4676,0.000135979,,,
51.6447,0.000131851,,,
51.8225,0.000132185,,,
52.0009,0.000131242,,,
52.1799,0.000126825,,,
52.3595,0.000127471,,,
52.5397,0.000124574,,,
52.7206,0.000123607,,,
52.9021,0.000124156,,,
53.0842,0.000121046,,,
53.2669,0.000119334,,,
53.4502,0.000119944,,,
53.6342,0.000116933,,,
53.8188,0.000118192,,,
54.0041,0.000116754,,,
54.19,0.000115414,,,
54.3765,0.000113613,,,
54.5637,0.000111454,,,
54.7515,0.000111211,,,
54.94,0.000109259,,,
55.1291,0.000107528,,,
55.3189,0.000105214,,,
55.5093,0.000106709,,,
55.7004,0.000105308,,,
55.8921,0.000104243,,,
56.0845,0.00010425,,,
56.2776,0.000101425,,,
56.4713,0.000100463,,,
56.6657,9.82E-05,,,
56.8607,9.76E-05,,,
57.0565,9.76E-05,,,
57.2529,9.57E-05,,,
57.4499,9.38E-05,,,
57.6477,9.42E-05,,,
57.8461,9.27E-05,,,
58.0452,9.39E-05,,,
58.245,9.16E-05,,,
58.4455,8.87E-05,,,
58.6467,8.69E-05,,,
58.8486,8.77E-05,,,
59.0512,8.64E-05,,,
59.2544,8.48E-05,,,
59.4584,8.52E-05,,,
59.6631,8.42E-05,,,
59.8684,8.32E-05,,,
60.0745,8.16E-05,,,
60.2813,8.00E-05,,,
60.4888,8.05E-05,,,
60.697,8.02E-05,,,
60.906,7.83E-05,,,
61.1156,7.79E-05,,,
61.326,7.54E-05,,,
61.5371,7.60E-05,,,
61.7489,7.35E-05,,,
61.9615,7.46E-05,,,
62.1748,7.25E-05,,,
62.3888,7.34E-05,,,
62.6035,7.21E-05,,,
62.819,7.16E-05,,,
63.0353,6.85E-05,,,
63.2522,6.92E-05,,,
63.47,6.81E-05,,,
63.6885,6.72E-05,,,
63.9077,6.60E-05,,,
64.1277,6.67E-05,,,
64.3484,6.38E-05,,,
64.5699,6.30E-05,,,
64.7922,6.25E-05,,,
65.0152,6.21E-05,,,
65.239,6.19E-05,,,
65.4636,6.00E-05,,,
65.6889,5.91E-05,,,
65.915,5.98E-05,,,
66.1419,5.91E-05,,,
66.3696,5.79E-05,,,
66.5981,5.70E-05,,,
66.8273,5.67E-05,,,
67.0573,5.63E-05,,,
67.2882,5.50E-05,,,
67.5198,5.29E-05,,,
67.7522,5.29E-05,,,
67.9854,5.22E-05,,,
68.2194,5.16E-05,,,
68.4543,5.13E-05,,,
68.6899,5.05E-05,,,
68.9264,4.97E-05,,,
69.1636,5.13E-05,,,
69.4017,4.97E-05,,,
69.6406,4.93E-05,,,
69.8803,4.88E-05,,,
70.1209,4.81E-05,,,
70.3622,4.69E-05,,,
70.6044,4.75E-05,,,
70.8475,4.55E-05,,,
71.0913,4.60E-05,,,
71.336,4.49E-05,,,
71.5816,4.39E-05,,,
71.828,4.42E-05,,,
72.0753,4.34E-05,,,
72.3234,4.18E-05,,,
72.5723,4.29E-05,,,
72.8221,4.31E-05,,,
73.0728,4.22E-05,,,
73.3243,4.08E-05,,,
73.5767,4.13E-05,,,
73.83,4.11E-05,,,
74.0841,4.00E-05,,,
74.3391,4.01E-05,,,
74.595,3.89E-05,,,
74.8518,3.85E-05,,,
75.1095,3.86E-05,,,
75.368,3.81E-05,,,
75.6274,3.69E-05,,,
75.8878,3.75E-05,,,
76.149,3.68E-05,,,
76.4111,3.68E-05,,,
76.6741,3.63E-05,,,
76.9381,3.63E-05,,,
77.2029,3.51E-05,,,
77.4687,3.50E-05,,,
77.7353,3.52E-05,,,
78.0029,3.40E-05,,,
78.2714,3.28E-05,,,
78.5408,3.43E-05,,,
78.8112,3.33E-05,,,
79.0825,3.29E-05,,,
79.3547,3.19E-05,,,
79.6279,3.20E-05,,,
79.902,3.19E-05,,,
80.177,3.24E-05,,,
80.453,3.20E-05,,,
80.7299,3.16E-05,,,
81.0078,3.10E-05,,,
81.2867,2.93E-05,,,
81.5665,2.98E-05,,,
81.8472,2.99E-05,,,
82.129,2.95E-05,,,
82.4117,2.91E-05,,,
82.6954,2.81E-05,,,
82.98,2.83E-05,,,
83.2656,2.79E-05,,,
83.5523,2.77E-05,,,
83.8399,2.77E-05,,,
84.1285,2.70E-05,,,
84.4181,2.68E-05,,,
84.7086,2.59E-05,,,
85.0002,2.65E-05,,,
85.2928,2.56E-05,,,
85.5864,2.57E-05,,,
85.881,2.46E-05,,,
86.1767,2.57E-05,,,
86.4733,2.45E-05,,,
86.771,2.41E-05,,,
87.0696,2.34E-05,,,
87.3693,2.37E-05,,,
87.6701,2.42E-05,,,
87.9719,2.29E-05,,,
88.2747,2.32E-05,,,
88.5786,2.23E-05,,,
88.8835,2.29E-05,,,
89.1894,2.25E-05,,,
89.4964,2.17E-05,,,
89.8045,2.22E-05,,,
90.1136,2.14E-05,,,
90.4238,2.17E-05,,,
90.7351,2.07E-05,,,
91.0474,2.05E-05,,,
91.3608,2.04E-05,,,
91.6753,2.12E-05,,,
91.9909,2.00E-05,,,
92.3075,1.99E-05,,,
92.6253,1.93E-05,,,
92.9441,1.99E-05,,,
93.264,1.90E-05,,,
93.5851,1.90E-05,,,
93.9072,1.88E-05,,,
94.2305,1.85E-05,,,
94.5548,1.80E-05,,,
94.8803,1.84E-05,,,
95.2069,1.76E-05,,,
95.5346,1.80E-05,,,
95.8635,1.70E-05,,,
96.1935,1.66E-05,,,
96.5246,1.67E-05,,,
96.8568,1.63E-05,,,
97.1902,1.68E-05,,,
97.5248,1.59E-05,,,
97.8605,1.56E-05,,,
98.1974,1.57E-05,,,
98.5354,1.55E-05,,,
98.8746,1.50E-05,,,
99.2149,1.48E-05,,,
99.5564,1.49E-05,,,
99.8991,1.52E-05,,,
100.243,1.40E-05,,,
100.588,1.39E-05,,,
100.934,1.42E-05,,,
101.282,1.38E-05,,,
101.63,1.40E-05,,,
101.98,1.37E-05,,,
102.331,1.31E-05,,,
102.684,1.31E-05,,,
103.037,1.22E-05,,,
103.392,1.28E-05,,,
103.748,1.22E-05,,,
104.105,1.21E-05,,,
104.463,1.19E-05,,,
104.823,1.17E-05,,,
105.183,1.15E-05,,,
105.545,1.15E-05,,,
105.909,1.12E-05,,,
106.273,1.10E-05,,,
106.639,1.10E-05,,,
107.006,1.10E-05,,,
107.375,1.03E-05,,,
107.744,1.01E-05,,,
108.115,9.81E-06,,,
108.487,9.41E-06,,,
108.861,9.98E-06,,,
109.235,9.33E-06,,,
109.611,9.42E-06,,,
109.989,9.10E-06,,,
110.367,8.65E-06,,,
110.747,9.01E-06,,,
111.128,8.23E-06,,,
111.511,7.98E-06,,,
111.895,8.05E-06,,,
112.28,7.35E-06,,,
112.666,7.74E-06,,,
113.054,6.79E-06,,,
113.443,7.22E-06,,,
113.834,6.63E-06,,,
114.226,6.60E-06,,,
114.619,6.05E-06,,,
115.014,5.66E-06,,,
115.409,5.44E-06,,,
115.807,5.14E-06,,,
116.205,5.26E-06,,,
116.605,4.88E-06,,,
117.007,4.48E-06,,,
117.41,4.25E-06,,,
117.814,3.68E-06,,,
118.219,3.39E-06,,,
118.626,3.02E-06,,,
119.034,3.08E-06,,,
119.444,2.48E-06,,,
119.855,2.11E-06,,,
120.268,2.10E-06,,,
120.682,1.77E-06,,,
121.097,1.62E-06,,,
121.514,1.35E-06,,,
121.932,1.22E-06,,,
122.352,1.12E-06,,,
122.773,8.56E-07,,,
123.196,7.56E-07,,,
123.62,5.42E-07,,,
124.046,5.16E-07,,,
124.473,3.90E-07,,,
124.901,2.70E-07,,,
125.331,2.72E-07,,,
125.762,2.33E-07,,,
126.195,1.85E-07,,,
126.63,1.76E-07,,,
127.066,1.57E-07,,,
127.503,1.26E-07,,,
127.942,1.06E-07,,,
128.382,9.08E-08,,,
128.824,6.99E-08,,,
129.268,6.17E-08,,,
129.713,6.69E-08,,,
130.159,6.27E-08,,,
130.607,6.09E-08,,,
131.057,5.38E-08,,,
131.508,5.24E-08,,,
131.961,4.43E-08,,,
132.415,6.00E-08,,,
132.871,4.74E-08,,,
133.328,2.48E-08,,,
133.787,3.39E-08,,,
134.247,2.44E-08,,,
134.709,3.70E-08,,,
135.173,2.89E-08,,,
135.638,2.84E-08,,,
136.105,2.86E-08,,,
136.574,2.31E-08,,,
137.044,1.19E-08,,,
137.516,3.90E-08,,,
137.989,2.45E-08,,,
138.464,2.77E-08,,,
138.941,2.16E-08,,,
139.419,2.02E-08,,,
139.899,2.33E-08,,,
140.38,1.34E-08,,,
140.864,1.88E-08,,,
141.349,1.76E-08,,,
141.835,5.07E-09,,,
142.323,2.52E-08,,,
142.813,7.01E-09,,,
143.305,1.78E-08,,,
143.798,2.75E-09,,,
144.293,2.17E-08,,,
144.79,1.48E-08,,,
145.288,9.91E-09,,,
145.788,1.07E-08,,,
146.29,2.02E-08,,,
146.794,1.11E-08,,,
147.299,7.56E-09,,,
147.806,6.91E-09,,,
148.315,1.18E-08,,,
148.825,4.21E-09,,,
149.338,2.19E-08,,,
149.852,1.02E-08,,,
150.368,5.95E-09,,,
150.885,2.63E-08,,,
151.405,1.21E-08,,,
151.926,1.07E-08,,,
152.449,1.15E-08,,,
152.973,2.00E-08,,,
153.5,0,,,
154.028,7.99E-09,,,
154.559,7.29E-09,,,
155.091,2.55E-09,,,
155.624,0,,,
156.16,2.53E-09,,,
156.698,8.00E-09,,,
157.237,0,,,
157.778,3.17E-09,,,
158.321,7.03E-09,,,
158.866,1.44E-08,,,
159.413,9.03E-09,,,
159.962,0,,,
160.513,0,,,
161.065,9.45E-09,,,
161.62,0,,,
162.176,5.15E-09,,,
162.734,5.78E-09,,,
163.294,5.76E-09,,,
163.856,9.56E-09,,,
164.42,6.21E-09,,,
164.986,6.83E-09,,,
165.554,0,,,
166.124,0,,,
166.696,0,,,
167.27,0,,,
167.846,2.98E-09,,,
168.423,5.58E-09,,,
169.003,0,,,
169.585,4.93E-09,,,
170.169,1.38E-08,,,
170.754,5.50E-09,,,
171.342,0,,,
171.932,2.30E-09,,,
172.524,4.58E-09,,,
173.118,0,,,
173.714,0,,,
174.312,5.39E-09,,,
174.912,5.37E-09,,,
175.514,0,,,
176.118,0,,,
176.724,0,,,
177.332,5.30E-09,,,
177.943,5.28E-09,,,
178.555,5.26E-09,,,
179.17,0,,,
179.787,0,,,
180.406,2.19E-09,,,
181.027,0,,,
181.65,0,,,
182.275,5.16E-09,,,
182.902,0,,,
183.532,0,,,
184.164,0,,,
184.798,0,,,
185.434,0,,,
186.072,0,,,
186.713,0,,,
187.355,0,,,
188,0,,,
188.647,0,,,
189.297,0,,,
189.948,0,,,
190.602,0,,,
191.258,4.91E-09,,,
191.917,0,,,
192.577,0,,,
193.24,0,,,
193.905,0,,,
194.573,0,,,
195.243,0,,,
195.915,0,,,
196.589,0,,,
197.266,0,,,
197.945,0,,,
198.626,0,,,
199.31,0,,,
199.996,4.70E-09,,,
200.684,0,,,
201.375,0,,,
202.068,0,,,
202.764,0,,,
203.462,4.98E-09,,,
204.162,4.97E-09,,,
204.865,0,,,
205.57,0,,,
206.278,0,,,
206.988,0,,,
207.7,0,,,
208.415,4.51E-09,,,
209.133,0,,,
209.853,4.48E-09,,,
210.575,0,,,
211.3,4.80E-09,,,
212.027,0,,,
212.757,0,,,
213.489,0,,,
214.224,0,,,
214.962,0,,,
215.702,4.36E-09,,,
216.444,0,,,
217.189,0,,,
217.937,0,,,
218.687,0,,,
219.44,4.28E-09,,,
220.195,4.60E-09,,,
220.953,0,,,
221.714,0,,,
222.477,5.47E-09,,,
223.243,0,,,
224.011,0,,,
224.782,0,,,
225.556,4.49E-09,,,
226.332,4.48E-09,,,
227.111,0,,,
227.893,4.45E-09,,,
228.678,0,,,
229.465,0,,,
230.255,0,,,
231.047,0,,,
231.843,5.25E-09,,,
232.641,0,,,
233.441,0,,,
234.245,0,,,
235.051,0,,,
235.86,0,,,
236.672,0,,,
237.487,5.12E-09,,,
238.304,0,,,
239.125,0,,,
239.948,0,,,
240.774,0,,,
241.603,0,,,
242.434,0,,,
243.269,0,,,
244.106,0,,,
244.946,0,,,
245.79,0,,,
246.636,4.93E-09,,,
247.485,0,,,
248.337,0,,,
249.191,0,,,
250.049,0,,,
250.91,0,,,
251.774,0,,,
252.64,0,,,
253.51,0,,,
254.383,0,,,
255.258,0,,,
256.137,0,,,
257.019,0,,,
257.903,4.72E-09,,,
258.791,0,,,
259.682,0,,,
260.576,0,,,
261.473,0,,,
262.373,0,,,
263.276,0,,,
264.182,0,,,
265.092,0,,,
266.004,0,,,
266.92,0,,,
267.838,0,,,
268.76,0,,,
269.686,0,,,
270.614,0,,,
271.545,0,,,
272.48,0,,,
273.418,0,,,
274.359,0,,,
275.304,0,,,
276.251,0,,,
277.202,0,,,
278.156,0,,,
279.114,0,,,
280.075,0,,,
281.039,0,,,
282.006,0,,,
282.977,0,,,
283.951,0,,,
284.928,0,,,
285.909,0,,,
286.893,0,,,
287.881,0,,,
288.872,0,,,
289.866,0,,,
290.864,0,,,
291.865,0,,,
292.87,0,,,
293.878,0,,,
294.89,0,,,
295.905,0,,,
296.923,0,,,
297.945,0,,,
298.971,0,,,
300,,,,
