0.01,0.0072756,19,0.2619956,0.748315636
0.0100344,0.00985395,,0.5239912,0.487375509
0.010069,0.013076,,0.7859868,0.287162245
0.0101036,0.00974191,,1.047982,0.12455019
0.0101384,0.00920197,,1.309978,0.055777303
0.0101733,0.0143726,,1.571974,0.037587118
0.0102083,0.0126319,,,
0.0102435,0.0186717,,,
0.0102787,0.0123671,,,
0.0103141,0.0108037,,,
0.0103496,0.0266999,,,
0.0103852,0.014612,,,
0.010421,0.0243052,,,
0.0104568,0.0348102,,,
0.0104928,0.0459907,,,
0.010529,0.0484421,,,
0.0105652,0.0535226,,,
0.0106016,0.0581672,,,
0.0106381,0.0629372,,,
0.0106747,0.0631465,,,
0.0107114,0.0611794,,,
0.0107483,0.0524558,,,
0.0107853,0.0754824,,,
0.0108224,0.0774986,,,
0.0108597,0.0697287,,,
0.0108971,0.0708163,,,
0.0109346,0.0896821,,,
0.0109722,0.172244,,,
0.01101,0.177648,,,
0.0110479,0.230182,,,
0.0110859,0.804452,,,
0.0111241,1.17349,,,
0.0111624,1.146,,,
0.0112008,1.17743,,,
0.0112393,1.1586,,,
0.011278,1.18491,,,
0.0113168,1.09673,,,
0.0113558,1.14034,,,
0.0113949,1.12181,,,
0.0114341,1.15048,,,
0.0114735,1.12463,,,
0.011513,1.03109,,,
0.0115526,1.08802,,,
0.0115924,1.06999,,,
0.0116323,1.08173,,,
0.0116723,1.06631,,,
0.0117125,1.05573,,,
0.0117528,1.07646,,,
0.0117933,1.0481,,,
0.0118339,1.03618,,,
0.0118746,1.0032,,,
0.0119155,1.01809,,,
0.0119565,1.0047,,,
0.0119976,0.948521,,,
0.0120389,0.958016,,,
0.0120804,0.986337,,,
0.012122,0.989689,,,
0.0121637,0.946875,,,
0.0122056,0.934857,,,
0.0122476,0.92859,,,
0.0122897,1.00527,,,
0.012332,0.993885,,,
0.0123745,0.943434,,,
0.0124171,0.916765,,,
0.0124598,0.879874,,,
0.0125027,0.886075,,,
0.0125458,0.906843,,,
0.0125889,0.863407,,,
0.0126323,0.893623,,,
0.0126758,0.864846,,,
0.0127194,0.814658,,,
0.0127632,0.821522,,,
0.0128071,0.819386,,,
0.0128512,0.838645,,,
0.0128954,0.776224,,,
0.0129398,0.822621,,,
0.0129844,0.7765,,,
0.0130291,0.785605,,,
0.0130739,0.795053,,,
0.0131189,0.793251,,,
0.0131641,0.786328,,,
0.0132094,0.812194,,,
0.0132548,0.793161,,,
0.0133005,0.767463,,,
0.0133463,0.713937,,,
0.0133922,0.717657,,,
0.0134383,0.719704,,,
0.0134846,0.737399,,,
0.013531,0.690032,,,
0.0135775,0.693912,,,
0.0136243,0.727539,,,
0.0136712,0.701548,,,
0.0137182,0.669481,,,
0.0137655,0.717569,,,
0.0138128,0.660877,,,
0.0138604,0.688963,,,
0.0139081,0.641104,,,
0.013956,0.660715,,,
0.014004,0.669752,,,
0.0140522,0.689093,,,
0.0141006,0.65008,,,
0.0141491,0.622574,,,
0.0141978,0.620262,,,
0.0142467,0.608344,,,
0.0142957,0.597335,,,
0.014345,0.62351,,,
0.0143943,0.582996,,,
0.0144439,0.631388,,,
0.0144936,0.584841,,,
0.0145435,0.595332,,,
0.0145936,0.576712,,,
0.0146438,0.561472,,,
0.0146942,0.590977,,,
0.0147448,0.563025,,,
0.0147955,0.559435,,,
0.0148465,0.550964,,,
0.0148976,0.548148,,,
0.0149488,0.615031,,,
0.0150003,0.529377,,,
0.0150519,0.544793,,,
0.0151038,0.551707,,,
0.0151557,0.537681,,,
0.0152079,0.484106,,,
0.0152603,0.527653,,,
0.0153128,0.523307,,,
0.0153655,0.523498,,,
0.0154184,0.474212,,,
0.0154715,0.492833,,,
0.0155247,0.493586,,,
0.0155782,0.481293,,,
0.0156318,0.49513,,,
0.0156856,0.485016,,,
0.0157396,0.491632,,,
0.0157938,0.471671,,,
0.0158481,0.495476,,,
0.0159027,0.48277,,,
0.0159574,0.4593,,,
0.0160124,0.462663,,,
0.0160675,0.425099,,,
0.0161228,0.449435,,,
0.0161783,1.23175,,,
0.016234,0.478904,,,
0.0162898,0.489749,,,
0.0163459,0.476656,,,
0.0164022,0.450813,,,
0.0164586,0.456298,,,
0.0165153,0.438741,,,
0.0165722,0.434045,,,
0.0166292,0.397399,,,
0.0166864,0.416136,,,
0.0167439,0.412254,,,
0.0168015,0.424645,,,
0.0168593,0.466361,,,
0.0169174,0.416189,,,
0.0169756,0.410414,,,
0.0170341,0.396721,,,
0.0170927,0.406489,,,
0.0171515,0.387411,,,
0.0172106,0.371537,,,
0.0172698,0.372321,,,
0.0173293,0.355945,,,
0.0173889,0.35322,,,
0.0174488,0.315672,,,
0.0175088,0.313619,,,
0.0175691,0.31056,,,
0.0176296,0.317855,,,
0.0176903,0.300969,,,
0.0177511,0.312124,,,
0.0178123,0.290704,,,
0.0178736,0.306864,,,
0.0179351,0.277862,,,
0.0179968,0.297641,,,
0.0180588,0.265864,,,
0.0181209,0.278091,,,
0.0181833,0.292404,,,
0.0182459,0.260386,,,
0.0183087,0.261193,,,
0.0183717,0.285807,,,
0.018435,0.256167,,,
0.0184984,0.262265,,,
0.0185621,0.237276,,,
0.018626,0.243315,,,
0.0186901,0.243228,,,
0.0187545,0.25084,,,
0.018819,0.245404,,,
0.0188838,0.244727,,,
0.0189488,0.237205,,,
0.019014,0.244182,,,
0.0190795,0.211004,,,
0.0191451,0.223196,,,
0.019211,0.197554,,,
0.0192772,0.205514,,,
0.0193435,0.213593,,,
0.0194101,0.201897,,,
0.0194769,0.216599,,,
0.019544,0.199527,,,
0.0196112,0.215795,,,
0.0196788,0.20383,,,
0.0197465,0.196603,,,
0.0198145,0.180304,,,
0.0198827,0.197767,,,
0.0199511,0.17691,,,
0.0200198,0.579387,,,
0.0200887,0.206531,,,
0.0201579,0.201406,,,
0.0202272,0.190077,,,
0.0202969,0.190946,,,
0.0203667,0.174439,,,
0.0204368,0.179564,,,
0.0205072,0.15649,,,
0.0205778,0.17431,,,
0.0206486,0.179521,,,
0.0207197,0.155987,,,
0.020791,0.165163,,,
0.0208626,0.155286,,,
0.0209344,0.155506,,,
0.0210065,0.15081,,,
0.0210788,0.164398,,,
0.0211513,0.130485,,,
0.0212241,0.153124,,,
0.0212972,0.149166,,,
0.0213705,0.141127,,,
0.0214441,0.132744,,,
0.0215179,0.13426,,,
0.0215919,0.130339,,,
0.0216663,0.136276,,,
0.0217408,0.145588,,,
0.0218157,0.132995,,,
0.0218908,0.137749,,,
0.0219661,0.119475,,,
0.0220417,0.13014,,,
0.0221176,0.131458,,,
0.0221938,0.125793,,,
0.0222701,0.119358,,,
0.0223468,0.132464,,,
0.0224237,0.125487,,,
0.0225009,0.152326,,,
0.0225784,0.151955,,,
0.0226561,0.159553,,,
0.0227341,0.157289,,,
0.0228123,0.146325,,,
0.0228909,0.161628,,,
0.0229697,0.161404,,,
0.0230487,0.150875,,,
0.0231281,0.168839,,,
0.0232077,0.168543,,,
0.0232876,0.178228,,,
0.0233677,0.169121,,,
0.0234482,0.171305,,,
0.0235289,0.190733,,,
0.0236099,0.176757,,,
0.0236911,0.178634,,,
0.0237727,0.17865,,,
0.0238545,0.199873,,,
0.0239366,0.197776,,,
0.024019,0.325913,,,
0.0241017,0.188781,,,
0.0241847,0.212557,,,
0.0242679,0.21703,,,
0.0243514,0.193364,,,
0.0244353,0.198024,,,
0.0245194,0.203245,,,
0.0246038,0.196287,,,
0.0246885,0.202648,,,
0.0247735,0.206524,,,
0.0248587,0.198277,,,
0.0249443,0.202522,,,
0.0250302,0.190469,,,
0.0251163,0.206877,,,
0.0252028,0.207135,,,
0.0252895,0.197316,,,
0.0253766,0.222455,,,
0.0254639,0.215173,,,
0.0255516,0.211775,,,
0.0256396,0.21453,,,
0.0257278,0.185922,,,
0.0258164,0.204908,,,
0.0259052,0.201754,,,
0.0259944,0.200789,,,
0.0260839,0.201301,,,
0.0261737,0.205327,,,
0.0262638,0.196448,,,
0.0263542,0.223092,,,
0.0264449,0.205396,,,
0.0265359,0.21486,,,
0.0266273,0.205756,,,
0.0267189,0.193829,,,
0.0268109,0.211464,,,
0.0269032,0.19574,,,
0.0269958,0.222087,,,
0.0270887,0.222723,,,
0.027182,0.222296,,,
0.0272755,0.215777,,,
0.0273694,0.202695,,,
0.0274636,0.211059,,,
0.0275582,0.212694,,,
0.027653,0.22091,,,
0.0277482,0.210862,,,
0.0278437,0.20247,,,
0.0279396,0.213641,,,
0.0280357,0.224599,,,
0.0281323,0.201986,,,
0.0282291,0.206305,,,
0.0283263,0.202827,,,
0.0284238,0.205161,,,
0.0285216,0.205623,,,
0.0286198,0.204403,,,
0.0287183,0.196954,,,
0.0288172,0.200118,,,
0.0289164,0.198854,,,
0.0290159,0.201297,,,
0.0291158,0.200092,,,
0.029216,0.189809,,,
0.0293166,0.214054,,,
0.0294175,0.198471,,,
0.0295187,0.188132,,,
0.0296203,0.198313,,,
0.0297223,0.190655,,,
0.0298246,0.19098,,,
0.0299273,0.194066,,,
0.0300303,0.16909,,,
0.0301337,0.185228,,,
0.0302374,0.190117,,,
0.0303415,0.192316,,,
0.0304459,0.185077,,,
0.0305507,0.177059,,,
0.0306559,0.176129,,,
0.0307614,0.178138,,,
0.0308673,0.165784,,,
0.0309735,0.177878,,,
0.0310802,0.170021,,,
0.0311872,0.15885,,,
0.0312945,0.166464,,,
0.0314022,0.169141,,,
0.0315103,0.161256,,,
0.0316188,0.173677,,,
0.0317276,0.164754,,,
0.0318368,0.161476,,,
0.0319464,0.156251,,,
0.0320564,0.155189,,,
0.0321667,0.159278,,,
0.0322775,0.171543,,,
0.0323886,0.156885,,,
0.0325001,0.150009,,,
0.0326119,0.158234,,,
0.0327242,0.140321,,,
0.0328368,0.160341,,,
0.0329499,0.150871,,,
0.0330633,0.151892,,,
0.0331771,0.140391,,,
0.0332913,0.149554,,,
0.0334059,0.146082,,,
0.0335209,0.142519,,,
0.0336363,0.140051,,,
0.0337521,0.144698,,,
0.0338682,0.126717,,,
0.0339848,0.127218,,,
0.0341018,0.128898,,,
0.0342192,0.13849,,,
0.034337,0.128846,,,
0.0344552,0.128247,,,
0.0345738,0.123676,,,
0.0346928,0.131477,,,
0.0348122,0.137242,,,
0.034932,0.137744,,,
0.0350523,0.126576,,,
0.035173,0.134475,,,
0.035294,0.131943,,,
0.0354155,0.129883,,,
0.0355374,0.116136,,,
0.0356597,0.125509,,,
0.0357825,0.124476,,,
0.0359057,0.125397,,,
0.0360293,0.118165,,,
0.0361533,0.135536,,,
0.0362777,0.128333,,,
0.0364026,0.132995,,,
0.0365279,0.12896,,,
0.0366537,0.120872,,,
0.0367798,0.123666,,,
0.0369064,0.120099,,,
0.0370335,0.12096,,,
0.0371609,0.123168,,,
0.0372889,0.12531,,,
0.0374172,0.115064,,,
0.037546,0.128773,,,
0.0376753,0.123878,,,
0.0378049,0.132333,,,
0.0379351,0.114289,,,
0.0380657,0.112423,,,
0.0381967,0.122905,,,
0.0383282,0.114095,,,
0.0384601,0.119194,,,
0.0385925,0.114748,,,
0.0387253,0.116778,,,
0.0388586,0.122269,,,
0.0389924,0.12328,,,
0.0391266,0.122127,,,
0.0392613,0.119911,,,
0.0393965,0.113979,,,
0.0395321,0.116362,,,
0.0396681,0.115844,,,
0.0398047,0.103143,,,
0.0399417,0.111643,,,
0.0400792,0.126934,,,
0.0402172,0.123766,,,
0.0403556,0.127429,,,
0.0404945,0.116683,,,
0.0406339,0.118176,,,
0.0407738,0.120954,,,
0.0409141,0.123207,,,
0.041055,0.124263,,,
0.0411963,0.105352,,,
0.0413381,0.120258,,,
0.0414804,0.119002,,,
0.0416232,0.120495,,,
0.0417664,0.11224,,,
0.0419102,0.119684,,,
0.0420545,0.114961,,,
0.0421992,0.113732,,,
0.0423445,0.118587,,,
0.0424903,0.115007,,,
0.0426365,0.107195,,,
0.0427833,0.111854,,,
0.0429306,0.108535,,,
0.0430783,0.11821,,,
0.0432266,0.11072,,,
0.0433754,0.102328,,,
0.0435247,0.107907,,,
0.0436745,0.112524,,,
0.0438249,0.106986,,,
0.0439757,0.112675,,,
0.0441271,0.116067,,,
0.044279,0.116472,,,
0.0444314,0.112854,,,
0.0445844,0.115775,,,
0.0447378,0.10828,,,
0.0448918,0.102869,,,
0.0450464,0.106256,,,
0.0452014,0.106932,,,
0.045357,0.100206,,,
0.0455131,0.106765,,,
0.0456698,0.107845,,,
0.045827,0.100001,,,
0.0459848,0.0975545,,,
0.0461431,0.0985324,,,
0.0463019,0.0983347,,,
0.0464613,0.102096,,,
0.0466212,0.0997772,,,
0.0467817,0.0942634,,,
0.0469427,0.0980203,,,
0.0471043,0.0937814,,,
0.0472664,0.095704,,,
0.0474291,0.0883983,,,
0.0475924,0.0904977,,,
0.0477562,0.0915435,,,
0.0479206,0.097432,,,
0.0480856,0.0939217,,,
0.0482511,0.0996654,,,
0.0484172,0.125176,,,
0.0485839,0.092495,,,
0.0487511,0.10001,,,
0.0489189,0.0987712,,,
0.0490873,0.0988939,,,
0.0492563,0.0931032,,,
0.0494258,0.0898487,,,
0.0495959,0.0922369,,,
0.0497667,0.0918328,,,
0.049938,0.0972159,,,
0.0501099,0.0875825,,,
0.0502824,0.0861778,,,
0.0504554,0.0889362,,,
0.0506291,0.0911315,,,
0.0508034,0.0915963,,,
0.0509783,0.0815864,,,
0.0511538,0.0923191,,,
0.0513298,0.0861937,,,
0.0515065,0.0902311,,,
0.0516838,0.0909157,,,
0.0518617,0.0924781,,,
0.0520403,0.0927802,,,
0.0522194,0.0889819,,,
0.0523991,0.0886213,,,
0.0525795,0.0881652,,,
0.0527605,0.0888111,,,
0.0529421,0.0873738,,,
0.0531244,0.0920207,,,
0.0533072,0.091682,,,
0.0534907,0.0879567,,,
0.0536748,0.0891186,,,
0.0538596,0.0880484,,,
0.054045,0.0800959,,,
0.054231,0.0917821,,,
0.0544177,0.0875784,,,
0.054605,0.0846543,,,
0.054793,0.0777475,,,
0.0549816,0.0857646,,,
0.0551709,0.0848128,,,
0.0553608,0.0856033,,,
0.0555513,0.0795644,,,
0.0557426,0.0779786,,,
0.0559344,0.0800572,,,
0.056127,0.079762,,,
0.0563202,0.0826814,,,
0.056514,0.0784338,,,
0.0567086,0.0757835,,,
0.0569038,0.0735779,,,
0.0570997,0.0792737,,,
0.0572962,0.0848188,,,
0.0574934,0.0752566,,,
0.0576913,0.0749679,,,
0.0578899,0.0777734,,,
0.0580892,0.0811771,,,
0.0582892,0.0745167,,,
0.0584898,0.0772634,,,
0.0586911,0.0777516,,,
0.0588932,0.0738892,,,
0.0590959,0.0693119,,,
0.0592993,0.0712579,,,
0.0595034,0.0740926,,,
0.0597083,0.0732714,,,
0.0599138,0.0718979,,,
0.06012,0.0748334,,,
0.060327,0.0745501,,,
0.0605346,0.0730421,,,
0.060743,0.0768804,,,
0.0609521,0.0779593,,,
0.0611619,0.0788202,,,
0.0613724,0.0786059,,,
0.0615837,0.0764396,,,
0.0617957,0.0737077,,,
0.0620084,0.0772565,,,
0.0622218,0.0728763,,,
0.062436,0.0750215,,,
0.0626509,0.0794481,,,
0.0628666,0.0687263,,,
0.063083,0.0693554,,,
0.0633001,0.0679489,,,
0.063518,0.073908,,,
0.0637367,0.0720753,,,
0.0639561,0.0701863,,,
0.0641762,0.0684746,,,
0.0643971,0.0695975,,,
0.0646188,0.070682,,,
0.0648412,0.0638452,,,
0.0650644,0.0728572,,,
0.0652884,0.0674684,,,
0.0655131,0.0694411,,,
0.0657387,0.0662631,,,
0.0659649,0.0676787,,,
0.066192,0.0697512,,,
0.0664199,0.0715905,,,
0.0666485,0.0697156,,,
0.0668779,0.066734,,,
0.0671081,0.0689967,,,
0.0673391,0.0665165,,,
0.0675709,0.0662475,,,
0.0678035,0.0700475,,,
0.0680369,0.0695478,,,
0.0682711,0.0667171,,,
0.0685061,0.0632467,,,
0.0687419,0.0658292,,,
0.0689785,0.0664367,,,
0.069216,0.0619026,,,
0.0694542,0.0625429,,,
0.0696933,0.0669413,,,
0.0699332,0.0625094,,,
0.0701739,0.0651071,,,
0.0704155,0.0600358,,,
0.0706579,0.0648259,,,
0.0709011,0.0637497,,,
0.0711452,0.0631917,,,
0.0713901,0.0672496,,,
0.0716358,0.0591603,,,
0.0718824,0.0669682,,,
0.0721298,0.065971,,,
0.0723781,0.0615591,,,
0.0726273,0.0676471,,,
0.0728773,0.0651426,,,
0.0731281,0.0609366,,,
0.0733798,0.0608824,,,
0.0736324,0.059522,,,
0.0738859,0.062041,,,
0.0741402,0.0584902,,,
0.0743954,0.0604406,,,
0.0746515,0.0617317,,,
0.0749085,0.059608,,,
0.0751663,0.0602366,,,
0.0754251,0.0586023,,,
0.0756847,0.0557016,,,
0.0759452,0.0579938,,,
0.0762067,0.0563674,,,
0.076469,0.0556601,,,
0.0767322,0.0598285,,,
0.0769963,0.0577002,,,
0.0772614,0.0581776,,,
0.0775273,0.0597719,,,
0.0777942,0.0567053,,,
0.078062,0.0533502,,,
0.0783307,0.0593238,,,
0.0786003,0.0558096,,,
0.0788709,0.0559355,,,
0.0791424,0.0573444,,,
0.0794148,0.0580282,,,
0.0796882,0.0562738,,,
0.0799625,0.0538854,,,
0.0802377,0.0532996,,,
0.0805139,0.0543234,,,
0.080791,0.0551473,,,
0.0810692,0.056679,,,
0.0813482,0.0539036,,,
0.0816282,0.054616,,,
0.0819092,0.0546369,,,
0.0821912,0.0534544,,,
0.0824741,0.0550116,,,
0.082758,0.0543974,,,
0.0830428,0.0550794,,,
0.0833287,0.0543254,,,
0.0836155,0.0503277,,,
0.0839034,0.0528214,,,
0.0841922,0.0535884,,,
0.084482,0.0555181,,,
0.0847728,0.0483935,,,
0.0850646,0.0545568,,,
0.0853574,0.0548738,,,
0.0856512,0.0481628,,,
0.0859461,0.0534871,,,
0.0862419,0.0542183,,,
0.0865388,0.0513865,,,
0.0868367,0.0458285,,,
0.0871356,0.0555474,,,
0.0874355,0.0557961,,,
0.0877365,0.0545228,,,
0.0880385,0.0464025,,,
0.0883415,0.0548323,,,
0.0886456,0.0537824,,,
0.0889508,0.0531371,,,
0.089257,0.0495815,,,
0.0895642,0.0540609,,,
0.0898725,0.0528534,,,
0.0901819,0.052777,,,
0.0904923,0.0485395,,,
0.0908038,0.0510811,,,
0.0911164,0.0487473,,,
0.09143,0.0514438,,,
0.0917447,0.0525079,,,
0.0920605,0.0522768,,,
0.0923774,0.0489278,,,
0.0926954,0.0496537,,,
0.0930145,0.0504214,,,
0.0933347,0.0480522,,,
0.0936559,0.050544,,,
0.0939783,0.0506644,,,
0.0943018,0.0496094,,,
0.0946264,0.0488288,,,
0.0949522,0.0503618,,,
0.095279,0.049907,,,
0.095607,0.0469825,,,
0.0959361,0.0440224,,,
0.0962663,0.0462948,,,
0.0965977,0.0471271,,,
0.0969302,0.0486733,,,
0.0972638,0.0432232,,,
0.0975986,0.0478183,,,
0.0979346,0.0480728,,,
0.0982717,0.0475025,,,
0.09861,0.0495309,,,
0.0989494,0.0468562,,,
0.09929,0.04625,,,
0.0996318,0.0455154,,,
0.0999748,0.0446197,,,
0.100319,0.0461544,,,
0.100664,0.0423353,,,
0.101011,0.0490277,,,
0.101358,0.0478245,,,
0.101707,0.0457672,,,
0.102057,0.0463222,,,
0.102409,0.0444449,,,
0.102761,0.0474314,,,
0.103115,0.0458545,,,
0.10347,0.0475169,,,
0.103826,0.0427997,,,
0.104183,0.0460052,,,
0.104542,0.0457168,,,
0.104902,0.0426044,,,
0.105263,0.049222,,,
0.105625,0.0455361,,,
0.105989,0.0418522,,,
0.106354,0.0440296,,,
0.10672,0.0447595,,,
0.107087,0.0452654,,,
0.107456,0.0412552,,,
0.107826,0.0458804,,,
0.108197,0.0412762,,,
0.108569,0.0413635,,,
0.108943,0.0445104,,,
0.109318,0.0444791,,,
0.109694,0.0427644,,,
0.110072,0.0413364,,,
0.110451,0.0421323,,,
0.110831,0.0421453,,,
0.111213,0.0444809,,,
0.111595,0.0431681,,,
0.11198,0.0434365,,,
0.112365,0.0401219,,,
0.112752,0.043002,,,
0.11314,0.0408836,,,
0.113529,0.0400873,,,
0.11392,0.0406724,,,
0.114312,0.0440566,,,
0.114706,0.0435504,,,
0.115101,0.0433198,,,
0.115497,0.0422286,,,
0.115894,0.0447641,,,
0.116293,0.0402598,,,
0.116694,0.0425302,,,
0.117095,0.0442942,,,
0.117498,0.0406782,,,
0.117903,0.0428784,,,
0.118309,0.0406309,,,
0.118716,0.0418267,,,
0.119125,0.0396325,,,
0.119535,0.0386492,,,
0.119946,0.0439201,,,
0.120359,0.0401679,,,
0.120773,0.0416683,,,
0.121189,0.0418205,,,
0.121606,0.0407953,,,
0.122025,0.0410401,,,
0.122445,0.04134,,,
0.122866,0.0382818,,,
0.123289,0.0408642,,,
0.123714,0.0401921,,,
0.124139,0.0382636,,,
0.124567,0.0407069,,,
0.124996,0.0399984,,,
0.125426,0.0381866,,,
0.125858,0.0378497,,,
0.126291,0.0403469,,,
0.126726,0.0408768,,,
0.127162,0.0374823,,,
0.127599,0.0399917,,,
0.128039,0.0385236,,,
0.128479,0.0377218,,,
0.128922,0.0361418,,,
0.129365,0.0433439,,,
0.129811,0.0373715,,,
0.130258,0.0384685,,,
0.130706,0.0383148,,,
0.131156,0.0393632,,,
0.131607,0.0359923,,,
0.13206,0.0368444,,,
0.132515,0.0373842,,,
0.132971,0.0387094,,,
0.133429,0.0408706,,,
0.133888,0.0401662,,,
0.134349,0.0387231,,,
0.134811,0.0408462,,,
0.135276,0.039811,,,
0.135741,0.0387047,,,
0.136208,0.0370474,,,
0.136677,0.0390007,,,
0.137148,0.036347,,,
0.13762,0.0369675,,,
0.138094,0.0391116,,,
0.138569,0.0394769,,,
0.139046,0.0378445,,,
0.139525,0.0345584,,,
0.140005,0.0377735,,,
0.140487,0.0404672,,,
0.14097,0.0375204,,,
0.141456,0.0375817,,,
0.141943,0.038217,,,
0.142431,0.0397335,,,
0.142921,0.0384257,,,
0.143413,0.0358015,,,
0.143907,0.0396761,,,
0.144402,0.0372903,,,
0.144899,0.0374818,,,
0.145398,0.0388767,,,
0.145899,0.0357617,,,
0.146401,0.0379591,,,
0.146905,0.0389067,,,
0.147411,0.0369511,,,
0.147918,0.0367004,,,
0.148427,0.0354342,,,
0.148938,0.0360731,,,
0.149451,0.037288,,,
0.149965,0.0399263,,,
0.150481,0.0356661,,,
0.150999,0.0349443,,,
0.151519,0.0361413,,,
0.152041,0.0343863,,,
0.152564,0.0355072,,,
0.153089,0.0354148,,,
0.153616,0.0373283,,,
0.154145,0.0361647,,,
0.154676,0.0339749,,,
0.155208,0.0348528,,,
0.155742,0.0367324,,,
0.156278,0.0365647,,,
0.156816,0.0359928,,,
0.157356,0.0360524,,,
0.157898,0.035859,,,
0.158441,0.0340173,,,
0.158987,0.0352961,,,
0.159534,0.0343902,,,
0.160083,0.0337112,,,
0.160634,0.0357301,,,
0.161187,0.0375019,,,
0.161742,0.0349137,,,
0.162299,0.0351122,,,
0.162857,0.0348029,,,
0.163418,0.0359742,,,
0.163981,0.0349821,,,
0.164545,0.0355809,,,
0.165111,0.0340276,,,
0.16568,0.032089,,,
0.16625,0.0346161,,,
0.166822,0.0350796,,,
0.167397,0.0347813,,,
0.167973,0.0381218,,,
0.168551,0.0342027,,,
0.169131,0.0359892,,,
0.169713,0.0338004,,,
0.170298,0.0344284,,,
0.170884,0.0332623,,,
0.171472,0.0346611,,,
0.172062,0.0349402,,,
0.172654,0.0357167,,,
0.173249,0.0322315,,,
0.173845,0.0359899,,,
0.174444,0.0365972,,,
0.175044,0.0358328,,,
0.175647,0.0362148,,,
0.176251,0.0335621,,,
0.176858,0.0354158,,,
0.177467,0.038534,,,
0.178078,0.0327861,,,
0.178691,0.0355885,,,
0.179306,0.0323672,,,
0.179923,0.0331318,,,
0.180542,0.0338353,,,
0.181164,0.0354773,,,
0.181787,0.0326078,,,
0.182413,0.0349873,,,
0.183041,0.0355236,,,
0.183671,0.034908,,,
0.184303,0.0330923,,,
0.184938,0.0330881,,,
0.185574,0.0337673,,,
0.186213,0.0365596,,,
0.186854,0.0354654,,,
0.187497,0.0360601,,,
0.188143,0.0326526,,,
0.18879,0.0337468,,,
0.18944,0.034722,,,
0.190092,0.0331534,,,
0.190747,0.0355213,,,
0.191403,0.0343435,,,
0.192062,0.034023,,,
0.192723,0.0342377,,,
0.193387,0.0348097,,,
0.194052,0.0331955,,,
0.19472,0.0338726,,,
0.19539,0.0337012,,,
0.196063,0.0334289,,,
0.196738,0.0337581,,,
0.197415,0.0336963,,,
0.198095,0.0355523,,,
0.198777,0.0353714,,,
0.199461,0.0347763,,,
0.200147,0.034348,,,
0.200836,0.0322125,,,
0.201528,0.0336099,,,
0.202221,0.0338569,,,
0.202917,0.0328709,,,
0.203616,0.0334042,,,
0.204317,0.0329164,,,
0.20502,0.0339926,,,
0.205726,0.0329377,,,
0.206434,0.0331637,,,
0.207145,0.0319656,,,
0.207858,0.0309379,,,
0.208573,0.0335345,,,
0.209291,0.0321801,,,
0.210012,0.0323547,,,
0.210734,0.0341146,,,
0.21146,0.0332103,,,
0.212188,0.0335012,,,
0.212918,0.0326666,,,
0.213651,0.032008,,,
0.214386,0.032758,,,
0.215124,0.0314644,,,
0.215865,0.0331629,,,
0.216608,0.0335688,,,
0.217354,0.0352785,,,
0.218102,0.0336605,,,
0.218853,0.0309488,,,
0.219606,0.0341972,,,
0.220362,0.0307014,,,
0.22112,0.0326093,,,
0.221882,0.0324767,,,
0.222645,0.033163,,,
0.223412,0.032798,,,
0.224181,0.0317776,,,
0.224952,0.0322664,,,
0.225727,0.0320454,,,
0.226504,0.034234,,,
0.227283,0.0312189,,,
0.228066,0.032299,,,
0.228851,0.0313028,,,
0.229639,0.0313799,,,
0.230429,0.034059,,,
0.231222,0.033565,,,
0.232018,0.0345687,,,
0.232817,0.0338364,,,
0.233618,0.0325378,,,
0.234422,0.0347873,,,
0.235229,0.0330831,,,
0.236039,0.0326501,,,
0.236852,0.0320728,,,
0.237667,0.0305789,,,
0.238485,0.0338804,,,
0.239306,0.0330428,,,
0.24013,0.0323916,,,
0.240956,0.0329963,,,
0.241786,0.0344663,,,
0.242618,0.0328903,,,
0.243453,0.0314692,,,
0.244291,0.0321239,,,
0.245132,0.0326908,,,
0.245976,0.0308815,,,
0.246822,0.0318354,,,
0.247672,0.0342231,,,
0.248525,0.0337573,,,
0.24938,0.0323491,,,
0.250239,0.0326743,,,
0.2511,0.0310728,,,
0.251964,0.0325596,,,
0.252832,0.0325362,,,
0.253702,0.0322464,,,
0.254575,0.0350492,,,
0.255452,0.0310963,,,
0.256331,0.0320748,,,
0.257213,0.0325936,,,
0.258099,0.0339566,,,
0.258987,0.0317413,,,
0.259878,0.0320603,,,
0.260773,0.031351,,,
0.261671,0.03339,,,
0.262571,0.0328684,,,
0.263475,0.0325627,,,
0.264382,0.0308994,,,
0.265292,0.0329452,,,
0.266205,0.0322488,,,
0.267122,0.0323422,,,
0.268041,0.0323567,,,
0.268964,0.0333109,,,
0.26989,0.0327917,,,
0.270819,0.0339085,,,
0.271751,0.0326722,,,
0.272686,0.0340519,,,
0.273625,0.0316159,,,
0.274567,0.033218,,,
0.275512,0.0326295,,,
0.27646,0.0309564,,,
0.277412,0.0327965,,,
0.278367,0.0324069,,,
0.279325,0.0324723,,,
0.280287,0.0351023,,,
0.281252,0.0337322,,,
0.28222,0.0334153,,,
0.283191,0.0331281,,,
0.284166,0.0332522,,,
0.285144,0.0324714,,,
0.286126,0.0312991,,,
0.287111,0.0319844,,,
0.288099,0.033423,,,
0.289091,0.0327353,,,
0.290086,0.0318192,,,
0.291084,0.0322667,,,
0.292086,0.0317339,,,
0.293092,0.0327092,,,
0.294101,0.0335051,,,
0.295113,0.033627,,,
0.296129,0.0345478,,,
0.297148,0.0324589,,,
0.298171,0.0338098,,,
0.299197,0.0328239,,,
0.300227,0.0334847,,,
0.301261,0.0330865,,,
0.302298,0.0330124,,,
0.303338,0.0324199,,,
0.304382,0.0314603,,,
0.30543,0.0340011,,,
0.306482,0.0325435,,,
0.307536,0.034134,,,
0.308595,0.0315556,,,
0.309657,0.0325231,,,
0.310723,0.0331119,,,
0.311793,0.0329807,,,
0.312866,0.0316701,,,
0.313943,0.031627,,,
0.315024,0.0319886,,,
0.316108,0.0364271,,,
0.317196,0.0338459,,,
0.318288,0.033116,,,
0.319384,0.0340245,,,
0.320483,0.0333378,,,
0.321586,0.0340694,,,
0.322693,0.0336655,,,
0.323804,0.0324099,,,
0.324919,0.0325078,,,
0.326037,0.0339168,,,
0.327159,0.0325282,,,
0.328286,0.0328557,,,
0.329416,0.0328729,,,
0.330549,0.0320681,,,
0.331687,0.0341156,,,
0.332829,0.0330928,,,
0.333975,0.0339855,,,
0.335124,0.0335292,,,
0.336278,0.0330894,,,
0.337435,0.0333104,,,
0.338597,0.0337434,,,
0.339763,0.0324338,,,
0.340932,0.0325583,,,
0.342106,0.0342377,,,
0.343283,0.0333914,,,
0.344465,0.0332677,,,
0.345651,0.032546,,,
0.34684,0.0337658,,,
0.348034,0.0331567,,,
0.349232,0.0346287,,,
0.350434,0.0323171,,,
0.351641,0.0332923,,,
0.352851,0.0325214,,,
0.354066,0.0340906,,,
0.355285,0.0329361,,,
0.356508,0.0341984,,,
0.357735,0.033462,,,
0.358966,0.0333776,,,
0.360202,0.0332665,,,
0.361442,0.0326706,,,
0.362686,0.0342214,,,
0.363934,0.0327886,,,
0.365187,0.034174,,,
0.366444,0.0323273,,,
0.367705,0.0329242,,,
0.368971,0.0322138,,,
0.370241,0.0332997,,,
0.371516,0.033377,,,
0.372795,0.034063,,,
0.374078,0.0342754,,,
0.375365,0.032658,,,
0.376658,0.0344814,,,
0.377954,0.0342919,,,
0.379255,0.0322659,,,
0.380561,0.0323867,,,
0.381871,0.0328048,,,
0.383185,0.032472,,,
0.384504,0.0331658,,,
0.385828,0.034022,,,
0.387156,0.0337214,,,
0.388488,0.0340666,,,
0.389826,0.034433,,,
0.391168,0.0341902,,,
0.392514,0.0337216,,,
0.393865,0.0338097,,,
0.395221,0.0331429,,,
0.396581,0.033367,,,
0.397946,0.0325211,,,
0.399316,0.0332124,,,
0.400691,0.0335189,,,
0.40207,0.0323363,,,
0.403454,0.0337954,,,
0.404843,0.0342631,,,
0.406236,0.0324814,,,
0.407635,0.0337497,,,
0.409038,0.033658,,,
0.410446,0.0337229,,,
0.411859,0.0334863,,,
0.413277,0.0347473,,,
0.414699,0.0343943,,,
0.416127,0.0334832,,,
0.417559,0.033603,,,
0.418996,0.0331136,,,
0.420439,0.0349409,,,
0.421886,0.034597,,,
0.423338,0.0351067,,,
0.424795,0.0336421,,,
0.426258,0.033982,,,
0.427725,0.0352099,,,
0.429197,0.0362279,,,
0.430675,0.0338189,,,
0.432157,0.0346007,,,
0.433645,0.0337212,,,
0.435137,0.0326275,,,
0.436635,0.0348041,,,
0.438138,0.0333199,,,
0.439646,0.0333609,,,
0.44116,0.0332487,,,
0.442678,0.0334867,,,
0.444202,0.0354025,,,
0.445731,0.0337841,,,
0.447265,0.0343229,,,
0.448805,0.0350669,,,
0.45035,0.033828,,,
0.4519,0.0341688,,,
0.453456,0.0352091,,,
0.455017,0.0348241,,,
0.456583,0.0343572,,,
0.458155,0.0343733,,,
0.459732,0.0347038,,,
0.461314,0.0356456,,,
0.462902,0.034388,,,
0.464495,0.0353386,,,
0.466094,0.034037,,,
0.467699,0.0342707,,,
0.469309,0.0350105,,,
0.470924,0.0352861,,,
0.472545,0.0354076,,,
0.474172,0.0339337,,,
0.475804,0.0349775,,,
0.477442,0.0352553,,,
0.479085,0.035378,,,
0.480734,0.0350228,,,
0.482389,0.0359224,,,
0.48405,0.0352335,,,
0.485716,0.0354604,,,
0.487388,0.0366288,,,
0.489066,0.0358185,,,
0.490749,0.0353936,,,
0.492438,0.0355626,,,
0.494133,0.0350985,,,
0.495834,0.0362736,,,
0.497541,0.0345908,,,
0.499254,0.0332843,,,
0.500972,0.0351166,,,
0.502697,0.0345459,,,
0.504427,0.0362633,,,
0.506164,0.0352136,,,
0.507906,0.0347745,,,
0.509654,0.0360809,,,
0.511409,0.0353103,,,
0.513169,0.0352992,,,
0.514935,0.0352356,,,
0.516708,0.0363838,,,
0.518486,0.0341603,,,
0.520271,0.0352377,,,
0.522062,0.0354827,,,
0.523859,0.0353787,,,
0.525662,0.0356044,,,
0.527472,0.035527,,,
0.529288,0.0367709,,,
0.531109,0.035785,,,
0.532938,0.0359408,,,
0.534772,0.0372232,,,
0.536613,0.0359123,,,
0.53846,0.0369838,,,
0.540314,0.0348312,,,
0.542174,0.0362618,,,
0.54404,0.03491,,,
0.545913,0.0354725,,,
0.547792,0.0349928,,,
0.549677,0.0372285,,,
0.551569,0.0353273,,,
0.553468,0.0366723,,,
0.555373,0.0353098,,,
0.557285,0.0359807,,,
0.559203,0.0359583,,,
0.561128,0.0370144,,,
0.56306,0.0357217,,,
0.564998,0.0370694,,,
0.566943,0.0363981,,,
0.568894,0.0350604,,,
0.570853,0.0363166,,,
0.572818,0.0360134,,,
0.574789,0.0357446,,,
0.576768,0.0357824,,,
0.578753,0.0364571,,,
0.580745,0.0358987,,,
0.582744,0.0361642,,,
0.58475,0.036301,,,
0.586763,0.0359179,,,
0.588783,0.0366092,,,
0.59081,0.0364333,,,
0.592843,0.0366629,,,
0.594884,0.0362014,,,
0.596932,0.0367451,,,
0.598987,0.0360084,,,
0.601049,0.0357028,,,
0.603117,0.0362637,,,
0.605194,0.0367643,,,
0.607277,0.035769,,,
0.609367,0.0359523,,,
0.611465,0.0368719,,,
0.61357,0.036892,,,
0.615682,0.037067,,,
0.617801,0.0362077,,,
0.619927,0.0367529,,,
0.622061,0.0361852,,,
0.624203,0.0363779,,,
0.626351,0.0370132,,,
0.628507,0.0376825,,,
0.630671,0.036842,,,
0.632842,0.0375456,,,
0.63502,0.0369381,,,
0.637206,0.0380196,,,
0.639399,0.0365719,,,
0.6416,0.03836,,,
0.643809,0.0374701,,,
0.646025,0.0380361,,,
0.648249,0.0382025,,,
0.65048,0.0369298,,,
0.652719,0.0367612,,,
0.654966,0.036283,,,
0.657221,0.0372348,,,
0.659483,0.0376852,,,
0.661753,0.0372452,,,
0.664031,0.0377365,,,
0.666317,0.0376675,,,
0.66861,0.0387713,,,
0.670912,0.0375915,,,
0.673221,0.0374031,,,
0.675539,0.0373466,,,
0.677864,0.0388143,,,
0.680197,0.0388206,,,
0.682539,0.0382797,,,
0.684888,0.0381936,,,
0.687246,0.0376902,,,
0.689611,0.0372688,,,
0.691985,0.037629,,,
0.694367,0.0376918,,,
0.696757,0.038905,,,
0.699156,0.038508,,,
0.701562,0.0390261,,,
0.703977,0.0380988,,,
0.706401,0.038762,,,
0.708832,0.0380357,,,
0.711272,0.0380424,,,
0.713721,0.0381965,,,
0.716177,0.0383722,,,
0.718643,0.0381639,,,
0.721116,0.0379953,,,
0.723599,0.0378162,,,
0.726089,0.0396246,,,
0.728589,0.0391001,,,
0.731097,0.0381077,,,
0.733613,0.0376299,,,
0.736139,0.039376,,,
0.738673,0.0393099,,,
0.741215,0.107842,,,
0.743767,0.0381368,,,
0.746327,0.0386569,,,
0.748896,0.0382642,,,
0.751474,0.0381338,,,
0.754061,0.039607,,,
0.756656,0.0379222,,,
0.759261,0.0390167,,,
0.761874,0.0646362,,,
0.764497,0.0384819,,,
0.767128,0.038782,,,
0.769769,0.0394124,,,
0.772419,0.0390194,,,
0.775078,0.0391873,,,
0.777746,0.0397945,,,
0.780423,0.0395952,,,
0.783109,0.039353,,,
0.785805,0.0392213,,,
0.78851,0.0394861,,,
0.791224,0.0385669,,,
0.793948,0.0394081,,,
0.79668,0.0391034,,,
0.799423,0.0400941,,,
0.802175,0.0395402,,,
0.804936,0.0396484,,,
0.807707,0.0396029,,,
0.810487,0.0386786,,,
0.813277,0.0384223,,,
0.816076,0.0396123,,,
0.818885,0.0385714,,,
0.821704,0.0391959,,,
0.824533,0.0388508,,,
0.827371,0.0387917,,,
0.830219,0.0400989,,,
0.833077,0.0396822,,,
0.835944,0.03964,,,
0.838822,0.0392479,,,
0.841709,0.0404143,,,
0.844607,0.0403502,,,
0.847514,0.0386254,,,
0.850431,0.0402816,,,
0.853359,0.0392838,,,
0.856296,0.0399706,,,
0.859244,0.0406856,,,
0.862201,0.0389087,,,
0.865169,0.0396125,,,
0.868147,0.0399394,,,
0.871136,0.0394115,,,
0.874135,0.0408155,,,
0.877143,0.0408592,,,
0.880163,0.0402811,,,
0.883193,0.0402083,,,
0.886233,0.0409976,,,
0.889283,0.0410187,,,
0.892344,0.039384,,,
0.895416,0.0407171,,,
0.898498,0.0410041,,,
0.901591,0.0398169,,,
0.904695,0.040755,,,
0.907809,0.0408416,,,
0.910934,0.0407753,,,
0.914069,0.0399569,,,
0.917216,0.0409882,,,
0.920373,0.0403699,,,
0.923541,0.0401076,,,
0.92672,0.0411915,,,
0.92991,0.0409713,,,
0.933111,0.0413192,,,
0.936323,0.040618,,,
0.939546,0.0410685,,,
0.94278,0.0417568,,,
0.946026,0.0418333,,,
0.949282,0.0418549,,,
0.95255,0.0407118,,,
0.955829,0.0405337,,,
0.959119,0.0414875,,,
0.96242,0.0427368,,,
0.965733,0.0406155,,,
0.969057,0.0404653,,,
0.972393,0.0417021,,,
0.97574,0.0413802,,,
0.979099,0.041029,,,
0.982469,0.0411201,,,
0.985851,0.0412208,,,
0.989245,0.0421344,,,
0.99265,0.0416548,,,
0.996067,0.0418047,,,
0.999495,0.0415351,,,
1.00294,0.0422201,,,
1.00639,0.0425877,,,
1.00985,0.0419876,,,
1.01333,0.0427712,,,
1.01682,0.0419506,,,
1.02032,0.0425228,,,
1.02383,0.0416885,,,
1.02735,0.0422351,,,
1.03089,0.0417775,,,
1.03444,0.0426656,,,
1.038,0.0423383,,,
1.04157,0.0416429,,,
1.04516,0.0423197,,,
1.04876,0.0440667,,,
1.05237,0.0421248,,,
1.05599,0.0421723,,,
1.05962,0.0426449,,,
1.06327,0.0422626,,,
1.06693,0.0431449,,,
1.0706,0.0428186,,,
1.07429,0.0422383,,,
1.07799,0.0426519,,,
1.0817,0.042945,,,
1.08542,0.0438638,,,
1.08916,0.0421248,,,
1.09291,0.0431171,,,
1.09667,0.0425549,,,
1.10044,0.0428196,,,
1.10423,0.0427558,,,
1.10803,0.0428802,,,
1.11185,0.0432688,,,
1.11567,0.043013,,,
1.11951,0.0433543,,,
1.12337,0.0423139,,,
1.12723,0.042818,,,
1.13111,0.0429776,,,
1.13501,0.0431823,,,
1.13891,0.0437214,,,
1.14283,0.0432301,,,
1.14677,0.0439769,,,
1.15072,0.0442026,,,
1.15468,0.0431095,,,
1.15865,0.0439114,,,
1.16264,0.0427426,,,
1.16664,0.0435205,,,
1.17066,0.0438905,,,
1.17469,0.0435612,,,
1.17873,0.0441473,,,
1.18279,0.0434144,,,
1.18686,0.0437164,,,
1.19095,0.0454057,,,
1.19505,0.0439307,,,
1.19916,0.0444814,,,
1.20329,0.0445116,,,
1.20743,0.0441273,,,
1.21158,0.0449214,,,
1.21576,0.0439642,,,
1.21994,0.0452893,,,
1.22414,0.0439905,,,
1.22835,0.0447186,,,
1.23258,0.0443089,,,
1.23682,0.0443267,,,
1.24108,0.0448038,,,
1.24535,0.0443724,,,
1.24964,0.0452684,,,
1.25394,0.0456413,,,
1.25826,0.0448995,,,
1.26259,0.0453883,,,
1.26694,0.0458662,,,
1.2713,0.0449822,,,
1.27567,0.0451556,,,
1.28006,0.0451731,,,
1.28447,0.0443601,,,
1.28889,0.0446627,,,
1.29333,0.0457969,,,
1.29778,0.0459553,,,
1.30225,0.0460785,,,
1.30673,0.0458916,,,
1.31123,0.044767,,,
1.31574,0.0455148,,,
1.32027,0.0465547,,,
1.32482,0.0463007,,,
1.32938,0.0465991,,,
1.33395,0.0455897,,,
1.33854,0.0469764,,,
1.34315,0.046026,,,
1.34777,0.0460197,,,
1.35241,0.0458993,,,
1.35707,0.0471812,,,
1.36174,0.0457284,,,
1.36643,0.0458879,,,
1.37113,0.0467811,,,
1.37585,0.0461599,,,
1.38059,0.0463361,,,
1.38534,0.0467599,,,
1.39011,0.0470531,,,
1.39489,0.0462873,,,
1.3997,0.0464746,,,
1.40451,0.0470242,,,
1.40935,0.0466406,,,
1.4142,0.0473225,,,
1.41907,0.0467938,,,
1.42395,0.0472643,,,
1.42885,0.0471109,,,
1.43377,0.0469676,,,
1.43871,0.0473947,,,
1.44366,0.0466237,,,
1.44863,0.0462994,,,
1.45362,0.0470565,,,
1.45862,0.0470545,,,
1.46364,0.0480379,,,
1.46868,0.0472474,,,
1.47373,0.0480265,,,
1.47881,0.0473602,,,
1.4839,0.0479677,,,
1.48901,0.0480764,,,
1.49413,0.0476168,,,
1.49927,0.0480299,,,
1.50443,0.0484728,,,
1.50961,0.0473118,,,
1.51481,0.0473843,,,
1.52002,0.0482133,,,
1.52526,0.0478437,,,
1.53051,0.0475212,,,
1.53577,0.0488978,,,
1.54106,0.0486964,,,
1.54637,0.0482745,,,
1.55169,0.0482288,,,
1.55703,0.0480217,,,
1.56239,0.0478796,,,
1.56777,0.0482318,,,
1.57316,0.048586,,,
1.57858,0.0475924,,,
1.58401,0.0484424,,,
1.58947,0.048527,,,
1.59494,0.0498344,,,
1.60043,0.0491686,,,
1.60594,0.049113,,,
1.61146,0.0488676,,,
1.61701,0.0485077,,,
1.62258,0.0494399,,,
1.62816,0.0492566,,,
1.63377,0.0488582,,,
1.63939,0.0492122,,,
1.64503,0.0486162,,,
1.6507,0.049391,,,
1.65638,0.0501971,,,
1.66208,0.0494072,,,
1.6678,0.0500352,,,
1.67354,0.0493273,,,
1.6793,0.0501726,,,
1.68508,0.0503512,,,
1.69088,0.0501487,,,
1.69671,0.0503358,,,
1.70255,0.0497678,,,
1.70841,0.0498891,,,
1.71429,0.0503673,,,
1.72019,0.0501526,,,
1.72611,0.0502337,,,
1.73205,0.0497558,,,
1.73801,0.0503735,,,
1.744,0.0509119,,,
1.75,0.0507836,,,
1.75602,0.0508361,,,
1.76207,0.0511871,,,
1.76813,0.0508271,,,
1.77422,0.0508791,,,
1.78033,0.0498119,,,
1.78645,0.050973,,,
1.7926,0.0512797,,,
1.79877,0.050783,,,
1.80497,0.0509245,,,
1.81118,0.0517102,,,
1.81741,0.0517527,,,
1.82367,0.0515718,,,
1.82995,0.0515044,,,
1.83625,0.0518529,,,
1.84257,0.0519593,,,
1.84891,0.0513327,,,
1.85527,0.0516179,,,
1.86166,0.0521947,,,
1.86807,0.051194,,,
1.8745,0.0520678,,,
1.88095,0.0524304,,,
1.88743,0.0521078,,,
1.89392,0.0522723,,,
1.90044,0.0522195,,,
1.90698,0.0523162,,,
1.91355,0.0526737,,,
1.92014,0.0526562,,,
1.92674,0.0518689,,,
1.93338,0.0521981,,,
1.94003,0.0524655,,,
1.94671,0.0527642,,,
1.95341,0.0520038,,,
1.96014,0.0524768,,,
1.96688,0.0530956,,,
1.97365,0.0526859,,,
1.98045,0.0523103,,,
1.98726,0.0534795,,,
1.9941,0.0535657,,,
2.00097,0.0537038,,,
2.00786,0.0534053,,,
2.01477,0.0536227,,,
2.0217,0.0540708,,,
2.02866,0.0531093,,,
2.03565,0.0532577,,,
2.04265,0.0535849,,,
2.04968,0.0540449,,,
2.05674,0.0540307,,,
2.06382,0.0534604,,,
2.07092,0.0537386,,,
2.07805,0.054406,,,
2.08521,0.054041,,,
2.09238,0.0543447,,,
2.09959,0.054811,,,
2.10681,0.0536243,,,
2.11406,0.0542952,,,
2.12134,0.0544657,,,
2.12864,0.0543193,,,
2.13597,0.0538877,,,
2.14332,0.0550639,,,
2.1507,0.0541879,,,
2.1581,0.0554008,,,
2.16553,0.0544918,,,
2.17299,0.0550582,,,
2.18047,0.0549028,,,
2.18797,0.0554191,,,
2.19551,0.054915,,,
2.20306,0.0556284,,,
2.21065,0.055598,,,
2.21826,0.0549053,,,
2.22589,0.0549486,,,
2.23355,0.0547676,,,
2.24124,0.0566316,,,
2.24896,0.0567117,,,
2.2567,0.0560831,,,
2.26447,0.0559959,,,
2.27226,0.0562077,,,
2.28008,0.0560322,,,
2.28793,0.0564138,,,
2.29581,0.0566477,,,
2.30371,0.0563347,,,
2.31164,0.0568979,,,
2.3196,0.0550456,,,
2.32758,0.0569328,,,
2.33559,0.0556275,,,
2.34363,0.0571708,,,
2.3517,0.056869,,,
2.3598,0.0563242,,,
2.36792,0.0563184,,,
2.37607,0.057267,,,
2.38425,0.0571351,,,
2.39245,0.057028,,,
2.40069,0.0563343,,,
2.40895,0.0571932,,,
2.41725,0.0578823,,,
2.42557,0.0571748,,,
2.43392,0.0574894,,,
2.44229,0.0572418,,,
2.4507,0.0576382,,,
2.45914,0.0578285,,,
2.4676,0.0570614,,,
2.4761,0.0579267,,,
2.48462,0.0583289,,,
2.49317,0.0575128,,,
2.50175,0.0580862,,,
2.51037,0.0584678,,,
2.51901,0.0583907,,,
2.52768,0.0577707,,,
2.53638,0.0590053,,,
2.54511,0.0582474,,,
2.55387,0.0580879,,,
2.56266,0.0588122,,,
2.57148,0.0591773,,,
2.58033,0.0583458,,,
2.58922,0.0585865,,,
2.59813,0.0590339,,,
2.60707,0.0587871,,,
2.61605,0.0598267,,,
2.62505,0.0590276,,,
2.63409,0.0588104,,,
2.64315,0.0589596,,,
2.65225,0.0598713,,,
2.66138,0.059575,,,
2.67054,0.0594155,,,
2.67974,0.0590667,,,
2.68896,0.0595042,,,
2.69822,0.0607678,,,
2.7075,0.0597087,,,
2.71682,0.0608262,,,
2.72618,0.0607722,,,
2.73556,0.0602504,,,
2.74498,0.0601987,,,
2.75443,0.0605814,,,
2.76391,0.0602125,,,
2.77342,0.059898,,,
2.78297,0.0605904,,,
2.79255,0.0605007,,,
2.80216,0.0609223,,,
2.81181,0.0604811,,,
2.82148,0.0600578,,,
2.8312,0.0606047,,,
2.84094,0.06136,,,
2.85072,0.0613629,,,
2.86053,0.0611451,,,
2.87038,0.0609002,,,
2.88026,0.0610729,,,
2.89018,0.0616304,,,
2.90012,0.0617447,,,
2.91011,0.0611202,,,
2.92013,0.0618003,,,
2.93018,0.0622776,,,
2.94026,0.0615497,,,
2.95038,0.0616283,,,
2.96054,0.062025,,,
2.97073,0.0626896,,,
2.98096,0.0618936,,,
2.99122,0.0629505,,,
3.00151,0.062107,,,
3.01185,0.0621933,,,
3.02221,0.0626426,,,
3.03262,0.0629769,,,
3.04306,0.0632869,,,
3.05353,0.0627987,,,
3.06404,0.063735,,,
3.07459,0.0627793,,,
3.08517,0.0636817,,,
3.09579,0.063042,,,
3.10645,0.0631163,,,
3.11714,0.063241,,,
3.12787,0.0634048,,,
3.13864,0.0641831,,,
3.14944,0.0639896,,,
3.16028,0.0633315,,,
3.17116,0.0643379,,,
3.18208,0.0641531,,,
3.19303,0.0644331,,,
3.20402,0.0640992,,,
3.21505,0.0645917,,,
3.22612,0.0647279,,,
3.23722,0.063834,,,
3.24837,0.0644267,,,
3.25955,0.0643335,,,
3.27077,0.0641367,,,
3.28203,0.0647257,,,
3.29332,0.0649708,,,
3.30466,0.0645521,,,
3.31604,0.0652233,,,
3.32745,0.0646774,,,
3.3389,0.0650984,,,
3.3504,0.0658787,,,
3.36193,0.0653431,,,
3.3735,0.0660775,,,
3.38512,0.0648784,,,
3.39677,0.0659491,,,
3.40846,0.0656408,,,
3.42019,0.066139,,,
3.43197,0.0662567,,,
3.44378,0.0665063,,,
3.45563,0.0664418,,,
3.46753,0.0663008,,,
3.47947,0.0661423,,,
3.49144,0.0655952,,,
3.50346,0.0664878,,,
3.51552,0.0661876,,,
3.52762,0.0666814,,,
3.53976,0.0673854,,,
3.55195,0.0669116,,,
3.56418,0.0674876,,,
3.57644,0.0663093,,,
3.58876,0.0674509,,,
3.60111,0.0673947,,,
3.6135,0.0671227,,,
3.62594,0.0673503,,,
3.63842,0.0669894,,,
3.65095,0.0676854,,,
3.66352,0.0684677,,,
3.67613,0.0673723,,,
3.68878,0.0677084,,,
3.70148,0.0677434,,,
3.71422,0.0682856,,,
3.72701,0.0682009,,,
3.73983,0.0676737,,,
3.75271,0.0683017,,,
3.76563,0.0687506,,,
3.77859,0.0687812,,,
3.79159,0.0681656,,,
3.80465,0.0692078,,,
3.81774,0.0687681,,,
3.83088,0.0691063,,,
3.84407,0.0685431,,,
3.8573,0.0686401,,,
3.87058,0.0689887,,,
3.8839,0.0688341,,,
3.89727,0.0692999,,,
3.91069,0.0691316,,,
3.92415,0.0687166,,,
3.93766,0.0695043,,,
3.95121,0.0695869,,,
3.96481,0.0690843,,,
3.97846,0.0698042,,,
3.99216,0.070666,,,
4.0059,0.0692289,,,
4.01969,0.069656,,,
4.03352,0.0699391,,,
4.04741,0.0701689,,,
4.06134,0.0701014,,,
4.07532,0.0703457,,,
4.08935,0.0706257,,,
4.10342,0.07019,,,
4.11755,0.0703278,,,
4.13172,0.0703291,,,
4.14595,0.0699235,,,
4.16022,0.0703357,,,
4.17454,0.0700223,,,
4.18891,0.0704483,,,
4.20333,0.0705518,,,
4.21779,0.0705505,,,
4.23231,0.0703365,,,
4.24688,0.0700245,,,
4.2615,0.070692,,,
4.27617,0.0704615,,,
4.29089,0.0706189,,,
4.30566,0.0710082,,,
4.32048,0.0711706,,,
4.33535,0.0709322,,,
4.35028,0.0705982,,,
4.36525,0.0712367,,,
4.38028,0.0710512,,,
4.39535,0.0711902,,,
4.41048,0.0713292,,,
4.42567,0.0714697,,,
4.4409,0.071086,,,
4.45619,0.0713726,,,
4.47153,0.0721078,,,
4.48692,0.0716435,,,
4.50236,0.0712133,,,
4.51786,0.0720654,,,
4.53341,0.0711097,,,
4.54902,0.0717646,,,
4.56468,0.0720713,,,
4.58039,0.0725045,,,
4.59616,0.071515,,,
4.61198,0.0716413,,,
4.62785,0.0716342,,,
4.64378,0.071995,,,
4.65977,0.0718872,,,
4.67581,0.071893,,,
4.6919,0.0716808,,,
4.70805,0.0724208,,,
4.72426,0.0714773,,,
4.74052,0.0717397,,,
4.75684,0.0718124,,,
4.77321,0.0720561,,,
4.78964,0.0726077,,,
4.80613,0.0723052,,,
4.82268,0.0721344,,,
4.83928,0.0728324,,,
4.85593,0.0718621,,,
4.87265,0.0718854,,,
4.88942,0.0719535,,,
4.90625,0.0727983,,,
4.92314,0.0727085,,,
4.94009,0.0721987,,,
4.95709,0.0711981,,,
4.97416,0.071929,,,
4.99128,0.0727552,,,
5.00846,0.072278,,,
5.0257,0.072653,,,
5.043,0.0723597,,,
5.06036,0.0721275,,,
5.07778,0.0721973,,,
5.09526,0.0721967,,,
5.11279,0.0721692,,,
5.13039,0.0725054,,,
5.14805,0.0730037,,,
5.16578,0.0718162,,,
5.18356,0.0714778,,,
5.2014,0.0725273,,,
5.2193,0.0726079,,,
5.23727,0.072097,,,
5.2553,0.0728739,,,
5.27339,0.0726665,,,
5.29154,0.0721387,,,
5.30976,0.0722214,,,
5.32803,0.0725454,,,
5.34637,0.0725779,,,
5.36478,0.0723384,,,
5.38324,0.0726037,,,
5.40177,0.0720554,,,
5.42037,0.0727307,,,
5.43903,0.0722703,,,
5.45775,0.0721069,,,
5.47653,0.0716908,,,
5.49539,0.0719843,,,
5.5143,0.0722689,,,
5.53328,0.0719512,,,
5.55233,0.0718833,,,
5.57144,0.0718249,,,
5.59062,0.0716042,,,
5.60987,0.0717173,,,
5.62918,0.0722309,,,
5.64855,0.0721159,,,
5.668,0.071984,,,
5.68751,0.0722094,,,
5.70708,0.0716517,,,
5.72673,0.0717915,,,
5.74644,0.0718276,,,
5.76622,0.0711759,,,
5.78607,0.0717072,,,
5.80599,0.0713099,,,
5.82597,0.0719142,,,
5.84603,0.0713882,,,
5.86615,0.0716271,,,
5.88634,0.0711696,,,
5.90661,0.0711726,,,
5.92694,0.0711952,,,
5.94734,0.0712328,,,
5.96781,0.0711099,,,
5.98836,0.0700309,,,
6.00897,0.0708371,,,
6.02965,0.0709555,,,
6.05041,0.0707104,,,
6.07124,0.0702871,,,
6.09213,0.0709711,,,
6.1131,0.0707514,,,
6.13415,0.071046,,,
6.15526,0.0705135,,,
6.17645,0.0708772,,,
6.19771,0.0706388,,,
6.21904,0.0703599,,,
6.24045,0.0702963,,,
6.26193,0.0700136,,,
6.28349,0.0697379,,,
6.30512,0.0697333,,,
6.32682,0.0699401,,,
6.3486,0.0700628,,,
6.37045,0.0700473,,,
6.39238,0.0691696,,,
6.41439,0.0694259,,,
6.43647,0.0694868,,,
6.45862,0.0690673,,,
6.48085,0.0690245,,,
6.50316,0.0686396,,,
6.52555,0.0691866,,,
6.54801,0.0694136,,,
6.57055,0.0689431,,,
6.59317,0.0688589,,,
6.61586,0.069494,,,
6.63863,0.0684573,,,
6.66149,0.068413,,,
6.68442,0.0688845,,,
6.70743,0.0683321,,,
6.73051,0.068221,,,
6.75368,0.0679453,,,
6.77693,0.0681031,,,
6.80026,0.0673571,,,
6.82367,0.0674415,,,
6.84715,0.0677345,,,
6.87072,0.0673657,,,
6.89437,0.0673912,,,
6.91811,0.067621,,,
6.94192,0.0671595,,,
6.96582,0.0671953,,,
6.98979,0.0669591,,,
7.01385,0.0665532,,,
7.038,0.0665607,,,
7.06222,0.0661822,,,
7.08653,0.0654588,,,
7.11093,0.0661635,,,
7.13541,0.0661251,,,
7.15997,0.0658653,,,
7.18461,0.0650948,,,
7.20934,0.0652517,,,
7.23416,0.0653462,,,
7.25906,0.0651436,,,
7.28405,0.0651221,,,
7.30912,0.0650749,,,
7.33428,0.0650674,,,
7.35953,0.0646476,,,
7.38486,0.0644317,,,
7.41028,0.0645482,,,
7.43579,0.0643479,,,
7.46139,0.0643752,,,
7.48707,0.0638717,,,
7.51284,0.0635422,,,
7.5387,0.0638021,,,
7.56465,0.0634939,,,
7.59069,0.0633696,,,
7.61682,0.0633681,,,
7.64304,0.0631055,,,
7.66935,0.0626882,,,
7.69575,0.0622542,,,
7.72224,0.062605,,,
7.74882,0.0623834,,,
7.77549,0.0624181,,,
7.80226,0.0622872,,,
7.82912,0.0622898,,,
7.85607,0.0622542,,,
7.88311,0.061445,,,
7.91024,0.061613,,,
7.93747,0.0616833,,,
7.96479,0.0615419,,,
7.99221,0.0607905,,,
8.01972,0.0608507,,,
8.04733,0.0607857,,,
8.07503,0.060496,,,
8.10283,0.060289,,,
8.13072,0.0597587,,,
8.1587,0.059779,,,
8.18679,0.0594229,,,
8.21497,0.059189,,,
8.24325,0.0594619,,,
8.27162,0.0588546,,,
8.3001,0.0586768,,,
8.32867,0.0585034,,,
8.35734,0.0587553,,,
8.3861,0.0576462,,,
8.41497,0.0578342,,,
8.44394,0.0580731,,,
8.473,0.0579442,,,
8.50217,0.0575789,,,
8.53143,0.0575755,,,
8.5608,0.0571946,,,
8.59027,0.0568732,,,
8.61984,0.0567971,,,
8.64951,0.0568367,,,
8.67928,0.0564466,,,
8.70916,0.0562396,,,
8.73914,0.0561958,,,
8.76922,0.0558843,,,
8.79941,0.055481,,,
8.8297,0.0558262,,,
8.86009,0.0549086,,,
8.89059,0.055312,,,
8.92119,0.0545781,,,
8.9519,0.055192,,,
8.98272,0.0549235,,,
9.01364,0.0545952,,,
9.04466,0.0540664,,,
9.0758,0.0539209,,,
9.10704,0.0535955,,,
9.13839,0.054023,,,
9.16984,0.0532813,,,
9.20141,0.0530343,,,
9.23308,0.0526421,,,
9.26486,0.0527763,,,
9.29676,0.0525918,,,
9.32876,0.0524868,,,
9.36087,0.0522828,,,
9.39309,0.0525416,,,
9.42542,0.0518097,,,
9.45787,0.0516345,,,
9.49042,0.0517123,,,
9.52309,0.0512628,,,
9.55587,0.0509393,,,
9.58877,0.0506274,,,
9.62177,0.0504997,,,
9.65489,0.0501577,,,
9.68813,0.0504504,,,
9.72148,0.0500355,,,
9.75494,0.0497795,,,
9.78852,0.0493271,,,
9.82221,0.0496171,,,
9.85602,0.0490621,,,
9.88995,0.0491082,,,
9.92399,0.0491272,,,
9.95816,0.0487428,,,
9.99243,0.0484275,,,
10.0268,0.0481526,,,
10.0613,0.0477995,,,
10.096,0.0476639,,,
10.1307,0.0474753,,,
10.1656,0.0475006,,,
10.2006,0.0469976,,,
10.2357,0.0471942,,,
10.2709,0.0469211,,,
10.3063,0.046138,,,
10.3418,0.0466515,,,
10.3774,0.0460975,,,
10.4131,0.0455593,,,
10.4489,0.0457507,,,
10.4849,0.045479,,,
10.521,0.0449741,,,
10.5572,0.0447068,,,
10.5936,0.0448616,,,
10.63,0.0445183,,,
10.6666,0.0444694,,,
10.7033,0.0444426,,,
10.7402,0.0441584,,,
10.7771,0.043875,,,
10.8142,0.0434691,,,
10.8515,0.0432468,,,
10.8888,0.0429276,,,
10.9263,0.0430609,,,
10.9639,0.0427847,,,
11.0016,0.0424562,,,
11.0395,0.0423199,,,
11.0775,0.0420645,,,
11.1156,0.0423158,,,
11.1539,0.0419217,,,
11.1923,0.0417093,,,
11.2308,0.0412494,,,
11.2695,0.0413928,,,
11.3083,0.0406936,,,
11.3472,0.0406306,,,
11.3863,0.0406453,,,
11.4255,0.0400412,,,
11.4648,0.0402678,,,
11.5043,0.0397522,,,
11.5439,0.0397188,,,
11.5836,0.03916,,,
11.6235,0.0387948,,,
11.6635,0.0392633,,,
11.7036,0.0389567,,,
11.7439,0.0386144,,,
11.7843,0.0386502,,,
11.8249,0.038397,,,
11.8656,0.0379985,,,
11.9065,0.037513,,,
11.9474,0.0374139,,,
11.9886,0.0375919,,,
12.0298,0.0373097,,,
12.0712,0.0372531,,,
12.1128,0.0369099,,,
12.1545,0.036345,,,
12.1963,0.0362158,,,
12.2383,0.0361386,,,
12.2804,0.0357559,,,
12.3227,0.0358955,,,
12.3651,0.0355503,,,
12.4077,0.035319,,,
12.4504,0.034839,,,
12.4933,0.034949,,,
12.5363,0.0350724,,,
12.5794,0.0349035,,,
12.6227,0.0343534,,,
12.6662,0.034016,,,
12.7098,0.0335931,,,
12.7535,0.0334538,,,
12.7974,0.0336267,,,
12.8415,0.0333075,,,
12.8857,0.0331813,,,
12.93,0.0328472,,,
12.9745,0.0325692,,,
13.0192,0.0326193,,,
13.064,0.032385,,,
13.109,0.0324581,,,
13.1541,0.0321343,,,
13.1994,0.0314499,,,
13.2448,0.0320294,,,
13.2904,0.0315034,,,
13.3362,0.0314326,,,
13.3821,0.0308971,,,
13.4281,0.030695,,,
13.4743,0.0305967,,,
13.5207,0.0303997,,,
13.5673,0.0301603,,,
13.614,0.0300454,,,
13.6608,0.0299194,,,
13.7079,0.029923,,,
13.755,0.0293305,,,
13.8024,0.0295199,,,
13.8499,0.0289463,,,
13.8976,0.0291665,,,
13.9454,0.0285933,,,
13.9934,0.0285632,,,
14.0416,0.0283915,,,
14.0899,0.0282244,,,
14.1384,0.0278826,,,
14.1871,0.0279059,,,
14.2359,0.0275709,,,
14.2849,0.0274722,,,
14.3341,0.0274074,,,
14.3834,0.0271396,,,
14.433,0.0268751,,,
14.4826,0.0267188,,,
14.5325,0.0264734,,,
14.5825,0.0264621,,,
14.6327,0.0261348,,,
14.6831,0.025943,,,
14.7336,0.0258286,,,
14.7843,0.0256181,,,
14.8352,0.025456,,,
14.8863,0.0252323,,,
14.9375,0.0247958,,,
14.989,0.0246732,,,
15.0406,0.0246592,,,
15.0923,0.0244371,,,
15.1443,0.0242978,,,
15.1964,0.0242867,,,
15.2487,0.0240142,,,
15.3012,0.0239258,,,
15.3539,0.0237552,,,
15.4067,0.0234612,,,
15.4598,0.0232243,,,
15.513,0.0232386,,,
15.5664,0.0229336,,,
15.62,0.0226912,,,
15.6737,0.0224556,,,
15.7277,0.0226336,,,
15.7818,0.0224198,,,
15.8361,0.0219965,,,
15.8907,0.0221106,,,
15.9454,0.0217222,,,
16.0002,0.0216376,,,
16.0553,0.0217257,,,
16.1106,0.0213523,,,
16.166,0.0213993,,,
16.2217,0.0210829,,,
16.2775,0.0208367,,,
16.3336,0.0206678,,,
16.3898,0.0207044,,,
16.4462,0.0204938,,,
16.5028,0.0202047,,,
16.5596,0.0203168,,,
16.6166,0.020099,,,
16.6738,0.01984,,,
16.7312,0.019682,,,
16.7888,0.0193948,,,
16.8466,0.0194271,,,
16.9046,0.0192496,,,
16.9628,0.0190271,,,
17.0212,0.0188977,,,
17.0798,0.0185454,,,
17.1385,0.0186491,,,
17.1975,0.0183348,,,
17.2567,0.0184377,,,
17.3161,0.0182669,,,
17.3757,0.0179336,,,
17.4356,0.0179787,,,
17.4956,0.0177095,,,
17.5558,0.0176147,,,
17.6162,0.0173347,,,
17.6769,0.017274,,,
17.7377,0.0170795,,,
17.7988,0.0170374,,,
17.86,0.0168509,,,
17.9215,0.0166809,,,
17.9832,0.0167007,,,
18.0451,0.0164523,,,
18.1072,0.016235,,,
18.1696,0.0160415,,,
18.2321,0.0162367,,,
18.2949,0.015786,,,
18.3578,0.0158505,,,
18.421,0.0156675,,,
18.4844,0.0155847,,,
18.5481,0.0155363,,,
18.6119,0.0150669,,,
18.676,0.0151525,,,
18.7403,0.0149737,,,
18.8048,0.0147951,,,
18.8695,0.0149166,,,
18.9345,0.0144803,,,
18.9996,0.0146512,,,
19.065,0.0145272,,,
19.1307,0.0142765,,,
19.1965,0.0143129,,,
19.2626,0.0140849,,,
19.3289,0.0139032,,,
19.3954,0.0138913,,,
19.4622,0.0136497,,,
19.5292,0.0135571,,,
19.5964,0.0135227,,,
19.6639,0.0133752,,,
19.7316,0.0133874,,,
19.7995,0.0129882,,,
19.8676,0.0127705,,,
19.936,0.0129184,,,
20.0046,0.0128687,,,
20.0735,0.0125835,,,
20.1426,0.0125303,,,
20.2119,0.0125465,,,
20.2815,0.0124215,,,
20.3513,0.0122311,,,
20.4214,0.0121521,,,
20.4917,0.0119155,,,
20.5622,0.0118407,,,
20.633,0.0116747,,,
20.704,0.0116924,,,
20.7753,0.0114156,,,
20.8468,0.0115467,,,
20.9186,0.0114602,,,
20.9906,0.011288,,,
21.0628,0.0110806,,,
21.1353,0.0110558,,,
21.2081,0.0110096,,,
21.2811,0.0107325,,,
21.3543,0.0107523,,,
21.4278,0.010657,,,
21.5016,0.0105136,,,
21.5756,0.0105342,,,
21.6499,0.0102724,,,
21.7244,0.010218,,,
21.7992,0.0102322,,,
21.8742,0.0100959,,,
21.9495,0.00990007,,,
22.0251,0.0099559,,,
22.1009,0.00996615,,,
22.177,0.0097569,,,
22.2533,0.0096752,,,
22.3299,0.00952451,,,
22.4068,0.00940209,,,
22.4839,0.0093478,,,
22.5613,0.00918208,,,
22.6389,0.00914407,,,
22.7169,0.00906289,,,
22.7951,0.00893363,,,
22.8735,0.00888637,,,
22.9523,0.00884777,,,
23.0313,0.00871484,,,
23.1106,0.00861694,,,
23.1901,0.00855414,,,
23.2699,0.00849561,,,
23.35,0.00844792,,,
23.4304,0.00842858,,,
23.5111,0.0082428,,,
23.592,0.00823602,,,
23.6732,0.00813176,,,
23.7547,0.00801008,,,
23.8365,0.00796164,,,
23.9185,0.00788274,,,
24.0008,0.00784662,,,
24.0835,0.00771028,,,
24.1664,0.00764338,,,
24.2496,0.00761938,,,
24.333,0.00744304,,,
24.4168,0.0075273,,,
24.5008,0.00735853,,,
24.5852,0.00729965,,,
24.6698,0.00718866,,,
24.7547,0.00713226,,,
24.8399,0.00709057,,,
24.9254,0.00705599,,,
25.0112,0.00700221,,,
25.0973,0.00689663,,,
25.1837,0.0068915,,,
25.2704,0.00674134,,,
25.3574,0.00666975,,,
25.4447,0.00661194,,,
25.5323,0.00660962,,,
25.6202,0.0064343,,,
25.7083,0.00640234,,,
25.7968,0.00634684,,,
25.8856,0.00628012,,,
25.9747,0.00628628,,,
26.0641,0.00617275,,,
26.1539,0.00615852,,,
26.2439,0.00601582,,,
26.3342,0.00606432,,,
26.4249,0.00589685,,,
26.5158,0.00594144,,,
26.6071,0.00580114,,,
26.6987,0.00573986,,,
26.7906,0.00570831,,,
26.8828,0.00561727,,,
26.9754,0.00555663,,,
27.0682,0.00553432,,,
27.1614,0.00548988,,,
27.2549,0.00545668,,,
27.3487,0.00542985,,,
27.4428,0.00539939,,,
27.5373,0.00532759,,,
27.6321,0.00523511,,,
27.7272,0.00512785,,,
27.8227,0.00510754,,,
27.9184,0.00509753,,,
28.0145,0.00502011,,,
28.111,0.00496687,,,
28.2077,0.00491702,,,
28.3048,0.00490256,,,
28.4023,0.00482433,,,
28.5,0.00475058,,,
28.5981,0.00471379,,,
28.6966,0.00464925,,,
28.7954,0.00463315,,,
28.8945,0.00463325,,,
28.9939,0.00455182,,,
29.0937,0.00449327,,,
29.1939,0.00450327,,,
29.2944,0.00439283,,,
29.3952,0.00441192,,,
29.4964,0.00429613,,,
29.5979,0.00430621,,,
29.6998,0.00419786,,,
29.802,0.00423947,,,
29.9046,0.00416301,,,
30.0076,0.00412933,,,
30.1109,0.0040587,,,
30.2145,0.0040387,,,
30.3185,0.00404028,,,
30.4229,0.00395369,,,
30.5276,0.00387221,,,
30.6327,0.00388941,,,
30.7381,0.00382592,,,
30.8439,0.00373336,,,
30.9501,0.00379186,,,
31.0566,0.00366826,,,
31.1636,0.00368083,,,
31.2708,0.00359569,,,
31.3785,0.00360447,,,
31.4865,0.00355748,,,
31.5949,0.00353359,,,
31.7036,0.00350227,,,
31.8128,0.00343958,,,
31.9223,0.00341727,,,
32.0321,0.00337335,,,
32.1424,0.00333706,,,
32.253,0.00331212,,,
32.3641,0.00325603,,,
32.4755,0.00325371,,,
32.5873,0.0032132,,,
32.6994,0.0031823,,,
32.812,0.00307656,,,
32.9249,0.00310284,,,
33.0383,0.00305074,,,
33.152,0.00310327,,,
33.2661,0.00299052,,,
33.3806,0.00296618,,,
33.4955,0.00296269,,,
33.6108,0.00288833,,,
33.7265,0.00286169,,,
33.8426,0.00283262,,,
33.9591,0.00284265,,,
34.076,0.0028044,,,
34.1933,0.00277241,,,
34.311,0.00268779,,,
34.4291,0.00265404,,,
34.5476,0.00261524,,,
34.6665,0.00264726,,,
34.7859,0.0025772,,,
34.9056,0.00257857,,,
35.0258,0.00251192,,,
35.1463,0.00251936,,,
35.2673,0.00247829,,,
35.3887,0.00245914,,,
35.5105,0.00244063,,,
35.6328,0.00242923,,,
35.7554,0.00239051,,,
35.8785,0.00235116,,,
36.002,0.00229738,,,
36.1259,0.00234528,,,
36.2503,0.00228621,,,
36.3751,0.00223717,,,
36.5003,0.00224119,,,
36.6259,0.00221997,,,
36.752,0.00215467,,,
36.8785,0.002185,,,
37.0054,0.00212735,,,
37.1328,0.00210353,,,
37.2606,0.00209741,,,
37.3889,0.00205272,,,
37.5176,0.00203055,,,
37.6468,0.00203486,,,
37.7763,0.00200977,,,
37.9064,0.00194073,,,
38.0369,0.00192494,,,
38.1678,0.00193873,,,
38.2992,0.00190562,,,
38.431,0.00186682,,,
38.5633,0.00183871,,,
38.696,0.00179861,,,
38.8292,0.00178952,,,
38.9629,0.00178303,,,
39.097,0.00179537,,,
39.2316,0.00174517,,,
39.3666,0.00171352,,,
39.5022,0.00168935,,,
39.6381,0.00168566,,,
39.7746,0.00165713,,,
39.9115,0.00164415,,,
40.0489,0.00164355,,,
40.1867,0.00159947,,,
40.3251,0.00157514,,,
40.4639,0.00155508,,,
40.6032,0.00154999,,,
40.7429,0.00152879,,,
40.8832,0.00151711,,,
41.0239,0.00149326,,,
41.1651,0.00149028,,,
41.3068,0.00145261,,,
41.449,0.00142752,,,
41.5917,0.00141769,,,
41.7348,0.00140303,,,
41.8785,0.00141711,,,
42.0227,0.00136541,,,
42.1673,0.00138091,,,
42.3125,0.00134225,,,
42.4581,0.00132947,,,
42.6043,0.0012939,,,
42.7509,0.00130529,,,
42.8981,0.00128435,,,
43.0457,0.00125267,,,
43.1939,0.00124901,,,
43.3426,0.0012215,,,
43.4918,0.00123243,,,
43.6415,0.00119337,,,
43.7917,0.00118283,,,
43.9425,0.0011976,,,
44.0937,0.00117781,,,
44.2455,0.00114542,,,
44.3978,0.00115109,,,
44.5506,0.00114102,,,
44.704,0.00111758,,,
44.8579,0.00111633,,,
45.0123,0.00107937,,,
45.1672,0.00107679,,,
45.3227,0.00106096,,,
45.4787,0.0010514,,,
45.6353,0.0010247,,,
45.7923,0.00104619,,,
45.95,0.00103259,,,
46.1081,0.000980246,,,
46.2669,0.00100619,,,
46.4261,0.000998235,,,
46.5859,0.000966417,,,
46.7463,0.00095231,,,
46.9072,0.000963749,,,
47.0687,0.000962251,,,
47.2307,0.000912738,,,
47.3933,0.000919499,,,
47.5564,0.000915778,,,
47.7201,0.00089015,,,
47.8844,0.000904883,,,
48.0492,0.000886855,,,
48.2146,0.000872422,,,
48.3806,0.000854091,,,
48.5471,0.000881079,,,
48.7142,0.000836801,,,
48.8819,0.000848294,,,
49.0501,0.000838435,,,
49.219,0.000824242,,,
49.3884,0.000811864,,,
49.5584,0.000791663,,,
49.729,0.000801199,,,
49.9002,0.000792075,,,
50.072,0.000781216,,,
50.2443,0.00077052,,,
50.4173,0.000762296,,,
50.5908,0.000746924,,,
50.765,0.000738872,,,
50.9397,0.000735805,,,
51.1151,0.000721115,,,
51.291,0.000736755,,,
51.4676,0.000722003,,,
51.6447,0.000700649,,,
51.8225,0.00070228,,,
52.0009,0.000697619,,,
52.1799,0.000674243,,,
52.3595,0.000677935,,,
52.5397,0.000663039,,,
52.7206,0.000657698,,,
52.9021,0.000661027,,,
53.0842,0.000644665,,,
53.2669,0.000635636,,,
53.4502,0.000638701,,,
53.6342,0.000623105,,,
53.8188,0.000630158,,,
54.0041,0.000622518,,,
54.19,0.0006156,,,
54.3765,0.000606266,,,
54.5637,0.000594516,,,
54.7515,0.000593686,,,
54.94,0.000583478,,,
55.1291,0.000574239,,,
55.3189,0.000562148,,,
55.5093,0.000570256,,,
55.7004,0.000562974,,,
55.8921,0.000557211,,,
56.0845,0.000557598,,,
56.2776,0.000542559,,,
56.4713,0.000537156,,,
56.6657,0.000525552,,,
56.8607,0.000522474,,,
57.0565,0.00052229,,,
57.2529,0.00051293,,,
57.4499,0.000502454,,,
57.6477,0.000504614,,,
57.8461,0.000496977,,,
58.0452,0.00050312,,,
58.245,0.000491295,,,
58.4455,0.00047569,,,
58.6467,0.000466327,,,
58.8486,0.000470855,,,
59.0512,0.000463387,,,
59.2544,0.000455378,,,
59.4584,0.000457296,,,
59.6631,0.000452022,,,
59.8684,0.000446884,,,
60.0745,0.000438422,,,
60.2813,0.000430169,,,
60.4888,0.00043269,,,
60.697,0.000431423,,,
60.906,0.000420946,,,
61.1156,0.000418985,,,
61.326,0.000405446,,,
61.5371,0.000408889,,,
61.7489,0.000395341,,,
61.9615,0.000401684,,,
62.1748,0.000390413,,,
62.3888,0.000395486,,,
62.6035,0.000388399,,,
62.819,0.000386078,,,
63.0353,0.00036916,,,
63.2522,0.000373085,,,
63.47,0.000367104,,,
63.6885,0.000362481,,,
63.9077,0.000356046,,,
64.1277,0.000359927,,,
64.3484,0.000344393,,,
64.5699,0.000340338,,,
64.7922,0.000337793,,,
65.0152,0.000335615,,,
65.239,0.000334863,,,
65.4636,0.000324197,,,
65.6889,0.000319569,,,
65.915,0.000323829,,,
66.1419,0.000319627,,,
66.3696,0.000313107,,,
66.5981,0.000308571,,,
66.8273,0.000306772,,,
67.0573,0.000304638,,,
67.2882,0.000297824,,,
67.5198,0.000286782,,,
67.7522,0.00028693,,,
67.9854,0.000282498,,,
68.2194,0.000279856,,,
68.4543,0.000278164,,,
68.6899,0.000274002,,,
68.9264,0.000269493,,,
69.1636,0.000278307,,,
69.4017,0.000269825,,,
69.6406,0.000267435,,,
69.8803,0.000264945,,,
70.1209,0.000260852,,,
70.3622,0.000254361,,,
70.6044,0.000258029,,,
70.8475,0.000247126,,,
71.0913,0.000249875,,,
71.336,0.000243846,,,
71.5816,0.000238766,,,
71.828,0.000240046,,,
72.0753,0.000236068,,,
72.3234,0.000227339,,,
72.5723,0.000233013,,,
72.8221,0.0002345,,,
73.0728,0.000229677,,,
73.3243,0.000221891,,,
73.5767,0.000224707,,,
73.83,0.000223718,,,
74.0841,0.00021773,,,
74.3391,0.000218124,,,
74.595,0.000211783,,,
74.8518,0.000209409,,,
75.1095,0.000210157,,,
75.368,0.000207108,,,
75.6274,0.000200673,,,
75.8878,0.000204186,,,
76.149,0.000200291,,,
76.4111,0.000200535,,,
76.6741,0.000197347,,,
76.9381,0.000197648,,,
77.2029,0.000191187,,,
77.4687,0.000190454,,,
77.7353,0.000191652,,,
78.0029,0.00018509,,,
78.2714,0.000178759,,,
78.5408,0.000186657,,,
78.8112,0.000181306,,,
79.0825,0.00017935,,,
79.3547,0.000173564,,,
79.6279,0.000174206,,,
79.902,0.000173552,,,
80.177,0.000176815,,,
80.453,0.000174131,,,
80.7299,0.000171953,,,
81.0078,0.000168936,,,
81.2867,0.000159543,,,
81.5665,0.000162593,,,
81.8472,0.000163019,,,
82.129,0.000160849,,,
82.4117,0.000158881,,,
82.6954,0.000153459,,,
82.98,0.000154294,,,
83.2656,0.000151953,,,
83.5523,0.000151051,,,
83.8399,0.000151299,,,
84.1285,0.000147376,,,
84.4181,0.000145912,,,
84.7086,0.000141197,,,
85.0002,0.000144637,,,
85.2928,0.000139371,,,
85.5864,0.000140246,,,
85.881,0.000133921,,,
86.1767,0.000139957,,,
86.4733,0.000133503,,,
86.771,0.000131315,,,
87.0696,0.000127479,,,
87.3693,0.000129156,,,
87.6701,0.000132138,,,
87.9719,0.00012513,,,
88.2747,0.000126697,,,
88.5786,0.000121868,,,
88.8835,0.000124878,,,
89.1894,0.000122523,,,
89.4964,0.000118479,,,
89.8045,0.000121345,,,
90.1136,0.000116652,,,
90.4238,0.000118161,,,
90.7351,0.000112765,,,
91.0474,0.000111709,,,
91.3608,0.000111033,,,
91.6753,0.000115453,,,
91.9909,0.000108979,,,
92.3075,0.000108703,,,
92.6253,0.000105437,,,
92.9441,0.00010837,,,
93.264,0.000103514,,,
93.5851,0.00010379,,,
93.9072,0.000102731,,,
94.2305,0.00010064,,,
94.5548,9.84E-05,,,
94.8803,0.00010048,,,
95.2069,9.61E-05,,,
95.5346,9.80E-05,,,
95.8635,9.28E-05,,,
96.1935,9.03E-05,,,
96.5246,9.09E-05,,,
96.8568,8.89E-05,,,
97.1902,9.15E-05,,,
97.5248,8.69E-05,,,
97.8605,8.51E-05,,,
98.1974,8.57E-05,,,
98.5354,8.44E-05,,,
98.8746,8.16E-05,,,
99.2149,8.05E-05,,,
99.5564,8.10E-05,,,
99.8991,8.31E-05,,,
100.243,7.63E-05,,,
100.588,7.58E-05,,,
100.934,7.73E-05,,,
101.282,7.52E-05,,,
101.63,7.65E-05,,,
101.98,7.48E-05,,,
102.331,7.11E-05,,,
102.684,7.13E-05,,,
103.037,6.65E-05,,,
103.392,6.96E-05,,,
103.748,6.64E-05,,,
104.105,6.60E-05,,,
104.463,6.50E-05,,,
104.823,6.38E-05,,,
105.183,6.28E-05,,,
105.545,6.29E-05,,,
105.909,6.09E-05,,,
106.273,5.97E-05,,,
106.639,5.97E-05,,,
107.006,6.01E-05,,,
107.375,5.63E-05,,,
107.744,5.49E-05,,,
108.115,5.35E-05,,,
108.487,5.13E-05,,,
108.861,5.44E-05,,,
109.235,5.08E-05,,,
109.611,5.13E-05,,,
109.989,4.95E-05,,,
110.367,4.71E-05,,,
110.747,4.91E-05,,,
111.128,4.48E-05,,,
111.511,4.34E-05,,,
111.895,4.38E-05,,,
112.28,4.00E-05,,,
112.666,4.22E-05,,,
113.054,3.70E-05,,,
113.443,3.93E-05,,,
113.834,3.61E-05,,,
114.226,3.60E-05,,,
114.619,3.30E-05,,,
115.014,3.08E-05,,,
115.409,2.96E-05,,,
115.807,2.80E-05,,,
116.205,2.86E-05,,,
116.605,2.66E-05,,,
117.007,2.44E-05,,,
117.41,2.31E-05,,,
117.814,2.00E-05,,,
118.219,1.84E-05,,,
118.626,1.64E-05,,,
119.034,1.68E-05,,,
119.444,1.35E-05,,,
119.855,1.15E-05,,,
120.268,1.14E-05,,,
120.682,9.63E-06,,,
121.097,8.80E-06,,,
121.514,7.35E-06,,,
121.932,6.61E-06,,,
122.352,6.08E-06,,,
122.773,4.65E-06,,,
123.196,4.11E-06,,,
123.62,2.95E-06,,,
124.046,2.81E-06,,,
124.473,2.12E-06,,,
124.901,1.47E-06,,,
125.331,1.48E-06,,,
125.762,1.27E-06,,,
126.195,1.00E-06,,,
126.63,9.59E-07,,,
127.066,8.54E-07,,,
127.503,6.83E-07,,,
127.942,5.78E-07,,,
128.382,4.93E-07,,,
128.824,3.80E-07,,,
129.268,3.35E-07,,,
129.713,3.63E-07,,,
130.159,3.38E-07,,,
130.607,3.31E-07,,,
131.057,2.93E-07,,,
131.508,2.84E-07,,,
131.961,2.41E-07,,,
132.415,3.26E-07,,,
132.871,2.58E-07,,,
133.328,1.35E-07,,,
133.787,1.84E-07,,,
134.247,1.33E-07,,,
134.709,2.01E-07,,,
135.173,1.57E-07,,,
135.638,1.55E-07,,,
136.105,1.56E-07,,,
136.574,1.26E-07,,,
137.044,6.48E-08,,,
137.516,2.12E-07,,,
137.989,1.34E-07,,,
138.464,1.51E-07,,,
138.941,1.18E-07,,,
139.419,1.10E-07,,,
139.899,1.26E-07,,,
140.38,7.29E-08,,,
140.864,1.01E-07,,,
141.349,9.49E-08,,,
141.835,2.77E-08,,,
142.323,1.34E-07,,,
142.813,3.83E-08,,,
143.305,9.67E-08,,,
143.798,1.49E-08,,,
144.293,1.18E-07,,,
144.79,8.08E-08,,,
145.288,5.29E-08,,,
145.788,5.73E-08,,,
146.29,1.05E-07,,,
146.794,6.05E-08,,,
147.299,4.12E-08,,,
147.806,3.75E-08,,,
148.315,6.44E-08,,,
148.825,2.29E-08,,,
149.338,1.19E-07,,,
149.852,5.53E-08,,,
150.368,3.24E-08,,,
150.885,1.40E-07,,,
151.405,6.49E-08,,,
151.926,5.85E-08,,,
152.449,6.27E-08,,,
152.973,1.05E-07,,,
153.5,0,,,
154.028,4.28E-08,,,
154.559,3.98E-08,,,
155.091,1.38E-08,,,
155.624,0,,,
156.16,1.37E-08,,,
156.698,4.35E-08,,,
157.237,0,,,
157.778,1.73E-08,,,
158.321,3.83E-08,,,
158.866,7.74E-08,,,
159.413,4.82E-08,,,
159.962,0,,,
160.513,0,,,
161.065,5.14E-08,,,
161.62,0,,,
162.176,2.74E-08,,,
162.734,3.04E-08,,,
163.294,3.03E-08,,,
163.856,5.10E-08,,,
164.42,3.37E-08,,,
164.986,3.73E-08,,,
165.554,0,,,
166.124,0,,,
166.696,0,,,
167.27,0,,,
167.846,1.63E-08,,,
168.423,2.94E-08,,,
169.003,0,,,
169.585,2.62E-08,,,
170.169,7.42E-08,,,
170.754,2.90E-08,,,
171.342,0,,,
171.932,1.24E-08,,,
172.524,2.48E-08,,,
173.118,0,,,
173.714,0,,,
174.312,2.84E-08,,,
174.912,2.83E-08,,,
175.514,0,,,
176.118,0,,,
176.724,0,,,
177.332,2.79E-08,,,
177.943,2.78E-08,,,
178.555,2.77E-08,,,
179.17,0,,,
179.787,0,,,
180.406,1.18E-08,,,
181.027,0,,,
181.65,0,,,
182.275,2.72E-08,,,
182.902,0,,,
183.532,0,,,
184.164,0,,,
184.798,0,,,
185.434,0,,,
186.072,0,,,
186.713,0,,,
187.355,0,,,
188,0,,,
188.647,0,,,
189.297,0,,,
189.948,0,,,
190.602,0,,,
191.258,2.59E-08,,,
191.917,0,,,
192.577,0,,,
193.24,0,,,
193.905,0,,,
194.573,0,,,
195.243,0,,,
195.915,0,,,
196.589,0,,,
197.266,0,,,
197.945,0,,,
198.626,0,,,
199.31,0,,,
199.996,2.47E-08,,,
200.684,0,,,
201.375,0,,,
202.068,0,,,
202.764,0,,,
203.462,2.63E-08,,,
204.162,2.62E-08,,,
204.865,0,,,
205.57,0,,,
206.278,0,,,
206.988,0,,,
207.7,0,,,
208.415,2.37E-08,,,
209.133,0,,,
209.853,2.36E-08,,,
210.575,0,,,
211.3,2.53E-08,,,
212.027,0,,,
212.757,0,,,
213.489,0,,,
214.224,0,,,
214.962,0,,,
215.702,2.29E-08,,,
216.444,0,,,
217.189,0,,,
217.937,0,,,
218.687,0,,,
219.44,2.26E-08,,,
220.195,2.43E-08,,,
220.953,0,,,
221.714,0,,,
222.477,2.78E-08,,,
223.243,0,,,
224.011,0,,,
224.782,0,,,
225.556,2.37E-08,,,
226.332,2.36E-08,,,
227.111,0,,,
227.893,2.34E-08,,,
228.678,0,,,
229.465,0,,,
230.255,0,,,
231.047,0,,,
231.843,2.67E-08,,,
232.641,0,,,
233.441,0,,,
234.245,0,,,
235.051,0,,,
235.86,0,,,
236.672,0,,,
237.487,2.60E-08,,,
238.304,0,,,
239.125,0,,,
239.948,0,,,
240.774,0,,,
241.603,0,,,
242.434,0,,,
243.269,0,,,
244.106,0,,,
244.946,0,,,
245.79,0,,,
246.636,2.51E-08,,,
247.485,0,,,
248.337,0,,,
249.191,0,,,
250.049,0,,,
250.91,0,,,
251.774,0,,,
252.64,0,,,
253.51,0,,,
254.383,0,,,
255.258,0,,,
256.137,0,,,
257.019,0,,,
257.903,2.40E-08,,,
258.791,0,,,
259.682,0,,,
260.576,0,,,
261.473,0,,,
262.373,0,,,
263.276,0,,,
264.182,0,,,
265.092,0,,,
266.004,0,,,
266.92,0,,,
267.838,0,,,
268.76,0,,,
269.686,0,,,
270.614,0,,,
271.545,0,,,
272.48,0,,,
273.418,0,,,
274.359,0,,,
275.304,0,,,
276.251,0,,,
277.202,0,,,
278.156,0,,,
279.114,0,,,
280.075,0,,,
281.039,0,,,
282.006,0,,,
282.977,0,,,
283.951,0,,,
284.928,0,,,
285.909,0,,,
286.893,0,,,
287.881,0,,,
288.872,0,,,
289.866,0,,,
290.864,0,,,
291.865,0,,,
292.87,0,,,
293.878,0,,,
294.89,0,,,
295.905,0,,,
296.923,0,,,
297.945,0,,,
298.971,0,,,
300,,,,
