0.01,8.03277e-06.
0.0100344,1.24427e-05.
0.010069,1.56361e-05.
0.0101036,1.21776e-05.
0.0101384,1.09718e-05.
0.0101733,1.5335e-05.
0.0102083,1.38355e-05.
0.0102435,2.1245e-05.
0.0102787,1.49957e-05.
0.0103141,1.50761e-05.
0.0103496,2.83354e-05.
0.0103852,1.84913e-05.
0.010421,2.95349e-05.
0.0104568,4.09483e-05.
0.0104928,5.8163e-05.
0.010529,5.95376e-05.
0.0105652,6.49155e-05.
0.0106016,7.04905e-05.
0.0106381,7.40874e-05.
0.0106747,7.425e-05.
0.0107114,7.36418e-05.
0.0107483,6.03359e-05.
0.0107853,9.40141e-05.
0.0108224,9.01311e-05.
0.0108597,9.1585e-05.
0.0108971,8.78566e-05.
0.0109346,0.000112279.
0.0109722,0.000210957.
0.01101,0.000223481.
0.0110479,0.000283426.
0.0110859,0.00101133.
0.0111241,0.00148053.
0.0111624,0.00143988.
0.0112008,0.00149637.
0.0112393,0.00149252.
0.011278,0.00148343.
0.0113168,0.00142923.
0.0113558,0.00147739.
0.0113949,0.00144521.
0.0114341,0.00148669.
0.0114735,0.00144991.
0.011513,0.00134684.
0.0115526,0.00141459.
0.0115924,0.00140116.
0.0116323,0.00143862.
0.0116723,0.00139989.
0.0117125,0.0014151.
0.0117528,0.00144364.
0.0117933,0.00140321.
0.0118339,0.00137142.
0.0118746,0.00136525.
0.0119155,0.00138291.
0.0119565,0.00137019.
0.0119976,0.00129239.
0.0120389,0.0012883.
0.0120804,0.00133512.
0.012122,0.00136266.
0.0121637,0.00131549.
0.0122056,0.00131257.
0.0122476,0.00130796.
0.0122897,0.00139392.
0.012332,0.00138642.
0.0123745,0.00131524.
0.0124171,0.00127993.
0.0124598,0.00125705.
0.0125027,0.00124629.
0.0125458,0.00131251.
0.0125889,0.0012144.
0.0126323,0.00126808.
0.0126758,0.00125881.
0.0127194,0.00119648.
0.0127632,0.00119518.
0.0128071,0.00119722.
0.0128512,0.00121731.
0.0128954,0.00114195.
0.0129398,0.0012266.
0.0129844,0.00117231.
0.0130291,0.00116578.
0.0130739,0.00118665.
0.0131189,0.00117568.
0.0131641,0.00115361.
0.0132094,0.00119832.
0.0132548,0.00119254.
0.0133005,0.00114777.
0.0133463,0.00108673.
0.0133922,0.00110746.
0.0134383,0.00112298.
0.0134846,0.00113725.
0.013531,0.00105211.
0.0135775,0.0010831.
0.0136243,0.0011149.
0.0136712,0.0010793.
0.0137182,0.00104125.
0.0137655,0.00113628.
0.0138128,0.00105348.
0.0138604,0.00109088.
0.0139081,0.0010099.
0.013956,0.0010499.
0.014004,0.00108098.
0.0140522,0.00107178.
0.0141006,0.00103201.
0.0141491,0.000989674.
0.0141978,0.00100458.
0.0142467,0.000981129.
0.0142957,0.000975623.
0.014345,0.00100647.
0.0143943,0.000951183.
0.0144439,0.00102975.
0.0144936,0.000949573.
0.0145435,0.000982374.
0.0145936,0.000944743.
0.0146438,0.000942041.
0.0146942,0.000976926.
0.0147448,0.000945629.
0.0147955,0.000941451.
0.0148465,0.000928649.
0.0148976,0.000933481.
0.0149488,0.00106526.
0.0150003,0.000906507.
0.0150519,0.000947085.
0.0151038,0.000944802.
0.0151557,0.000931375.
0.0152079,0.000853243.
0.0152603,0.000932792.
0.0153128,0.000908581.
0.0153655,0.000906716.
0.0154184,0.000850873.
0.0154715,0.000866058.
0.0155247,0.000863258.
0.0155782,0.000860524.
0.0156318,0.000867073.
0.0156856,0.000865368.
0.0157396,0.000882422.
0.0157938,0.000838274.
0.0158481,0.000911162.
0.0159027,0.000865148.
0.0159574,0.000837627.
0.0160124,0.000840519.
0.0160675,0.000793944.
0.0161228,0.000835915.
0.0161783,0.0023622.
0.016234,0.00089084.
0.0162898,0.000931464.
0.0163459,0.000888684.
0.0164022,0.000853296.
0.0164586,0.000872622.
0.0165153,0.000830538.
0.0165722,0.000822943.
0.0166292,0.000752611.
0.0166864,0.000803091.
0.0167439,0.000800125.
0.0168015,0.000810494.
0.0168593,0.000904889.
0.0169174,0.000817955.
0.0169756,0.000800452.
0.0170341,0.000782941.
0.0170927,0.000796664.
0.0171515,0.00077328.
0.0172106,0.000738651.
0.0172698,0.000751497.
0.0173293,0.000694955.
0.0173889,0.000703957.
0.0174488,0.000653317.
0.0175088,0.000613008.
0.0175691,0.000632593.
0.0176296,0.000659309.
0.0176903,0.00062663.
0.0177511,0.000636311.
0.0178123,0.000591196.
0.0178736,0.000624517.
0.0179351,0.000578616.
0.0179968,0.000615169.
0.0180588,0.00056537.
0.0181209,0.000577416.
0.0181833,0.000604842.
0.0182459,0.000556134.
0.0183087,0.000552974.
0.0183717,0.000603647.
0.018435,0.000540976.
0.0184984,0.000548408.
0.0185621,0.000521492.
0.018626,0.000510395.
0.0186901,0.000526868.
0.0187545,0.000542691.
0.018819,0.000528603.
0.0188838,0.000530145.
0.0189488,0.000510499.
0.019014,0.000546268.
0.0190795,0.000466289.
0.0191451,0.000502882.
0.019211,0.00044648.
0.0192772,0.0004799.
0.0193435,0.000471995.
0.0194101,0.000463017.
0.0194769,0.000464056.
0.019544,0.000446324.
0.0196112,0.000474096.
0.0196788,0.000458719.
0.0197465,0.00045817.
0.0198145,0.00044086.
0.0198827,0.000441878.
0.0199511,0.000418205.
0.0200198,0.00139237.
0.0200887,0.000484595.
0.0201579,0.000490176.
0.0202272,0.00044886.
0.0202969,0.000461764.
0.0203667,0.000419616.
0.0204368,0.00042184.
0.0205072,0.000387308.
0.0205778,0.000422247.
0.0206486,0.000434835.
0.0207197,0.000387643.
0.020791,0.000407476.
0.0208626,0.000377896.
0.0209344,0.000382311.
0.0210065,0.000383548.
0.0210788,0.000394328.
0.0211513,0.000335693.
0.0212241,0.000381269.
0.0212972,0.000375946.
0.0213705,0.00036272.
0.0214441,0.000335382.
0.0215179,0.000342606.
0.0215919,0.000332365.
0.0216663,0.000349749.
0.0217408,0.000364217.
0.0218157,0.000334429.
0.0218908,0.000348949.
0.0219661,0.000309159.
0.0220417,0.000339933.
0.0221176,0.000353821.
0.0221938,0.000324537.
0.0222701,0.000310993.
0.0223468,0.000357254.
0.0224237,0.000344907.
0.0225009,0.000383303.
0.0225784,0.000392033.
0.0226561,0.000410053.
0.0227341,0.000414979.
0.0228123,0.000393429.
0.0228909,0.000434542.
0.0229697,0.000429265.
0.0230487,0.000408203.
0.0231281,0.000444996.
0.0232077,0.000445513.
0.0232876,0.000462559.
0.0233677,0.000442056.
0.0234482,0.000469751.
0.0235289,0.000504867.
0.0236099,0.000467107.
0.0236911,0.000470635.
0.0237727,0.000484823.
0.0238545,0.000541579.
0.0239366,0.000532877.
0.024019,0.000936944.
0.0241017,0.000529596.
0.0241847,0.000596222.
0.0242679,0.000600772.
0.0243514,0.000536061.
0.0244353,0.00053776.
0.0245194,0.000569868.
0.0246038,0.000557301.
0.0246885,0.00055601.
0.0247735,0.000583505.
0.0248587,0.000558465.
0.0249443,0.000574275.
0.0250302,0.000566376.
0.0251163,0.000592729.
0.0252028,0.000587145.
0.0252895,0.000562932.
0.0253766,0.000636819.
0.0254639,0.000619965.
0.0255516,0.000609385.
0.0256396,0.000601435.
0.0257278,0.000547157.
0.0258164,0.000591786.
0.0259052,0.000590328.
0.0259944,0.000583827.
0.0260839,0.000592205.
0.0261737,0.000603009.
0.0262638,0.000588488.
0.0263542,0.000654835.
0.0264449,0.000624219.
0.0265359,0.000637784.
0.0266273,0.000617741.
0.0267189,0.000586519.
0.0268109,0.00063437.
0.0269032,0.000593148.
0.0269958,0.000661756.
0.0270887,0.000657935.
0.027182,0.000673815.
0.0272755,0.000674202.
0.0273694,0.000633024.
0.0274636,0.000647531.
0.0275582,0.000656813.
0.027653,0.000679854.
0.0277482,0.000659622.
0.0278437,0.000649269.
0.0279396,0.000666813.
0.0280357,0.000711876.
0.0281323,0.000642345.
0.0282291,0.000645289.
0.0283263,0.000651623.
0.0284238,0.000654391.
0.0285216,0.000655909.
0.0286198,0.000656459.
0.0287183,0.000647403.
0.0288172,0.000660115.
0.0289164,0.000652096.
0.0290159,0.000645217.
0.0291158,0.000668275.
0.029216,0.000633678.
0.0293166,0.000708462.
0.0294175,0.000656497.
0.0295187,0.0006472.
0.0296203,0.00067114.
0.0297223,0.000640933.
0.0298246,0.000628846.
0.0299273,0.000641901.
0.0300303,0.000576188.
0.0301337,0.000622016.
0.0302374,0.000654591.
0.0303415,0.000658878.
0.0304459,0.000625445.
0.0305507,0.000610717.
0.0306559,0.00061175.
0.0307614,0.00061943.
0.0308673,0.000580247.
0.0309735,0.000619519.
0.0310802,0.000595024.
0.0311872,0.000569393.
0.0312945,0.00059879.
0.0314022,0.000586768.
0.0315103,0.000576896.
0.0316188,0.000613919.
0.0317276,0.000592182.
0.0318368,0.000583152.
0.0319464,0.000564117.
0.0320564,0.000569912.
0.0321667,0.000588343.
0.0322775,0.000631372.
0.0323886,0.000583786.
0.0325001,0.000558996.
0.0326119,0.000584155.
0.0327242,0.000523211.
0.0328368,0.000596757.
0.0329499,0.000580946.
0.0330633,0.000564574.
0.0331771,0.000534354.
0.0332913,0.000569331.
0.0334059,0.000546753.
0.0335209,0.000559049.
0.0336363,0.000541829.
0.0337521,0.000548539.
0.0338682,0.000499566.
0.0339848,0.000502915.
0.0341018,0.0005033.
0.0342192,0.000548808.
0.034337,0.000530399.
0.0344552,0.000495031.
0.0345738,0.0004858.
0.0346928,0.00052648.
0.0348122,0.000540136.
0.034932,0.000553906.
0.0350523,0.000520435.
0.035173,0.000528863.
0.035294,0.000538912.
0.0354155,0.000521831.
0.0355374,0.000472342.
0.0356597,0.000520637.
0.0357825,0.000515157.
0.0359057,0.000515699.
0.0360293,0.000493364.
0.0361533,0.000556007.
0.0362777,0.00052841.
0.0364026,0.00055618.
0.0365279,0.000542079.
0.0366537,0.000498292.
0.0367798,0.000517942.
0.0369064,0.000505923.
0.0370335,0.000502086.
0.0371609,0.000536324.
0.0372889,0.000546561.
0.0374172,0.000492464.
0.037546,0.000540557.
0.0376753,0.000527475.
0.0378049,0.00056475.
0.0379351,0.000487582.
0.0380657,0.000491232.
0.0381967,0.000528237.
0.0383282,0.000500013.
0.0384601,0.00051763.
0.0385925,0.00051101.
0.0387253,0.000508568.
0.0388586,0.00053763.
0.0389924,0.000534328.
0.0391266,0.000532641.
0.0392613,0.000527499.
0.0393965,0.000507445.
0.0395321,0.000523005.
0.0396681,0.000532372.
0.0398047,0.0004774.
0.0399417,0.000510119.
0.0400792,0.000573289.
0.0402172,0.000553865.
0.0403556,0.000579341.
0.0404945,0.000533404.
0.0406339,0.00055913.
0.0407738,0.00056624.
0.0409141,0.000571428.
0.041055,0.000586322.
0.0411963,0.00051186.
0.0413381,0.000563897.
0.0414804,0.000555441.
0.0416232,0.000554497.
0.0417664,0.000531907.
0.0419102,0.000572632.
0.0420545,0.000539102.
0.0421992,0.000540223.
0.0423445,0.000579592.
0.0424903,0.000549944.
0.0426365,0.000514418.
0.0427833,0.000537639.
0.0429306,0.000525318.
0.0430783,0.000569871.
0.0432266,0.000533401.
0.0433754,0.000493606.
0.0435247,0.000547328.
0.0436745,0.00054896.
0.0438249,0.000534866.
0.0439757,0.000551163.
0.0441271,0.000578295.
0.044279,0.000575586.
0.0444314,0.000557685.
0.0445844,0.000582984.
0.0447378,0.000544601.
0.0448918,0.000531523.
0.0450464,0.000540802.
0.0452014,0.000550631.
0.045357,0.000525202.
0.0455131,0.00053227.
0.0456698,0.000556633.
0.045827,0.000527953.
0.0459848,0.000498397.
0.0461431,0.000524467.
0.0463019,0.000511466.
0.0464613,0.000535572.
0.0466212,0.000534309.
0.0467817,0.000498532.
0.0469427,0.000515634.
0.0471043,0.000501685.
0.0472664,0.000506861.
0.0474291,0.000487358.
0.0475924,0.000492768.
0.0477562,0.000510703.
0.0479206,0.000528868.
0.0480856,0.000514967.
0.0482511,0.000540248.
0.0484172,0.000712272.
0.0485839,0.000521456.
0.0487511,0.000544754.
0.0489189,0.000544155.
0.0490873,0.000562598.
0.0492563,0.000521502.
0.0494258,0.000513132.
0.0495959,0.000521846.
0.0497667,0.000520535.
0.049938,0.000543562.
0.0501099,0.000507701.
0.0502824,0.000480516.
0.0504554,0.000503986.
0.0506291,0.000515496.
0.0508034,0.000520827.
0.0509783,0.000489253.
0.0511538,0.00052712.
0.0513298,0.00051119.
0.0515065,0.000540579.
0.0516838,0.000519536.
0.0518617,0.000530451.
0.0520403,0.000543729.
0.0522194,0.000522781.
0.0523991,0.000530227.
0.0525795,0.000518088.
0.0527605,0.000510261.
0.0529421,0.000518574.
0.0531244,0.00055267.
0.0533072,0.000537346.
0.0534907,0.000528126.
0.0536748,0.000539618.
0.0538596,0.000530718.
0.054045,0.000511299.
0.054231,0.000555902.
0.0544177,0.000521367.
0.054605,0.000522072.
0.054793,0.000487794.
0.0549816,0.000531465.
0.0551709,0.000533921.
0.0553608,0.00052438.
0.0555513,0.000502602.
0.0557426,0.000497115.
0.0559344,0.000503358.
0.056127,0.000510931.
0.0563202,0.00050689.
0.056514,0.000506772.
0.0567086,0.000494719.
0.0569038,0.00047629.
0.0570997,0.000518136.
0.0572962,0.000555122.
0.0574934,0.000493854.
0.0576913,0.000486924.
0.0578899,0.000507644.
0.0580892,0.000538298.
0.0582892,0.000495653.
0.0584898,0.000508308.
0.0586911,0.000523978.
0.0588932,0.000492069.
0.0590959,0.000469705.
0.0592993,0.000490594.
0.0595034,0.000499689.
0.0597083,0.000503459.
0.0599138,0.000483636.
0.06012,0.000514265.
0.060327,0.000506627.
0.0605346,0.000485819.
0.060743,0.000542086.
0.0609521,0.000519728.
0.0611619,0.000529129.
0.0613724,0.000542683.
0.0615837,0.000533131.
0.0617957,0.000511184.
0.0620084,0.000533128.
0.0622218,0.000508939.
0.062436,0.000518889.
0.0626509,0.000561138.
0.0628666,0.000492884.
0.063083,0.000513471.
0.0633001,0.000480025.
0.063518,0.000525483.
0.0637367,0.000518864.
0.0639561,0.000501678.
0.0641762,0.000492979.
0.0643971,0.000518369.
0.0646188,0.000518151.
0.0648412,0.00047985.
0.0650644,0.000516796.
0.0652884,0.000501493.
0.0655131,0.00051602.
0.0657387,0.00049489.
0.0659649,0.000510031.
0.066192,0.000498424.
0.0664199,0.000534952.
0.0666485,0.000519784.
0.0668779,0.000509595.
0.0671081,0.000527167.
0.0673391,0.000496057.
0.0675709,0.000502266.
0.0678035,0.000531258.
0.0680369,0.00052916.
0.0682711,0.00051565.
0.0685061,0.000489869.
0.0687419,0.000512641.
0.0689785,0.000519487.
0.069216,0.000494832.
0.0694542,0.000490034.
0.0696933,0.000525949.
0.0699332,0.00049349.
0.0701739,0.00052307.
0.0704155,0.000496078.
0.0706579,0.000510862.
0.0709011,0.000510543.
0.0711452,0.000511866.
0.0713901,0.000541437.
0.0716358,0.000479996.
0.0718824,0.000550533.
0.0721298,0.000527091.
0.0723781,0.000499394.
0.0726273,0.000561745.
0.0728773,0.000525554.
0.0731281,0.000511741.
0.0733798,0.000503487.
0.0736324,0.000509228.
0.0738859,0.000519729.
0.0741402,0.000482902.
0.0743954,0.000514542.
0.0746515,0.000524867.
0.0749085,0.000503244.
0.0751663,0.000521288.
0.0754251,0.000494903.
0.0756847,0.000480411.
0.0759452,0.000500852.
0.0762067,0.000497708.
0.076469,0.000488892.
0.0767322,0.000506167.
0.0769963,0.000515097.
0.0772614,0.000538322.
0.0775273,0.000529522.
0.0777942,0.000506864.
0.078062,0.000477464.
0.0783307,0.0005397.
0.0786003,0.00050997.
0.0788709,0.00050408.
0.0791424,0.000521844.
0.0794148,0.000506428.
0.0796882,0.000510332.
0.0799625,0.000491787.
0.0802377,0.000499257.
0.0805139,0.000496441.
0.080791,0.000503647.
0.0810692,0.000521487.
0.0813482,0.000515701.
0.0816282,0.000506309.
0.0819092,0.000508201.
0.0821912,0.000496054.
0.0824741,0.000518986.
0.082758,0.000510625.
0.0830428,0.000522863.
0.0833287,0.000521272.
0.0836155,0.000483291.
0.0839034,0.000506142.
0.0841922,0.000505857.
0.084482,0.000538881.
0.0847728,0.000476541.
0.0850646,0.000527103.
0.0853574,0.000538914.
0.0856512,0.000473565.
0.0859461,0.00053147.
0.0862419,0.000537513.
0.0865388,0.000509435.
0.0868367,0.000459387.
0.0871356,0.000541219.
0.0874355,0.000552795.
0.0877365,0.000533384.
0.0880385,0.000472675.
0.0883415,0.000551693.
0.0886456,0.000537914.
0.0889508,0.000526905.
0.089257,0.000507155.
0.0895642,0.000550358.
0.0898725,0.000548145.
0.0901819,0.000540344.
0.0904923,0.000503563.
0.0908038,0.000527193.
0.0911164,0.00050507.
0.09143,0.000537514.
0.0917447,0.000537118.
0.0920605,0.000557394.
0.0923774,0.000505374.
0.0926954,0.000521811.
0.0930145,0.000528723.
0.0933347,0.000516025.
0.0936559,0.000542074.
0.0939783,0.000538403.
0.0943018,0.000523481.
0.0946264,0.000515405.
0.0949522,0.000545563.
0.095279,0.000543688.
0.095607,0.000520128.
0.0959361,0.000484975.
0.0962663,0.000519287.
0.0965977,0.000527715.
0.0969302,0.000536918.
0.0972638,0.000493614.
0.0975986,0.000537843.
0.0979346,0.000549377.
0.0982717,0.000522223.
0.09861,0.000560936.
0.0989494,0.000535543.
0.09929,0.000530978.
0.0996318,0.000522404.
0.0999748,0.000516165.
0.100319,0.000537458.
0.100664,0.000491232.
0.101011,0.000566171.
0.101358,0.000562538.
0.101707,0.000520664.
0.102057,0.000551761.
0.102409,0.00051949.
0.102761,0.000555574.
0.103115,0.000537081.
0.10347,0.000565858.
0.103826,0.000529155.
0.104183,0.000561472.
0.104542,0.000555597.
0.104902,0.000525565.
0.105263,0.00059188.
0.105625,0.000565205.
0.105989,0.000528879.
0.106354,0.000538799.
0.10672,0.000558766.
0.107087,0.000545785.
0.107456,0.000514644.
0.107826,0.000550828.
0.108197,0.000516856.
0.108569,0.000531251.
0.108943,0.000557646.
0.109318,0.000556361.
0.109694,0.000544261.
0.110072,0.000523575.
0.110451,0.000544456.
0.110831,0.000547587.
0.111213,0.000566731.
0.111595,0.000556345.
0.11198,0.000569483.
0.112365,0.00052182.
0.112752,0.00056055.
0.11314,0.000542322.
0.113529,0.000534757.
0.11392,0.000542956.
0.114312,0.000576994.
0.114706,0.000569083.
0.115101,0.000588066.
0.115497,0.000573056.
0.115894,0.000594687.
0.116293,0.000555267.
0.116694,0.000575576.
0.117095,0.000596279.
0.117498,0.000570628.
0.117903,0.000582983.
0.118309,0.000554828.
0.118716,0.000571932.
0.119125,0.000555597.
0.119535,0.000554995.
0.119946,0.000608866.
0.120359,0.000557604.
0.120773,0.000588254.
0.121189,0.000585091.
0.121606,0.000587494.
0.122025,0.000595549.
0.122445,0.00057537.
0.122866,0.000550423.
0.123289,0.000577874.
0.123714,0.000596279.
0.124139,0.000565409.
0.124567,0.000593448.
0.124996,0.000601924.
0.125426,0.000562597.
0.125858,0.00055379.
0.126291,0.000594925.
0.126726,0.000602448.
0.127162,0.00057031.
0.127599,0.000604475.
0.128039,0.000585466.
0.128479,0.000579591.
0.128922,0.000556302.
0.129365,0.000668629.
0.129811,0.000571843.
0.130258,0.000594428.
0.130706,0.000593938.
0.131156,0.000591689.
0.131607,0.000571706.
0.13206,0.000572611.
0.132515,0.000591562.
0.132971,0.000612398.
0.133429,0.000644249.
0.133888,0.000633397.
0.134349,0.000613913.
0.134811,0.00063388.
0.135276,0.000637385.
0.135741,0.000637663.
0.136208,0.000590289.
0.136677,0.000622794.
0.137148,0.000590238.
0.13762,0.000602949.
0.138094,0.000652065.
0.138569,0.000647748.
0.139046,0.000620966.
0.139525,0.000566817.
0.140005,0.000634783.
0.140487,0.0006657.
0.14097,0.000633638.
0.141456,0.000640143.
0.141943,0.000645699.
0.142431,0.000651112.
0.142921,0.000652601.
0.143413,0.000611478.
0.143907,0.000683434.
0.144402,0.000651607.
0.144899,0.000641965.
0.145398,0.000666011.
0.145899,0.000640023.
0.146401,0.000644459.
0.146905,0.000675574.
0.147411,0.000651419.
0.147918,0.000648713.
0.148427,0.000630077.
0.148938,0.000660429.
0.149451,0.000665979.
0.149965,0.000704132.
0.150481,0.00064198.
0.150999,0.000636288.
0.151519,0.000665102.
0.152041,0.000629025.
0.152564,0.000644087.
0.153089,0.000652349.
0.153616,0.000669803.
0.154145,0.000676205.
0.154676,0.000643755.
0.155208,0.00065298.
0.155742,0.000700014.
0.156278,0.000670074.
0.156816,0.000670405.
0.157356,0.000677987.
0.157898,0.000682293.
0.158441,0.000657418.
0.158987,0.000685256.
0.159534,0.000656893.
0.160083,0.000653832.
0.160634,0.000696301.
0.161187,0.00071822.
0.161742,0.00067866.
0.162299,0.000686164.
0.162857,0.000688117.
0.163418,0.000692003.
0.163981,0.000697247.
0.164545,0.000703436.
0.165111,0.000722338.
0.16568,0.000662058.
0.16625,0.000714535.
0.166822,0.000728843.
0.167397,0.000703191.
0.167973,0.000763147.
0.168551,0.000700773.
0.169131,0.000743213.
0.169713,0.000704072.
0.170298,0.000715103.
0.170884,0.000696831.
0.171472,0.000726855.
0.172062,0.00072617.
0.172654,0.000743374.
0.173249,0.000682832.
0.173845,0.000755568.
0.174444,0.000765543.
0.175044,0.000751157.
0.175647,0.000760149.
0.176251,0.000739105.
0.176858,0.000773807.
0.177467,0.000818055.
0.178078,0.00072643.
0.178691,0.000777557.
0.179306,0.000735717.
0.179923,0.000747114.
0.180542,0.00074983.
0.181164,0.000778461.
0.181787,0.000727514.
0.182413,0.000779448.
0.183041,0.000802244.
0.183671,0.000797448.
0.184303,0.00075756.
0.184938,0.000754978.
0.185574,0.000775366.
0.186213,0.000826135.
0.186854,0.000794441.
0.187497,0.000851016.
0.188143,0.000764913.
0.18879,0.0007809.
0.18944,0.000799368.
0.190092,0.000772238.
0.190747,0.000834967.
0.191403,0.000812897.
0.192062,0.000808786.
0.192723,0.000820475.
0.193387,0.000815945.
0.194052,0.000813962.
0.19472,0.000822917.
0.19539,0.000824971.
0.196063,0.00081862.
0.196738,0.000831078.
0.197415,0.000832584.
0.198095,0.000866827.
0.198777,0.000865245.
0.199461,0.000847248.
0.200147,0.000854092.
0.200836,0.000810148.
0.201528,0.000853478.
0.202221,0.000857696.
0.202917,0.000837392.
0.203616,0.000834815.
0.204317,0.000830697.
0.20502,0.000864399.
0.205726,0.000848064.
0.206434,0.00085545.
0.207145,0.000848395.
0.207858,0.000826224.
0.208573,0.000871168.
0.209291,0.000832346.
0.210012,0.000844264.
0.210734,0.000899725.
0.21146,0.000878487.
0.212188,0.000893774.
0.212918,0.000860408.
0.213651,0.000849643.
0.214386,0.000893882.
0.215124,0.000850745.
0.215865,0.000905637.
0.216608,0.000904699.
0.217354,0.000963587.
0.218102,0.000922477.
0.218853,0.000862208.
0.219606,0.00093684.
0.220362,0.000853072.
0.22112,0.000903587.
0.221882,0.000911368.
0.222645,0.000941598.
0.223412,0.000923757.
0.224181,0.000893503.
0.224952,0.000892406.
0.225727,0.000908612.
0.226504,0.000984305.
0.227283,0.00090005.
0.228066,0.000951125.
0.228851,0.000921933.
0.229639,0.000926587.
0.230429,0.000981788.
0.231222,0.00097733.
0.232018,0.00100383.
0.232817,0.000987149.
0.233618,0.00096824.
0.234422,0.00101718.
0.235229,0.000989514.
0.236039,0.000984627.
0.236852,0.000981286.
0.237667,0.000932387.
0.238485,0.00100805.
0.239306,0.000977809.
0.24013,0.000989244.
0.240956,0.000982582.
0.241786,0.00106991.
0.242618,0.00101796.
0.243453,0.000993325.
0.244291,0.0010126.
0.245132,0.00104514.
0.245976,0.000962087.
0.246822,0.00101675.
0.247672,0.00107733.
0.248525,0.00107224.
0.24938,0.00101865.
0.250239,0.0010426.
0.2511,0.00100733.
0.251964,0.00105655.
0.252832,0.00105995.
0.253702,0.00104968.
0.254575,0.00113744.
0.255452,0.00101513.
0.256331,0.00105304.
0.257213,0.00106527.
0.258099,0.00111767.
0.258987,0.00106025.
0.259878,0.00107784.
0.260773,0.00105564.
0.261671,0.00110553.
0.262571,0.00109445.
0.263475,0.00111521.
0.264382,0.00106083.
0.265292,0.00110679.
0.266205,0.00109837.
0.267122,0.00113264.
0.268041,0.00110935.
0.268964,0.00116186.
0.26989,0.00113803.
0.270819,0.00114819.
0.271751,0.0011424.
0.272686,0.00117979.
0.273625,0.00114109.
0.274567,0.00117409.
0.275512,0.00116311.
0.27646,0.00112323.
0.277412,0.00115361.
0.278367,0.00115219.
0.279325,0.00116315.
0.280287,0.00125997.
0.281252,0.00124263.
0.28222,0.0012027.
0.283191,0.00118955.
0.284166,0.00121074.
0.285144,0.00118365.
0.286126,0.00116552.
0.287111,0.0011987.
0.288099,0.00123326.
0.289091,0.00122102.
0.290086,0.00118054.
0.291084,0.00123346.
0.292086,0.00118577.
0.293092,0.0012636.
0.294101,0.00126696.
0.295113,0.00127434.
0.296129,0.00131923.
0.297148,0.00123384.
0.298171,0.00130611.
0.299197,0.00129502.
0.300227,0.00132303.
0.301261,0.00131037.
0.302298,0.0012867.
0.303338,0.00128322.
0.304382,0.00124734.
0.30543,0.00135967.
0.306482,0.00129201.
0.307536,0.00134171.
0.308595,0.00126489.
0.309657,0.0013381.
0.310723,0.00135178.
0.311793,0.0013281.
0.312866,0.00128642.
0.313943,0.00131192.
0.315024,0.00133553.
0.316108,0.00148669.
0.317196,0.00139195.
0.318288,0.00135695.
0.319384,0.00140862.
0.320483,0.00137855.
0.321586,0.00142296.
0.322693,0.00141388.
0.323804,0.00138469.
0.324919,0.00138871.
0.326037,0.00144919.
0.327159,0.00140533.
0.328286,0.00142738.
0.329416,0.00142089.
0.330549,0.00139931.
0.331687,0.00149123.
0.332829,0.00144547.
0.333975,0.00149266.
0.335124,0.00144243.
0.336278,0.00147865.
0.337435,0.00148968.
0.338597,0.00148541.
0.339763,0.00147982.
0.340932,0.00146006.
0.342106,0.00153251.
0.343283,0.00150785.
0.344465,0.00152323.
0.345651,0.00150883.
0.34684,0.00151821.
0.348034,0.00150628.
0.349232,0.00160276.
0.350434,0.00151636.
0.351641,0.00153033.
0.352851,0.00151159.
0.354066,0.00158452.
0.355285,0.00154512.
0.356508,0.00158488.
0.357735,0.00158605.
0.358966,0.00158095.
0.360202,0.0015788.
0.361442,0.00157973.
0.362686,0.00164197.
0.363934,0.00160281.
0.365187,0.00166391.
0.366444,0.00158713.
0.367705,0.00161386.
0.368971,0.00158454.
0.370241,0.00162235.
0.371516,0.00163629.
0.372795,0.00169683.
0.374078,0.00169514.
0.375365,0.00162684.
0.376658,0.00171729.
0.377954,0.00172906.
0.379255,0.00165525.
0.380561,0.00164873.
0.381871,0.00167252.
0.383185,0.00170657.
0.384504,0.00171554.
0.385828,0.00173939.
0.387156,0.00174253.
0.388488,0.00175023.
0.389826,0.00180772.
0.391168,0.00177685.
0.392514,0.00176549.
0.393865,0.00177198.
0.395221,0.00174599.
0.396581,0.00177054.
0.397946,0.00175262.
0.399316,0.00176079.
0.400691,0.001795.
0.40207,0.0017834.
0.403454,0.00183534.
0.404843,0.00184499.
0.406236,0.0018024.
0.407635,0.00186776.
0.409038,0.00185045.
0.410446,0.00184843.
0.411859,0.0018578.
0.413277,0.00191279.
0.414699,0.00189029.
0.416127,0.00187863.
0.417559,0.00188641.
0.418996,0.00186856.
0.420439,0.00196886.
0.421886,0.00198848.
0.423338,0.00197503.
0.424795,0.00193846.
0.426258,0.00196932.
0.427725,0.00202991.
0.429197,0.00207955.
0.430675,0.00195704.
0.432157,0.00202439.
0.433645,0.00197968.
0.435137,0.00194214.
0.436635,0.00205736.
0.438138,0.00201078.
0.439646,0.0019995.
0.44116,0.00202811.
0.442678,0.00200537.
0.444202,0.00212475.
0.445731,0.00207318.
0.447265,0.00208844.
0.448805,0.00212635.
0.45035,0.00208194.
0.4519,0.00211129.
0.453456,0.00217915.
0.455017,0.00212966.
0.456583,0.00212005.
0.458155,0.00211918.
0.459732,0.00217018.
0.461314,0.00225171.
0.462902,0.00212436.
0.464495,0.00224119.
0.466094,0.00213979.
0.467699,0.00220332.
0.469309,0.00224826.
0.470924,0.00223756.
0.472545,0.00227236.
0.474172,0.00222284.
0.475804,0.0022468.
0.477442,0.00228678.
0.479085,0.00232845.
0.480734,0.00228361.
0.482389,0.00237179.
0.48405,0.00231926.
0.485716,0.0023719.
0.487388,0.00242382.
0.489066,0.00236853.
0.490749,0.00240051.
0.492438,0.00239096.
0.494133,0.00236183.
0.495834,0.00242986.
0.497541,0.00236335.
0.499254,0.00229651.
0.500972,0.00243193.
0.502697,0.00240275.
0.504427,0.00250687.
0.506164,0.00241459.
0.507906,0.00243911.
0.509654,0.00253042.
0.511409,0.00250204.
0.513169,0.00248239.
0.514935,0.00252467.
0.516708,0.00254908.
0.518486,0.00243625.
0.520271,0.0025379.
0.522062,0.00256068.
0.523859,0.00258556.
0.525662,0.002566.
0.527472,0.00257362.
0.529288,0.00268923.
0.531109,0.00260585.
0.532938,0.00264933.
0.534772,0.00271593.
0.536613,0.00265443.
0.53846,0.00273314.
0.540314,0.00262455.
0.542174,0.00273762.
0.54404,0.00261499.
0.545913,0.00268243.
0.547792,0.00263218.
0.549677,0.00282408.
0.551569,0.00268994.
0.553468,0.00279215.
0.555373,0.00270764.
0.557285,0.00275666.
0.559203,0.002818.
0.561128,0.00286514.
0.56306,0.00282637.
0.564998,0.00289189.
0.566943,0.00287397.
0.568894,0.00279958.
0.570853,0.00289884.
0.572818,0.00285627.
0.574789,0.00294853.
0.576768,0.00288154.
0.578753,0.00294947.
0.580745,0.00292157.
0.582744,0.00293457.
0.58475,0.00299021.
0.586763,0.00293544.
0.588783,0.00299412.
0.59081,0.00301605.
0.592843,0.00305409.
0.594884,0.00301433.
0.596932,0.003054.
0.598987,0.00299628.
0.601049,0.00302968.
0.603117,0.00305854.
0.605194,0.00313789.
0.607277,0.00308584.
0.609367,0.00307254.
0.611465,0.00318209.
0.61357,0.00317719.
0.615682,0.00322064.
0.617801,0.00319852.
0.619927,0.00320964.
0.622061,0.00320355.
0.624203,0.00320289.
0.626351,0.00323849.
0.628507,0.0033164.
0.630671,0.00331211.
0.632842,0.00336875.
0.63502,0.00331091.
0.637206,0.00341149.
0.639399,0.00333173.
0.6416,0.00344758.
0.643809,0.00344404.
0.646025,0.00344282.
0.648249,0.00347833.
0.65048,0.00339312.
0.652719,0.00338522.
0.654966,0.00339173.
0.657221,0.00345583.
0.659483,0.00348377.
0.661753,0.00346482.
0.664031,0.00351802.
0.666317,0.00354214.
0.66861,0.00360524.
0.670912,0.00354943.
0.673221,0.00356048.
0.675539,0.00356356.
0.677864,0.00369047.
0.680197,0.00371612.
0.682539,0.0037254.
0.684888,0.00370733.
0.687246,0.00368789.
0.689611,0.00367308.
0.691985,0.00372787.
0.694367,0.00371079.
0.696757,0.00385517.
0.699156,0.00380651.
0.701562,0.00385327.
0.703977,0.00381373.
0.706401,0.00386207.
0.708832,0.00387138.
0.711272,0.00391352.
0.713721,0.00390345.
0.716177,0.00390808.
0.718643,0.00391028.
0.721116,0.00391208.
0.723599,0.00388318.
0.726089,0.00409285.
0.728589,0.00400553.
0.731097,0.00396618.
0.733613,0.00397983.
0.736139,0.00410965.
0.738673,0.0041496.
0.741215,0.00941752.
0.743767,0.00403753.
0.746327,0.00413627.
0.748896,0.00410294.
0.751474,0.00415239.
0.754061,0.00429653.
0.756656,0.00415741.
0.759261,0.00425916.
0.761874,0.00631554.
0.764497,0.00421593.
0.767128,0.00428194.
0.769769,0.00433524.
0.772419,0.00433086.
0.775078,0.00436347.
0.777746,0.00449591.
0.780423,0.0044092.
0.783109,0.00440672.
0.785805,0.00439889.
0.78851,0.00448637.
0.791224,0.00443415.
0.793948,0.00453421.
0.79668,0.00452226.
0.799423,0.00459265.
0.802175,0.00458006.
0.804936,0.00459442.
0.807707,0.00458699.
0.810487,0.0045426.
0.813277,0.00458449.
0.816076,0.00471117.
0.818885,0.00460003.
0.821704,0.00467964.
0.824533,0.00469419.
0.827371,0.00468135.
0.830219,0.00482699.
0.833077,0.0047885.
0.835944,0.00484989.
0.838822,0.00478198.
0.841709,0.00493669.
0.844607,0.00494665.
0.847514,0.00478804.
0.850431,0.00492954.
0.853359,0.00488707.
0.856296,0.00495703.
0.859244,0.00508178.
0.862201,0.00490161.
0.865169,0.00499368.
0.868147,0.0050304.
0.871136,0.00503983.
0.874135,0.00519901.
0.877143,0.0052106.
0.880163,0.00519853.
0.883193,0.00516271.
0.886233,0.0053358.
0.889283,0.00531576.
0.892344,0.00517251.
0.895416,0.00535148.
0.898498,0.00539101.
0.901591,0.00526371.
0.904695,0.00540317.
0.907809,0.00544995.
0.910934,0.00548929.
0.914069,0.00541813.
0.917216,0.00552868.
0.920373,0.00549018.
0.923541,0.00549102.
0.92672,0.00562578.
0.92991,0.00559116.
0.933111,0.00564207.
0.936323,0.00565525.
0.939546,0.00567912.
0.94278,0.00578368.
0.946026,0.00578554.
0.949282,0.0058452.
0.95255,0.00576418.
0.955829,0.00574566.
0.959119,0.00585973.
0.96242,0.0060101.
0.965733,0.00577898.
0.969057,0.00588824.
0.972393,0.00595485.
0.97574,0.0059714.
0.979099,0.00599281.
0.982469,0.00599768.
0.985851,0.00604346.
0.989245,0.00616775.
0.99265,0.00609374.
0.996067,0.00616922.
0.999495,0.00612791.
1.00294,0.00628738.
1.00639,0.00632318.
1.00985,0.00632927.
1.01333,0.00637893.
1.01682,0.0063796.
1.02032,0.00636619.
1.02383,0.00632452.
1.02735,0.00647564.
1.03089,0.00644538.
1.03444,0.00654679.
1.038,0.00650246.
1.04157,0.00654437.
1.04516,0.00660079.
1.04876,0.00686253.
1.05237,0.00657457.
1.05599,0.00667133.
1.05962,0.00672038.
1.06327,0.00670287.
1.06693,0.00690395.
1.0706,0.00680901.
1.07429,0.00678629.
1.07799,0.00693622.
1.0817,0.00686697.
1.08542,0.00709552.
1.08916,0.00688129.
1.09291,0.00704942.
1.09667,0.00696237.
1.10044,0.00709662.
1.10423,0.00707923.
1.10803,0.00714816.
1.11185,0.00717044.
1.11567,0.00720932.
1.11951,0.00728945.
1.12337,0.00722224.
1.12723,0.00727138.
1.13111,0.00732558.
1.13501,0.0074006.
1.13891,0.00746042.
1.14283,0.00749619.
1.14677,0.00757125.
1.15072,0.00759633.
1.15468,0.00752545.
1.15865,0.00766457.
1.16264,0.00752708.
1.16664,0.00768984.
1.17066,0.00773788.
1.17469,0.00779012.
1.17873,0.0078019.
1.18279,0.00774675.
1.18686,0.00784597.
1.19095,0.00813588.
1.19505,0.00794898.
1.19916,0.00802887.
1.20329,0.00807642.
1.20743,0.00809594.
1.21158,0.00824473.
1.21576,0.00811038.
1.21994,0.00832559.
1.22414,0.0081724.
1.22835,0.00836133.
1.23258,0.00826585.
1.23682,0.00829569.
1.24108,0.00841751.
1.24535,0.00841914.
1.24964,0.00858885.
1.25394,0.00867061.
1.25826,0.00855597.
1.26259,0.00873644.
1.26694,0.0087987.
1.2713,0.00871546.
1.27567,0.0087385.
1.28006,0.00878847.
1.28447,0.00872108.
1.28889,0.00883092.
1.29333,0.00901283.
1.29778,0.00906577.
1.30225,0.0091371.
1.30673,0.00913801.
1.31123,0.00908375.
1.31574,0.00919445.
1.32027,0.00936461.
1.32482,0.00938762.
1.32938,0.00941104.
1.33395,0.00927177.
1.33854,0.00959228.
1.34315,0.00948407.
1.34777,0.00948314.
1.35241,0.00948797.
1.35707,0.0097276.
1.36174,0.00953654.
1.36643,0.00966428.
1.37113,0.00979545.
1.37585,0.00971518.
1.38059,0.0098362.
1.38534,0.00992773.
1.39011,0.0100167.
1.39489,0.00985543.
1.3997,0.0099489.
1.40451,0.0101479.
1.40935,0.0100552.
1.4142,0.010357.
1.41907,0.0102166.
1.42395,0.0103386.
1.42885,0.0103383.
1.43377,0.0103564.
1.43871,0.0104755.
1.44366,0.0104166.
1.44863,0.0103804.
1.45362,0.0105485.
1.45862,0.0106373.
1.46364,0.0107655.
1.46868,0.0107753.
1.47373,0.0109279.
1.47881,0.0108466.
1.4839,0.0109706.
1.48901,0.0110183.
1.49413,0.0110019.
1.49927,0.0111502.
1.50443,0.0112891.
1.50961,0.011112.
1.51481,0.0111536.
1.52002,0.011382.
1.52526,0.0113633.
1.53051,0.01132.
1.53577,0.011661.
1.54106,0.0116665.
1.54637,0.011528.
1.55169,0.0115904.
1.55703,0.0116516.
1.56239,0.0116382.
1.56777,0.0118032.
1.57316,0.0119811.
1.57858,0.0117465.
1.58401,0.0119295.
1.58947,0.0120455.
1.59494,0.0123619.
1.60043,0.0122486.
1.60594,0.0122327.
1.61146,0.0122907.
1.61701,0.0122352.
1.62258,0.0125065.
1.62816,0.0124706.
1.63377,0.0125456.
1.63939,0.0125838.
1.64503,0.0125115.
1.6507,0.012737.
1.65638,0.0129489.
1.66208,0.012929.
1.6678,0.0130331.
1.67354,0.0128913.
1.6793,0.0132089.
1.68508,0.013297.
1.69088,0.0132505.
1.69671,0.013329.
1.70255,0.0132977.
1.70841,0.0133253.
1.71429,0.0135126.
1.72019,0.0135395.
1.72611,0.0136772.
1.73205,0.0136026.
1.73801,0.0137364.
1.744,0.0138888.
1.75,0.013974.
1.75602,0.013975.
1.76207,0.0140682.
1.76813,0.014116.
1.77422,0.0141767.
1.78033,0.0140007.
1.78645,0.014356.
1.7926,0.0144096.
1.79877,0.0144121.
1.80497,0.014489.
1.81118,0.0146624.
1.81741,0.0148094.
1.82367,0.0148494.
1.82995,0.014861.
1.83625,0.0150388.
1.84257,0.0150033.
1.84891,0.0150271.
1.85527,0.0151545.
1.86166,0.0154025.
1.86807,0.0151017.
1.8745,0.0154604.
1.88095,0.015516.
1.88743,0.0155783.
1.89392,0.0156402.
1.90044,0.0156244.
1.90698,0.015848.
1.91355,0.0159859.
1.92014,0.0160239.
1.92674,0.015873.
1.93338,0.0160504.
1.94003,0.0162576.
1.94671,0.0163048.
1.95341,0.0161663.
1.96014,0.0164028.
1.96688,0.0166933.
1.97365,0.0165609.
1.98045,0.016438.
1.98726,0.0169923.
1.9941,0.0169033.
2.00097,0.0170444.
2.00786,0.0170779.
2.01477,0.017208.
2.0217,0.017296.
2.02866,0.0172171.
2.03565,0.0173546.
2.04265,0.0174875.
2.04968,0.0176899.
2.05674,0.0177633.
2.06382,0.0176307.
2.07092,0.0177052.
2.07805,0.0181003.
2.08521,0.0180541.
2.09238,0.0180324.
2.09959,0.0183397.
2.10681,0.0181303.
2.11406,0.0184015.
2.12134,0.0185371.
2.12864,0.0185258.
2.13597,0.0185325.
2.14332,0.0187926.
2.1507,0.018715.
2.1581,0.0189987.
2.16553,0.0189389.
2.17299,0.0190942.
2.18047,0.019284.
2.18797,0.0194501.
2.19551,0.0194103.
2.20306,0.0196845.
2.21065,0.0197658.
2.21826,0.019696.
2.22589,0.0197084.
2.23355,0.0197567.
2.24124,0.0203386.
2.24896,0.0203789.
2.2567,0.020395.
2.26447,0.0203619.
2.27226,0.0205644.
2.28008,0.0204943.
2.28793,0.0206417.
2.29581,0.0208797.
2.30371,0.0209438.
2.31164,0.0210213.
2.3196,0.0206799.
2.32758,0.0212942.
2.33559,0.0209984.
2.34363,0.0215126.
2.3517,0.0215847.
2.3598,0.0215317.
2.36792,0.0215937.
2.37607,0.0219673.
2.38425,0.0219953.
2.39245,0.0220203.
2.40069,0.0219406.
2.40895,0.0223302.
2.41725,0.0225829.
2.42557,0.0224929.
2.43392,0.0226536.
2.44229,0.0228211.
2.4507,0.0228931.
2.45914,0.0230028.
2.4676,0.0228182.
2.4761,0.0232604.
2.48462,0.0234629.
2.49317,0.0232234.
2.50175,0.0236456.
2.51037,0.0238519.
2.51901,0.0238511.
2.52768,0.0237609.
2.53638,0.0241592.
2.54511,0.0241105.
2.55387,0.0241695.
2.56266,0.0244828.
2.57148,0.0247338.
2.58033,0.0245892.
2.58922,0.0247636.
2.59813,0.0250013.
2.60707,0.0250173.
2.61605,0.0254104.
2.62505,0.0253347.
2.63409,0.0252517.
2.64315,0.0255339.
2.65225,0.025834.
2.66138,0.025834.
2.67054,0.0259028.
2.67974,0.0259247.
2.68896,0.0261197.
2.69822,0.0264971.
2.7075,0.0263081.
2.71682,0.026755.
2.72618,0.0269582.
2.73556,0.0268242.
2.74498,0.0269104.
2.75443,0.0271672.
2.76391,0.0271427.
2.77342,0.0271667.
2.78297,0.0275211.
2.79255,0.0275883.
2.80216,0.0278214.
2.81181,0.0277927.
2.82148,0.0277611.
2.8312,0.028062.
2.84094,0.0283546.
2.85072,0.0285147.
2.86053,0.0286388.
2.87038,0.0286213.
2.88026,0.0287748.
2.89018,0.0289604.
2.90012,0.0292091.
2.91011,0.0290449.
2.92013,0.0295669.
2.93018,0.0298174.
2.94026,0.0295738.
2.95038,0.0297326.
2.96054,0.0299561.
2.97073,0.0304435.
2.98096,0.0301102.
2.99122,0.0306802.
3.00151,0.0304598.
3.01185,0.0306931.
3.02221,0.0309446.
3.03262,0.0311649.
3.04306,0.0313533.
3.05353,0.0313159.
3.06404,0.0316639.
3.07459,0.0315396.
3.08517,0.0319947.
3.09579,0.0318097.
3.10645,0.032059.
3.11714,0.0320922.
3.12787,0.0323807.
3.13864,0.0328251.
3.14944,0.0328176.
3.16028,0.0327193.
3.17116,0.033181.
3.18208,0.0332151.
3.19303,0.0333093.
3.20402,0.033414.
3.21505,0.0337002.
3.22612,0.0339439.
3.23722,0.0337297.
3.24837,0.0340663.
3.25955,0.034212.
3.27077,0.0342061.
3.28203,0.0345069.
3.29332,0.0346832.
3.30466,0.0346936.
3.31604,0.0351269.
3.32745,0.0349532.
3.3389,0.0353265.
3.3504,0.0358623.
3.36193,0.035714.
3.3735,0.0361259.
3.38512,0.0356652.
3.39677,0.0362167.
3.40846,0.0362695.
3.42019,0.036586.
3.43197,0.0368488.
3.44378,0.037118.
3.45563,0.0371508.
3.46753,0.0370842.
3.47947,0.0373427.
3.49144,0.0370312.
3.50346,0.0376587.
3.51552,0.0377405.
3.52762,0.0379102.
3.53976,0.0384721.
3.55195,0.038233.
3.56418,0.0387943.
3.57644,0.0383716.
3.58876,0.0390181.
3.60111,0.0389757.
3.6135,0.0391045.
3.62594,0.0393541.
3.63842,0.0393679.
3.65095,0.0396731.
3.66352,0.0401204.
3.67613,0.0398661.
3.68878,0.0400344.
3.70148,0.0402188.
3.71422,0.0405443.
3.72701,0.0408273.
3.73983,0.0405628.
3.75271,0.0410029.
3.76563,0.0413555.
3.77859,0.0415144.
3.79159,0.041199.
3.80465,0.0419577.
3.81774,0.0419521.
3.83088,0.0420873.
3.84407,0.0419453.
3.8573,0.0420165.
3.87058,0.0424692.
3.8839,0.0424743.
3.89727,0.0428805.
3.91069,0.042857.
3.92415,0.0428484.
3.93766,0.043401.
3.95121,0.0435083.
3.96481,0.0435525.
3.97846,0.0438481.
3.99216,0.0445307.
4.0059,0.0438536.
4.01969,0.0441815.
4.03352,0.0443979.
4.04741,0.0447213.
4.06134,0.0448183.
4.07532,0.0450384.
4.08935,0.0453868.
4.10342,0.0452868.
4.11755,0.0453879.
4.13172,0.045367.
4.14595,0.0456494.
4.16022,0.0458186.
4.17454,0.0459352.
4.18891,0.0461952.
4.20333,0.0462774.
4.21779,0.0464714.
4.23231,0.0465382.
4.24688,0.0463815.
4.2615,0.0468647.
4.27617,0.0468952.
4.29089,0.0472171.
4.30566,0.047536.
4.32048,0.0476211.
4.33535,0.0475298.
4.35028,0.047619.
4.36525,0.0479813.
4.38028,0.0481516.
4.39535,0.0482593.
4.41048,0.0484506.
4.42567,0.0486332.
4.4409,0.048636.
4.45619,0.0488127.
4.47153,0.0493354.
4.48692,0.0492777.
4.50236,0.0493048.
4.51786,0.0498282.
4.53341,0.0493293.
4.54902,0.049749.
4.56468,0.0500752.
4.58039,0.0504166.
4.59616,0.0501281.
4.61198,0.0503297.
4.62785,0.0504682.
4.64378,0.0507816.
4.65977,0.0505961.
4.67581,0.0508236.
4.6919,0.0508999.
4.70805,0.0513688.
4.72426,0.0510875.
4.74052,0.0512712.
4.75684,0.0513333.
4.77321,0.0517046.
4.78964,0.0520645.
4.80613,0.0521663.
4.82268,0.0521201.
4.83928,0.0525758.
4.85593,0.0520187.
4.87265,0.0521892.
4.88942,0.0524839.
4.90625,0.052936.
4.92314,0.0530987.
4.94009,0.0528705.
4.95709,0.0523865.
4.97416,0.0529337.
4.99128,0.0537014.
5.00846,0.053432.
5.0257,0.0536899.
5.043,0.0537697.
5.06036,0.0536374.
5.07778,0.0538816.
5.09526,0.0539481.
5.11279,0.0541464.
5.13039,0.0544972.
5.14805,0.0549529.
5.16578,0.0542114.
5.18356,0.0542393.
5.2014,0.0548781.
5.2193,0.0550212.
5.23727,0.0546951.
5.2553,0.0554647.
5.27339,0.0555392.
5.29154,0.0551716.
5.30976,0.0553262.
5.32803,0.0556605.
5.34637,0.0557799.
5.36478,0.055724.
5.38324,0.0559581.
5.40177,0.0557739.
5.42037,0.0563381.
5.43903,0.0561155.
5.45775,0.0560433.
5.47653,0.0561135.
5.49539,0.0562271.
5.5143,0.0565984.
5.53328,0.0563141.
5.55233,0.0566666.
5.57144,0.0566186.
5.59062,0.0566489.
5.60987,0.0567838.
5.62918,0.0571355.
5.64855,0.0572007.
5.668,0.0572305.
5.68751,0.0576533.
5.70708,0.0571706.
5.72673,0.0575559.
5.74644,0.0574909.
5.76622,0.0570867.
5.78607,0.0577126.
5.80599,0.0575863.
5.82597,0.0580529.
5.84603,0.0576347.
5.86615,0.0579797.
5.88634,0.0578128.
5.90661,0.0579485.
5.92694,0.0580136.
5.94734,0.0582623.
5.96781,0.0583088.
5.98836,0.0574723.
6.00897,0.0582364.
6.02965,0.0583548.
6.05041,0.058315.
6.07124,0.0580096.
6.09213,0.0585648.
6.1131,0.0586751.
6.13415,0.0588674.
6.15526,0.0588292.
6.17645,0.0591813.
6.19771,0.0588389.
6.21904,0.0588394.
6.24045,0.0588939.
6.26193,0.0587948.
6.28349,0.0587232.
6.30512,0.0586271.
6.32682,0.0590045.
6.3486,0.0591204.
6.37045,0.0593317.
6.39238,0.0587642.
6.41439,0.058945.
6.43647,0.0590024.
6.45862,0.0590069.
6.48085,0.0589998.
6.50316,0.0589247.
6.52555,0.0592831.
6.54801,0.0594112.
6.57055,0.0593523.
6.59317,0.0591845.
6.61586,0.0597046.
6.63863,0.0592199.
6.66149,0.0594304.
6.68442,0.0598255.
6.70743,0.0594342.
6.73051,0.0593834.
6.75368,0.0593016.
6.77693,0.0596349.
6.80026,0.0589316.
6.82367,0.0591101.
6.84715,0.059592.
6.87072,0.0592224.
6.89437,0.0592877.
6.91811,0.0596654.
6.94192,0.0592724.
6.96582,0.059333.
6.98979,0.0595708.
7.01385,0.0590934.
7.038,0.0591595.
7.06222,0.0591788.
7.08653,0.0585158.
7.11093,0.0590993.
7.13541,0.0592564.
7.15997,0.0591951.
7.18461,0.0585914.
7.20934,0.0587869.
7.23416,0.0589633.
7.25906,0.0588554.
7.28405,0.0589153.
7.30912,0.0589996.
7.33428,0.0590211.
7.35953,0.0587847.
7.38486,0.0585903.
7.41028,0.0588654.
7.43579,0.0586885.
7.46139,0.058957.
7.48707,0.058404.
7.51284,0.0582882.
7.5387,0.0585374.
7.56465,0.0584925.
7.59069,0.058581.
7.61682,0.0585132.
7.64304,0.058264.
7.66935,0.0580925.
7.69575,0.0579798.
7.72224,0.0583675.
7.74882,0.0580396.
7.77549,0.0583036.
7.80226,0.0580679.
7.82912,0.0581102.
7.85607,0.0584439.
7.88311,0.0576916.
7.91024,0.0578236.
7.93747,0.0580923.
7.96479,0.0580279.
7.99221,0.0574022.
8.01972,0.0574863.
8.04733,0.0576259.
8.07503,0.0574952.
8.10283,0.0572576.
8.13072,0.056922.
8.1587,0.0570645.
8.18679,0.0567848.
8.21497,0.0565258.
8.24325,0.0569679.
8.27162,0.0565561.
8.3001,0.0564595.
8.32867,0.0563523.
8.35734,0.0565656.
8.3861,0.0557087.
8.41497,0.0560495.
8.44394,0.0562085.
8.473,0.0562385.
8.50217,0.0561034.
8.53143,0.0561026.
8.5608,0.0557719.
8.59027,0.0554758.
8.61984,0.0554242.
8.64951,0.055696.
8.67928,0.055292.
8.70916,0.0552148.
8.73914,0.055296.
8.76922,0.0551613.
8.79941,0.0545461.
8.8297,0.0551161.
8.86009,0.0542889.
8.89059,0.0547545.
8.92119,0.0541513.
8.9519,0.0547971.
8.98272,0.0545511.
9.01364,0.0544027.
9.04466,0.0537995.
9.0758,0.053935.
9.10704,0.0537182.
9.13839,0.0540754.
9.16984,0.0534342.
9.20141,0.0533065.
9.23308,0.0530519.
9.26486,0.0532905.
9.29676,0.0530247.
9.32876,0.0530105.
9.36087,0.0528506.
9.39309,0.0533079.
9.42542,0.0525549.
9.45787,0.0525092.
9.49042,0.0526648.
9.52309,0.0524162.
9.55587,0.0521186.
9.58877,0.051827.
9.62177,0.0517048.
9.65489,0.0514866.
9.68813,0.0517817.
9.72148,0.0514886.
9.75494,0.0512677.
9.78852,0.0510438.
9.82221,0.0513415.
9.85602,0.0507987.
9.88995,0.0509309.
9.92399,0.0509583.
9.95816,0.0505705.
9.99243,0.050573.
10.0268,0.05027.
10.0613,0.0499716.
10.096,0.0498939.
10.1307,0.049843.
10.1656,0.0498125.
10.2006,0.0494094.
10.2357,0.0497129.
10.2709,0.0494548.
10.3063,0.0487539.
10.3418,0.0493753.
10.3774,0.0488024.
10.4131,0.0482751.
10.4489,0.0485854.
10.4849,0.0483553.
10.521,0.0478726.
10.5572,0.047827.
10.5936,0.048094.
10.63,0.047539.
10.6666,0.0476171.
10.7033,0.0475984.
10.7402,0.0474183.
10.7771,0.0470977.
10.8142,0.0467442.
10.8515,0.0468201.
10.8888,0.0463754.
10.9263,0.0466327.
10.9639,0.0464397.
11.0016,0.0460664.
11.0395,0.0458849.
11.0775,0.0457954.
11.1156,0.0461918.
11.1539,0.0457108.
11.1923,0.0455405.
11.2308,0.0452053.
11.2695,0.0454933.
11.3083,0.0448115.
11.3472,0.0447033.
11.3863,0.0448.
11.4255,0.0441879.
11.4648,0.0445207.
11.5043,0.0439685.
11.5439,0.0440806.
11.5836,0.0434546.
11.6235,0.043031.
11.6635,0.0437704.
11.7036,0.0434676.
11.7439,0.0430668.
11.7843,0.043267.
11.8249,0.0430104.
11.8656,0.0426532.
11.9065,0.0421881.
11.9474,0.0421217.
11.9886,0.0423936.
12.0298,0.0420998.
12.0712,0.0421574.
12.1128,0.0417898.
12.1545,0.0413026.
12.1963,0.0411606.
12.2383,0.0411476.
12.2804,0.0407044.
12.3227,0.040955.
12.3651,0.0406235.
12.4077,0.0403543.
12.4504,0.0399761.
12.4933,0.0400566.
12.5363,0.0401854.
12.5794,0.0401979.
12.6227,0.0396175.
12.6662,0.0392232.
12.7098,0.038863.
12.7535,0.0387637.
12.7974,0.0389351.
12.8415,0.0386506.
12.8857,0.0386233.
12.93,0.0383027.
12.9745,0.0380482.
13.0192,0.0380354.
13.064,0.0378819.
13.109,0.0379919.
13.1541,0.0378338.
13.1994,0.0369513.
13.2448,0.0377231.
13.2904,0.0371399.
13.3362,0.0371857.
13.3821,0.036557.
13.4281,0.0363034.
13.4743,0.0362587.
13.5207,0.0360995.
13.5673,0.035847.
13.614,0.0358987.
13.6608,0.0357248.
13.7079,0.0357975.
13.755,0.0351328.
13.8024,0.0352947.
13.8499,0.0347557.
13.8976,0.0351351.
13.9454,0.0344282.
13.9934,0.0344839.
14.0416,0.0343253.
14.0899,0.0341338.
14.1384,0.0338024.
14.1871,0.0338858.
14.2359,0.0334979.
14.2849,0.0334057.
14.3341,0.033397.
14.3834,0.0331619.
14.433,0.0328537.
14.4826,0.0326974.
14.5325,0.0324304.
14.5825,0.0324647.
14.6327,0.0322121.
14.6831,0.0320015.
14.7336,0.0319115.
14.7843,0.0316974.
14.8352,0.0315255.
14.8863,0.031276.
14.9375,0.0307426.
14.989,0.0306187.
15.0406,0.0307606.
15.0923,0.0305466.
15.1443,0.0304372.
15.1964,0.0304217.
15.2487,0.0301073.
15.3012,0.0300362.
15.3539,0.0299001.
15.4067,0.0296028.
15.4598,0.0293915.
15.513,0.0293352.
15.5664,0.0290757.
15.62,0.0287664.
15.6737,0.028549.
15.7277,0.0288401.
15.7818,0.028631.
15.8361,0.0280897.
15.8907,0.0282712.
15.9454,0.0277877.
16.0002,0.0277658.
16.0553,0.0279314.
16.1106,0.0275317.
16.166,0.0275723.
16.2217,0.0272287.
16.2775,0.0269601.
16.3336,0.0268009.
16.3898,0.0268702.
16.4462,0.0266279.
16.5028,0.0263642.
16.5596,0.0264932.
16.6166,0.0262738.
16.6738,0.0259402.
16.7312,0.0258469.
16.7888,0.0254983.
16.8466,0.0255983.
16.9046,0.0253869.
16.9628,0.0251367.
17.0212,0.0250256.
17.0798,0.024654.
17.1385,0.0247853.
17.1975,0.0243943.
17.2567,0.0245489.
17.3161,0.0244216.
17.3757,0.0239612.
17.4356,0.0240657.
17.4956,0.0237669.
17.5558,0.0236719.
17.6162,0.0233684.
17.6769,0.0233277.
17.7377,0.0230998.
17.7988,0.0231076.
17.86,0.0229064.
17.9215,0.0226997.
17.9832,0.0227609.
18.0451,0.0224429.
18.1072,0.0221347.
18.1696,0.0219716.
18.2321,0.0222631.
18.2949,0.0217149.
18.3578,0.021769.
18.421,0.0215946.
18.4844,0.0215436.
18.5481,0.0214991.
18.6119,0.0209295.
18.676,0.0210252.
18.7403,0.0208362.
18.8048,0.0206717.
18.8695,0.0208446.
18.9345,0.0202588.
18.9996,0.0205315.
19.065,0.0204176.
19.1307,0.0200827.
19.1965,0.0201933.
19.2626,0.0199115.
19.3289,0.0197359.
19.3954,0.0196691.
19.4622,0.0194284.
19.5292,0.0193151.
19.5964,0.0192866.
19.6639,0.019142.
19.7316,0.0191997.
19.7995,0.0186525.
19.8676,0.0183873.
19.936,0.0186694.
20.0046,0.0186123.
20.0735,0.0182236.
20.1426,0.0181779.
20.2119,0.0182511.
20.2815,0.0180624.
20.3513,0.0178645.
20.4214,0.0177564.
20.4917,0.0174645.
20.5622,0.017382.
20.633,0.0171732.
20.704,0.0172619.
20.7753,0.0169076.
20.8468,0.0170869.
20.9186,0.0170319.
20.9906,0.0167929.
21.0628,0.0164977.
21.1353,0.0165206.
21.2081,0.0165025.
21.2811,0.0160853.
21.3543,0.0161545.
21.4278,0.0160519.
21.5016,0.0158861.
21.5756,0.0159333.
21.6499,0.0155649.
21.7244,0.0155509.
21.7992,0.0155791.
21.8742,0.0153819.
21.9495,0.0151409.
22.0251,0.0152819.
22.1009,0.0153112.
22.177,0.0150279.
22.2533,0.0149294.
22.3299,0.0147087.
22.4068,0.0145675.
22.4839,0.0145114.
22.5613,0.0142779.
22.6389,0.0142715.
22.7169,0.0141768.
22.7951,0.014008.
22.8735,0.01397.
22.9523,0.0139461.
23.0313,0.0137462.
23.1106,0.0136295.
23.1901,0.0135387.
23.2699,0.0134844.
23.35,0.0134561.
23.4304,0.0134335.
23.5111,0.0131662.
23.592,0.0131887.
23.6732,0.0130663.
23.7547,0.0128801.
23.8365,0.0128662.
23.9185,0.0127648.
24.0008,0.0127248.
24.0835,0.0125204.
24.1664,0.0124494.
24.2496,0.0124624.
24.333,0.0121782.
24.4168,0.0123774.
24.5008,0.0121036.
24.5852,0.0120498.
24.6698,0.0118856.
24.7547,0.0118213.
24.8399,0.0117957.
24.9254,0.0117538.
25.0112,0.0116979.
25.0973,0.0115458.
25.1837,0.0115612.
25.2704,0.0113425.
25.3574,0.0112537.
25.4447,0.011182.
25.5323,0.0112186.
25.6202,0.0109356.
25.7083,0.0109008.
25.7968,0.0108518.
25.8856,0.0107519.
25.9747,0.0107876.
26.0641,0.0106026.
26.1539,0.010616.
26.2439,0.0104065.
26.3342,0.0105205.
26.4249,0.0102364.
26.5158,0.0103545.
26.6071,0.010148.
26.6987,0.0100614.
26.7906,0.0100334.
26.8828,0.0099031.
26.9754,0.00981454.
27.0682,0.00980617.
27.1614,0.00974657.
27.2549,0.00970632.
27.3487,0.00968769.
27.4428,0.00967271.
27.5373,0.00956873.
27.6321,0.00943425.
27.7272,0.00924938.
27.8227,0.00923708.
27.9184,0.00926411.
28.0145,0.00913583.
28.111,0.00906936.
28.2077,0.00899625.
28.3048,0.00900046.
28.4023,0.00887715.
28.5,0.00876024.
28.5981,0.00871942.
28.6966,0.00863198.
28.7954,0.00862347.
28.8945,0.00864109.
28.9939,0.00851413.
29.0937,0.00843191.
29.1939,0.00848502.
29.2944,0.00829528.
29.3952,0.00835654.
29.4964,0.00815535.
29.5979,0.00819054.
29.6998,0.00801603.
29.802,0.00810922.
29.9046,0.00799009.
30.0076,0.00795142.
30.1109,0.00783162.
30.2145,0.00782152.
30.3185,0.00785049.
30.4229,0.00770177.
30.5276,0.00756704.
30.6327,0.00762685.
30.7381,0.00751142.
30.8439,0.00735251.
30.9501,0.00749438.
31.0566,0.0072752.
31.1636,0.00731917.
31.2708,0.00716957.
31.3785,0.00721255.
31.4865,0.00713544.
31.5949,0.00711162.
31.7036,0.00706481.
31.8128,0.00696153.
31.9223,0.00694099.
32.0321,0.00686837.
32.1424,0.00681747.
32.253,0.00678121.
32.3641,0.00669235.
32.4755,0.00670816.
32.5873,0.00663889.
32.6994,0.00660029.
32.812,0.00639383.
32.9249,0.00647581.
33.0383,0.00638313.
33.152,0.00651057.
33.2661,0.0062914.
33.3806,0.00625602.
33.4955,0.00627457.
33.6108,0.00612903.
33.7265,0.00609378.
33.8426,0.00605103.
33.9591,0.00609419.
34.076,0.00603207.
34.1933,0.00598063.
34.311,0.00580928.
34.4291,0.00575751.
34.5476,0.00568778.
34.6665,0.00577768.
34.7859,0.00564267.
34.9056,0.00565662.
35.0258,0.00552767.
35.1463,0.00556067.
35.2673,0.00548518.
35.3887,0.00546268.
35.5105,0.00543757.
35.6328,0.00543024.
35.7554,0.00536045.
35.8785,0.00528518.
36.002,0.00517949.
36.1259,0.00530398.
36.2503,0.00518585.
36.3751,0.00509152.
36.5003,0.00511285.
36.6259,0.00508252.
36.752,0.00494579.
36.8785,0.00502896.
37.0054,0.00491502.
37.1328,0.00487258.
37.2606,0.00487414.
37.3889,0.00478478.
37.5176,0.0047465.
37.6468,0.00476854.
37.7763,0.00472721.
37.9064,0.0045794.
38.0369,0.00455286.
38.1678,0.0046003.
38.2992,0.00453439.
38.431,0.00445375.
38.5633,0.00440214.
38.696,0.00431782.
38.8292,0.00430886.
38.9629,0.00430512.
39.097,0.00434875.
39.2316,0.00423635.
39.3666,0.004176.
39.5022,0.00412924.
39.6381,0.00413465.
39.7746,0.00407279.
39.9115,0.00405371.
40.0489,0.00406257.
40.1867,0.00396511.
40.3251,0.00391724.
40.4639,0.00388004.
40.6032,0.00388073.
40.7429,0.00383736.
40.8832,0.00381816.
41.0239,0.00377024.
41.1651,0.00377407.
41.3068,0.00369026.
41.449,0.00363846.
41.5917,0.00362232.
41.7348,0.0035963.
41.8785,0.00364401.
42.0227,0.00352059.
42.1673,0.00357162.
42.3125,0.0034813.
42.4581,0.00345852.
42.6043,0.0033756.
42.7509,0.00341577.
42.8981,0.00336867.
43.0457,0.00329767.
43.1939,0.00329808.
43.3426,0.00323522.
43.4918,0.00327409.
43.6415,0.00317877.
43.7917,0.00316132.
43.9425,0.00321115.
44.0937,0.00316676.
44.2455,0.00308864.
44.3978,0.00311371.
44.5506,0.00309658.
44.704,0.00304212.
44.8579,0.00304716.
45.0123,0.00295623.
45.1672,0.00295759.
45.3227,0.00292271.
45.4787,0.00290415.
45.6353,0.00283933.
45.7923,0.00290978.
45.95,0.00287954.
46.1081,0.00273983.
46.2669,0.00282398.
46.4261,0.00281046.
46.5859,0.00272835.
46.7463,0.00269726.
46.9072,0.00273639.
47.0687,0.00274327.
47.2307,0.0026086.
47.3933,0.00263494.
47.5564,0.00263369.
47.7201,0.00256741.
47.8844,0.00261764.
48.0492,0.0025751.
48.2146,0.00254048.
48.3806,0.00249466.
48.5471,0.00258192.
48.7142,0.00246026.
48.8819,0.00250193.
49.0501,0.00248059.
49.219,0.0024454.
49.3884,0.00241683.
49.5584,0.0023642.
49.729,0.00239964.
49.9002,0.00238073.
50.072,0.00235466.
50.2443,0.00233057.
50.4173,0.00231284.
50.5908,0.00227382.
50.765,0.00225564.
50.9397,0.00225382.
51.1151,0.00221551.
51.291,0.00227129.
51.4676,0.00223254.
51.6447,0.00217282.
51.8225,0.00218578.
52.0009,0.0021776.
52.1799,0.00211186.
52.3595,0.00213009.
52.5397,0.00208964.
52.7206,0.00208013.
52.9021,0.0020972.
53.0842,0.00205164.
53.2669,0.00202934.
53.4502,0.00204664.
53.6342,0.00200242.
53.8188,0.00203147.
54.0041,0.00201392.
54.19,0.00199756.
54.3765,0.00197369.
54.5637,0.00194239.
54.7515,0.00194535.
54.94,0.00191789.
55.1291,0.00189419.
55.3189,0.00185981.
55.5093,0.00189313.
55.7004,0.00187494.
55.8921,0.00186248.
56.0845,0.00186948.
56.2776,0.00182488.
56.4713,0.00181303.
56.6657,0.00177946.
56.8607,0.00177475.
57.0565,0.00177984.
57.2529,0.00175373.
57.4499,0.00172322.
57.6477,0.0017369.
57.8461,0.00171611.
58.0452,0.00174325.
58.245,0.0017076.
58.4455,0.00165909.
58.6467,0.00163164.
58.8486,0.00165269.
59.0512,0.00163242.
59.2544,0.0016093.
59.4584,0.0016215.
59.6631,0.00160831.
59.8684,0.0015949.
60.0745,0.00157017.
60.2813,0.0015453.
60.4888,0.00155984.
60.697,0.00156011.
60.906,0.00152743.
61.1156,0.00152539.
61.326,0.00148148.
61.5371,0.00149867.
61.7489,0.00145407.
61.9615,0.00148167.
62.1748,0.00144531.
62.3888,0.00146885.
62.6035,0.00144766.
62.819,0.00144373.
63.0353,0.00138508.
63.2522,0.00140436.
63.47,0.00138645.
63.6885,0.00137358.
63.9077,0.0013538.
64.1277,0.00137291.
64.3484,0.00131804.
64.5699,0.00130678.
64.7922,0.00130141.
65.0152,0.00129742.
65.239,0.00129891.
65.4636,0.00126163.
65.6889,0.0012476.
65.915,0.0012687.
66.1419,0.00125669.
66.3696,0.00123467.
66.5981,0.00122093.
66.8273,0.00121832.
67.0573,0.00121372.
67.2882,0.00119025.
67.5198,0.00115022.
67.7522,0.00115444.
67.9854,0.0011408.
68.2194,0.00113362.
68.4543,0.0011308.
68.6899,0.00111758.
68.9264,0.00110273.
69.1636,0.00114252.
69.4017,0.00111148.
69.6406,0.00110539.
69.8803,0.00109873.
70.1209,0.00108548.
70.3622,0.0010619.
70.6044,0.00108086.
70.8475,0.0010385.
71.0913,0.00105398.
71.336,0.00103188.
71.5816,0.00101362.
71.828,0.00102241.
72.0753,0.00100892.
72.3234,0.000974965.
72.5723,0.00100256.
72.8221,0.00101241.
73.0728,0.000994868.
73.3243,0.000964368.
73.5767,0.000980109.
73.83,0.000978775.
74.0841,0.000955914.
74.3391,0.000960996.
74.595,0.00093609.
74.8518,0.000928554.
75.1095,0.000935104.
75.368,0.000924574.
75.6274,0.000899022.
75.8878,0.000917747.
76.149,0.000903266.
76.4111,0.000907516.
76.6741,0.000895994.
76.9381,0.000900362.
77.2029,0.000873834.
77.4687,0.00087348.
77.7353,0.000881885.
78.0029,0.000854469.
78.2714,0.000828058.
78.5408,0.000867598.
78.8112,0.000845882.
79.0825,0.000839342.
79.3547,0.000815038.
79.6279,0.000820869.
79.902,0.000820515.
80.177,0.000838785.
80.453,0.000828946.
80.7299,0.000821361.
81.0078,0.000809716.
81.2867,0.000766991.
81.5665,0.000784464.
81.8472,0.000789048.
82.129,0.000781346.
82.4117,0.000774405.
82.6954,0.000750574.
82.98,0.000757088.
83.2656,0.000748185.
83.5523,0.000746397.
83.8399,0.000750282.
84.1285,0.000733261.
84.4181,0.000728409.
84.7086,0.000707292.
85.0002,0.0007271.
85.2928,0.000702916.
85.5864,0.00070977.
85.881,0.000680009.
86.1767,0.000713104.
86.4733,0.000682559.
86.771,0.000673808.
87.0696,0.00065629.
87.3693,0.000667036.
87.6701,0.0006849.
87.9719,0.000650847.
88.2747,0.000660993.
88.5786,0.000637955.
88.8835,0.000656019.
89.1894,0.000646094.
89.4964,0.000626723.
89.8045,0.000644187.
90.1136,0.000621336.
90.4238,0.000631565.
90.7351,0.000604848.
91.0474,0.000601304.
91.3608,0.000599705.
91.6753,0.000625475.
91.9909,0.000592554.
92.3075,0.000593156.
92.6253,0.000577327.
92.9441,0.000595399.
93.264,0.000570816.
93.5851,0.00057412.
93.9072,0.00057028.
94.2305,0.000560473.
94.5548,0.000549661.
94.8803,0.000563449.
95.2069,0.000540722.
95.5346,0.000553408.
95.8635,0.000525943.
96.1935,0.000513674.
96.5246,0.000518944.
96.8568,0.000508932.
97.1902,0.000525594.
97.5248,0.000501143.
97.8605,0.000492571.
98.1974,0.000497737.
98.5354,0.00049154.
98.8746,0.000476966.
99.2149,0.000472453.
99.5564,0.000476871.
99.8991,0.000491001.
100.243,0.000452137.
100.588,0.000450599.
100.934,0.00046159.
101.282,0.000450374.
101.63,0.000459789.
101.98,0.000451276.
102.331,0.000430674.
102.684,0.000433229.
103.037,0.000405287.
103.392,0.000425373.
103.748,0.000407494.
104.105,0.000406748.
104.463,0.000401715.
104.823,0.000395668.
105.183,0.00039073.
105.545,0.000392415.
105.909,0.000381333.
106.273,0.000375456.
106.639,0.000376647.
107.006,0.000380775.
107.375,0.000357394.
107.744,0.000349995.
108.115,0.000341965.
108.487,0.000329.
108.861,0.000350309.
109.235,0.000328605.
109.611,0.000333046.
109.989,0.000322488.
110.367,0.000307896.
110.747,0.000321501.
111.128,0.000294845.
111.511,0.000286735.
111.895,0.000290231.
112.28,0.000265864.
112.666,0.000281214.
113.054,0.00024745.
113.443,0.000263858.
113.834,0.000243338.
114.226,0.000243051.
114.619,0.000223704.
115.014,0.000209927.
115.409,0.000202362.
115.807,0.00019211.
116.205,0.000197141.
116.605,0.000183612.
117.007,0.000169038.
117.41,0.000160975.
117.814,0.000139923.
118.219,0.000129106.
118.626,0.000115424.
119.034,0.000118074.
119.444,9.56187e-05.
119.855,8.13953e-05.
120.268,8.13603e-05.
120.682,6.87961e-05.
121.097,6.30891e-05.
121.514,5.28727e-05.
121.932,4.77677e-05.
122.352,4.40797e-05.
122.773,3.3844e-05.
123.196,2.99921e-05.
123.62,2.15613e-05.
124.046,2.06075e-05.
124.473,1.57149e-05.
124.901,1.08863e-05.
125.331,1.09731e-05.
125.762,9.46145e-06.
126.195,7.51816e-06.
126.63,7.18813e-06.
127.066,6.41756e-06.
127.503,5.16122e-06.
127.942,4.3815e-06.
128.382,3.75045e-06.
128.824,2.89339e-06.
129.268,2.57617e-06.
129.713,2.78625e-06.
130.159,2.61745e-06.
130.607,2.54951e-06.
131.057,2.266e-06.
131.508,2.20956e-06.
131.961,1.88215e-06.
132.415,2.55735e-06.
132.871,2.02717e-06.
133.328,1.07107e-06.
133.787,1.4625e-06.
134.247,1.05226e-06.
134.709,1.60622e-06.
135.173,1.25242e-06.
135.638,1.24954e-06.
136.105,1.25398e-06.
136.574,1.01359e-06.
137.044,5.23125e-07.
137.516,1.73347e-06.
137.989,1.08492e-06.
138.464,1.23857e-06.
138.941,9.62111e-07.
139.419,9.09589e-07.
139.899,1.04729e-06.
140.38,6.0047e-07.
140.864,8.53148e-07.
141.349,7.95662e-07.
141.835,2.34387e-07.
142.323,1.14763e-06.
142.813,3.22968e-07.
143.305,8.23882e-07.
143.798,1.28821e-07.
144.293,1.01515e-06.
144.79,6.90619e-07.
145.288,4.56754e-07.
145.788,4.95427e-07.
146.29,9.37026e-07.
146.794,5.23125e-07.
147.299,3.63209e-07.
147.806,3.28978e-07.
148.315,5.61797e-07.
148.825,2.00157e-07.
149.338,1.05226e-06.
149.852,4.90462e-07.
150.368,2.90306e-07.
150.885,1.26992e-06.
151.405,5.85576e-07.
151.926,5.23125e-07.
152.449,5.61797e-07.
152.973,9.73608e-07.
153.5,0
154.028,3.95349e-07.
154.559,3.61641e-07.
155.091,1.28821e-07.
155.624,0
156.16,1.28821e-07.
156.698,4.00313e-07.
157.237,0
157.778,1.61484e-07.
158.321,3.63209e-07.
158.866,7.29814e-07.
159.413,4.56754e-07.
159.962,0
160.513,0
161.065,4.90462e-07.
161.62,0
162.176,2.66527e-07.
162.734,2.9527e-07.
163.294,2.9527e-07.
163.856,4.95427e-07.
164.42,3.28978e-07.
164.986,3.61641e-07.
165.554,0
166.124,0
166.696,0
167.27,0
167.846,1.61484e-07.
168.423,2.9527e-07.
169.003,0
169.585,2.66527e-07.
170.169,7.5307e-07.
170.754,2.9527e-07.
171.342,0
171.932,1.28821e-07.
172.524,2.57643e-07.
173.118,0
173.714,0
174.312,2.9527e-07.
174.912,2.9527e-07.
175.514,0
176.118,0
176.724,0
177.332,2.9527e-07.
177.943,2.9527e-07.
178.555,2.9527e-07.
179.17,0
179.787,0
180.406,1.28821e-07.
181.027,0
181.65,0
182.275,2.9527e-07.
182.902,0
183.532,0
184.164,0
184.798,0
185.434,0
186.072,0
186.713,0
187.355,0
188,0
188.647,0
189.297,0
189.948,0
190.602,0
191.258,2.9527e-07.
191.917,0
192.577,0
193.24,0
193.905,0
194.573,0
195.243,0
195.915,0
196.589,0
197.266,0
197.945,0
198.626,0
199.31,0
199.996,2.9527e-07.
200.684,0
201.375,0
202.068,0
202.764,0
203.462,3.26626e-07.
204.162,3.26626e-07.
204.865,0
205.57,0
206.278,0
206.988,0
207.7,0
208.415,2.9527e-07.
209.133,0
209.853,2.9527e-07.
210.575,0
211.3,3.26626e-07.
212.027,0
212.757,0
213.489,0
214.224,0
214.962,0
215.702,2.9527e-07.
216.444,0
217.189,0
217.937,0
218.687,0
219.44,2.9527e-07.
220.195,3.26626e-07.
220.953,0
221.714,0
222.477,3.84113e-07.
223.243,0
224.011,0
224.782,0
225.556,3.26626e-07.
226.332,3.26626e-07.
227.111,0
227.893,3.26626e-07.
228.678,0
229.465,0
230.255,0
231.047,0
231.843,3.84113e-07.
232.641,0
233.441,0
234.245,0
235.051,0
235.86,0
236.672,0
237.487,3.84113e-07.
238.304,0
239.125,0
239.948,0
240.774,0
241.603,0
242.434,0
243.269,0
244.106,0
244.946,0
245.79,0
246.636,3.84113e-07.
247.485,0
248.337,0
249.191,0
250.049,0
250.91,0
251.774,0
252.64,0
253.51,0
254.383,0
255.258,0
256.137,0
257.019,0
257.903,3.84113e-07.
258.791,0
259.682,0
260.576,0
261.473,0
262.373,0
263.276,0
264.182,0
265.092,0
266.004,0
266.92,0
267.838,0
268.76,0
269.686,0
270.614,0
271.545,0
272.48,0
273.418,0
274.359,0
275.304,0
276.251,0
277.202,0
278.156,0
279.114,0
280.075,0
281.039,0
282.006,0
282.977,0
283.951,0
284.928,0
285.909,0
286.893,0
287.881,0
288.872,0
289.866,0
290.864,0
291.865,0
292.87,0
293.878,0
294.89,0
295.905,0
296.923,0
297.945,0
298.971,0
300,
