0.01,6.5762e-06.
0.0100344,8.93736e-06.
0.010069,1.19005e-05.
0.0101036,8.89667e-06.
0.0101384,8.43251e-06.
0.0101733,1.32161e-05.
0.0102083,1.16555e-05.
0.0102435,1.72877e-05.
0.0102787,1.14898e-05.
0.0103141,1.00719e-05.
0.0103496,2.4977e-05.
0.0103852,1.37161e-05.
0.010421,2.28936e-05.
0.0104568,3.29014e-05.
0.0104928,4.36184e-05.
0.010529,4.61015e-05.
0.0105652,5.11119e-05.
0.0106016,5.57385e-05.
0.0106381,6.05169e-05.
0.0106747,6.09272e-05.
0.0107114,5.92324e-05.
0.0107483,5.09612e-05.
0.0107853,7.35842e-05.
0.0108224,7.58098e-05.
0.0108597,6.84439e-05.
0.0108971,6.97508e-05.
0.0109346,8.86368e-05.
0.0109722,0.000170823.
0.01101,0.000176788.
0.0110479,0.000229856.
0.0110859,0.000806079.
0.0111241,0.00117991.
0.0111624,0.00115624.
0.0112008,0.00119204.
0.0112393,0.00117701.
0.011278,0.00120788.
0.0113168,0.00112184.
0.0113558,0.00117047.
0.0113949,0.00115541.
0.0114341,0.00118902.
0.0114735,0.0011663.
0.011513,0.00107298.
0.0115526,0.00113611.
0.0115924,0.00112113.
0.0116323,0.00113734.
0.0116723,0.00112498.
0.0117125,0.00111766.
0.0117528,0.00114353.
0.0117933,0.00111724.
0.0118339,0.00110832.
0.0118746,0.00107675.
0.0119155,0.00109648.
0.0119565,0.00108579.
0.0119976,0.00102861.
0.0120389,0.00104248.
0.0120804,0.00107699.
0.012122,0.00108437.
0.0121637,0.00104103.
0.0122056,0.00103136.
0.0122476,0.00102797.
0.0122897,0.00111669.
0.012332,0.00110784.
0.0123745,0.00105523.
0.0124171,0.00102893.
0.0124598,0.000990921.
0.0125027,0.00100134.
0.0125458,0.00102834.
0.0125889,0.000982451.
0.0126323,0.00102033.
0.0126758,0.000990875.
0.0127194,0.000936587.
0.0127632,0.000947729.
0.0128071,0.000948519.
0.0128512,0.000974155.
0.0128954,0.000904751.
0.0129398,0.000962132.
0.0129844,0.000911315.
0.0130291,0.000925174.
0.0130739,0.000939524.
0.0131189,0.000940621.
0.0131641,0.000935621.
0.0132094,0.000969725.
0.0132548,0.00095026.
0.0133005,0.000922637.
0.0133463,0.000861243.
0.0133922,0.00086871.
0.0134383,0.000874187.
0.0134846,0.000898764.
0.013531,0.000843926.
0.0135775,0.000851593.
0.0136243,0.000895935.
0.0136712,0.000866901.
0.0137182,0.000830125.
0.0137655,0.000892814.
0.0138128,0.000825106.
0.0138604,0.000863134.
0.0139081,0.00080594.
0.013956,0.000833452.
0.014004,0.00084776.
0.0140522,0.000875244.
0.0141006,0.000828535.
0.0141491,0.000796209.
0.0141978,0.000795983.
0.0142467,0.000783376.
0.0142957,0.000771847.
0.014345,0.000808443.
0.0143943,0.000758514.
0.0144439,0.000824303.
0.0144936,0.000766163.
0.0145435,0.00078259.
0.0145936,0.000760723.
0.0146438,0.00074317.
0.0146942,0.000784915.
0.0147448,0.000750365.
0.0147955,0.000748146.
0.0148465,0.000739354.
0.0148976,0.000738107.
0.0149488,0.000831019.
0.0150003,0.000717748.
0.0150519,0.000741191.
0.0151038,0.000753182.
0.0151557,0.00073656.
0.0152079,0.000665452.
0.0152603,0.000727808.
0.0153128,0.000724298.
0.0153655,0.000727057.
0.0154184,0.000660873.
0.0154715,0.000689188.
0.0155247,0.000692617.
0.0155782,0.000677692.
0.0156318,0.000699575.
0.0156856,0.000687643.
0.0157396,0.000699423.
0.0157938,0.000673336.
0.0158481,0.000709753.
0.0159027,0.000693932.
0.0159574,0.000662469.
0.0160124,0.000669616.
0.0160675,0.000617368.
0.0161228,0.000654958.
0.0161783,0.0018012.
0.016234,0.000702716.
0.0162898,0.000721103.
0.0163459,0.000704241.
0.0164022,0.000668352.
0.0164586,0.000678812.
0.0165153,0.00065494.
0.0165722,0.00065016.
0.0166292,0.000597317.
0.0166864,0.000627633.
0.0167439,0.000623918.
0.0168015,0.000644882.
0.0168593,0.000710673.
0.0169174,0.000636401.
0.0169756,0.000629729.
0.0170341,0.000610814.
0.0170927,0.000628009.
0.0171515,0.000600594.
0.0172106,0.000577967.
0.0172698,0.000581181.
0.0173293,0.000557532.
0.0173889,0.000555167.
0.0174488,0.000497859.
0.0175088,0.000496324.
0.0175691,0.000493175.
0.0176296,0.000506497.
0.0176903,0.00048124.
0.0177511,0.000500795.
0.0178123,0.000468033.
0.0178736,0.000495751.
0.0179351,0.000450442.
0.0179968,0.000484166.
0.0180588,0.000433964.
0.0181209,0.000455484.
0.0181833,0.000480578.
0.0182459,0.000429427.
0.0183087,0.00043224.
0.0183717,0.000474602.
0.018435,0.000426847.
0.0184984,0.000438512.
0.0185621,0.000398095.
0.018626,0.000409633.
0.0186901,0.000410897.
0.0187545,0.000425214.
0.018819,0.000417432.
0.0188838,0.000417713.
0.0189488,0.000406268.
0.019014,0.000419656.
0.0190795,0.000363885.
0.0191451,0.000386234.
0.019211,0.000343038.
0.0192772,0.000358089.
0.0193435,0.000373447.
0.0194101,0.000354213.
0.0194769,0.000381315.
0.019544,0.00035247.
0.0196112,0.00038252.
0.0196788,0.000362553.
0.0197465,0.000350902.
0.0198145,0.00032292.
0.0198827,0.000355414.
0.0199511,0.000319026.
0.0200198,0.00104842.
0.0200887,0.00037501.
0.0201579,0.000366963.
0.0202272,0.000347514.
0.0202969,0.000350305.
0.0203667,0.000321123.
0.0204368,0.000331695.
0.0205072,0.000290068.
0.0205778,0.00032421.
0.0206486,0.000335052.
0.0207197,0.000292132.
0.020791,0.000310381.
0.0208626,0.000292824.
0.0209344,0.000294248.
0.0210065,0.000286345.
0.0210788,0.000313219.
0.0211513,0.000249462.
0.0212241,0.000293752.
0.0212972,0.000287143.
0.0213705,0.000272604.
0.0214441,0.000257294.
0.0215179,0.000261127.
0.0215919,0.000254373.
0.0216663,0.000266876.
0.0217408,0.000286094.
0.0218157,0.000262247.
0.0218908,0.000272557.
0.0219661,0.000237212.
0.0220417,0.000259277.
0.0221176,0.000262804.
0.0221938,0.000252344.
0.0222701,0.000240261.
0.0223468,0.00026756.
0.0224237,0.000254339.
0.0225009,0.0003098.
0.0225784,0.000310109.
0.0226561,0.000326735.
0.0227341,0.000323209.
0.0228123,0.000301714.
0.0228909,0.000334414.
0.0229697,0.0003351.
0.0230487,0.000314319.
0.0231281,0.000352955.
0.0232077,0.000353549.
0.0232876,0.000375151.
0.0233677,0.000357207.
0.0234482,0.000363065.
0.0235289,0.000405632.
0.0236099,0.000377204.
0.0236911,0.000382521.
0.0237727,0.000383873.
0.0238545,0.000430954.
0.0239366,0.000427901.
0.024019,0.000707561.
0.0241017,0.000411256.
0.0241847,0.000464647.
0.0242679,0.000476056.
0.0243514,0.000425605.
0.0244353,0.000437362.
0.0245194,0.000450439.
0.0246038,0.000436517.
0.0246885,0.000452213.
0.0247735,0.000462449.
0.0248587,0.000445511.
0.0249443,0.000456616.
0.0250302,0.000430918.
0.0251163,0.000469651.
0.0252028,0.000471856.
0.0252895,0.000451034.
0.0253766,0.000510248.
0.0254639,0.000495244.
0.0255516,0.000489101.
0.0256396,0.000497169.
0.0257278,0.000432355.
0.0258164,0.000478145.
0.0259052,0.000472408.
0.0259944,0.000471766.
0.0260839,0.000474597.
0.0261737,0.000485754.
0.0262638,0.000466349.
0.0263542,0.000531423.
0.0264449,0.000490953.
0.0265359,0.000515343.
0.0266273,0.000495206.
0.0267189,0.000468106.
0.0268109,0.000512453.
0.0269032,0.00047598.
0.0269958,0.000541909.
0.0270887,0.000545331.
0.027182,0.000546158.
0.0272755,0.000531967.
0.0273694,0.000501436.
0.0274636,0.000523924.
0.0275582,0.000529799.
0.027653,0.000552159.
0.0277482,0.000528858.
0.0278437,0.000509559.
0.0279396,0.000539523.
0.0280357,0.000569149.
0.0281323,0.000513609.
0.0282291,0.000526396.
0.0283263,0.000519305.
0.0284238,0.000527087.
0.0285216,0.000530093.
0.0286198,0.000528762.
0.0287183,0.000511245.
0.0288172,0.000521246.
0.0289164,0.000519738.
0.0290159,0.000527934.
0.0291158,0.00052658.
0.029216,0.000501238.
0.0293166,0.000567209.
0.0294175,0.000527726.
0.0295187,0.000501957.
0.0296203,0.000530943.
0.0297223,0.000512197.
0.0298246,0.000514836.
0.0299273,0.000524957.
0.0300303,0.00045897.
0.0301337,0.000504506.
0.0302374,0.000519604.
0.0303415,0.000527422.
0.0304459,0.000509318.
0.0305507,0.000488929.
0.0306559,0.000488036.
0.0307614,0.000495302.
0.0308673,0.000462539.
0.0309735,0.00049799.
0.0310802,0.000477632.
0.0311872,0.000447785.
0.0312945,0.000470864.
0.0314022,0.000480081.
0.0315103,0.000459276.
0.0316188,0.000496356.
0.0317276,0.000472476.
0.0318368,0.000464669.
0.0319464,0.000451183.
0.0320564,0.000449657.
0.0321667,0.000463095.
0.0322775,0.00050047.
0.0323886,0.000459281.
0.0325001,0.000440664.
0.0326119,0.000466426.
0.0327242,0.000415048.
0.0328368,0.000475897.
0.0329499,0.00044933.
0.0330633,0.000453927.
0.0331771,0.000421002.
0.0332913,0.000450023.
0.0334059,0.000441088.
0.0335209,0.000431811.
0.0336363,0.000425795.
0.0337521,0.000441436.
0.0338682,0.000387913.
0.0339848,0.000390787.
0.0341018,0.00039731.
0.0342192,0.000428346.
0.034337,0.000399889.
0.0344552,0.000399401.
0.0345738,0.000386489.
0.0346928,0.000412282.
0.0348122,0.000431843.
0.034932,0.000434914.
0.0350523,0.000401027.
0.035173,0.000427521.
0.035294,0.000420914.
0.0354155,0.000415769.
0.0355374,0.000373043.
0.0356597,0.000404537.
0.0357825,0.000402588.
0.0359057,0.000406965.
0.0360293,0.000384814.
0.0361533,0.000442903.
0.0362777,0.00042081.
0.0364026,0.000437598.
0.0365279,0.000425781.
0.0366537,0.000400451.
0.0367798,0.000411119.
0.0369064,0.000400635.
0.0370335,0.000404896.
0.0371609,0.000413706.
0.0372889,0.000422347.
0.0374172,0.00038915.
0.037546,0.000437013.
0.0376753,0.00042185.
0.0378049,0.000452193.
0.0379351,0.00039188.
0.0380657,0.000386806.
0.0381967,0.000424326.
0.0383282,0.000395269.
0.0384601,0.000414353.
0.0385925,0.000400271.
0.0387253,0.000408754.
0.0388586,0.000429449.
0.0389924,0.00043449.
0.0391266,0.000431909.
0.0392613,0.000425529.
0.0393965,0.000405871.
0.0395321,0.000415783.
0.0396681,0.000415356.
0.0398047,0.000371093.
0.0399417,0.000403055.
0.0400792,0.000459837.
0.0402172,0.000449904.
0.0403556,0.000464812.
0.0404945,0.000427082.
0.0406339,0.000434033.
0.0407738,0.000445768.
0.0409141,0.000455632.
0.041055,0.000461119.
0.0411963,0.000392291.
0.0413381,0.000449337.
0.0414804,0.000446172.
0.0416232,0.000453325.
0.0417664,0.000423723.
0.0419102,0.000453379.
0.0420545,0.000436988.
0.0421992,0.000433804.
0.0423445,0.000453881.
0.0424903,0.000441694.
0.0426365,0.000413108.
0.0427833,0.000432547.
0.0429306,0.000421155.
0.0430783,0.000460279.
0.0432266,0.000432597.
0.0433754,0.000401186.
0.0435247,0.000424516.
0.0436745,0.000444202.
0.0438249,0.000423795.
0.0439757,0.000447864.
0.0441271,0.000462935.
0.044279,0.000466149.
0.0444314,0.000453223.
0.0445844,0.000466556.
0.0447378,0.000437854.
0.0448918,0.000417404.
0.0450464,0.000432633.
0.0452014,0.000436884.
0.045357,0.000410813.
0.0455131,0.00043921.
0.0456698,0.000445179.
0.045827,0.000414222.
0.0459848,0.000405479.
0.0461431,0.000410953.
0.0463019,0.00041154.
0.0464613,0.000428751.
0.0466212,0.000420457.
0.0467817,0.000398589.
0.0469427,0.000415902.
0.0471043,0.000399286.
0.0472664,0.000408874.
0.0474291,0.000378962.
0.0475924,0.000389298.
0.0477562,0.000395152.
0.0479206,0.000422018.
0.0480856,0.000408213.
0.0482511,0.000434669.
0.0484172,0.000547804.
0.0485839,0.000406178.
0.0487511,0.000440689.
0.0489189,0.000436731.
0.0490873,0.000438778.
0.0492563,0.000414507.
0.0494258,0.000401395.
0.0495959,0.000413483.
0.0497667,0.000413088.
0.049938,0.000438808.
0.0501099,0.000396686.
0.0502824,0.000391667.
0.0504554,0.000405595.
0.0506291,0.000417038.
0.0508034,0.000420608.
0.0509783,0.000375932.
0.0511538,0.00042685.
0.0513298,0.0003999.
0.0515065,0.000420073.
0.0516838,0.000424717.
0.0518617,0.000433503.
0.0520403,0.000436416.
0.0522194,0.000419991.
0.0523991,0.000419729.
0.0525795,0.000419006.
0.0527605,0.000423529.
0.0529421,0.000418108.
0.0531244,0.000441861.
0.0533072,0.00044175.
0.0534907,0.000425259.
0.0536748,0.00043236.
0.0538596,0.000428638.
0.054045,0.000391266.
0.054231,0.000449896.
0.0544177,0.000430769.
0.054605,0.000417819.
0.054793,0.000385051.
0.0549816,0.000426218.
0.0551709,0.000422939.
0.0553608,0.00042835.
0.0555513,0.000399503.
0.0557426,0.000392888.
0.0559344,0.000404749.
0.056127,0.000404645.
0.0563202,0.0004209.
0.056514,0.000400651.
0.0567086,0.000388445.
0.0569038,0.000378438.
0.0570997,0.000409137.
0.0572962,0.000439263.
0.0574934,0.000391083.
0.0576913,0.000390924.
0.0578899,0.00040695.
0.0580892,0.000426222.
0.0582892,0.000392598.
0.0584898,0.00040847.
0.0586911,0.000412466.
0.0588932,0.000393326.
0.0590959,0.00037023.
0.0592993,0.000381934.
0.0595034,0.000398495.
0.0597083,0.000395435.
0.0599138,0.000389358.
0.06012,0.00040665.
0.060327,0.000406505.
0.0605346,0.000399653.
0.060743,0.000422103.
0.0609521,0.0004295.
0.0611619,0.000435738.
0.0613724,0.000436049.
0.0615837,0.000425491.
0.0617957,0.000411697.
0.0620084,0.000433004.
0.0622218,0.00040986.
0.062436,0.000423377.
0.0626509,0.000449901.
0.0628666,0.000390525.
0.063083,0.000395457.
0.0633001,0.000388771.
0.063518,0.000424322.
0.0637367,0.000415224.
0.0639561,0.000405733.
0.0641762,0.000397201.
0.0643971,0.000405104.
0.0646188,0.000412833.
0.0648412,0.000374184.
0.0650644,0.000428472.
0.0652884,0.000398147.
0.0655131,0.000411198.
0.0657387,0.000393731.
0.0659649,0.000403526.
0.066192,0.000417315.
0.0664199,0.000429794.
0.0666485,0.000419978.
0.0668779,0.0004034.
0.0671081,0.000418514.
0.0673391,0.000404858.
0.0675709,0.000404609.
0.0678035,0.000429291.
0.0680369,0.000427695.
0.0682711,0.0004117.
0.0685061,0.000391628.
0.0687419,0.000409022.
0.0689785,0.000414218.
0.069216,0.000387277.
0.0694542,0.00039263.
0.0696933,0.000421689.
0.0699332,0.000395126.
0.0701739,0.000412962.
0.0704155,0.000382107.
0.0706579,0.000414014.
0.0709011,0.000408543.
0.0711452,0.000406361.
0.0713901,0.000433944.
0.0716358,0.00038306.
0.0718824,0.000435108.
0.0721298,0.000430105.
0.0723781,0.000402723.
0.0726273,0.000444074.
0.0728773,0.000429105.
0.0731281,0.000402781.
0.0733798,0.000403808.
0.0736324,0.000396144.
0.0738859,0.00041433.
0.0741402,0.000391962.
0.0743954,0.000406426.
0.0746515,0.000416537.
0.0749085,0.000403592.
0.0751663,0.000409251.
0.0754251,0.000399519.
0.0756847,0.00038105.
0.0759452,0.000398097.
0.0762067,0.000388264.
0.076469,0.000384712.
0.0767322,0.000414946.
0.0769963,0.000401563.
0.0772614,0.000406279.
0.0775273,0.00041885.
0.0777942,0.000398729.
0.078062,0.000376428.
0.0783307,0.000420017.
0.0786003,0.000396497.
0.0788709,0.000398759.
0.0791424,0.00041021.
0.0794148,0.00041653.
0.0796882,0.000405328.
0.0799625,0.000389461.
0.0802377,0.000386553.
0.0805139,0.000395334.
0.080791,0.000402712.
0.0810692,0.000415321.
0.0813482,0.000396344.
0.0816282,0.000402965.
0.0819092,0.000404507.
0.0821912,0.000397114.
0.0824741,0.000410089.
0.082758,0.000406906.
0.0830428,0.000413426.
0.0833287,0.00040917.
0.0836155,0.000380365.
0.0839034,0.000400586.
0.0841922,0.000407802.
0.084482,0.000423941.
0.0847728,0.000370809.
0.0850646,0.000419474.
0.0853574,0.000423363.
0.0856512,0.000372865.
0.0859461,0.00041551.
0.0862419,0.00042264.
0.0865388,0.000401945.
0.0868367,0.000359704.
0.0871356,0.000437488.
0.0874355,0.000440959.
0.0877365,0.00043238.
0.0880385,0.00036925.
0.0883415,0.000437833.
0.0886456,0.000430928.
0.0889508,0.000427222.
0.089257,0.000400008.
0.0895642,0.000437647.
0.0898725,0.000429345.
0.0901819,0.0004302.
0.0904923,0.000397021.
0.0908038,0.000419248.
0.0911164,0.00040147.
0.09143,0.000425136.
0.0917447,0.000435424.
0.0920605,0.000435.
0.0923774,0.000408534.
0.0926954,0.000416022.
0.0930145,0.000423908.
0.0933347,0.00040538.
0.0936559,0.00042787.
0.0939783,0.000430365.
0.0943018,0.000422854.
0.0946264,0.000417633.
0.0949522,0.000432227.
0.095279,0.000429798.
0.095607,0.000406006.
0.0959361,0.000381735.
0.0962663,0.000402822.
0.0965977,0.000411475.
0.0969302,0.000426438.
0.0972638,0.000379993.
0.0975986,0.000421837.
0.0979346,0.000425542.
0.0982717,0.00042194.
0.09861,0.000441472.
0.0989494,0.00041907.
0.09929,0.000415073.
0.0996318,0.000409886.
0.0999748,0.000403203.
0.100319,0.000418506.
0.100664,0.000385198.
0.101011,0.000447626.
0.101358,0.000438144.
0.101707,0.000420739.
0.102057,0.000427307.
0.102409,0.000411401.
0.102761,0.000440557.
0.103115,0.000427376.
0.10347,0.000444395.
0.103826,0.000401656.
0.104183,0.000433223.
0.104542,0.00043199.
0.104902,0.000403966.
0.105263,0.000468319.
0.105625,0.000434741.
0.105989,0.000400946.
0.106354,0.000423257.
0.10672,0.000431755.
0.107087,0.000438138.
0.107456,0.000400696.
0.107826,0.000447153.
0.108197,0.000403665.
0.108569,0.000405911.
0.108943,0.000438297.
0.109318,0.000439496.
0.109694,0.000424007.
0.110072,0.00041126.
0.110451,0.000420621.
0.110831,0.000422199.
0.111213,0.00044713.
0.111595,0.000435427.
0.11198,0.000439643.
0.112365,0.000407492.
0.112752,0.000438246.
0.11314,0.000418091.
0.113529,0.00041136.
0.11392,0.0004188.
0.114312,0.000455208.
0.114706,0.000451527.
0.115101,0.000450682.
0.115497,0.000440842.
0.115894,0.00046892.
0.116293,0.000423188.
0.116694,0.000448592.
0.117095,0.000468806.
0.117498,0.000432016.
0.117903,0.000456951.
0.118309,0.00043449.
0.118716,0.000448817.
0.119125,0.000426736.
0.119535,0.000417581.
0.119946,0.000476164.
0.120359,0.000436983.
0.120773,0.000454865.
0.121189,0.000458099.
0.121606,0.000448407.
0.122025,0.00045265.
0.122445,0.000457527.
0.122866,0.00042514.
0.123289,0.000455381.
0.123714,0.000449433.
0.124139,0.000429341.
0.124567,0.000458328.
0.124996,0.000451902.
0.125426,0.000432917.
0.125858,0.000430575.
0.126291,0.000460562.
0.126726,0.000468217.
0.127162,0.000430813.
0.127599,0.000461238.
0.128039,0.000445836.
0.128479,0.000438058.
0.128922,0.000421155.
0.129365,0.000506819.
0.129811,0.000438488.
0.130258,0.000452913.
0.130706,0.000452657.
0.131156,0.000466644.
0.131607,0.000428151.
0.13206,0.000439795.
0.132515,0.000447775.
0.132971,0.000465243.
0.133429,0.00049291.
0.133888,0.000486082.
0.134349,0.000470231.
0.134811,0.00049772.
0.135276,0.000486776.
0.135741,0.000474878.
0.136208,0.000456108.
0.136677,0.00048181.
0.137148,0.000450572.
0.13762,0.000459841.
0.138094,0.000488187.
0.138569,0.000494442.
0.139046,0.000475629.
0.139525,0.000435824.
0.140005,0.00047801.
0.140487,0.000513861.
0.14097,0.000478081.
0.141456,0.000480511.
0.141943,0.000490316.
0.142431,0.000511527.
0.142921,0.000496392.
0.143413,0.000464084.
0.143907,0.000516081.
0.144402,0.000486717.
0.144899,0.000490901.
0.145398,0.000510923.
0.145899,0.000471602.
0.146401,0.000502304.
0.146905,0.000516615.
0.147411,0.000492337.
0.147918,0.000490681.
0.148427,0.000475382.
0.148938,0.000485619.
0.149451,0.000503703.
0.149965,0.000541197.
0.150481,0.000485116.
0.150999,0.000476934.
0.151519,0.000494969.
0.152041,0.000472555.
0.152564,0.000489638.
0.153089,0.000490045.
0.153616,0.000518301.
0.154145,0.000503873.
0.154676,0.000474993.
0.155208,0.000488943.
0.155742,0.000517086.
0.156278,0.000516496.
0.156816,0.000510169.
0.157356,0.000512772.
0.157898,0.000511777.
0.158441,0.000487164.
0.158987,0.000507217.
0.159534,0.0004959.
0.160083,0.000487782.
0.160634,0.000518774.
0.161187,0.000546375.
0.161742,0.000510418.
0.162299,0.000515086.
0.162857,0.000512306.
0.163418,0.00053137.
0.163981,0.000518495.
0.164545,0.000529186.
0.165111,0.000507826.
0.16568,0.000480543.
0.16625,0.000520171.
0.166822,0.00052895.
0.167397,0.000526259.
0.167973,0.000578787.
0.168551,0.000521072.
0.169131,0.000550177.
0.169713,0.000518494.
0.170298,0.000529946.
0.170884,0.00051376.
0.171472,0.000537208.
0.172062,0.000543397.
0.172654,0.000557385.
0.173249,0.000504728.
0.173845,0.000565522.
0.174444,0.000577045.
0.175044,0.000566936.
0.175647,0.000574953.
0.176251,0.000534672.
0.176858,0.000566145.
0.177467,0.000618113.
0.178078,0.000527723.
0.178691,0.000574801.
0.179306,0.000524573.
0.179923,0.000538812.
0.180542,0.000552148.
0.181164,0.000580936.
0.181787,0.000535786.
0.182413,0.000576863.
0.183041,0.000587722.
0.183671,0.000579525.
0.184303,0.000551272.
0.184938,0.0005531.
0.185574,0.000566397.
0.186213,0.000615344.
0.186854,0.000598983.
0.187497,0.000611122.
0.188143,0.000555279.
0.18879,0.000575862.
0.18944,0.000594544.
0.190092,0.000569638.
0.190747,0.000612424.
0.191403,0.000594155.
0.192062,0.000590637.
0.192723,0.00059641.
0.193387,0.000608462.
0.194052,0.000582244.
0.19472,0.000596164.
0.19539,0.000595189.
0.196063,0.000592412.
0.196738,0.000600305.
0.197415,0.000601269.
0.198095,0.000636571.
0.198777,0.000635512.
0.199461,0.00062697.
0.200147,0.00062138.
0.200836,0.000584753.
0.201528,0.000612222.
0.202221,0.000618844.
0.202917,0.000602888.
0.203616,0.00061478.
0.204317,0.000607888.
0.20502,0.000629923.
0.205726,0.000612476.
0.206434,0.0006188.
0.207145,0.000598498.
0.207858,0.00058125.
0.208573,0.000632203.
0.209291,0.000608758.
0.210012,0.000614167.
0.210734,0.000649804.
0.21146,0.000634756.
0.212188,0.00064252.
0.212918,0.00062867.
0.213651,0.000618116.
0.214386,0.000634777.
0.215124,0.000611808.
0.215865,0.000647054.
0.216608,0.000657229.
0.217354,0.000693081.
0.218102,0.000663569.
0.218853,0.000612213.
0.219606,0.000678798.
0.220362,0.000611507.
0.22112,0.000651744.
0.221882,0.000651327.
0.222645,0.000667381.
0.223412,0.000662307.
0.224181,0.00064391.
0.224952,0.000656066.
0.225727,0.000653815.
0.226504,0.000700874.
0.227283,0.000641345.
0.228066,0.000665819.
0.228851,0.000647503.
0.229639,0.000651333.
0.230429,0.000709375.
0.231222,0.000701492.
0.232018,0.000724955.
0.232817,0.000712041.
0.233618,0.00068707.
0.234422,0.0007371.
0.235229,0.000703402.
0.236039,0.000696586.
0.236852,0.000686626.
0.237667,0.000656897.
0.238485,0.000730324.
0.239306,0.000714721.
0.24013,0.000703048.
0.240956,0.000718638.
0.241786,0.000753238.
0.242618,0.000721268.
0.243453,0.00069248.
0.244291,0.000709321.
0.245132,0.000724322.
0.245976,0.000686589.
0.246822,0.000710235.
0.247672,0.00076613.
0.248525,0.000758304.
0.24938,0.000729174.
0.250239,0.000739039.
0.2511,0.000705235.
0.251964,0.000741522.
0.252832,0.000743541.
0.253702,0.000739453.
0.254575,0.000806492.
0.255452,0.000717999.
0.256331,0.00074314.
0.257213,0.000757761.
0.258099,0.000792166.
0.258987,0.000743035.
0.259878,0.000753086.
0.260773,0.000738959.
0.261671,0.000789728.
0.262571,0.000780068.
0.263475,0.000775473.
0.264382,0.000738395.
0.265292,0.000789994.
0.266205,0.000775957.
0.267122,0.000780882.
0.268041,0.000783922.
0.268964,0.000809818.
0.26989,0.000799939.
0.270819,0.00083003.
0.271751,0.000802522.
0.272686,0.000839289.
0.273625,0.000781931.
0.274567,0.000824382.
0.275512,0.000812564.
0.27646,0.000773553.
0.277412,0.000822354.
0.278367,0.000815384.
0.279325,0.000819842.
0.280287,0.000889294.
0.281252,0.000857523.
0.28222,0.000852392.
0.283191,0.000847974.
0.284166,0.00085408.
0.285144,0.000836897.
0.286126,0.000809459.
0.287111,0.000830029.
0.288099,0.000870349.
0.289091,0.000855374.
0.290086,0.000834299.
0.291084,0.000848945.
0.292086,0.000837802.
0.293092,0.000866522.
0.294101,0.000890664.
0.295113,0.000896979.
0.296129,0.000924714.
0.297148,0.000871792.
0.298171,0.000911202.
0.299197,0.000887677.
0.300227,0.000908664.
0.301261,0.000900948.
0.302298,0.000902024.
0.303338,0.000888884.
0.304382,0.000865544.
0.30543,0.000938667.
0.306482,0.000901519.
0.307536,0.000948835.
0.308595,0.000880182.
0.309657,0.00091029.
0.310723,0.000929961.
0.311793,0.000929464.
0.312866,0.000895599.
0.313943,0.000897461.
0.315024,0.000910847.
0.316108,0.0010408.
0.317196,0.000970378.
0.318288,0.00095272.
0.319384,0.000982226.
0.320483,0.000965714.
0.321586,0.000990304.
0.322693,0.000981933.
0.323804,0.000948564.
0.324919,0.000954703.
0.326037,0.000999512.
0.327159,0.00096189.
0.328286,0.000974919.
0.329416,0.000978787.
0.330549,0.000958111.
0.331687,0.00102279.
0.332829,0.000995545.
0.333975,0.00102592.
0.335124,0.00101563.
0.336278,0.00100576.
0.337435,0.00101596.
0.338597,0.00103271.
0.339763,0.000996048.
0.340932,0.00100331.
0.342106,0.00105869.
0.343283,0.00103608.
0.344465,0.0010358.
0.345651,0.00101681.
0.34684,0.00105856.
0.348034,0.00104304.
0.349232,0.00109309.
0.350434,0.00102364.
0.351641,0.00105816.
0.352851,0.00103721.
0.354066,0.001091.
0.355285,0.00105768.
0.356508,0.001102.
0.357735,0.00108198.
0.358966,0.00108297.
0.360202,0.00108308.
0.361442,0.00106734.
0.362686,0.00112185.
0.363934,0.00107858.
0.365187,0.00112802.
0.366444,0.00107074.
0.367705,0.00109426.
0.368971,0.00107434.
0.370241,0.00111437.
0.371516,0.00112081.
0.372795,0.00114778.
0.374078,0.00115891.
0.375365,0.00110803.
0.376658,0.00117392.
0.377954,0.00117149.
0.379255,0.00110607.
0.380561,0.00111403.
0.381871,0.0011323.
0.383185,0.00112467.
0.384504,0.00115265.
0.385828,0.00118648.
0.387156,0.00118004.
0.388488,0.00119623.
0.389826,0.00121325.
0.391168,0.00120885.
0.392514,0.00119638.
0.393865,0.00120364.
0.395221,0.00118396.
0.396581,0.00119607.
0.397946,0.00116976.
0.399316,0.00119874.
0.400691,0.00121396.
0.40207,0.00117516.
0.403454,0.00123242.
0.404843,0.00125377.
0.406236,0.00119267.
0.407635,0.0012435.
0.409038,0.0012444.
0.410446,0.00125109.
0.411859,0.00124659.
0.413277,0.00129798.
0.414699,0.00128922.
0.416127,0.00125939.
0.417559,0.00126824.
0.418996,0.00125407.
0.420439,0.00132783.
0.421886,0.00131929.
0.423338,0.00134333.
0.424795,0.00129172.
0.426258,0.00130926.
0.427725,0.00136124.
0.429197,0.00140542.
0.430675,0.00131648.
0.432157,0.00135155.
0.433645,0.00132173.
0.435137,0.00128327.
0.436635,0.00137358.
0.438138,0.00131953.
0.439646,0.00132571.
0.44116,0.0013258.
0.442678,0.00133988.
0.444202,0.00142141.
0.445731,0.00136111.
0.447265,0.00138757.
0.448805,0.00142253.
0.45035,0.001377.
0.4519,0.00139566.
0.453456,0.0014431.
0.455017,0.00143223.
0.456583,0.00141789.
0.458155,0.00142344.
0.459732,0.00144208.
0.461314,0.00148631.
0.462902,0.00143881.
0.464495,0.00148367.
0.466094,0.00143394.
0.467699,0.00144876.
0.469309,0.00148513.
0.470924,0.00150197.
0.472545,0.00151233.
0.474172,0.00145437.
0.475804,0.00150426.
0.477442,0.00152143.
0.479085,0.00153198.
0.480734,0.00152182.
0.482389,0.00156628.
0.48405,0.00154153.
0.485716,0.0015568.
0.487388,0.00161363.
0.489066,0.00158337.
0.490749,0.00156997.
0.492438,0.00158289.
0.494133,0.00156761.
0.495834,0.00162568.
0.497541,0.00155559.
0.499254,0.00150199.
0.500972,0.00159013.
0.502697,0.00156967.
0.504427,0.00165338.
0.506164,0.00161104.
0.507906,0.00159643.
0.509654,0.00166211.
0.511409,0.00163221.
0.513169,0.00163731.
0.514935,0.00163999.
0.516708,0.00169926.
0.518486,0.00160091.
0.520271,0.00165708.
0.522062,0.00167435.
0.523859,0.00167519.
0.525662,0.00169168.
0.527472,0.00169381.
0.529288,0.00175915.
0.531109,0.00171787.
0.532938,0.00173129.
0.534772,0.00179924.
0.536613,0.00174185.
0.53846,0.0018.
0.540314,0.00170107.
0.542174,0.00177703.
0.54404,0.00171667.
0.545913,0.00175033.
0.547792,0.00173261.
0.549677,0.00184965.
0.551569,0.00176123.
0.553468,0.00183458.
0.555373,0.0017725.
0.557285,0.0018124.
0.559203,0.0018175.
0.561128,0.00187732.
0.56306,0.00181799.
0.564998,0.00189308.
0.566943,0.0018652.
0.568894,0.00180283.
0.570853,0.00187386.
0.572818,0.0018646.
0.574789,0.00185706.
0.576768,0.00186542.
0.578753,0.00190714.
0.580745,0.00188439.
0.582744,0.00190486.
0.58475,0.00191865.
0.586763,0.00190493.
0.588783,0.00194828.
0.59081,0.0019456.
0.592843,0.0019646.
0.594884,0.00194654.
0.596932,0.00198258.
0.598987,0.00194952.
0.601049,0.00193963.
0.603117,0.00197688.
0.605194,0.00201107.
0.607277,0.00196336.
0.609367,0.00198021.
0.611465,0.00203786.
0.61357,0.00204598.
0.615682,0.00206277.
0.617801,0.00202188.
0.619927,0.00205939.
0.622061,0.00203456.
0.624203,0.00205243.
0.626351,0.00209547.
0.628507,0.00214071.
0.630671,0.00210016.
0.632842,0.00214764.
0.63502,0.00212016.
0.637206,0.00218974.
0.639399,0.00211362.
0.6416,0.00222459.
0.643809,0.00218046.
0.646025,0.00222102.
0.648249,0.00223841.
0.65048,0.00217129.
0.652719,0.00216881.
0.654966,0.00214797.
0.657221,0.00221191.
0.659483,0.00224637.
0.661753,0.00222778.
0.664031,0.00226494.
0.666317,0.00226858.
0.66861,0.0023431.
0.670912,0.00227961.
0.673221,0.002276.
0.675539,0.00228038.
0.677864,0.00237816.
0.680197,0.00238673.
0.682539,0.00236158.
0.684888,0.00236438.
0.687246,0.00234124.
0.689611,0.00232304.
0.691985,0.00235356.
0.694367,0.00236561.
0.696757,0.00245015.
0.699156,0.0024335.
0.701562,0.00247473.
0.703977,0.00242424.
0.706401,0.00247493.
0.708832,0.00243692.
0.711272,0.00244574.
0.713721,0.0024641.
0.716177,0.00248396.
0.718643,0.00247898.
0.721116,0.00247652.
0.723599,0.00247333.
0.726089,0.00260053.
0.728589,0.00257494.
0.731097,0.00251822.
0.733613,0.00249521.
0.736139,0.00261998.
0.738673,0.00262458.
0.741215,0.007225.
0.743767,0.00256382.
0.746327,0.00260773.
0.748896,0.00259012.
0.751474,0.00259018.
0.754061,0.00269951.
0.756656,0.00259357.
0.759261,0.00267762.
0.761874,0.00445108.
0.764497,0.00265912.
0.767128,0.00268909.
0.769769,0.00274221.
0.772419,0.00272421.
0.775078,0.00274535.
0.777746,0.00279748.
0.780423,0.00279305.
0.783109,0.00278552.
0.785805,0.00278576.
0.78851,0.00281422.
0.791224,0.00275817.
0.793948,0.00282803.
0.79668,0.00281582.
0.799423,0.0028971.
0.802175,0.00286691.
0.804936,0.00288466.
0.807707,0.00289126.
0.810487,0.0028335.
0.813277,0.00282442.
0.816076,0.00292192.
0.818885,0.00285493.
0.821704,0.00291114.
0.824533,0.00289544.
0.827371,0.00290099.
0.830219,0.00300906.
0.833077,0.00298804.
0.835944,0.00299514.
0.838822,0.00297573.
0.841709,0.00307471.
0.844607,0.0030804.
0.847514,0.00295887.
0.850431,0.00309637.
0.853359,0.00303006.
0.856296,0.00309365.
0.859244,0.00315983.
0.862201,0.00303223.
0.865169,0.0030977.
0.868147,0.00313402.
0.871136,0.00310324.
0.874135,0.00322485.
0.877143,0.00323942.
0.880163,0.00320458.
0.883193,0.0032098.
0.886233,0.00328407.
0.889283,0.00329707.
0.892344,0.00317657.
0.895416,0.0032954.
0.898498,0.00333005.
0.901591,0.00324477.
0.904695,0.00333264.
0.907809,0.00335122.
0.910934,0.0033573.
0.914069,0.00330124.
0.917216,0.00339811.
0.920373,0.00335837.
0.923541,0.00334803.
0.92672,0.00345035.
0.92991,0.00344371.
0.933111,0.00348492.
0.936323,0.00343756.
0.939546,0.00348765.
0.94278,0.00355831.
0.946026,0.00357711.
0.949282,0.00359127.
0.95255,0.00350521.
0.955829,0.00350189.
0.959119,0.00359663.
0.96242,0.00371769.
0.965733,0.00354532.
0.969057,0.00354437.
0.972393,0.00366527.
0.97574,0.0036495.
0.979099,0.00363099.
0.982469,0.00365157.
0.985851,0.00367311.
0.989245,0.00376744.
0.99265,0.00373739.
0.996067,0.00376374.
0.999495,0.00375235.
1.00294,0.00382736.
1.00639,0.00387397.
1.00985,0.00383253.
1.01333,0.00391749.
1.01682,0.00385556.
1.02032,0.0039216.
1.02383,0.00385789.
1.02735,0.00392193.
1.03089,0.00389279.
1.03444,0.00398923.
1.038,0.00397226.
1.04157,0.00392046.
1.04516,0.00399789.
1.04876,0.00417726.
1.05237,0.00400692.
1.05599,0.00402524.
1.05962,0.00408437.
1.06327,0.00406169.
1.06693,0.00416075.
1.0706,0.0041435.
1.07429,0.00410141.
1.07799,0.00415583.
1.0817,0.00419879.
1.08542,0.00430339.
1.08916,0.00414701.
1.09291,0.00425931.
1.09667,0.00421824.
1.10044,0.00425909.
1.10423,0.00426738.
1.10803,0.00429452.
1.11185,0.00434836.
1.11567,0.00433754.
1.11951,0.004387.
1.12337,0.00429646.
1.12723,0.00436262.
1.13111,0.00439395.
1.13501,0.00443007.
1.13891,0.00450082.
1.14283,0.00446557.
1.14677,0.00455834.
1.15072,0.00459751.
1.15468,0.00449925.
1.15865,0.00459872.
1.16264,0.00449172.
1.16664,0.00458921.
1.17066,0.00464416.
1.17469,0.00462518.
1.17873,0.00470355.
1.18279,0.00464139.
1.18686,0.00468976.
1.19095,0.00488774.
1.19505,0.00474524.
1.19916,0.00482127.
1.20329,0.00484115.
1.20743,0.00481587.
1.21158,0.00491941.
1.21576,0.00483116.
1.21994,0.00499391.
1.22414,0.00486739.
1.22835,0.00496499.
1.23258,0.00493643.
1.23682,0.00495542.
1.24108,0.00502599.
1.24535,0.00499474.
1.24964,0.00511313.
1.25394,0.005173.
1.25826,0.00510643.
1.26259,0.0051798.
1.26694,0.00525235.
1.2713,0.00516885.
1.27567,0.00520664.
1.28006,0.00522659.
1.28447,0.00515019.
1.28889,0.00520317.
1.29333,0.00535367.
1.29778,0.00539068.
1.30225,0.00542373.
1.30673,0.00542033.
1.31123,0.00530571.
1.31574,0.0054129.
1.32027,0.00555563.
1.32482,0.00554434.
1.32938,0.00559928.
1.33395,0.00549684.
1.33854,0.00568354.
1.34315,0.00558772.
1.34777,0.00560619.
1.35241,0.00561077.
1.35707,0.00578733.
1.36174,0.00562842.
1.36643,0.0056675.
1.37113,0.0057977.
1.37585,0.00574041.
1.38059,0.00578216.
1.38534,0.00585513.
1.39011,0.00591212.
1.39489,0.00583592.
1.3997,0.00587971.
1.40451,0.00596971.
1.40935,0.0059414.
1.4142,0.00604902.
1.41907,0.00600202.
1.42395,0.00608324.
1.42885,0.00608438.
1.43377,0.00608675.
1.43871,0.00616323.
1.44366,0.00608385.
1.44863,0.00606232.
1.45362,0.00618267.
1.45862,0.00620368.
1.46364,0.00635514.
1.46868,0.00627207.
1.47373,0.00639744.
1.47881,0.0063304.
1.4839,0.00643367.
1.48901,0.00647045.
1.49413,0.00643065.
1.49927,0.00650877.
1.50443,0.0065914.
1.50961,0.00645567.
1.51481,0.00648782.
1.52002,0.00662406.
1.52526,0.0065959.
1.53051,0.00657399.
1.53577,0.00678771.
1.54106,0.00678302.
1.54637,0.0067474.
1.55169,0.00676422.
1.55703,0.00675835.
1.56239,0.00676155.
1.56777,0.00683473.
1.57316,0.00690863.
1.57858,0.00679064.
1.58401,0.00693571.
1.58947,0.00697174.
1.59494,0.00718422.
1.60043,0.00711263.
1.60594,0.00712904.
1.61146,0.00711784.
1.61701,0.00708973.
1.62258,0.00725086.
1.62816,0.00724885.
1.63377,0.00721496.
1.63939,0.00729226.
1.64503,0.00722873.
1.6507,0.00736922.
1.65638,0.00751527.
1.66208,0.00742248.
1.6678,0.0075427.
1.67354,0.00746158.
1.6793,0.00761557.
1.68508,0.00766899.
1.69088,0.00766444.
1.69671,0.00771951.
1.70255,0.00765867.
1.70841,0.00770377.
1.71429,0.00780438.
1.72019,0.00779787.
1.72611,0.00783737.
1.73205,0.00778953.
1.73801,0.00791337.
1.744,0.00802549.
1.75,0.00803282.
1.75602,0.0080688.
1.76207,0.00815247.
1.76813,0.008123.
1.77422,0.00815931.
1.78033,0.00801566.
1.78645,0.00823073.
1.7926,0.00830876.
1.79877,0.00825661.
1.80497,0.00830811.
1.81118,0.00846533.
1.81741,0.00850146.
1.82367,0.0085009.
1.82995,0.00851902.
1.83625,0.00860619.
1.84257,0.00865353.
1.84891,0.00857861.
1.85527,0.00865595.
1.86166,0.00878281.
1.86807,0.00864407.
1.8745,0.00882188.
1.88095,0.00891388.
1.88743,0.00888955.
1.89392,0.0089483.
1.90044,0.00897003.
1.90698,0.00901758.
1.91355,0.00911045.
1.92014,0.00913877.
1.92674,0.00903311.
1.93338,0.00912175.
1.94003,0.00920003.
1.94671,0.00928426.
1.95341,0.00918196.
1.96014,0.00929737.
1.96688,0.00943938.
1.97365,0.00939878.
1.98045,0.00936391.
1.98726,0.00960616.
1.9941,0.00965476.
2.00097,0.00971296.
2.00786,0.00969223.
2.01477,0.00976518.
2.0217,0.00988069.
2.02866,0.00973838.
2.03565,0.00979921.
2.04265,0.00989335.
2.04968,0.0100126.
2.05674,0.0100444.
2.06382,0.00997265.
2.07092,0.010059.
2.07805,0.010219.
2.08521,0.0101854.
2.09238,0.0102779.
2.09959,0.0104018.
2.10681,0.0102116.
2.11406,0.010375.
2.12134,0.0104434.
2.12864,0.0104511.
2.13597,0.0104038.
2.14332,0.0106675.
2.1507,0.0105339.
2.1581,0.0108068.
2.16553,0.010666.
2.17299,0.010814.
2.18047,0.0108206.
2.18797,0.0109599.
2.19551,0.0108976.
2.20306,0.0110772.
2.21065,0.0111093.
2.21826,0.0110086.
2.22589,0.0110552.
2.23355,0.0110567.
2.24124,0.0114724.
2.24896,0.0115282.
2.2567,0.0114396.
2.26447,0.0114612.
2.27226,0.0115441.
2.28008,0.0115477.
2.28793,0.0116663.
2.29581,0.011755.
2.30371,0.0117303.
2.31164,0.0118884.
2.3196,0.0115409.
2.32758,0.0119777.
2.33559,0.0117434.
2.34363,0.0121107.
2.3517,0.0120883.
2.3598,0.0120137.
2.36792,0.0120538.
2.37607,0.012299.
2.38425,0.0123129.
2.39245,0.0123321.
2.40069,0.0122241.
2.40895,0.0124532.
2.41725,0.0126466.
2.42557,0.012535.
2.43392,0.0126474.
2.44229,0.0126362.
2.4507,0.0127675.
2.45914,0.0128538.
2.4676,0.0127269.
2.4761,0.0129644.
2.48462,0.0130994.
2.49317,0.0129605.
2.50175,0.0131348.
2.51037,0.0132666.
2.51901,0.0132947.
2.52768,0.0131988.
2.53638,0.0135273.
2.54511,0.0133995.
2.55387,0.0134088.
2.56266,0.0136228.
2.57148,0.0137545.
2.58033,0.0136079.
2.58922,0.0137111.
2.59813,0.0138634.
2.60707,0.0138529.
2.61605,0.0141464.
2.62505,0.0140055.
2.63409,0.014002.
2.64315,0.0140859.
2.65225,0.0143529.
2.66138,0.014331.
2.67054,0.0143419.
2.67974,0.0143068.
2.68896,0.0144623.
2.69822,0.0148203.
2.7075,0.0146121.
2.71682,0.0149368.
2.72618,0.014975.
2.73556,0.0148975.
2.74498,0.0149359.
2.75443,0.0150826.
2.76391,0.0150424.
2.77342,0.0150153.
2.78297,0.0152412.
2.79255,0.015271.
2.80216,0.0154303.
2.81181,0.0153713.
2.82148,0.0153163.
2.8312,0.015509.
2.84094,0.0157563.
2.85072,0.0158113.
2.86053,0.0158094.
2.87038,0.0158003.
2.88026,0.0158996.
2.89018,0.0161.
2.90012,0.0161854.
2.91011,0.0160768.
2.92013,0.0163117.
2.93018,0.0164942.
2.94026,0.0163576.
2.95038,0.0164348.
2.96054,0.0165976.
2.97073,0.0168331.
2.98096,0.0166766.
2.99122,0.0170198.
3.00151,0.0168495.
3.01185,0.016931.
3.02221,0.017112.
3.03262,0.0172626.
3.04306,0.0174073.
3.05353,0.0173324.
3.06404,0.0176514.
3.07459,0.0174466.
3.08517,0.0177583.
3.09579,0.0176404.
3.10645,0.017722.
3.11714,0.0178181.
3.12787,0.0179257.
3.13864,0.0182083.
3.14944,0.0182158.
3.16028,0.0180906.
3.17116,0.0184413.
3.18208,0.0184516.
3.19303,0.018596.
3.20402,0.0185633.
3.21505,0.0187703.
3.22612,0.0188746.
3.23722,0.018678.
3.24837,0.0189164.
3.25955,0.018954.
3.27077,0.0189611.
3.28203,0.0192011.
3.29332,0.0193401.
3.30466,0.0192816.
3.31604,0.0195492.
3.32745,0.0194523.
3.3389,0.0196463.
3.3504,0.0199502.
3.36193,0.0198562.
3.3735,0.0201484.
3.38512,0.0198509.
3.39677,0.020248.
3.40846,0.0202227.
3.42019,0.0204463.
3.43197,0.0205532.
3.44378,0.0207016.
3.45563,0.0207527.
3.46753,0.02078.
3.47947,0.0208017.
3.49144,0.0207006.
3.50346,0.0210545.
3.51552,0.0210316.
3.52762,0.0212615.
3.53976,0.0215599.
3.55195,0.021482.
3.56418,0.0217415.
3.57644,0.0214355.
3.58876,0.0218795.
3.60111,0.0219366.
3.6135,0.0219232.
3.62594,0.0220733.
3.63842,0.0220306.
3.65095,0.0223361.
3.66352,0.022672.
3.67613,0.0223861.
3.68878,0.0225752.
3.70148,0.0226646.
3.71422,0.0229247.
3.72701,0.0229751.
3.73983,0.0228759.
3.75271,0.0231677.
3.76563,0.0234002.
3.77859,0.0234912.
3.79159,0.0233611.
3.80465,0.0237999.
3.81774,0.0237301.
3.83088,0.0239289.
3.84407,0.0238156.
3.8573,0.0239314.
3.87058,0.0241357.
3.8839,0.0241645.
3.89727,0.0244118.
3.91069,0.0244363.
3.92415,0.0243733.
3.93766,0.0247375.
3.95121,0.0248522.
3.96481,0.0247576.
3.97846,0.0251017.
3.99216,0.0254991.
4.0059,0.0250665.
4.01969,0.025308.
4.03352,0.0254983.
4.04741,0.0256701.
4.06134,0.0257337.
4.07532,0.0259123.
4.08935,0.026105.
4.10342,0.0260332.
4.11755,0.0261741.
4.13172,0.0262647.
4.14595,0.0262031.
4.16022,0.0264483.
4.17454,0.0264211.
4.18891,0.0266734.
4.20333,0.0268045.
4.21779,0.0268963.
4.23231,0.026907.
4.24688,0.0268799.
4.2615,0.0272295.
4.27617,0.0272341.
4.29089,0.0273889.
4.30566,0.0276347.
4.32048,0.0277932.
4.33535,0.0277955.
4.35028,0.0277598.
4.36525,0.0281073.
4.38028,0.0281306.
4.39535,0.0282827.
4.41048,0.0284355.
4.42567,0.0285896.
4.4409,0.0285339.
4.45619,0.0287476.
4.47153,0.0291437.
4.48692,0.0290557.
4.50236,0.0289807.
4.51786,0.0294284.
4.53341,0.0291381.
4.54902,0.0295076.
4.56468,0.0297358.
4.58039,0.0300175.
4.59616,0.0297097.
4.61198,0.0298646.
4.62785,0.0299645.
4.64378,0.0302191.
4.65977,0.0302776.
4.67581,0.0303843.
4.6919,0.0303989.
4.70805,0.0308185.
4.72426,0.0305217.
4.74052,0.0307392.
4.75684,0.0308763.
4.77321,0.0310877.
4.78964,0.0314335.
4.80613,0.0314103.
4.82268,0.0314439.
4.83928,0.0318575.
4.85593,0.0315413.
4.87265,0.0316601.
4.88942,0.0317992.
4.90625,0.0322833.
4.92314,0.0323544.
4.94009,0.0322382.
4.95709,0.0319008.
4.97416,0.0323393.
4.99128,0.0328233.
5.00846,0.0327203.
5.0257,0.0330033.
5.043,0.0329831.
5.06036,0.0329905.
5.07778,0.0331361.
5.09526,0.0332499.
5.11279,0.0333516.
5.13039,0.0336223.
5.14805,0.0339699.
5.16578,0.0335324.
5.18356,0.0334893.
5.2014,0.0340979.
5.2193,0.0342533.
5.23727,0.0341294.
5.2553,0.0346159.
5.27339,0.0346362.
5.29154,0.034503.
5.30976,0.0346614.
5.32803,0.0349368.
5.34637,0.0350728.
5.36478,0.0350774.
5.38324,0.0353272.
5.40177,0.0351811.
5.42037,0.0356331.
5.43903,0.0355293.
5.45775,0.035571.
5.47653,0.0354875.
5.49539,0.0357555.
5.5143,0.0360204.
5.53328,0.0359855.
5.55233,0.0360753.
5.57144,0.0361701.
5.59062,0.036183.
5.60987,0.0363649.
5.62918,0.0367514.
5.64855,0.0368193.
5.668,0.0368784.
5.68751,0.0371212.
5.70708,0.0369613.
5.72673,0.0371609.
5.74644,0.0373075.
5.76622,0.0370963.
5.78607,0.0375019.
5.80599,0.0374225.
5.82597,0.0378695.
5.84603,0.0377219.
5.86615,0.0379784.
5.88634,0.0378658.
5.90661,0.0379977.
5.92694,0.0381406.
5.94734,0.0382921.
5.96781,0.0383576.
5.98836,0.0379056.
6.00897,0.038474.
6.02965,0.0386709.
6.05041,0.03867.
6.07124,0.0385708.
6.09213,0.0390803.
6.1131,0.0390934.
6.13415,0.0393913.
6.15526,0.0392307.
6.17645,0.0395687.
6.19771,0.0395713.
6.21904,0.0395508.
6.24045,0.0396511.
6.26193,0.0396275.
6.28349,0.0396074.
6.30512,0.0397411.
6.32682,0.0399961.
6.3486,0.0402042.
6.37045,0.0403337.
6.39238,0.0399654.
6.41439,0.0402516.
6.43647,0.0404256.
6.45862,0.0403198.
6.48085,0.0404335.
6.50316,0.0403465.
6.52555,0.040808.
6.54801,0.0410828.
6.57055,0.0409448.
6.59317,0.0410356.
6.61586,0.0415566.
6.63863,0.0410776.
6.66149,0.0411923.
6.68442,0.041619.
6.70743,0.0414274.
6.73051,0.0415024.
6.75368,0.0414769.
6.77693,0.0417164.
6.80026,0.0414014.
6.82367,0.041596.
6.84715,0.0419205.
6.87072,0.0418358.
6.89437,0.0419956.
6.91811,0.0422839.
6.94192,0.0421399.
6.96582,0.0423075.
6.98979,0.0423039.
7.01385,0.0421922.
7.038,0.0423422.
7.06222,0.0422463.
7.08653,0.0419284.
7.11093,0.0425256.
7.13541,0.0426473.
7.15997,0.0426259.
7.18461,0.0422723.
7.20934,0.0425201.
7.23416,0.0427282.
7.25906,0.0427424.
7.28405,0.0428754.
7.30912,0.0429918.
7.33428,0.0431348.
7.35953,0.043004.
7.38486,0.0430079.
7.41028,0.043234.
7.43579,0.0432482.
7.46139,0.0434155.
7.48707,0.0432242.
7.51284,0.0431492.
7.5387,0.0434748.
7.56465,0.0434138.
7.59069,0.0434779.
7.61682,0.0436265.
7.64304,0.0435953.
7.66935,0.0434561.
7.69575,0.0433038.
7.72224,0.0436977.
7.74882,0.0436929.
7.77549,0.0438677.
7.80226,0.0439264.
7.82912,0.0440795.
7.85607,0.0442059.
7.88311,0.0437815.
7.91024,0.0440523.
7.93747,0.0442544.
7.96479,0.044305.
7.99221,0.0439146.
8.01972,0.0441094.
8.04733,0.044214.
8.07503,0.0441547.
8.10283,0.0441551.
8.13072,0.0439174.
8.1587,0.0440836.
8.18679,0.0439718.
8.21497,0.0439495.
8.24325,0.044304.
8.27162,0.0440025.
8.3001,0.0440206.
8.32867,0.0440416.
8.35734,0.0443835.
8.3861,0.0436955.
8.41497,0.043989.
8.44394,0.0443228.
8.473,0.0443766.
8.50217,0.0442486.
8.53143,0.0443983.
8.5608,0.0442564.
8.59027,0.0441592.
8.61984,0.0442519.
8.64951,0.0444352.
8.67928,0.0442821.
8.70916,0.0442715.
8.73914,0.0443894.
8.76922,0.0442953.
8.79941,0.044127.
8.8297,0.0445544.
8.86009,0.0439729.
8.89059,0.0444484.
8.92119,0.0440097.
8.9519,0.0446579.
8.98272,0.0445936.
9.01364,0.0444796.
9.04466,0.0442004.
9.0758,0.0442332.
9.10704,0.0441176.
9.13839,0.0446226.
9.16984,0.0441614.
9.20141,0.044108.
9.23308,0.0439325.
9.26486,0.0441961.
9.29676,0.0441933.
9.32876,0.0442568.
9.36087,0.0442366.
9.39309,0.0446086.
9.42542,0.0441386.
9.45787,0.0441408.
9.49042,0.0443594.
9.52309,0.0441252.
9.55587,0.0439977.
9.58877,0.0438788.
9.62177,0.0439188.
9.65489,0.0437716.
9.68813,0.0441785.
9.72148,0.043966.
9.75494,0.0438916.
9.78852,0.0436425.
9.82221,0.0440501.
9.85602,0.0437073.
9.88995,0.043899.
9.92399,0.0440671.
9.95816,0.0438728.
9.99243,0.0437391.
10.0268,0.0436405.
10.0613,0.0434696.
10.096,0.0434955.
10.1307,0.0434725.
10.1656,0.0436454.
10.2006,0.0433319.
10.2357,0.043663.
10.2709,0.0435597.
10.3063,0.0429801.
10.3418,0.0436081.
10.3774,0.0432386.
10.4131,0.0428809.
10.4489,0.0432092.
10.4849,0.0431004.
10.521,0.0427687.
10.5572,0.0426608.
10.5936,0.0429559.
10.63,0.0427739.
10.6666,0.0428741.
10.7033,0.0429957.
10.7402,0.0428678.
10.7771,0.0427392.
10.8142,0.0424896.
10.8515,0.0424178.
10.8888,0.0422497.
10.9263,0.0425268.
10.9639,0.0423995.
11.0016,0.0422187.
11.0395,0.042228.
11.0775,0.0421177.
11.1156,0.0425151.
11.1539,0.0422642.
11.1923,0.0421948.
11.2308,0.0418732.
11.2695,0.0421634.
11.3083,0.0415939.
11.3472,0.0416724.
11.3863,0.041831.
11.4255,0.0413511.
11.4648,0.0417283.
11.5043,0.0413358.
11.5439,0.0414433.
11.5836,0.0410008.
11.6235,0.0407583.
11.6635,0.0413925.
11.7036,0.0412106.
11.7439,0.0409891.
11.7843,0.0411683.
11.8249,0.0410394.
11.8656,0.0407533.
11.9065,0.0403711.
11.9474,0.0404031.
11.9886,0.040735.
12.0298,0.0405684.
12.0712,0.0406463.
12.1128,0.0404104.
12.1545,0.0399289.
12.1963,0.0399239.
12.2383,0.0399759.
12.2804,0.0396888.
12.3227,0.0399809.
12.3651,0.0397327.
12.4077,0.03961.
12.4504,0.0392063.
12.4933,0.0394654.
12.5363,0.0397411.
12.5794,0.0396859.
12.6227,0.0391948.
12.6662,0.0389435.
12.7098,0.0385917.
12.7535,0.038564.
12.7974,0.0388967.
12.8415,0.0386601.
12.8857,0.0386462.
12.93,0.0383887.
12.9745,0.0381949.
13.0192,0.0383853.
13.064,0.0382408.
13.109,0.038459.
13.1541,0.0382064.
13.1994,0.0375214.
13.2448,0.0383443.
13.2904,0.0378445.
13.3362,0.0378893.
13.3821,0.0373721.
13.4281,0.0372554.
13.4743,0.037264.
13.5207,0.0371514.
13.5673,0.0369857.
13.614,0.0369717.
13.6608,0.0369434.
13.7079,0.037075.
13.755,0.036466.
13.8024,0.0368279.
13.8499,0.0362364.
13.8976,0.0366379.
13.9454,0.0360414.
13.9934,0.0361274.
14.0416,0.0360338.
14.0899,0.0359452.
14.1384,0.035632.
14.1871,0.0357846.
14.2359,0.0354766.
14.2849,0.0354714.
14.3341,0.0355095.
14.3834,0.0352836.
14.433,0.03506.
14.4826,0.0349761.
14.5325,0.0347741.
14.5825,0.0348789.
14.6327,0.0345662.
14.6831,0.0344306.
14.7336,0.0343967.
14.7843,0.0342338.
14.8352,0.0341343.
14.8863,0.0339507.
14.9375,0.0334783.
14.989,0.0334275.
15.0406,0.0335235.
15.0923,0.0333358.
15.1443,0.03326.
15.1964,0.0333592.
15.2487,0.0330985.
15.3012,0.0330902.
15.3539,0.0329673.
15.4067,0.0326713.
15.4598,0.0324527.
15.513,0.0325846.
15.5664,0.0322676.
15.62,0.0320365.
15.6737,0.0318129.
15.7277,0.0321754.
15.7818,0.0319813.
15.8361,0.0314854.
15.8907,0.0317576.
15.9454,0.0313072.
16.0002,0.0312927.
16.0553,0.0315283.
16.1106,0.031093.
16.166,0.0312687.
16.2217,0.0309124.
16.2775,0.0306566.
16.3336,0.0305128.
16.3898,0.0306721.
16.4462,0.0304645.
16.5028,0.0301382.
16.5596,0.0304096.
16.6166,0.0301873.
16.6738,0.0299009.
16.7312,0.0297648.
16.7888,0.0294314.
16.8466,0.029582.
16.9046,0.0294126.
16.9628,0.0291726.
17.0212,0.0290739.
17.0798,0.0286303.
17.1385,0.0288894.
17.1975,0.0285002.
17.2567,0.0287589.
17.3161,0.0285906.
17.3757,0.0281655.
17.4356,0.0283336.
17.4956,0.0280054.
17.5558,0.0279513.
17.6162,0.0276018.
17.6769,0.0275997.
17.7377,0.027383.
17.7988,0.0274094.
17.86,0.0272027.
17.9215,0.027021.
17.9832,0.0271461.
18.0451,0.0268345.
18.1072,0.0265712.
18.1696,0.0263449.
18.2321,0.0267573.
18.2949,0.0261041.
18.3578,0.026301.
18.421,0.0260867.
18.4844,0.0260382.
18.5481,0.0260467.
18.6119,0.0253467.
18.676,0.0255784.
18.7403,0.0253636.
18.8048,0.0251473.
18.8695,0.0254411.
18.9345,0.0247821.
18.9996,0.0251607.
19.065,0.0250337.
19.1307,0.0246865.
19.1965,0.0248345.
19.2626,0.024523.
19.3289,0.02429.
19.3954,0.0243528.
19.4622,0.0240116.
19.5292,0.0239308.
19.5964,0.0239522.
19.6639,0.0237725.
19.7316,0.0238761.
19.7995,0.0232438.
19.8676,0.0229329.
19.936,0.0232783.
20.0046,0.0232687.
20.0735,0.0228313.
20.1426,0.022813.
20.2119,0.0229212.
20.2815,0.0227709.
20.3513,0.0224991.
20.4214,0.0224307.
20.4917,0.0220697.
20.5622,0.0220067.
20.633,0.0217728.
20.704,0.0218809.
20.7753,0.0214364.
20.8468,0.0217571.
20.9186,0.0216686.
20.9906,0.0214165.
21.0628,0.0210953.
21.1353,0.0211206.
21.2081,0.0211048.
21.2811,0.0206444.
21.3543,0.0207536.
21.4278,0.0206405.
21.5016,0.0204329.
21.5756,0.0205434.
21.6499,0.0201017.
21.7244,0.0200641.
21.7992,0.0201612.
21.8742,0.0199611.
21.9495,0.0196413.
22.0251,0.01982.
22.1009,0.0199087.
22.177,0.0195578.
22.2533,0.0194608.
22.3299,0.0192236.
22.4068,0.0190419.
22.4839,0.0189971.
22.5613,0.0187246.
22.6389,0.0187112.
22.7169,0.0186089.
22.7951,0.0184067.
22.8735,0.0183723.
22.9523,0.0183555.
23.0313,0.018142.
23.1106,0.0179999.
23.1901,0.0179302.
23.2699,0.0178688.
23.35,0.0178297.
23.4304,0.0178501.
23.5111,0.0175167.
23.592,0.0175626.
23.6732,0.0174.
23.7547,0.0171986.
23.8365,0.0171534.
23.9185,0.0170419.
24.0008,0.0170222.
24.0835,0.016784.
24.1664,0.0166956.
24.2496,0.0167005.
24.333,0.0163702.
24.4168,0.0166125.
24.5008,0.0162959.
24.5852,0.0162211.
24.6698,0.0160295.
24.7547,0.0159585.
24.8399,0.0159198.
24.9254,0.0158967.
25.0112,0.0158298.
25.0973,0.0156448.
25.1837,0.015687.
25.2704,0.015398.
25.3574,0.0152869.
25.4447,0.0152066.
25.5323,0.0152536.
25.6202,0.0149001.
25.7083,0.0148771.
25.7968,0.0147989.
25.8856,0.0146938.
25.9747,0.0147588.
26.0641,0.0145422.
26.1539,0.0145586.
26.2439,0.0142702.
26.3342,0.0144347.
26.4249,0.0140845.
26.5158,0.0142398.
26.6071,0.0139514.
26.6987,0.0138515.
26.7906,0.0138228.
26.8828,0.0136492.
26.9754,0.0135483.
27.0682,0.0135404.
27.1614,0.0134779.
27.2549,0.0134425.
27.3487,0.0134224.
27.4428,0.0133931.
27.5373,0.0132605.
27.6321,0.0130751.
27.7272,0.0128513.
27.8227,0.0128445.
27.9184,0.0128634.
28.0145,0.0127117.
28.111,0.0126202.
28.2077,0.0125365.
28.3048,0.0125427.
28.4023,0.012385.
28.5,0.0122377.
28.5981,0.0121847.
28.6966,0.0120592.
28.7954,0.0120588.
28.8945,0.0121006.
28.9939,0.0119289.
29.0937,0.0118159.
29.1939,0.011883.
29.2944,0.0116315.
29.3952,0.0117222.
29.4964,0.0114539.
29.5979,0.0115203.
29.6998,0.0112691.
29.802,0.01142.
29.9046,0.0112526.
30.0076,0.0112.
30.1109,0.0110463.
30.2145,0.0110297.
30.3185,0.011072.
30.4229,0.010872.
30.5276,0.0106846.
30.6327,0.010769.
30.7381,0.0106297.
30.8439,0.0104082.
30.9501,0.0106077.
31.0566,0.0102973.
31.1636,0.0103681.
31.2708,0.0101632.
31.3785,0.010223.
31.4865,0.0101245.
31.5949,0.0100911.
31.7036,0.0100361.
31.8128,0.00989039.
31.9223,0.00986004.
32.0321,0.00976683.
32.1424,0.00969501.
32.253,0.0096557.
32.3641,0.00952483.
32.4755,0.00955082.
32.5873,0.00946437.
32.6994,0.00940564.
32.812,0.0091244.
32.9249,0.00923403.
33.0383,0.00911021.
33.152,0.00929899.
33.2661,0.00899198.
33.3806,0.0089495.
33.4955,0.00896975.
33.6108,0.0087747.
33.7265,0.00872369.
33.8426,0.00866481.
33.9591,0.00872541.
34.076,0.00863764.
34.1933,0.0085685.
34.311,0.00833556.
34.4291,0.00825925.
34.5476,0.00816651.
34.6665,0.00829495.
34.7859,0.00810323.
34.9056,0.00813545.
35.0258,0.00795245.
35.1463,0.00800343.
35.2673,0.00790008.
35.3887,0.00786602.
35.5105,0.00783368.
35.6328,0.00782393.
35.7554,0.00772573.
35.8785,0.0076247.
36.002,0.00747593.
36.1259,0.00765808.
36.2503,0.00749089.
36.3751,0.00735546.
36.5003,0.00739404.
36.6259,0.00734925.
36.752,0.00715761.
36.8785,0.00728335.
37.0054,0.0071156.
37.1328,0.00706014.
37.2606,0.00706382.
37.3889,0.00693712.
37.5176,0.0068858.
37.6468,0.00692417.
37.7763,0.00686235.
37.9064,0.00664941.
38.0369,0.00661802.
38.1678,0.00668839.
38.2992,0.00659677.
38.431,0.0064847.
38.5633,0.00640904.
38.696,0.00629084.
38.8292,0.00628063.
38.9629,0.00627939.
39.097,0.00634459.
39.2316,0.00618844.
39.3666,0.0060971.
39.5022,0.00603178.
39.6381,0.00603936.
39.7746,0.00595755.
39.9115,0.00593123.
40.0489,0.00594948.
40.1867,0.00580986.
40.3251,0.00574118.
40.4639,0.00568758.
40.6032,0.00568846.
40.7429,0.00562998.
40.8832,0.0056062.
41.0239,0.00553705.
41.1651,0.00554501.
41.3068,0.00542349.
41.449,0.00534815.
41.5917,0.00532959.
41.7348,0.00529263.
41.8785,0.00536416.
42.0227,0.00518626.
42.1673,0.00526316.
42.3125,0.00513343.
42.4581,0.00510206.
42.6043,0.00498265.
42.7509,0.0050438.
42.8981,0.00497997.
43.0457,0.00487385.
43.1939,0.00487636.
43.3426,0.00478534.
43.4918,0.00484479.
43.6415,0.0047074.
43.7917,0.0046819.
43.9425,0.00475667.
44.0937,0.00469418.
44.2455,0.0045808.
44.3978,0.0046193.
44.5506,0.00459468.
44.704,0.00451576.
44.8579,0.00452623.
45.0123,0.00439144.
45.1672,0.00439602.
45.3227,0.00434632.
45.4787,0.00432196.
45.6353,0.00422671.
45.7923,0.00433023.
45.95,0.00428865.
46.1081,0.00408525.
46.2669,0.0042078.
46.4261,0.00418892.
46.5859,0.00406936.
46.7463,0.00402376.
46.9072,0.00408611.
47.0687,0.0040938.
47.2307,0.00389652.
47.3933,0.00393889.
47.5564,0.00393646.
47.7201,0.00383947.
47.8844,0.00391645.
48.0492,0.00385164.
48.2146,0.00380199.
48.3806,0.00373492.
48.5471,0.0038662.
48.7142,0.00368455.
48.8819,0.00374801.
49.0501,0.0037172.
49.219,0.00366686.
49.3884,0.00362422.
49.5584,0.00354621.
49.729,0.00360128.
49.9002,0.00357252.
50.072,0.00353567.
50.2443,0.00349927.
50.4173,0.00347384.
50.5908,0.0034155.
50.765,0.00339031.
50.9397,0.00338786.
51.1151,0.00333165.
51.291,0.00341563.
51.4676,0.00335876.
51.6447,0.00327064.
51.8225,0.00328954.
52.0009,0.00327895.
52.1799,0.00317999.
52.3595,0.00320841.
52.5397,0.00314872.
52.7206,0.0031341.
52.9021,0.00316081.
53.0842,0.00309318.
53.2669,0.00306036.
53.4502,0.0030857.
53.6342,0.00302072.
53.8188,0.00306542.
54.0041,0.00303868.
54.19,0.00301525.
54.3765,0.00297976.
54.5637,0.00293207.
54.7515,0.00293805.
54.94,0.00289747.
55.1291,0.00286141.
55.3189,0.0028108.
55.5093,0.00286116.
55.7004,0.00283435.
55.8921,0.00281499.
56.0845,0.00282664.
56.2776,0.00275987.
56.4713,0.00274179.
56.6657,0.00269179.
56.8607,0.00268524.
57.0565,0.00269354.
57.2529,0.00265437.
57.4499,0.00260911.
57.6477,0.00262935.
57.8461,0.00259847.
58.0452,0.00263964.
58.245,0.00258647.
58.4455,0.00251294.
58.6467,0.00247195.
58.8486,0.00250455.
59.0512,0.00247331.
59.2544,0.00243893.
59.4584,0.00245764.
59.6631,0.00243765.
59.8684,0.00241824.
60.0745,0.00238062.
60.2813,0.00234384.
60.4888,0.00236569.
60.697,0.00236689.
60.906,0.00231736.
61.1156,0.0023145.
61.326,0.00224742.
61.5371,0.00227431.
61.7489,0.00220652.
61.9615,0.00224964.
62.1748,0.00219404.
62.3888,0.0022302.
62.6035,0.00219778.
62.819,0.00219216.
63.0353,0.00210332.
63.2522,0.00213299.
63.47,0.00210603.
63.6885,0.00208666.
63.9077,0.00205667.
64.1277,0.00208625.
64.3484,0.00200308.
64.5699,0.00198631.
64.7922,0.00197824.
65.0152,0.00197225.
65.239,0.00197461.
65.4636,0.0019183.
65.6889,0.00189742.
65.915,0.00192933.
66.1419,0.00191085.
66.3696,0.00187832.
66.5981,0.00185748.
66.8273,0.001853.
67.0573,0.00184645.
67.2882,0.00181136.
67.5198,0.00175021.
67.7522,0.00175714.
67.9854,0.00173595.
68.2194,0.00172564.
68.4543,0.00172111.
68.6899,0.00170119.
68.9264,0.00167896.
69.1636,0.00173984.
69.4017,0.00169261.
69.6406,0.0016834.
69.8803,0.00167347.
70.1209,0.00165329.
70.3622,0.0016177.
70.6044,0.00164667.
70.8475,0.00158252.
71.0913,0.00160563.
71.336,0.00157228.
71.5816,0.00154483.
71.828,0.00155845.
72.0753,0.00153791.
72.3234,0.00148614.
72.5723,0.00152847.
72.8221,0.00154352.
73.0728,0.00151698.
73.3243,0.0014706.
73.5767,0.00149439.
73.83,0.00149293.
74.0841,0.00145798.
74.3391,0.00146564.
74.595,0.00142793.
74.8518,0.00141678.
75.1095,0.00142674.
75.368,0.00141088.
75.6274,0.00137175.
75.8878,0.00140057.
76.149,0.00137858.
76.4111,0.00138501.
76.6741,0.00136769.
76.9381,0.00137449.
77.2029,0.00133413.
77.4687,0.00133359.
77.7353,0.0013466.
78.0029,0.00130497.
78.2714,0.00126467.
78.5408,0.00132509.
78.8112,0.00129154.
79.0825,0.001282.
79.3547,0.00124491.
79.6279,0.00125382.
79.902,0.00125341.
80.177,0.00128138.
80.453,0.00126627.
80.7299,0.00125473.
81.0078,0.00123696.
81.2867,0.00117221.
81.5665,0.00119872.
81.8472,0.001206.
82.129,0.00119405.
82.4117,0.0011835.
82.6954,0.00114704.
82.98,0.00115726.
83.2656,0.00114362.
83.5523,0.00114075.
83.8399,0.00114655.
84.1285,0.00112067.
84.4181,0.00111335.
84.7086,0.00108109.
85.0002,0.00111124.
85.2928,0.00107446.
85.5864,0.00108493.
85.881,0.00103957.
86.1767,0.00109016.
86.4733,0.00104347.
86.771,0.0010299.
87.0696,0.00100325.
87.3693,0.00101995.
87.6701,0.0010471.
87.9719,0.000994976.
88.2747,0.0010109.
88.5786,0.000975718.
88.8835,0.00100326.
89.1894,0.000987727.
89.4964,0.000958419.
89.8045,0.000984976.
90.1136,0.000950147.
90.4238,0.000965743.
90.7351,0.000924816.
91.0474,0.000919311.
91.3608,0.000916893.
91.6753,0.000956672.
91.9909,0.000906134.
92.3075,0.000906953.
92.6253,0.000882728.
92.9441,0.000910408.
93.264,0.000872609.
93.5851,0.000877947.
93.9072,0.000871983.
94.2305,0.000857171.
94.5548,0.000840584.
94.8803,0.000861709.
95.2069,0.000826771.
95.5346,0.000846208.
95.8635,0.000804134.
96.1935,0.000785453.
96.5246,0.000793464.
96.8568,0.000778013.
97.1902,0.000803566.
97.5248,0.000766191.
97.8605,0.00075312.
98.1974,0.000760752.
98.5354,0.000751609.
98.8746,0.000729128.
99.2149,0.000722265.
99.5564,0.000729266.
99.8991,0.000750642.
100.243,0.000691097.
100.588,0.000688992.
100.934,0.000705603.
101.282,0.00068818.
101.63,0.000702804.
101.98,0.000689837.
102.331,0.000658043.
102.684,0.000661895.
103.037,0.000619459.
103.392,0.000650342.
103.748,0.000622996.
104.105,0.000621234.
104.463,0.000613847.
104.823,0.000604538.
105.183,0.000596997.
105.545,0.000599669.
105.909,0.000582813.
106.273,0.000573536.
106.639,0.000575338.
107.006,0.000581716.
107.375,0.000546111.
107.744,0.000534549.
108.115,0.000522426.
108.487,0.00050268.
108.861,0.000535266.
109.235,0.000501752.
109.611,0.000508595.
109.989,0.000492464.
110.367,0.000470283.
110.747,0.000491164.
111.128,0.000450311.
111.511,0.000437829.
111.895,0.000443286.
112.28,0.000406096.
112.666,0.000429384.
113.054,0.000377828.
113.443,0.000402846.
113.834,0.000371533.
114.226,0.000371206.
114.619,0.000341406.
115.014,0.000320329.
115.409,0.000308848.
115.807,0.000293047.
116.205,0.000300808.
116.605,0.000280068.
117.007,0.000258055.
117.41,0.000245641.
117.814,0.000213489.
118.219,0.000197081.
118.626,0.000176097.
119.034,0.000180337.
119.444,0.000145855.
119.855,0.000124318.
120.268,0.000124095.
120.682,0.000104992.
121.097,9.63509e-05.
121.514,8.07281e-05.
121.932,7.28191e-05.
122.352,6.72564e-05.
122.773,5.16021e-05.
123.196,4.581e-05.
123.62,3.29726e-05.
124.046,3.14744e-05.
124.473,2.38826e-05.
124.901,1.6612e-05.
125.331,1.67573e-05.
125.762,1.44075e-05.
126.195,1.14487e-05.
126.63,1.09781e-05.
127.066,9.80389e-06.
127.503,7.87271e-06.
127.942,6.68481e-06.
128.382,5.7182e-06.
128.824,4.42549e-06.
129.268,3.9158e-06.
129.713,4.25217e-06.
130.159,3.97746e-06.
130.607,3.90964e-06.
131.057,3.47257e-06.
131.508,3.38009e-06.
131.961,2.87177e-06.
132.415,3.89868e-06.
132.871,3.10332e-06.
133.328,1.62976e-06.
133.787,2.22233e-06.
134.247,1.61263e-06.
134.709,2.44635e-06.
135.173,1.92091e-06.
135.638,1.90036e-06.
136.105,1.91406e-06.
136.574,1.55166e-06.
137.044,8.0289e-07.
137.516,2.63474e-06.
137.989,1.66675e-06.
138.464,1.88391e-06.
138.941,1.48041e-06.
139.419,1.38245e-06.
139.899,1.59139e-06.
140.38,9.24831e-07.
140.864,1.28997e-06.
141.349,1.21187e-06.
141.835,3.55546e-07.
142.323,1.7243e-06.
142.813,4.94613e-07.
143.305,1.25229e-06.
143.798,1.93187e-07.
144.293,1.54481e-06.
144.79,1.05705e-06.
145.288,6.94651e-07.
145.788,7.55621e-07.
146.29,1.39136e-06.
146.794,8.0289e-07.
147.299,5.48733e-07.
147.806,5.01464e-07.
148.315,8.63861e-07.
148.825,3.08277e-07.
149.338,1.61263e-06.
149.852,7.4877e-07.
150.368,4.40494e-07.
150.885,1.9031e-06.
151.405,8.87838e-07.
151.926,8.0289e-07.
152.449,8.63861e-07.
152.973,1.45575e-06.
153.5,0
154.028,5.95317e-07.
154.559,5.55584e-07.
155.091,1.93187e-07.
155.624,0
156.16,1.93187e-07.
156.698,6.16554e-07.
157.237,0
157.778,2.47307e-07.
158.321,5.48733e-07.
158.866,1.11117e-06.
159.413,6.94651e-07.
159.962,0
160.513,0
161.065,7.4877e-07.
161.62,0
162.176,4.0213e-07.
162.734,4.47344e-07.
163.294,4.47344e-07.
163.856,7.55621e-07.
164.42,5.01464e-07.
164.986,5.55584e-07.
165.554,0
166.124,0
166.696,0
167.27,0
167.846,2.47307e-07.
168.423,4.47344e-07.
169.003,0
169.585,4.0213e-07.
170.169,1.14199e-06.
170.754,4.47344e-07.
171.342,0
171.932,1.93187e-07.
172.524,3.86374e-07.
173.118,0
173.714,0
174.312,4.47344e-07.
174.912,4.47344e-07.
175.514,0
176.118,0
176.724,0
177.332,4.47344e-07.
177.943,4.47344e-07.
178.555,4.47344e-07.
179.17,0
179.787,0
180.406,1.93187e-07.
181.027,0
181.65,0
182.275,4.47344e-07.
182.902,0
183.532,0
184.164,0
184.798,0
185.434,0
186.072,0
186.713,0
187.355,0
188,0
188.647,0
189.297,0
189.948,0
190.602,0
191.258,4.47344e-07.
191.917,0
192.577,0
193.24,0
193.905,0
194.573,0
195.243,0
195.915,0
196.589,0
197.266,0
197.945,0
198.626,0
199.31,0
199.996,4.47344e-07.
200.684,0
201.375,0
202.068,0
202.764,0
203.462,4.82967e-07.
204.162,4.82967e-07.
204.865,0
205.57,0
206.278,0
206.988,0
207.7,0
208.415,4.47344e-07.
209.133,0
209.853,4.47344e-07.
210.575,0
211.3,4.82967e-07.
212.027,0
212.757,0
213.489,0
214.224,0
214.962,0
215.702,4.47344e-07.
216.444,0
217.189,0
217.937,0
218.687,0
219.44,4.47344e-07.
220.195,4.82967e-07.
220.953,0
221.714,0
222.477,5.59009e-07.
223.243,0
224.011,0
224.782,0
225.556,4.82967e-07.
226.332,4.82967e-07.
227.111,0
227.893,4.82967e-07.
228.678,0
229.465,0
230.255,0
231.047,0
231.843,5.59009e-07.
232.641,0
233.441,0
234.245,0
235.051,0
235.86,0
236.672,0
237.487,5.59009e-07.
238.304,0
239.125,0
239.948,0
240.774,0
241.603,0
242.434,0
243.269,0
244.106,0
244.946,0
245.79,0
246.636,5.59009e-07.
247.485,0
248.337,0
249.191,0
250.049,0
250.91,0
251.774,0
252.64,0
253.51,0
254.383,0
255.258,0
256.137,0
257.019,0
257.903,5.59009e-07.
258.791,0
259.682,0
260.576,0
261.473,0
262.373,0
263.276,0
264.182,0
265.092,0
266.004,0
266.92,0
267.838,0
268.76,0
269.686,0
270.614,0
271.545,0
272.48,0
273.418,0
274.359,0
275.304,0
276.251,0
277.202,0
278.156,0
279.114,0
280.075,0
281.039,0
282.006,0
282.977,0
283.951,0
284.928,0
285.909,0
286.893,0
287.881,0
288.872,0
289.866,0
290.864,0
291.865,0
292.87,0
293.878,0
294.89,0
295.905,0
296.923,0
297.945,0
298.971,0
300,
