0.01,0.00628157,1.93,0.3109079,0.959835988
0.0100344,0.0113489,,0.6218159,1.039822363
0.010069,0.00732925,,0.9327238,0.922919206
0.0101036,0.0048618,,1.243632,0.847034756
0.0101384,0.0142493,,1.55454,0.775252088
0.0101733,0.0166622,,1.865448,0.740386263
0.0102083,0.0119573,,2.176355,0.693214875
0.0102435,0.0202188,,2.487263,0.639890631
0.0102787,0.0112964,,3.109079,0.570158963
0.0103141,0.0163194,,4.663619,0.31789435
0.0103496,0.017183,,6.218158,0.178431019
0.0103852,0.0131982,,,
0.010421,0.0126452,,,
0.0104568,0.0247882,,,
0.0104928,0.0365393,,,
0.010529,0.0249995,,,
0.0105652,0.0442397,,,
0.0106016,0.0370235,,,
0.0106381,0.050852,,,
0.0106747,0.0312853,,,
0.0107114,0.0455816,,,
0.0107483,0.0524103,,,
0.0107853,0.0515251,,,
0.0108224,0.0520713,,,
0.0108597,0.0562543,,,
0.0108971,0.0525692,,,
0.0109346,0.103937,,,
0.0109722,0.136333,,,
0.01101,0.141244,,,
0.0110479,0.158592,,,
0.0110859,0.548504,,,
0.0111241,0.809518,,,
0.0111624,0.86941,,,
0.0112008,0.814963,,,
0.0112393,0.822332,,,
0.011278,0.854119,,,
0.0113168,0.837876,,,
0.0113558,0.834311,,,
0.0113949,0.756562,,,
0.0114341,0.780191,,,
0.0114735,0.837994,,,
0.011513,0.746875,,,
0.0115526,0.736287,,,
0.0115924,0.70785,,,
0.0116323,0.784374,,,
0.0116723,0.732917,,,
0.0117125,0.747624,,,
0.0117528,0.755723,,,
0.0117933,0.747003,,,
0.0118339,0.710759,,,
0.0118746,0.695021,,,
0.0119155,0.672345,,,
0.0119565,0.70083,,,
0.0119976,0.712398,,,
0.0120389,0.69024,,,
0.0120804,0.671025,,,
0.012122,0.630023,,,
0.0121637,0.637449,,,
0.0122056,0.645195,,,
0.0122476,0.615093,,,
0.0122897,0.810995,,,
0.012332,0.666357,,,
0.0123745,0.585119,,,
0.0124171,0.656738,,,
0.0124598,0.674794,,,
0.0125027,0.609782,,,
0.0125458,0.642955,,,
0.0125889,0.551372,,,
0.0126323,0.605595,,,
0.0126758,0.574929,,,
0.0127194,0.602907,,,
0.0127632,0.618695,,,
0.0128071,0.559465,,,
0.0128512,0.56761,,,
0.0128954,0.57706,,,
0.0129398,0.593979,,,
0.0129844,0.51976,,,
0.0130291,0.49189,,,
0.0130739,0.586737,,,
0.0131189,0.543685,,,
0.0131641,0.54484,,,
0.0132094,0.48347,,,
0.0132548,0.493703,,,
0.0133005,0.473793,,,
0.0133463,0.506028,,,
0.0133922,0.505924,,,
0.0134383,0.485949,,,
0.0134846,0.514161,,,
0.013531,0.478818,,,
0.0135775,0.439694,,,
0.0136243,0.41235,,,
0.0136712,0.464094,,,
0.0137182,0.434589,,,
0.0137655,0.425349,,,
0.0138128,0.456437,,,
0.0138604,0.448431,,,
0.0139081,0.431138,,,
0.013956,0.435131,,,
0.014004,0.394689,,,
0.0140522,0.444671,,,
0.0141006,0.424118,,,
0.0141491,0.417352,,,
0.0141978,0.426447,,,
0.0142467,0.438882,,,
0.0142957,0.440097,,,
0.014345,0.422396,,,
0.0143943,0.421432,,,
0.0144439,0.414736,,,
0.0144936,0.404037,,,
0.0145435,0.389809,,,
0.0145936,0.369958,,,
0.0146438,0.391306,,,
0.0146942,0.430017,,,
0.0147448,0.407355,,,
0.0147955,0.3846,,,
0.0148465,0.347425,,,
0.0148976,0.363936,,,
0.0149488,0.566244,,,
0.0150003,0.375674,,,
0.0150519,0.358505,,,
0.0151038,0.369515,,,
0.0151557,0.359892,,,
0.0152079,0.416624,,,
0.0152603,0.394642,,,
0.0153128,0.365817,,,
0.0153655,0.358954,,,
0.0154184,0.363881,,,
0.0154715,0.329354,,,
0.0155247,0.354306,,,
0.0155782,0.366134,,,
0.0156318,0.32666,,,
0.0156856,0.372588,,,
0.0157396,0.369243,,,
0.0157938,0.341205,,,
0.0158481,0.337198,,,
0.0159027,0.351814,,,
0.0159574,0.33199,,,
0.0160124,0.299286,,,
0.0160675,0.331486,,,
0.0161228,0.304826,,,
0.0161783,2.81274,,,
0.016234,0.3939,,,
0.0162898,0.514211,,,
0.0163459,0.389186,,,
0.0164022,0.394872,,,
0.0164586,0.432986,,,
0.0165153,0.376782,,,
0.0165722,0.342219,,,
0.0166292,0.385649,,,
0.0166864,0.346339,,,
0.0167439,0.320141,,,
0.0168015,0.375353,,,
0.0168593,0.481451,,,
0.0169174,0.34804,,,
0.0169756,0.338865,,,
0.0170341,0.305025,,,
0.0170927,0.331544,,,
0.0171515,0.308833,,,
0.0172106,0.328775,,,
0.0172698,0.29588,,,
0.0173293,0.298559,,,
0.0173889,0.314986,,,
0.0174488,0.264061,,,
0.0175088,0.304592,,,
0.0175691,0.321518,,,
0.0176296,0.268549,,,
0.0176903,0.269973,,,
0.0177511,0.243306,,,
0.0178123,0.236911,,,
0.0178736,0.246082,,,
0.0179351,0.23338,,,
0.0179968,0.271867,,,
0.0180588,0.244815,,,
0.0181209,0.236432,,,
0.0181833,0.257179,,,
0.0182459,0.246202,,,
0.0183087,0.268589,,,
0.0183717,0.189856,,,
0.018435,0.236673,,,
0.0184984,0.241518,,,
0.0185621,0.220614,,,
0.018626,0.225321,,,
0.0186901,0.217539,,,
0.0187545,0.194734,,,
0.018819,0.204444,,,
0.0188838,0.340428,,,
0.0189488,0.211952,,,
0.019014,0.230049,,,
0.0190795,0.219822,,,
0.0191451,0.214362,,,
0.019211,0.182843,,,
0.0192772,0.20727,,,
0.0193435,0.207621,,,
0.0194101,0.224879,,,
0.0194769,0.190722,,,
0.019544,0.204817,,,
0.0196112,0.197616,,,
0.0196788,0.194628,,,
0.0197465,0.207526,,,
0.0198145,0.202709,,,
0.0198827,0.163085,,,
0.0199511,0.181196,,,
0.0200198,1.91492,,,
0.0200887,0.280766,,,
0.0201579,0.373278,,,
0.0202272,0.234366,,,
0.0202969,0.262546,,,
0.0203667,0.223196,,,
0.0204368,0.202,,,
0.0205072,0.209355,,,
0.0205778,0.194304,,,
0.0206486,0.355904,,,
0.0207197,0.214192,,,
0.020791,0.237537,,,
0.0208626,0.200032,,,
0.0209344,0.22403,,,
0.0210065,0.193675,,,
0.0210788,0.215565,,,
0.0211513,0.196709,,,
0.0212241,0.170029,,,
0.0212972,0.187959,,,
0.0213705,0.188434,,,
0.0214441,0.196962,,,
0.0215179,0.192558,,,
0.0215919,0.196137,,,
0.0216663,0.165961,,,
0.0217408,0.176391,,,
0.0218157,0.168222,,,
0.0218908,0.161463,,,
0.0219661,0.172607,,,
0.0220417,0.166214,,,
0.0221176,0.187647,,,
0.0221938,0.167304,,,
0.0222701,0.184203,,,
0.0223468,0.172157,,,
0.0224237,0.147613,,,
0.0225009,0.188602,,,
0.0225784,0.166207,,,
0.0226561,0.171441,,,
0.0227341,0.173294,,,
0.0228123,0.183311,,,
0.0228909,0.182074,,,
0.0229697,0.168694,,,
0.0230487,0.176105,,,
0.0231281,0.19109,,,
0.0232077,0.186587,,,
0.0232876,0.196988,,,
0.0233677,0.183057,,,
0.0234482,0.177569,,,
0.0235289,0.176296,,,
0.0236099,0.183751,,,
0.0236911,0.194542,,,
0.0237727,0.18823,,,
0.0238545,0.197789,,,
0.0239366,0.179274,,,
0.024019,1.23253,,,
0.0241017,0.262394,,,
0.0241847,0.290447,,,
0.0242679,0.244838,,,
0.0243514,0.193213,,,
0.0244353,0.237696,,,
0.0245194,0.189754,,,
0.0246038,0.215197,,,
0.0246885,0.243891,,,
0.0247735,0.201033,,,
0.0248587,0.206027,,,
0.0249443,0.21541,,,
0.0250302,0.196101,,,
0.0251163,0.186188,,,
0.0252028,0.212529,,,
0.0252895,0.206735,,,
0.0253766,0.213039,,,
0.0254639,0.19322,,,
0.0255516,0.205221,,,
0.0256396,0.205106,,,
0.0257278,0.194066,,,
0.0258164,0.197539,,,
0.0259052,0.195679,,,
0.0259944,0.195839,,,
0.0260839,0.187567,,,
0.0261737,0.174441,,,
0.0262638,0.199804,,,
0.0263542,0.176294,,,
0.0264449,0.186881,,,
0.0265359,0.188848,,,
0.0266273,0.205331,,,
0.0267189,0.190971,,,
0.0268109,0.19,,,
0.0269032,0.17877,,,
0.0269958,0.183294,,,
0.0270887,0.197356,,,
0.027182,0.200441,,,
0.0272755,0.19721,,,
0.0273694,0.21942,,,
0.0274636,0.197131,,,
0.0275582,0.213462,,,
0.027653,0.187614,,,
0.0277482,0.215312,,,
0.0278437,0.198374,,,
0.0279396,0.194441,,,
0.0280357,0.198879,,,
0.0281323,0.19142,,,
0.0282291,0.209318,,,
0.0283263,0.185507,,,
0.0284238,0.20958,,,
0.0285216,0.187792,,,
0.0286198,0.194974,,,
0.0287183,0.202482,,,
0.0288172,0.195089,,,
0.0289164,0.183938,,,
0.0290159,0.194696,,,
0.0291158,0.172753,,,
0.029216,0.174923,,,
0.0293166,0.196754,,,
0.0294175,0.18159,,,
0.0295187,0.187794,,,
0.0296203,0.199602,,,
0.0297223,0.179987,,,
0.0298246,0.184203,,,
0.0299273,0.193881,,,
0.0300303,0.178324,,,
0.0301337,0.177378,,,
0.0302374,0.164505,,,
0.0303415,0.185036,,,
0.0304459,0.185033,,,
0.0305507,0.16893,,,
0.0306559,0.167707,,,
0.0307614,0.168375,,,
0.0308673,0.16046,,,
0.0309735,0.164032,,,
0.0310802,0.195589,,,
0.0311872,0.1838,,,
0.0312945,0.17492,,,
0.0314022,0.165046,,,
0.0315103,0.181284,,,
0.0316188,0.19548,,,
0.0317276,0.175199,,,
0.0318368,0.170183,,,
0.0319464,0.188849,,,
0.0320564,0.177603,,,
0.0321667,0.170878,,,
0.0322775,0.194697,,,
0.0323886,0.205046,,,
0.0325001,0.192703,,,
0.0326119,0.178781,,,
0.0327242,0.188491,,,
0.0328368,0.178388,,,
0.0329499,0.202811,,,
0.0330633,0.168203,,,
0.0331771,0.158758,,,
0.0332913,0.181469,,,
0.0334059,0.17382,,,
0.0335209,0.15407,,,
0.0336363,0.170296,,,
0.0337521,0.185699,,,
0.0338682,0.152993,,,
0.0339848,0.167895,,,
0.0341018,0.173355,,,
0.0342192,0.161675,,,
0.034337,0.173593,,,
0.0344552,0.15242,,,
0.0345738,0.164577,,,
0.0346928,0.164029,,,
0.0348122,0.164106,,,
0.034932,0.159595,,,
0.0350523,0.203294,,,
0.035173,0.170267,,,
0.035294,0.154333,,,
0.0354155,0.163592,,,
0.0355374,0.153741,,,
0.0356597,0.145229,,,
0.0357825,0.168827,,,
0.0359057,0.153495,,,
0.0360293,0.159671,,,
0.0361533,0.186681,,,
0.0362777,0.167533,,,
0.0364026,0.173139,,,
0.0365279,0.182849,,,
0.0366537,0.170373,,,
0.0367798,0.199531,,,
0.0369064,0.199286,,,
0.0370335,0.165842,,,
0.0371609,0.174993,,,
0.0372889,0.148227,,,
0.0374172,0.166994,,,
0.037546,0.159053,,,
0.0376753,0.16258,,,
0.0378049,0.155449,,,
0.0379351,0.157145,,,
0.0380657,0.154848,,,
0.0381967,0.159092,,,
0.0383282,0.142368,,,
0.0384601,0.14981,,,
0.0385925,0.14804,,,
0.0387253,0.155824,,,
0.0388586,0.155589,,,
0.0389924,0.196898,,,
0.0391266,0.159366,,,
0.0392613,0.149307,,,
0.0393965,0.147931,,,
0.0395321,0.156584,,,
0.0396681,0.143353,,,
0.0398047,0.141939,,,
0.0399417,0.147422,,,
0.0400792,0.168277,,,
0.0402172,0.203997,,,
0.0403556,0.150108,,,
0.0404945,0.157237,,,
0.0406339,0.176596,,,
0.0407738,0.147361,,,
0.0409141,0.18892,,,
0.041055,0.149555,,,
0.0411963,0.145605,,,
0.0413381,0.156209,,,
0.0414804,0.172867,,,
0.0416232,0.153121,,,
0.0417664,0.152743,,,
0.0419102,0.163594,,,
0.0420545,0.150797,,,
0.0421992,0.151225,,,
0.0423445,0.164042,,,
0.0424903,0.151851,,,
0.0426365,0.153876,,,
0.0427833,0.162127,,,
0.0429306,0.159697,,,
0.0430783,0.151723,,,
0.0432266,0.153564,,,
0.0433754,0.151309,,,
0.0435247,0.136876,,,
0.0436745,0.147905,,,
0.0438249,0.146674,,,
0.0439757,0.155211,,,
0.0441271,0.166759,,,
0.044279,0.155688,,,
0.0444314,0.15283,,,
0.0445844,0.170095,,,
0.0447378,0.15253,,,
0.0448918,0.141698,,,
0.0450464,0.159765,,,
0.0452014,0.166204,,,
0.045357,0.157111,,,
0.0455131,0.153924,,,
0.0456698,0.144162,,,
0.045827,0.158598,,,
0.0459848,0.151069,,,
0.0461431,0.124759,,,
0.0463019,0.144642,,,
0.0464613,0.156478,,,
0.0466212,0.159095,,,
0.0467817,0.151232,,,
0.0469427,0.151675,,,
0.0471043,0.147087,,,
0.0472664,0.15404,,,
0.0474291,0.140967,,,
0.0475924,0.155193,,,
0.0477562,0.151588,,,
0.0479206,0.154259,,,
0.0480856,0.157999,,,
0.0482511,0.152293,,,
0.0484172,0.295721,,,
0.0485839,0.17238,,,
0.0487511,0.164059,,,
0.0489189,0.161629,,,
0.0490873,0.15764,,,
0.0492563,0.161021,,,
0.0494258,0.160732,,,
0.0495959,0.153311,,,
0.0497667,0.150833,,,
0.049938,0.153524,,,
0.0501099,0.154007,,,
0.0502824,0.153376,,,
0.0504554,0.151276,,,
0.0506291,0.162073,,,
0.0508034,0.155961,,,
0.0509783,0.161359,,,
0.0511538,0.153897,,,
0.0513298,0.165042,,,
0.0515065,0.14487,,,
0.0516838,0.163344,,,
0.0518617,0.15314,,,
0.0520403,0.144681,,,
0.0522194,0.161934,,,
0.0523991,0.158751,,,
0.0525795,0.146493,,,
0.0527605,0.152755,,,
0.0529421,0.16166,,,
0.0531244,0.158104,,,
0.0533072,0.150879,,,
0.0534907,0.151056,,,
0.0536748,0.14741,,,
0.0538596,0.15356,,,
0.054045,0.140815,,,
0.054231,0.171321,,,
0.0544177,0.148702,,,
0.054605,0.143157,,,
0.054793,0.156973,,,
0.0549816,0.145968,,,
0.0551709,0.172441,,,
0.0553608,0.138916,,,
0.0555513,0.133424,,,
0.0557426,0.141814,,,
0.0559344,0.163244,,,
0.056127,0.161541,,,
0.0563202,0.167069,,,
0.056514,0.135899,,,
0.0567086,0.156569,,,
0.0569038,0.161868,,,
0.0570997,0.145704,,,
0.0572962,0.165066,,,
0.0574934,0.15029,,,
0.0576913,0.163973,,,
0.0578899,0.155014,,,
0.0580892,0.140246,,,
0.0582892,0.16224,,,
0.0584898,0.155276,,,
0.0586911,0.135634,,,
0.0588932,0.16691,,,
0.0590959,0.141044,,,
0.0592993,0.150609,,,
0.0595034,0.154089,,,
0.0597083,0.164256,,,
0.0599138,0.150996,,,
0.06012,0.162996,,,
0.060327,0.148245,,,
0.0605346,0.153089,,,
0.060743,0.165153,,,
0.0609521,0.152814,,,
0.0611619,0.160923,,,
0.0613724,0.151434,,,
0.0615837,0.15478,,,
0.0617957,0.163836,,,
0.0620084,0.156722,,,
0.0622218,0.164586,,,
0.062436,0.146875,,,
0.0626509,0.153242,,,
0.0628666,0.156177,,,
0.063083,0.154268,,,
0.0633001,0.163963,,,
0.063518,0.162128,,,
0.0637367,0.153894,,,
0.0639561,0.156409,,,
0.0641762,0.170979,,,
0.0643971,0.159633,,,
0.0646188,0.167698,,,
0.0648412,0.168066,,,
0.0650644,0.158353,,,
0.0652884,0.166482,,,
0.0655131,0.154332,,,
0.0657387,0.166647,,,
0.0659649,0.151301,,,
0.066192,0.161968,,,
0.0664199,0.157964,,,
0.0666485,0.162767,,,
0.0668779,0.156689,,,
0.0671081,0.160515,,,
0.0673391,0.157947,,,
0.0675709,0.164662,,,
0.0678035,0.155561,,,
0.0680369,0.157891,,,
0.0682711,0.149061,,,
0.0685061,0.166308,,,
0.0687419,0.169296,,,
0.0689785,0.168436,,,
0.069216,0.154165,,,
0.0694542,0.159292,,,
0.0696933,0.168838,,,
0.0699332,0.161868,,,
0.0701739,0.166024,,,
0.0704155,0.166509,,,
0.0706579,0.160075,,,
0.0709011,0.16653,,,
0.0711452,0.160135,,,
0.0713901,0.165571,,,
0.0716358,0.163318,,,
0.0718824,0.162463,,,
0.0721298,0.163229,,,
0.0723781,0.159842,,,
0.0726273,0.168988,,,
0.0728773,0.155328,,,
0.0731281,0.18238,,,
0.0733798,0.173361,,,
0.0736324,0.1694,,,
0.0738859,0.162616,,,
0.0741402,0.152978,,,
0.0743954,0.164476,,,
0.0746515,0.163232,,,
0.0749085,0.16981,,,
0.0751663,0.166627,,,
0.0754251,0.162533,,,
0.0756847,0.157872,,,
0.0759452,0.158795,,,
0.0762067,0.149059,,,
0.076469,0.159839,,,
0.0767322,0.167267,,,
0.0769963,0.153366,,,
0.0772614,0.164149,,,
0.0775273,0.171809,,,
0.0777942,0.164131,,,
0.078062,0.162,,,
0.0783307,0.153616,,,
0.0786003,0.16093,,,
0.0788709,0.165044,,,
0.0791424,0.175458,,,
0.0794148,0.161195,,,
0.0796882,0.166075,,,
0.0799625,0.168165,,,
0.0802377,0.166959,,,
0.0805139,0.164205,,,
0.080791,0.162959,,,
0.0810692,0.151625,,,
0.0813482,0.170367,,,
0.0816282,0.166062,,,
0.0819092,0.161894,,,
0.0821912,0.173447,,,
0.0824741,0.182718,,,
0.082758,0.152597,,,
0.0830428,0.166651,,,
0.0833287,0.156493,,,
0.0836155,0.175494,,,
0.0839034,0.162496,,,
0.0841922,0.162726,,,
0.084482,0.162338,,,
0.0847728,0.159214,,,
0.0850646,0.159889,,,
0.0853574,0.16886,,,
0.0856512,0.16703,,,
0.0859461,0.166709,,,
0.0862419,0.164816,,,
0.0865388,0.173752,,,
0.0868367,0.170617,,,
0.0871356,0.167899,,,
0.0874355,0.170793,,,
0.0877365,0.17025,,,
0.0880385,0.163363,,,
0.0883415,0.175469,,,
0.0886456,0.179346,,,
0.0889508,0.160987,,,
0.089257,0.166252,,,
0.0895642,0.16784,,,
0.0898725,0.164424,,,
0.0901819,0.175475,,,
0.0904923,0.167926,,,
0.0908038,0.171359,,,
0.0911164,0.161522,,,
0.09143,0.166662,,,
0.0917447,0.173534,,,
0.0920605,0.175716,,,
0.0923774,0.163459,,,
0.0926954,0.169979,,,
0.0930145,0.172442,,,
0.0933347,0.167351,,,
0.0936559,0.16745,,,
0.0939783,0.169207,,,
0.0943018,0.176318,,,
0.0946264,0.172938,,,
0.0949522,0.174626,,,
0.095279,0.170319,,,
0.095607,0.177022,,,
0.0959361,0.176524,,,
0.0962663,0.172878,,,
0.0965977,0.170937,,,
0.0969302,0.173021,,,
0.0972638,0.17848,,,
0.0975986,0.175899,,,
0.0979346,0.160083,,,
0.0982717,0.17213,,,
0.09861,0.174687,,,
0.0989494,0.175182,,,
0.09929,0.171501,,,
0.0996318,0.169532,,,
0.0999748,0.177468,,,
0.100319,0.174322,,,
0.100664,0.17183,,,
0.101011,0.179682,,,
0.101358,0.174718,,,
0.101707,0.179909,,,
0.102057,0.173612,,,
0.102409,0.178985,,,
0.102761,0.172561,,,
0.103115,0.176001,,,
0.10347,0.179527,,,
0.103826,0.182036,,,
0.104183,0.18286,,,
0.104542,0.171993,,,
0.104902,0.171459,,,
0.105263,0.181104,,,
0.105625,0.178549,,,
0.105989,0.172735,,,
0.106354,0.17746,,,
0.10672,0.175894,,,
0.107087,0.17584,,,
0.107456,0.175635,,,
0.107826,0.173406,,,
0.108197,0.179144,,,
0.108569,0.185089,,,
0.108943,0.179322,,,
0.109318,0.176968,,,
0.109694,0.173399,,,
0.110072,0.170017,,,
0.110451,0.176773,,,
0.110831,0.184331,,,
0.111213,0.189142,,,
0.111595,0.179188,,,
0.11198,0.184493,,,
0.112365,0.182165,,,
0.112752,0.184052,,,
0.11314,0.183228,,,
0.113529,0.186166,,,
0.11392,0.185826,,,
0.114312,0.178423,,,
0.114706,0.171826,,,
0.115101,0.179822,,,
0.115497,0.182732,,,
0.115894,0.177599,,,
0.116293,0.192955,,,
0.116694,0.181933,,,
0.117095,0.183763,,,
0.117498,0.189474,,,
0.117903,0.194242,,,
0.118309,0.184452,,,
0.118716,0.182722,,,
0.119125,0.183097,,,
0.119535,0.180512,,,
0.119946,0.179256,,,
0.120359,0.189297,,,
0.120773,0.182947,,,
0.121189,0.195833,,,
0.121606,0.188447,,,
0.122025,0.19184,,,
0.122445,0.194583,,,
0.122866,0.182267,,,
0.123289,0.189588,,,
0.123714,0.183657,,,
0.124139,0.182694,,,
0.124567,0.183933,,,
0.124996,0.199273,,,
0.125426,0.194446,,,
0.125858,0.190192,,,
0.126291,0.207823,,,
0.126726,0.196402,,,
0.127162,0.193141,,,
0.127599,0.193809,,,
0.128039,0.199074,,,
0.128479,0.191975,,,
0.128922,0.195304,,,
0.129365,0.195213,,,
0.129811,0.200166,,,
0.130258,0.190705,,,
0.130706,0.193676,,,
0.131156,0.19449,,,
0.131607,0.185696,,,
0.13206,0.1914,,,
0.132515,0.19226,,,
0.132971,0.194653,,,
0.133429,0.193842,,,
0.133888,0.192442,,,
0.134349,0.188551,,,
0.134811,0.187598,,,
0.135276,0.204076,,,
0.135741,0.193936,,,
0.136208,0.203494,,,
0.136677,0.194277,,,
0.137148,0.185177,,,
0.13762,0.200397,,,
0.138094,0.194536,,,
0.138569,0.208065,,,
0.139046,0.205738,,,
0.139525,0.207273,,,
0.140005,0.200683,,,
0.140487,0.206981,,,
0.14097,0.201358,,,
0.141456,0.201499,,,
0.141943,0.188056,,,
0.142431,0.204482,,,
0.142921,0.202006,,,
0.143413,0.204693,,,
0.143907,0.195136,,,
0.144402,0.203711,,,
0.144899,0.212819,,,
0.145398,0.211862,,,
0.145899,0.202443,,,
0.146401,0.199902,,,
0.146905,0.189975,,,
0.147411,0.202594,,,
0.147918,0.208072,,,
0.148427,0.217013,,,
0.148938,0.208476,,,
0.149451,0.20028,,,
0.149965,0.205024,,,
0.150481,0.202031,,,
0.150999,0.201578,,,
0.151519,0.211022,,,
0.152041,0.208823,,,
0.152564,0.201849,,,
0.153089,0.20319,,,
0.153616,0.212402,,,
0.154145,0.214654,,,
0.154676,0.203305,,,
0.155208,0.212846,,,
0.155742,0.211531,,,
0.156278,0.198891,,,
0.156816,0.210444,,,
0.157356,0.211501,,,
0.157898,0.215824,,,
0.158441,0.215312,,,
0.158987,0.204865,,,
0.159534,0.215519,,,
0.160083,0.214478,,,
0.160634,0.208857,,,
0.161187,0.21315,,,
0.161742,0.216303,,,
0.162299,0.221803,,,
0.162857,0.21749,,,
0.163418,0.221534,,,
0.163981,0.210375,,,
0.164545,0.213542,,,
0.165111,0.209621,,,
0.16568,0.222232,,,
0.16625,0.214862,,,
0.166822,0.211777,,,
0.167397,0.228225,,,
0.167973,0.211631,,,
0.168551,0.218805,,,
0.169131,0.216387,,,
0.169713,0.218731,,,
0.170298,0.226696,,,
0.170884,0.210397,,,
0.171472,0.222075,,,
0.172062,0.227173,,,
0.172654,0.22351,,,
0.173249,0.217661,,,
0.173845,0.218774,,,
0.174444,0.222778,,,
0.175044,0.225975,,,
0.175647,0.218382,,,
0.176251,0.218371,,,
0.176858,0.218098,,,
0.177467,0.227694,,,
0.178078,0.219889,,,
0.178691,0.229531,,,
0.179306,0.229109,,,
0.179923,0.226399,,,
0.180542,0.224583,,,
0.181164,0.22463,,,
0.181787,0.226063,,,
0.182413,0.228486,,,
0.183041,0.224265,,,
0.183671,0.22696,,,
0.184303,0.228107,,,
0.184938,0.238251,,,
0.185574,0.223133,,,
0.186213,0.230327,,,
0.186854,0.236097,,,
0.187497,0.222953,,,
0.188143,0.227417,,,
0.18879,0.23097,,,
0.18944,0.232912,,,
0.190092,0.229505,,,
0.190747,0.229636,,,
0.191403,0.221801,,,
0.192062,0.235818,,,
0.192723,0.232558,,,
0.193387,0.233206,,,
0.194052,0.229316,,,
0.19472,0.235045,,,
0.19539,0.234939,,,
0.196063,0.231361,,,
0.196738,0.236801,,,
0.197415,0.23049,,,
0.198095,0.233876,,,
0.198777,0.236115,,,
0.199461,0.244782,,,
0.200147,0.226608,,,
0.200836,0.23686,,,
0.201528,0.248204,,,
0.202221,0.236681,,,
0.202917,0.251536,,,
0.203616,0.237557,,,
0.204317,0.238601,,,
0.20502,0.234303,,,
0.205726,0.230765,,,
0.206434,0.239809,,,
0.207145,0.238313,,,
0.207858,0.244929,,,
0.208573,0.249231,,,
0.209291,0.240293,,,
0.210012,0.239101,,,
0.210734,0.252289,,,
0.21146,0.240992,,,
0.212188,0.24121,,,
0.212918,0.243224,,,
0.213651,0.243539,,,
0.214386,0.244501,,,
0.215124,0.25483,,,
0.215865,0.244834,,,
0.216608,0.254501,,,
0.217354,0.249141,,,
0.218102,0.266539,,,
0.218853,0.24782,,,
0.219606,0.257923,,,
0.220362,0.257709,,,
0.22112,0.25498,,,
0.221882,0.254855,,,
0.222645,0.24573,,,
0.223412,0.248737,,,
0.224181,0.256523,,,
0.224952,0.260488,,,
0.225727,0.26255,,,
0.226504,0.245879,,,
0.227283,0.25402,,,
0.228066,0.245642,,,
0.228851,0.252543,,,
0.229639,0.252471,,,
0.230429,0.259621,,,
0.231222,0.259339,,,
0.232018,0.260613,,,
0.232817,0.264017,,,
0.233618,0.253648,,,
0.234422,0.259993,,,
0.235229,0.26081,,,
0.236039,0.262196,,,
0.236852,0.257045,,,
0.237667,0.262639,,,
0.238485,0.258325,,,
0.239306,0.266101,,,
0.24013,0.265203,,,
0.240956,0.262353,,,
0.241786,0.263536,,,
0.242618,0.269242,,,
0.243453,0.265984,,,
0.244291,0.260573,,,
0.245132,0.265741,,,
0.245976,0.259861,,,
0.246822,0.264026,,,
0.247672,0.271949,,,
0.248525,0.262511,,,
0.24938,0.263156,,,
0.250239,0.261774,,,
0.2511,0.265628,,,
0.251964,0.265617,,,
0.252832,0.266799,,,
0.253702,0.269481,,,
0.254575,0.270686,,,
0.255452,0.268678,,,
0.256331,0.278045,,,
0.257213,0.276658,,,
0.258099,0.270108,,,
0.258987,0.28,,,
0.259878,0.276179,,,
0.260773,0.270283,,,
0.261671,0.276289,,,
0.262571,0.274819,,,
0.263475,0.270009,,,
0.264382,0.27493,,,
0.265292,0.271642,,,
0.266205,0.285974,,,
0.267122,0.282838,,,
0.268041,0.286286,,,
0.268964,0.278476,,,
0.26989,0.277192,,,
0.270819,0.288452,,,
0.271751,0.27924,,,
0.272686,0.278405,,,
0.273625,0.291556,,,
0.274567,0.28209,,,
0.275512,0.284278,,,
0.27646,0.278766,,,
0.277412,0.288141,,,
0.278367,0.29315,,,
0.279325,0.288928,,,
0.280287,0.281406,,,
0.281252,0.29064,,,
0.28222,0.29083,,,
0.283191,0.284099,,,
0.284166,0.288534,,,
0.285144,0.278008,,,
0.286126,0.291658,,,
0.287111,0.284518,,,
0.288099,0.291521,,,
0.289091,0.283278,,,
0.290086,0.29218,,,
0.291084,0.292817,,,
0.292086,0.292676,,,
0.293092,0.301209,,,
0.294101,0.288143,,,
0.295113,0.293846,,,
0.296129,0.28439,,,
0.297148,0.292245,,,
0.298171,0.292903,,,
0.299197,0.294694,,,
0.300227,0.296407,,,
0.301261,0.297568,,,
0.302298,0.295383,,,
0.303338,0.300395,,,
0.304382,0.306052,,,
0.30543,0.305758,,,
0.306482,0.298295,,,
0.307536,0.299456,,,
0.308595,0.301671,,,
0.309657,0.304382,,,
0.310723,0.298344,,,
0.311793,0.301315,,,
0.312866,0.307315,,,
0.313943,0.304259,,,
0.315024,0.311501,,,
0.316108,0.309369,,,
0.317196,0.309302,,,
0.318288,0.308085,,,
0.319384,0.307564,,,
0.320483,0.305652,,,
0.321586,0.313547,,,
0.322693,0.310226,,,
0.323804,0.31161,,,
0.324919,0.318003,,,
0.326037,0.315554,,,
0.327159,0.310611,,,
0.328286,0.313015,,,
0.329416,0.310132,,,
0.330549,0.313802,,,
0.331687,0.313089,,,
0.332829,0.313852,,,
0.333975,0.319519,,,
0.335124,0.319737,,,
0.336278,0.315974,,,
0.337435,0.326498,,,
0.338597,0.322528,,,
0.339763,0.332764,,,
0.340932,0.327705,,,
0.342106,0.314885,,,
0.343283,0.318627,,,
0.344465,0.327897,,,
0.345651,0.323876,,,
0.34684,0.324646,,,
0.348034,0.317424,,,
0.349232,0.320624,,,
0.350434,0.321093,,,
0.351641,0.327723,,,
0.352851,0.326948,,,
0.354066,0.330304,,,
0.355285,0.333923,,,
0.356508,0.334716,,,
0.357735,0.330909,,,
0.358966,0.329024,,,
0.360202,0.336197,,,
0.361442,0.327058,,,
0.362686,0.326185,,,
0.363934,0.343062,,,
0.365187,0.335406,,,
0.366444,0.331572,,,
0.367705,0.335605,,,
0.368971,0.332672,,,
0.370241,0.336848,,,
0.371516,0.340958,,,
0.372795,0.330902,,,
0.374078,0.341001,,,
0.375365,0.343223,,,
0.376658,0.340473,,,
0.377954,0.340335,,,
0.379255,0.339312,,,
0.380561,0.348408,,,
0.381871,0.341186,,,
0.383185,0.33482,,,
0.384504,0.344169,,,
0.385828,0.346921,,,
0.387156,0.34042,,,
0.388488,0.348251,,,
0.389826,0.340046,,,
0.391168,0.349105,,,
0.392514,0.341495,,,
0.393865,0.343703,,,
0.395221,0.352815,,,
0.396581,0.349353,,,
0.397946,0.358864,,,
0.399316,0.350722,,,
0.400691,0.353833,,,
0.40207,0.351615,,,
0.403454,0.348988,,,
0.404843,0.355768,,,
0.406236,0.35387,,,
0.407635,0.361198,,,
0.409038,0.353061,,,
0.410446,0.355067,,,
0.411859,0.356598,,,
0.413277,0.361905,,,
0.414699,0.364583,,,
0.416127,0.359575,,,
0.417559,0.359536,,,
0.418996,0.354907,,,
0.420439,0.361797,,,
0.421886,0.368814,,,
0.423338,0.366258,,,
0.424795,0.363054,,,
0.426258,0.367584,,,
0.427725,0.370083,,,
0.429197,0.365964,,,
0.430675,0.370151,,,
0.432157,0.368108,,,
0.433645,0.365388,,,
0.435137,0.371897,,,
0.436635,0.365117,,,
0.438138,0.375057,,,
0.439646,0.376985,,,
0.44116,0.369312,,,
0.442678,0.381578,,,
0.444202,0.373691,,,
0.445731,0.368339,,,
0.447265,0.379926,,,
0.448805,0.378038,,,
0.45035,0.38259,,,
0.4519,0.372458,,,
0.453456,0.372687,,,
0.455017,0.386529,,,
0.456583,0.382351,,,
0.458155,0.379118,,,
0.459732,0.387011,,,
0.461314,0.384179,,,
0.462902,0.383379,,,
0.464495,0.390691,,,
0.466094,0.382698,,,
0.467699,0.386042,,,
0.469309,0.383733,,,
0.470924,0.387399,,,
0.472545,0.390371,,,
0.474172,0.377466,,,
0.475804,0.390112,,,
0.477442,0.393875,,,
0.479085,0.387419,,,
0.480734,0.394646,,,
0.482389,0.396736,,,
0.48405,0.395073,,,
0.485716,0.399089,,,
0.487388,0.401175,,,
0.489066,0.401077,,,
0.490749,0.398868,,,
0.492438,0.398962,,,
0.494133,0.401859,,,
0.495834,0.398114,,,
0.497541,0.396347,,,
0.499254,0.403513,,,
0.500972,0.401685,,,
0.502697,0.401848,,,
0.504427,0.406009,,,
0.506164,0.402773,,,
0.507906,0.407654,,,
0.509654,0.404459,,,
0.511409,0.418756,,,
0.513169,0.404177,,,
0.514935,0.412866,,,
0.516708,0.41453,,,
0.518486,0.414979,,,
0.520271,0.40665,,,
0.522062,0.417016,,,
0.523859,0.412212,,,
0.525662,0.420242,,,
0.527472,0.415657,,,
0.529288,0.420996,,,
0.531109,0.4199,,,
0.532938,0.416191,,,
0.534772,0.42808,,,
0.536613,0.421747,,,
0.53846,0.422156,,,
0.540314,0.427821,,,
0.542174,0.421747,,,
0.54404,0.429281,,,
0.545913,0.423813,,,
0.547792,0.42654,,,
0.549677,0.421411,,,
0.551569,0.427288,,,
0.553468,0.43427,,,
0.555373,0.430586,,,
0.557285,0.434683,,,
0.559203,0.430501,,,
0.561128,0.428931,,,
0.56306,0.439691,,,
0.564998,0.43106,,,
0.566943,0.428176,,,
0.568894,0.433582,,,
0.570853,0.426694,,,
0.572818,0.436443,,,
0.574789,0.442241,,,
0.576768,0.435815,,,
0.578753,0.433387,,,
0.580745,0.442674,,,
0.582744,0.43753,,,
0.58475,0.438253,,,
0.586763,0.439868,,,
0.588783,0.442645,,,
0.59081,0.443562,,,
0.592843,0.448452,,,
0.594884,0.44875,,,
0.596932,0.445872,,,
0.598987,0.449824,,,
0.601049,0.448964,,,
0.603117,0.454761,,,
0.605194,0.446754,,,
0.607277,0.455243,,,
0.609367,0.446123,,,
0.611465,0.457028,,,
0.61357,0.460994,,,
0.615682,0.453662,,,
0.617801,0.457151,,,
0.619927,0.4561,,,
0.622061,0.458906,,,
0.624203,0.451977,,,
0.626351,0.462803,,,
0.628507,0.461495,,,
0.630671,0.462173,,,
0.632842,0.46991,,,
0.63502,0.463996,,,
0.637206,0.464813,,,
0.639399,0.463278,,,
0.6416,0.465959,,,
0.643809,0.468001,,,
0.646025,0.471057,,,
0.648249,0.472386,,,
0.65048,0.46529,,,
0.652719,0.467956,,,
0.654966,0.470115,,,
0.657221,0.477206,,,
0.659483,0.469965,,,
0.661753,0.471656,,,
0.664031,0.467515,,,
0.666317,0.472667,,,
0.66861,0.477548,,,
0.670912,0.481891,,,
0.673221,0.476484,,,
0.675539,0.471597,,,
0.677864,0.475296,,,
0.680197,0.480163,,,
0.682539,0.479204,,,
0.684888,0.490285,,,
0.687246,0.482849,,,
0.689611,0.480102,,,
0.691985,0.482914,,,
0.694367,0.483706,,,
0.696757,0.482395,,,
0.699156,0.480982,,,
0.701562,0.48909,,,
0.703977,0.487153,,,
0.706401,0.48857,,,
0.708832,0.487145,,,
0.711272,0.49056,,,
0.713721,0.493468,,,
0.716177,0.490166,,,
0.718643,0.490608,,,
0.721116,0.486772,,,
0.723599,0.497383,,,
0.726089,0.494791,,,
0.728589,0.500573,,,
0.731097,0.498717,,,
0.733613,0.49865,,,
0.736139,0.495905,,,
0.738673,0.50477,,,
0.741215,0.5226,,,
0.743767,0.504134,,,
0.746327,0.49665,,,
0.748896,0.501802,,,
0.751474,0.501928,,,
0.754061,0.504344,,,
0.756656,0.507466,,,
0.759261,0.508515,,,
0.761874,0.513074,,,
0.764497,0.502461,,,
0.767128,0.505709,,,
0.769769,0.510313,,,
0.772419,0.507177,,,
0.775078,0.511038,,,
0.777746,0.512625,,,
0.780423,0.513928,,,
0.783109,0.514887,,,
0.785805,0.510254,,,
0.78851,0.513648,,,
0.791224,0.511079,,,
0.793948,0.50886,,,
0.79668,0.518992,,,
0.799423,0.518618,,,
0.802175,0.51399,,,
0.804936,0.510843,,,
0.807707,0.512234,,,
0.810487,0.517832,,,
0.813277,0.521127,,,
0.816076,0.515401,,,
0.818885,0.519586,,,
0.821704,0.524187,,,
0.824533,0.520344,,,
0.827371,0.520882,,,
0.830219,0.515419,,,
0.833077,0.521573,,,
0.835944,0.526844,,,
0.838822,0.523529,,,
0.841709,0.518806,,,
0.844607,0.522988,,,
0.847514,0.522779,,,
0.850431,0.521292,,,
0.853359,0.518396,,,
0.856296,0.525794,,,
0.859244,0.530366,,,
0.862201,0.518667,,,
0.865169,0.528038,,,
0.868147,0.521922,,,
0.871136,0.518467,,,
0.874135,0.520635,,,
0.877143,0.520852,,,
0.880163,0.532465,,,
0.883193,0.52713,,,
0.886233,0.52734,,,
0.889283,0.528642,,,
0.892344,0.528792,,,
0.895416,0.522656,,,
0.898498,0.529285,,,
0.901591,0.528596,,,
0.904695,0.529615,,,
0.907809,0.533859,,,
0.910934,0.530648,,,
0.914069,0.527592,,,
0.917216,0.527209,,,
0.920373,0.527416,,,
0.923541,0.521718,,,
0.92672,0.52962,,,
0.92991,0.529249,,,
0.933111,0.529092,,,
0.936323,0.537976,,,
0.939546,0.5298,,,
0.94278,0.524741,,,
0.946026,0.529454,,,
0.949282,0.522995,,,
0.95255,0.527934,,,
0.955829,0.527703,,,
0.959119,0.532333,,,
0.96242,0.533888,,,
0.965733,0.532718,,,
0.969057,0.530516,,,
0.972393,0.526304,,,
0.97574,0.521903,,,
0.979099,0.528852,,,
0.982469,0.527867,,,
0.985851,0.533016,,,
0.989245,0.527045,,,
0.99265,0.531774,,,
0.996067,0.530492,,,
0.999495,0.529656,,,
1.00294,0.529523,,,
1.00639,0.525006,,,
1.00985,0.531896,,,
1.01333,0.524478,,,
1.01682,0.521055,,,
1.02032,0.522688,,,
1.02383,0.518503,,,
1.02735,0.524385,,,
1.03089,0.524238,,,
1.03444,0.518115,,,
1.038,0.515368,,,
1.04157,0.526802,,,
1.04516,0.515028,,,
1.04876,0.524397,,,
1.05237,0.526365,,,
1.05599,0.518407,,,
1.05962,0.522988,,,
1.06327,0.520481,,,
1.06693,0.523572,,,
1.0706,0.517905,,,
1.07429,0.513141,,,
1.07799,0.521591,,,
1.0817,0.51531,,,
1.08542,0.516092,,,
1.08916,0.517072,,,
1.09291,0.514516,,,
1.09667,0.514901,,,
1.10044,0.513267,,,
1.10423,0.50916,,,
1.10803,0.51092,,,
1.11185,0.514382,,,
1.11567,0.506259,,,
1.11951,0.500649,,,
1.12337,0.498763,,,
1.12723,0.508823,,,
1.13111,0.503436,,,
1.13501,0.501394,,,
1.13891,0.495331,,,
1.14283,0.504311,,,
1.14677,0.499055,,,
1.15072,0.498146,,,
1.15468,0.49646,,,
1.15865,0.495798,,,
1.16264,0.498929,,,
1.16664,0.49992,,,
1.17066,0.495297,,,
1.17469,0.490303,,,
1.17873,0.488793,,,
1.18279,0.490303,,,
1.18686,0.486265,,,
1.19095,0.488963,,,
1.19505,0.48393,,,
1.19916,0.485867,,,
1.20329,0.475645,,,
1.20743,0.478372,,,
1.21158,0.479244,,,
1.21576,0.477131,,,
1.21994,0.477889,,,
1.22414,0.475274,,,
1.22835,0.476404,,,
1.23258,0.467446,,,
1.23682,0.471552,,,
1.24108,0.466694,,,
1.24535,0.46385,,,
1.24964,0.464871,,,
1.25394,0.467126,,,
1.25826,0.460537,,,
1.26259,0.461274,,,
1.26694,0.457443,,,
1.2713,0.459052,,,
1.27567,0.457551,,,
1.28006,0.457892,,,
1.28447,0.455919,,,
1.28889,0.449477,,,
1.29333,0.450161,,,
1.29778,0.445514,,,
1.30225,0.442499,,,
1.30673,0.447613,,,
1.31123,0.440609,,,
1.31574,0.437076,,,
1.32027,0.442145,,,
1.32482,0.433488,,,
1.32938,0.439211,,,
1.33395,0.435619,,,
1.33854,0.436574,,,
1.34315,0.429127,,,
1.34777,0.430614,,,
1.35241,0.425794,,,
1.35707,0.424058,,,
1.36174,0.424568,,,
1.36643,0.420587,,,
1.37113,0.418821,,,
1.37585,0.417346,,,
1.38059,0.417347,,,
1.38534,0.410895,,,
1.39011,0.409155,,,
1.39489,0.407482,,,
1.3997,0.405424,,,
1.40451,0.409843,,,
1.40935,0.40965,,,
1.4142,0.40079,,,
1.41907,0.404666,,,
1.42395,0.396202,,,
1.42885,0.395926,,,
1.43377,0.394959,,,
1.43871,0.394554,,,
1.44366,0.39124,,,
1.44863,0.392685,,,
1.45362,0.388475,,,
1.45862,0.385959,,,
1.46364,0.377639,,,
1.46868,0.378269,,,
1.47373,0.381411,,,
1.47881,0.376239,,,
1.4839,0.37339,,,
1.48901,0.37357,,,
1.49413,0.370703,,,
1.49927,0.367618,,,
1.50443,0.363768,,,
1.50961,0.361777,,,
1.51481,0.359596,,,
1.52002,0.359273,,,
1.52526,0.362849,,,
1.53051,0.354941,,,
1.53577,0.355693,,,
1.54106,0.348857,,,
1.54637,0.34806,,,
1.55169,0.351827,,,
1.55703,0.344564,,,
1.56239,0.344035,,,
1.56777,0.339344,,,
1.57316,0.334708,,,
1.57858,0.335812,,,
1.58401,0.335968,,,
1.58947,0.332706,,,
1.59494,0.330509,,,
1.60043,0.325139,,,
1.60594,0.328408,,,
1.61146,0.323847,,,
1.61701,0.322586,,,
1.62258,0.316153,,,
1.62816,0.318818,,,
1.63377,0.318578,,,
1.63939,0.315682,,,
1.64503,0.311094,,,
1.6507,0.305536,,,
1.65638,0.302979,,,
1.66208,0.309714,,,
1.6678,0.304671,,,
1.67354,0.30184,,,
1.6793,0.299408,,,
1.68508,0.294182,,,
1.69088,0.295275,,,
1.69671,0.293119,,,
1.70255,0.290863,,,
1.70841,0.288835,,,
1.71429,0.290123,,,
1.72019,0.284191,,,
1.72611,0.283676,,,
1.73205,0.281438,,,
1.73801,0.282835,,,
1.744,0.277183,,,
1.75,0.280478,,,
1.75602,0.27649,,,
1.76207,0.273037,,,
1.76813,0.271377,,,
1.77422,0.271133,,,
1.78033,0.26749,,,
1.78645,0.26905,,,
1.7926,0.262918,,,
1.79877,0.263309,,,
1.80497,0.260118,,,
1.81118,0.257017,,,
1.81741,0.255612,,,
1.82367,0.256604,,,
1.82995,0.251553,,,
1.83625,0.249215,,,
1.84257,0.247067,,,
1.84891,0.24552,,,
1.85527,0.244422,,,
1.86166,0.248238,,,
1.86807,0.242342,,,
1.8745,0.239356,,,
1.88095,0.238905,,,
1.88743,0.240544,,,
1.89392,0.235822,,,
1.90044,0.23121,,,
1.90698,0.233783,,,
1.91355,0.230355,,,
1.92014,0.22831,,,
1.92674,0.228557,,,
1.93338,0.224594,,,
1.94003,0.224688,,,
1.94671,0.216157,,,
1.95341,0.220228,,,
1.96014,0.218682,,,
1.96688,0.217651,,,
1.97365,0.214867,,,
1.98045,0.214998,,,
1.98726,0.21242,,,
1.9941,0.211712,,,
2.00097,0.20887,,,
2.00786,0.209402,,,
2.01477,0.20803,,,
2.0217,0.205101,,,
2.02866,0.203632,,,
2.03565,0.200529,,,
2.04265,0.198215,,,
2.04968,0.200904,,,
2.05674,0.198737,,,
2.06382,0.195049,,,
2.07092,0.192383,,,
2.07805,0.194457,,,
2.08521,0.189136,,,
2.09238,0.191198,,,
2.09959,0.187947,,,
2.10681,0.183154,,,
2.11406,0.185761,,,
2.12134,0.187696,,,
2.12864,0.183861,,,
2.13597,0.181753,,,
2.14332,0.181503,,,
2.1507,0.177762,,,
2.1581,0.175236,,,
2.16553,0.177126,,,
2.17299,0.177321,,,
2.18047,0.172297,,,
2.18797,0.170829,,,
2.19551,0.170194,,,
2.20306,0.171299,,,
2.21065,0.166394,,,
2.21826,0.165012,,,
2.22589,0.165805,,,
2.23355,0.162929,,,
2.24124,0.162616,,,
2.24896,0.160743,,,
2.2567,0.160822,,,
2.26447,0.157391,,,
2.27226,0.15887,,,
2.28008,0.157282,,,
2.28793,0.154615,,,
2.29581,0.155062,,,
2.30371,0.152745,,,
2.31164,0.151145,,,
2.3196,0.148365,,,
2.32758,0.147509,,,
2.33559,0.147096,,,
2.34363,0.146533,,,
2.3517,0.14606,,,
2.3598,0.14429,,,
2.36792,0.142351,,,
2.37607,0.142567,,,
2.38425,0.139564,,,
2.39245,0.140245,,,
2.40069,0.138988,,,
2.40895,0.136732,,,
2.41725,0.135496,,,
2.42557,0.136048,,,
2.43392,0.136289,,,
2.44229,0.131465,,,
2.4507,0.132554,,,
2.45914,0.130151,,,
2.4676,0.129494,,,
2.4761,0.128793,,,
2.48462,0.125865,,,
2.49317,0.124475,,,
2.50175,0.125592,,,
2.51037,0.126206,,,
2.51901,0.122836,,,
2.52768,0.120391,,,
2.53638,0.12179,,,
2.54511,0.120655,,,
2.55387,0.119606,,,
2.56266,0.117265,,,
2.57148,0.116498,,,
2.58033,0.115023,,,
2.58922,0.114724,,,
2.59813,0.114006,,,
2.60707,0.111349,,,
2.61605,0.114373,,,
2.62505,0.110742,,,
2.63409,0.111252,,,
2.64315,0.109231,,,
2.65225,0.111026,,,
2.66138,0.107145,,,
2.67054,0.106227,,,
2.67974,0.104993,,,
2.68896,0.106294,,,
2.69822,0.103165,,,
2.7075,0.101819,,,
2.71682,0.102783,,,
2.72618,0.100192,,,
2.73556,0.100886,,,
2.74498,0.100568,,,
2.75443,0.0991548,,,
2.76391,0.0983372,,,
2.77342,0.0978267,,,
2.78297,0.0966037,,,
2.79255,0.0958086,,,
2.80216,0.0940615,,,
2.81181,0.0937026,,,
2.82148,0.0929075,,,
2.8312,0.0908959,,,
2.84094,0.0922558,,,
2.85072,0.091255,,,
2.86053,0.0889901,,,
2.87038,0.0874962,,,
2.88026,0.0894399,,,
2.89018,0.0872596,,,
2.90012,0.0867011,,,
2.91011,0.086947,,,
2.92013,0.0844509,,,
2.93018,0.0843206,,,
2.94026,0.0832559,,,
2.95038,0.0820867,,,
2.96054,0.0839557,,,
2.97073,0.0807755,,,
2.98096,0.0807368,,,
2.99122,0.0797636,,,
3.00151,0.0781918,,,
3.01185,0.0783446,,,
3.02221,0.0768319,,,
3.03262,0.0765394,,,
3.04306,0.0762343,,,
3.05353,0.0758159,,,
3.06404,0.0753654,,,
3.07459,0.0738069,,,
3.08517,0.0732475,,,
3.09579,0.0718052,,,
3.10645,0.0726772,,,
3.11714,0.0725808,,,
3.12787,0.0705375,,,
3.13864,0.0698646,,,
3.14944,0.0690793,,,
3.16028,0.068853,,,
3.17116,0.0675225,,,
3.18208,0.0689683,,,
3.19303,0.06656,,,
3.20402,0.0666476,,,
3.21505,0.0657307,,,
3.22612,0.064879,,,
3.23722,0.0637975,,,
3.24837,0.0631296,,,
3.25955,0.0644441,,,
3.27077,0.0613884,,,
3.28203,0.061641,,,
3.29332,0.0627514,,,
3.30466,0.0606043,,,
3.31604,0.0607341,,,
3.32745,0.0595002,,,
3.3389,0.0591592,,,
3.3504,0.0597203,,,
3.36193,0.0582717,,,
3.3735,0.0584379,,,
3.38512,0.0568412,,,
3.39677,0.0572761,,,
3.40846,0.0568792,,,
3.42019,0.0560055,,,
3.43197,0.05588,,,
3.44378,0.0553454,,,
3.45563,0.0548336,,,
3.46753,0.0540371,,,
3.47947,0.0541864,,,
3.49144,0.0525201,,,
3.50346,0.0520901,,,
3.51552,0.0512559,,,
3.52762,0.0521857,,,
3.53976,0.0503235,,,
3.55195,0.0499262,,,
3.56418,0.0504286,,,
3.57644,0.0490997,,,
3.58876,0.0490103,,,
3.60111,0.0488025,,,
3.6135,0.04836,,,
3.62594,0.0470034,,,
3.63842,0.0476082,,,
3.65095,0.0464314,,,
3.66352,0.0464332,,,
3.67613,0.0463921,,,
3.68878,0.046389,,,
3.70148,0.0449658,,,
3.71422,0.0448202,,,
3.72701,0.0439908,,,
3.73983,0.0434829,,,
3.75271,0.0432807,,,
3.76563,0.0441158,,,
3.77859,0.0424279,,,
3.79159,0.0427233,,,
3.80465,0.0412852,,,
3.81774,0.0412968,,,
3.83088,0.0416778,,,
3.84407,0.0410023,,,
3.8573,0.0399313,,,
3.87058,0.0394643,,,
3.8839,0.0405226,,,
3.89727,0.0399237,,,
3.91069,0.0390711,,,
3.92415,0.038498,,,
3.93766,0.0383312,,,
3.95121,0.0382498,,,
3.96481,0.037047,,,
3.97846,0.0368441,,,
3.99216,0.0354327,,,
4.0059,0.0360828,,,
4.01969,0.0362493,,,
4.03352,0.035453,,,
4.04741,0.0350493,,,
4.06134,0.0348025,,,
4.07532,0.0348142,,,
4.08935,0.0349639,,,
4.10342,0.0341348,,,
4.11755,0.0332834,,,
4.13172,0.0336326,,,
4.14595,0.0327777,,,
4.16022,0.0330346,,,
4.17454,0.0320888,,,
4.18891,0.0320311,,,
4.20333,0.0318432,,,
4.21779,0.0307854,,,
4.23231,0.0310519,,,
4.24688,0.0308507,,,
4.2615,0.0305951,,,
4.27617,0.0300965,,,
4.29089,0.0308908,,,
4.30566,0.0297517,,,
4.32048,0.0290339,,,
4.33535,0.028862,,,
4.35028,0.0289582,,,
4.36525,0.0291187,,,
4.38028,0.0285195,,,
4.39535,0.0280982,,,
4.41048,0.0278417,,,
4.42567,0.027364,,,
4.4409,0.0280034,,,
4.45619,0.0266035,,,
4.47153,0.0263365,,,
4.48692,0.026356,,,
4.50236,0.0266086,,,
4.51786,0.0262803,,,
4.53341,0.0255904,,,
4.54902,0.0257367,,,
4.56468,0.0251353,,,
4.58039,0.0252126,,,
4.59616,0.02488,,,
4.61198,0.024417,,,
4.62785,0.0246596,,,
4.64378,0.0240889,,,
4.65977,0.0233486,,,
4.67581,0.0233654,,,
4.6919,0.0230244,,,
4.70805,0.0229614,,,
4.72426,0.0226613,,,
4.74052,0.0224273,,,
4.75684,0.022523,,,
4.77321,0.0219535,,,
4.78964,0.022056,,,
4.80613,0.0223297,,,
4.82268,0.0218379,,,
4.83928,0.0214857,,,
4.85593,0.020673,,,
4.87265,0.0213204,,,
4.88942,0.0209528,,,
4.90625,0.0207022,,,
4.92314,0.0201433,,,
4.94009,0.0204585,,,
4.95709,0.0202963,,,
4.97416,0.0197049,,,
4.99128,0.020055,,,
5.00846,0.0193251,,,
5.0257,0.0192953,,,
5.043,0.0191258,,,
5.06036,0.0183133,,,
5.07778,0.0187674,,,
5.09526,0.01827,,,
5.11279,0.0178481,,,
5.13039,0.0181467,,,
5.14805,0.0178131,,,
5.16578,0.0178258,,,
5.18356,0.0174454,,,
5.2014,0.0181988,,,
5.2193,0.0174797,,,
5.23727,0.0164399,,,
5.2553,0.0167269,,,
5.27339,0.0165646,,,
5.29154,0.016618,,,
5.30976,0.0160432,,,
5.32803,0.0161986,,,
5.34637,0.0159692,,,
5.36478,0.0155444,,,
5.38324,0.0157409,,,
5.40177,0.0157397,,,
5.42037,0.01513,,,
5.43903,0.0154139,,,
5.45775,0.0147446,,,
5.47653,0.0149784,,,
5.49539,0.014875,,,
5.5143,0.0147626,,,
5.53328,0.014116,,,
5.55233,0.013838,,,
5.57144,0.0141004,,,
5.59062,0.013863,,,
5.60987,0.0137539,,,
5.62918,0.0136247,,,
5.64855,0.0134892,,,
5.668,0.0134967,,,
5.68751,0.01332,,,
5.70708,0.0128858,,,
5.72673,0.0132264,,,
5.74644,0.0126531,,,
5.76622,0.0126648,,,
5.78607,0.0127827,,,
5.80599,0.012383,,,
5.82597,0.0125979,,,
5.84603,0.012544,,,
5.86615,0.0120081,,,
5.88634,0.0119654,,,
5.90661,0.0118407,,,
5.92694,0.0118016,,,
5.94734,0.0114576,,,
5.96781,0.0109896,,,
5.98836,0.0112361,,,
6.00897,0.0112667,,,
6.02965,0.0111643,,,
6.05041,0.011164,,,
6.07124,0.0107778,,,
6.09213,0.0104258,,,
6.1131,0.0104568,,,
6.13415,0.010308,,,
6.15526,0.00994097,,,
6.17645,0.0099249,,,
6.19771,0.0099945,,,
6.21904,0.009841,,,
6.24045,0.00987317,,,
6.26193,0.00949688,,,
6.28349,0.00992371,,,
6.30512,0.00968581,,,
6.32682,0.00898175,,,
6.3486,0.00919165,,,
6.37045,0.00957978,,,
6.39238,0.0091278,,,
6.41439,0.00909926,,,
6.43647,0.00893396,,,
6.45862,0.00860885,,,
6.48085,0.00841945,,,
6.50316,0.008394,,,
6.52555,0.00841105,,,
6.54801,0.00813144,,,
6.57055,0.00796202,,,
6.59317,0.00820129,,,
6.61586,0.00785907,,,
6.63863,0.00791572,,,
6.66149,0.00788718,,,
6.68442,0.00810458,,,
6.70743,0.0077429,,,
6.73051,0.007538,,,
6.75368,0.00776097,,,
6.77693,0.00727134,,,
6.80026,0.0073017,,,
6.82367,0.00725751,,,
6.84715,0.00713891,,,
6.87072,0.00677296,,,
6.89437,0.00683131,,,
6.91811,0.00695146,,,
6.94192,0.00687604,,,
6.96582,0.00646332,,,
6.98979,0.00655665,,,
7.01385,0.00675892,,,
7.038,0.00649762,,,
7.06222,0.00624026,,,
7.08653,0.00646711,,,
7.11093,0.00611506,,,
7.13541,0.00610892,,,
7.15997,0.00627515,,,
7.18461,0.0058603,,,
7.20934,0.00578815,,,
7.23416,0.00585193,,,
7.25906,0.00556982,,,
7.28405,0.00544843,,,
7.30912,0.00557901,,,
7.33428,0.00550568,,,
7.35953,0.00557429,,,
7.38486,0.00544287,,,
7.41028,0.005339,,,
7.43579,0.00527401,,,
7.46139,0.00523144,,,
7.48707,0.00499379,,,
7.51284,0.00507351,,,
7.5387,0.00469307,,,
7.56465,0.00489168,,,
7.59069,0.00468365,,,
7.61682,0.00458402,,,
7.64304,0.00461689,,,
7.66935,0.00436317,,,
7.69575,0.00463043,,,
7.72224,0.00465975,,,
7.74882,0.00470158,,,
7.77549,0.00436001,,,
7.80226,0.00440784,,,
7.82912,0.00414878,,,
7.85607,0.00443966,,,
7.88311,0.00404548,,,
7.91024,0.00404435,,,
7.93747,0.00386482,,,
7.96479,0.00391098,,,
7.99221,0.00404779,,,
8.01972,0.00377602,,,
8.04733,0.00390375,,,
8.07503,0.00374988,,,
8.10283,0.00376069,,,
8.13072,0.00365085,,,
8.1587,0.00358407,,,
8.18679,0.00356437,,,
8.21497,0.00342288,,,
8.24325,0.00338858,,,
8.27162,0.00337661,,,
8.3001,0.00338936,,,
8.32867,0.00325891,,,
8.35734,0.00302148,,,
8.3861,0.00304141,,,
8.41497,0.00328249,,,
8.44394,0.00299596,,,
8.473,0.00294882,,,
8.50217,0.00299443,,,
8.53143,0.00281851,,,
8.5608,0.00290372,,,
8.59027,0.00264903,,,
8.61984,0.00276091,,,
8.64951,0.00271007,,,
8.67928,0.00264694,,,
8.70916,0.00250816,,,
8.73914,0.00244171,,,
8.76922,0.00253894,,,
8.79941,0.00245377,,,
8.8297,0.00240745,,,
8.86009,0.00235169,,,
8.89059,0.00223925,,,
8.92119,0.00244727,,,
8.9519,0.00221184,,,
8.98272,0.00222769,,,
9.01364,0.00223617,,,
9.04466,0.00218473,,,
9.0758,0.00214337,,,
9.10704,0.00195561,,,
9.13839,0.00198973,,,
9.16984,0.00194522,,,
9.20141,0.00194837,,,
9.23308,0.0019918,,,
9.26486,0.00187751,,,
9.29676,0.0018178,,,
9.32876,0.00164269,,,
9.36087,0.00169665,,,
9.39309,0.00175043,,,
9.42542,0.00174326,,,
9.45787,0.0015818,,,
9.49042,0.00154082,,,
9.52309,0.00161799,,,
9.55587,0.00152008,,,
9.58877,0.00142,,,
9.62177,0.0015542,,,
9.65489,0.00134447,,,
9.68813,0.00147485,,,
9.72148,0.00132519,,,
9.75494,0.00138679,,,
9.78852,0.00129533,,,
9.82221,0.00130186,,,
9.85602,0.00132371,,,
9.88995,0.00117351,,,
9.92399,0.00114228,,,
9.95816,0.00125081,,,
9.99243,0.00109428,,,
10.0268,0.00107579,,,
10.0613,0.00112445,,,
10.096,0.00110779,,,
10.1307,0.0010035,,,
10.1656,0.000971669,,,
10.2006,0.00100265,,,
10.2357,0.000972486,,,
10.2709,0.000967243,,,
10.3063,0.000980751,,,
10.3418,0.000872212,,,
10.3774,0.000938902,,,
10.4131,0.000885117,,,
10.4489,0.000876271,,,
10.4849,0.000870496,,,
10.521,0.000795071,,,
10.5572,0.000754569,,,
10.5936,0.000773547,,,
10.63,0.000801382,,,
10.6666,0.000669193,,,
10.7033,0.000746741,,,
10.7402,0.00068799,,,
10.7771,0.000702832,,,
10.8142,0.00062654,,,
10.8515,0.000604058,,,
10.8888,0.000596119,,,
10.9263,0.000611239,,,
10.9639,0.000551235,,,
11.0016,0.000573208,,,
11.0395,0.000569902,,,
11.0775,0.000563713,,,
11.1156,0.00055421,,,
11.1539,0.000478521,,,
11.1923,0.000557541,,,
11.2308,0.000495021,,,
11.2695,0.000492907,,,
11.3083,0.000444972,,,
11.3472,0.000455375,,,
11.3863,0.000437214,,,
11.4255,0.000447375,,,
11.4648,0.00041751,,,
11.5043,0.000403498,,,
11.5439,0.000390092,,,
11.5836,0.000393663,,,
11.6235,0.000387632,,,
11.6635,0.000351197,,,
11.7036,0.000370518,,,
11.7439,0.000351617,,,
11.7843,0.000332643,,,
11.8249,0.000343936,,,
11.8656,0.00031282,,,
11.9065,0.000322565,,,
11.9474,0.000301218,,,
11.9886,0.000286621,,,
12.0298,0.000277288,,,
12.0712,0.000272754,,,
12.1128,0.000261675,,,
12.1545,0.000282227,,,
12.1963,0.000272988,,,
12.2383,0.000236506,,,
12.2804,0.000243132,,,
12.3227,0.000261481,,,
12.3651,0.000248508,,,
12.4077,0.00020712,,,
12.4504,0.000208322,,,
12.4933,0.000233088,,,
12.5363,0.000204178,,,
12.5794,0.000203999,,,
12.6227,0.000216428,,,
12.6662,0.000175541,,,
12.7098,0.000178331,,,
12.7535,0.00019781,,,
12.7974,0.000181527,,,
12.8415,0.000167096,,,
12.8857,0.00018892,,,
12.93,0.000168132,,,
12.9745,0.000154408,,,
13.0192,0.000153039,,,
13.064,0.000139634,,,
13.109,0.000165036,,,
13.1541,0.000169155,,,
13.1994,0.000147772,,,
13.2448,0.000141926,,,
13.2904,0.000132165,,,
13.3362,0.000106757,,,
13.3821,0.000106816,,,
13.4281,0.000119977,,,
13.4743,0.000102388,,,
13.5207,9.82E-05,,,
13.5673,9.99E-05,,,
13.614,0.000116211,,,
13.6608,9.21E-05,,,
13.7079,0.000101137,,,
13.755,8.97E-05,,,
13.8024,0.000106977,,,
13.8499,8.56E-05,,,
13.8976,0.000112176,,,
13.9454,8.94E-05,,,
13.9934,7.97E-05,,,
14.0416,8.15E-05,,,
14.0899,9.03E-05,,,
14.1384,8.63E-05,,,
14.1871,7.57E-05,,,
14.2359,8.87E-05,,,
14.2849,5.99E-05,,,
14.3341,7.32E-05,,,
14.3834,7.50E-05,,,
14.433,7.25E-05,,,
14.4826,6.19E-05,,,
14.5325,6.43E-05,,,
14.5825,5.43E-05,,,
14.6327,6.85E-05,,,
14.6831,5.37E-05,,,
14.7336,5.63E-05,,,
14.7843,5.08E-05,,,
14.8352,5.19E-05,,,
14.8863,4.95E-05,,,
14.9375,4.76E-05,,,
14.989,4.74E-05,,,
15.0406,4.55E-05,,,
15.0923,4.35E-05,,,
15.1443,4.90E-05,,,
15.1964,4.47E-05,,,
15.2487,4.45E-05,,,
15.3012,4.57E-05,,,
15.3539,3.99E-05,,,
15.4067,3.84E-05,,,
15.4598,4.17E-05,,,
15.513,3.54E-05,,,
15.5664,4.02E-05,,,
15.62,2.98E-05,,,
15.6737,3.13E-05,,,
15.7277,2.86E-05,,,
15.7818,2.91E-05,,,
15.8361,3.44E-05,,,
15.8907,2.83E-05,,,
15.9454,3.07E-05,,,
16.0002,2.91E-05,,,
16.0553,2.65E-05,,,
16.1106,2.96E-05,,,
16.166,2.35E-05,,,
16.2217,1.88E-05,,,
16.2775,2.73E-05,,,
16.3336,1.96E-05,,,
16.3898,3.35E-05,,,
16.4462,2.68E-05,,,
16.5028,2.05E-05,,,
16.5596,2.13E-05,,,
16.6166,1.92E-05,,,
16.6738,1.90E-05,,,
16.7312,1.96E-05,,,
16.7888,1.41E-05,,,
16.8466,1.63E-05,,,
16.9046,1.72E-05,,,
16.9628,1.54E-05,,,
17.0212,1.40E-05,,,
17.0798,2.17E-05,,,
17.1385,1.77E-05,,,
17.1975,1.54E-05,,,
17.2567,1.78E-05,,,
17.3161,1.76E-05,,,
17.3757,1.27E-05,,,
17.4356,1.20E-05,,,
17.4956,1.30E-05,,,
17.5558,1.48E-05,,,
17.6162,1.27E-05,,,
17.6769,1.31E-05,,,
17.7377,1.51E-05,,,
17.7988,1.42E-05,,,
17.86,1.32E-05,,,
17.9215,1.40E-05,,,
17.9832,1.19E-05,,,
18.0451,1.10E-05,,,
18.1072,1.06E-05,,,
18.1696,1.37E-05,,,
18.2321,1.11E-05,,,
18.2949,1.05E-05,,,
18.3578,8.12E-06,,,
18.421,9.09E-06,,,
18.4844,9.31E-06,,,
18.5481,8.60E-06,,,
18.6119,1.14E-05,,,
18.676,8.03E-06,,,
18.7403,1.01E-05,,,
18.8048,7.33E-06,,,
18.8695,7.36E-06,,,
18.9345,7.35E-06,,,
18.9996,9.01E-06,,,
19.065,7.51E-06,,,
19.1307,9.72E-06,,,
19.1965,8.22E-06,,,
19.2626,8.79E-06,,,
19.3289,6.88E-06,,,
19.3954,8.07E-06,,,
19.4622,7.91E-06,,,
19.5292,8.75E-06,,,
19.5964,6.71E-06,,,
19.6639,8.77E-06,,,
19.7316,6.33E-06,,,
19.7995,6.85E-06,,,
19.8676,6.29E-06,,,
19.936,7.27E-06,,,
20.0046,6.04E-06,,,
20.0735,5.81E-06,,,
20.1426,6.26E-06,,,
20.2119,9.33E-06,,,
20.2815,5.64E-06,,,
20.3513,5.91E-06,,,
20.4214,5.54E-06,,,
20.4917,8.52E-06,,,
20.5622,6.90E-06,,,
20.633,5.43E-06,,,
20.704,5.34E-06,,,
20.7753,5.22E-06,,,
20.8468,5.43E-06,,,
20.9186,5.16E-06,,,
20.9906,6.57E-06,,,
21.0628,5.98E-06,,,
21.1353,5.14E-06,,,
21.2081,4.89E-06,,,
21.2811,5.72E-06,,,
21.3543,5.02E-06,,,
21.4278,4.72E-06,,,
21.5016,6.14E-06,,,
21.5756,4.62E-06,,,
21.6499,4.50E-06,,,
21.7244,4.71E-06,,,
21.7992,5.19E-06,,,
21.8742,5.32E-06,,,
21.9495,4.30E-06,,,
22.0251,4.33E-06,,,
22.1009,4.31E-06,,,
22.177,4.22E-06,,,
22.2533,4.18E-06,,,
22.3299,4.09E-06,,,
22.4068,5.46E-06,,,
22.4839,4.70E-06,,,
22.5613,3.91E-06,,,
22.6389,3.89E-06,,,
22.7169,3.84E-06,,,
22.7951,3.80E-06,,,
22.8735,3.77E-06,,,
22.9523,3.75E-06,,,
23.0313,3.66E-06,,,
23.1106,3.62E-06,,,
23.1901,3.59E-06,,,
23.2699,3.55E-06,,,
23.35,4.25E-06,,,
23.4304,3.52E-06,,,
23.5111,3.43E-06,,,
23.592,4.09E-06,,,
23.6732,3.37E-06,,,
23.7547,3.31E-06,,,
23.8365,3.98E-06,,,
23.9185,3.94E-06,,,
24.0008,3.25E-06,,,
24.0835,3.17E-06,,,
24.1664,3.14E-06,,,
24.2496,3.13E-06,,,
24.333,3.28E-06,,,
24.4168,3.09E-06,,,
24.5008,3.00E-06,,,
24.5852,2.99E-06,,,
24.6698,2.93E-06,,,
24.7547,2.91E-06,,,
24.8399,2.89E-06,,,
24.9254,2.86E-06,,,
25.0112,2.84E-06,,,
25.0973,2.79E-06,,,
25.1837,2.78E-06,,,
25.2704,2.72E-06,,,
25.3574,3.32E-06,,,
25.4447,2.66E-06,,,
25.5323,2.66E-06,,,
25.6202,2.58E-06,,,
25.7083,2.56E-06,,,
25.7968,2.55E-06,,,
25.8856,2.51E-06,,,
25.9747,3.13E-06,,,
26.0641,2.46E-06,,,
26.1539,2.45E-06,,,
26.2439,2.39E-06,,,
26.3342,2.41E-06,,,
26.4249,2.34E-06,,,
26.5158,2.36E-06,,,
26.6071,2.30E-06,,,
26.6987,2.27E-06,,,
26.7906,2.26E-06,,,
26.8828,2.22E-06,,,
26.9754,2.19E-06,,,
27.0682,2.18E-06,,,
27.1614,2.16E-06,,,
27.2549,2.14E-06,,,
27.3487,2.13E-06,,,
27.4428,2.12E-06,,,
27.5373,2.09E-06,,,
27.6321,2.05E-06,,,
27.7272,2.00E-06,,,
27.8227,1.99E-06,,,
27.9184,1.99E-06,,,
28.0145,1.96E-06,,,
28.111,1.94E-06,,,
28.2077,1.91E-06,,,
28.3048,1.91E-06,,,
28.4023,1.88E-06,,,
28.5,1.84E-06,,,
28.5981,1.83E-06,,,
28.6966,1.80E-06,,,
28.7954,1.79E-06,,,
28.8945,1.79E-06,,,
28.9939,1.76E-06,,,
29.0937,1.74E-06,,,
29.1939,1.74E-06,,,
29.2944,1.70E-06,,,
29.3952,1.70E-06,,,
29.4964,1.65E-06,,,
29.5979,1.65E-06,,,
29.6998,1.61E-06,,,
29.802,1.63E-06,,,
29.9046,1.60E-06,,,
30.0076,1.58E-06,,,
30.1109,1.55E-06,,,
30.2145,1.55E-06,,,
30.3185,1.55E-06,,,
30.4229,1.51E-06,,,
30.5276,1.48E-06,,,
30.6327,1.49E-06,,,
30.7381,1.46E-06,,,
30.8439,1.42E-06,,,
30.9501,1.44E-06,,,
31.0566,1.40E-06,,,
31.1636,1.40E-06,,,
31.2708,1.37E-06,,,
31.3785,1.37E-06,,,
31.4865,1.35E-06,,,
31.5949,1.34E-06,,,
31.7036,1.33E-06,,,
31.8128,1.31E-06,,,
31.9223,1.30E-06,,,
32.0321,1.28E-06,,,
32.1424,1.26E-06,,,
32.253,1.25E-06,,,
32.3641,1.23E-06,,,
32.4755,1.23E-06,,,
32.5873,1.21E-06,,,
32.6994,1.20E-06,,,
32.812,1.16E-06,,,
32.9249,1.17E-06,,,
33.0383,1.15E-06,,,
33.152,1.17E-06,,,
33.2661,1.13E-06,,,
33.3806,1.11E-06,,,
33.4955,1.11E-06,,,
33.6108,1.08E-06,,,
33.7265,1.07E-06,,,
33.8426,1.06E-06,,,
33.9591,1.06E-06,,,
34.076,1.05E-06,,,
34.1933,1.04E-06,,,
34.311,1.01E-06,,,
34.4291,9.93E-07,,,
34.5476,9.76E-07,,,
34.6665,9.91E-07,,,
34.7859,9.62E-07,,,
34.9056,9.62E-07,,,
35.0258,9.36E-07,,,
35.1463,9.38E-07,,,
35.2673,9.22E-07,,,
35.3887,9.17E-07,,,
35.5105,9.09E-07,,,
35.6328,9.04E-07,,,
35.7554,8.89E-07,,,
35.8785,8.74E-07,,,
36.002,8.54E-07,,,
36.1259,8.72E-07,,,
36.2503,8.48E-07,,,
36.3751,8.29E-07,,,
36.5003,8.32E-07,,,
36.6259,8.22E-07,,,
36.752,7.98E-07,,,
36.8785,8.09E-07,,,
37.0054,7.87E-07,,,
37.1328,7.80E-07,,,
37.2606,7.76E-07,,,
37.3889,7.59E-07,,,
37.5176,7.50E-07,,,
37.6468,7.52E-07,,,
37.7763,7.44E-07,,,
37.9064,7.16E-07,,,
38.0369,7.09E-07,,,
38.1678,7.14E-07,,,
38.2992,7.03E-07,,,
38.431,6.88E-07,,,
38.5633,6.79E-07,,,
38.696,6.64E-07,,,
38.8292,6.60E-07,,,
38.9629,6.55E-07,,,
39.097,6.62E-07,,,
39.2316,6.42E-07,,,
39.3666,6.31E-07,,,
39.5022,6.23E-07,,,
39.6381,6.21E-07,,,
39.7746,6.11E-07,,,
39.9115,6.05E-07,,,
40.0489,6.05E-07,,,
40.1867,5.89E-07,,,
40.3251,5.78E-07,,,
40.4639,5.73E-07,,,
40.6032,5.70E-07,,,
40.7429,5.62E-07,,,
40.8832,5.58E-07,,,
41.0239,5.49E-07,,,
41.1651,5.50E-07,,,
41.3068,5.34E-07,,,
41.449,5.24E-07,,,
41.5917,5.21E-07,,,
41.7348,5.16E-07,,,
41.8785,5.22E-07,,,
42.0227,5.03E-07,,,
42.1673,5.07E-07,,,
42.3125,4.94E-07,,,
42.4581,4.89E-07,,,
42.6043,4.76E-07,,,
42.7509,4.80E-07,,,
42.8981,4.73E-07,,,
43.0457,4.60E-07,,,
43.1939,4.59E-07,,,
43.3426,4.50E-07,,,
43.4918,4.54E-07,,,
43.6415,4.39E-07,,,
43.7917,4.36E-07,,,
43.9425,4.40E-07,,,
44.0937,4.33E-07,,,
44.2455,4.21E-07,,,
44.3978,4.24E-07,,,
44.5506,4.19E-07,,,
44.704,4.11E-07,,,
44.8579,4.10E-07,,,
45.0123,3.98E-07,,,
45.1672,3.97E-07,,,
45.3227,3.90E-07,,,
45.4787,3.87E-07,,,
45.6353,3.76E-07,,,
45.7923,3.85E-07,,,
45.95,3.80E-07,,,
46.1081,3.60E-07,,,
46.2669,3.69E-07,,,
46.4261,3.68E-07,,,
46.5859,3.55E-07,,,
46.7463,3.51E-07,,,
46.9072,3.53E-07,,,
47.0687,3.54E-07,,,
47.2307,3.35E-07,,,
47.3933,3.38E-07,,,
47.5564,3.36E-07,,,
47.7201,3.27E-07,,,
47.8844,3.32E-07,,,
48.0492,3.25E-07,,,
48.2146,3.20E-07,,,
48.3806,3.13E-07,,,
48.5471,3.23E-07,,,
48.7142,3.07E-07,,,
48.8819,3.11E-07,,,
49.0501,3.08E-07,,,
49.219,3.01E-07,,,
49.3884,2.97E-07,,,
49.5584,2.89E-07,,,
49.729,2.92E-07,,,
49.9002,2.90E-07,,,
50.072,2.86E-07,,,
50.2443,2.81E-07,,,
50.4173,2.78E-07,,,
50.5908,2.73E-07,,,
50.765,2.69E-07,,,
50.9397,2.68E-07,,,
51.1151,2.63E-07,,,
51.291,2.68E-07,,,
51.4676,2.62E-07,,,
51.6447,2.54E-07,,,
51.8225,2.55E-07,,,
52.0009,2.52E-07,,,
52.1799,2.45E-07,,,
52.3595,2.45E-07,,,
52.5397,2.39E-07,,,
52.7206,2.38E-07,,,
52.9021,2.39E-07,,,
53.0842,2.33E-07,,,
53.2669,2.29E-07,,,
53.4502,2.30E-07,,,
53.6342,2.25E-07,,,
53.8188,2.26E-07,,,
54.0041,2.24E-07,,,
54.19,2.21E-07,,,
54.3765,2.18E-07,,,
54.5637,2.14E-07,,,
54.7515,2.13E-07,,,
54.94,2.09E-07,,,
55.1291,2.06E-07,,,
55.3189,2.01E-07,,,
55.5093,2.04E-07,,,
55.7004,2.01E-07,,,
55.8921,2.00E-07,,,
56.0845,1.99E-07,,,
56.2776,1.94E-07,,,
56.4713,1.91E-07,,,
56.6657,1.88E-07,,,
56.8607,1.87E-07,,,
57.0565,1.86E-07,,,
57.2529,1.83E-07,,,
57.4499,1.79E-07,,,
57.6477,1.80E-07,,,
57.8461,1.78E-07,,,
58.0452,1.79E-07,,,
58.245,1.75E-07,,,
58.4455,1.69E-07,,,
58.6467,1.66E-07,,,
58.8486,1.67E-07,,,
59.0512,1.65E-07,,,
59.2544,1.62E-07,,,
59.4584,1.63E-07,,,
59.6631,1.61E-07,,,
59.8684,1.58E-07,,,
60.0745,1.55E-07,,,
60.2813,1.52E-07,,,
60.4888,1.53E-07,,,
60.697,1.53E-07,,,
60.906,1.49E-07,,,
61.1156,1.48E-07,,,
61.326,1.44E-07,,,
61.5371,1.45E-07,,,
61.7489,1.40E-07,,,
61.9615,1.42E-07,,,
62.1748,1.38E-07,,,
62.3888,1.40E-07,,,
62.6035,1.38E-07,,,
62.819,1.36E-07,,,
63.0353,1.30E-07,,,
63.2522,1.32E-07,,,
63.47,1.30E-07,,,
63.6885,1.28E-07,,,
63.9077,1.26E-07,,,
64.1277,1.27E-07,,,
64.3484,1.22E-07,,,
64.5699,1.20E-07,,,
64.7922,1.19E-07,,,
65.0152,1.18E-07,,,
65.239,1.18E-07,,,
65.4636,1.14E-07,,,
65.6889,1.13E-07,,,
65.915,1.14E-07,,,
66.1419,1.13E-07,,,
66.3696,1.10E-07,,,
66.5981,1.08E-07,,,
66.8273,1.08E-07,,,
67.0573,1.07E-07,,,
67.2882,1.05E-07,,,
67.5198,1.01E-07,,,
67.7522,1.01E-07,,,
67.9854,9.97E-08,,,
68.2194,9.84E-08,,,
68.4543,9.78E-08,,,
68.6899,9.62E-08,,,
68.9264,9.46E-08,,,
69.1636,9.77E-08,,,
69.4017,9.45E-08,,,
69.6406,9.36E-08,,,
69.8803,9.30E-08,,,
70.1209,9.15E-08,,,
70.3622,8.90E-08,,,
70.6044,9.05E-08,,,
70.8475,8.64E-08,,,
71.0913,8.74E-08,,,
71.336,8.51E-08,,,
71.5816,8.37E-08,,,
71.828,8.40E-08,,,
72.0753,8.25E-08,,,
72.3234,7.94E-08,,,
72.5723,8.13E-08,,,
72.8221,8.20E-08,,,
73.0728,8.00E-08,,,
73.3243,7.74E-08,,,
73.5767,7.84E-08,,,
73.83,7.79E-08,,,
74.0841,7.59E-08,,,
74.3391,7.60E-08,,,
74.595,7.38E-08,,,
74.8518,7.28E-08,,,
75.1095,7.33E-08,,,
75.368,7.21E-08,,,
75.6274,6.99E-08,,,
75.8878,7.10E-08,,,
76.149,6.97E-08,,,
76.4111,6.95E-08,,,
76.6741,6.86E-08,,,
76.9381,6.86E-08,,,
77.2029,6.63E-08,,,
77.4687,6.61E-08,,,
77.7353,6.65E-08,,,
78.0029,6.43E-08,,,
78.2714,6.20E-08,,,
78.5408,6.49E-08,,,
78.8112,6.31E-08,,,
79.0825,6.21E-08,,,
79.3547,6.01E-08,,,
79.6279,6.03E-08,,,
79.902,6.02E-08,,,
80.177,6.12E-08,,,
80.453,6.05E-08,,,
80.7299,5.96E-08,,,
81.0078,5.85E-08,,,
81.2867,5.55E-08,,,
81.5665,5.66E-08,,,
81.8472,5.67E-08,,,
82.129,5.59E-08,,,
82.4117,5.52E-08,,,
82.6954,5.34E-08,,,
82.98,5.37E-08,,,
83.2656,5.27E-08,,,
83.5523,5.25E-08,,,
83.8399,5.27E-08,,,
84.1285,5.11E-08,,,
84.4181,5.07E-08,,,
84.7086,4.92E-08,,,
85.0002,5.04E-08,,,
85.2928,4.84E-08,,,
85.5864,4.89E-08,,,
85.881,4.66E-08,,,
86.1767,4.87E-08,,,
86.4733,4.65E-08,,,
86.771,4.59E-08,,,
87.0696,4.45E-08,,,
87.3693,4.51E-08,,,
87.6701,4.61E-08,,,
87.9719,4.38E-08,,,
88.2747,4.41E-08,,,
88.5786,4.26E-08,,,
88.8835,4.35E-08,,,
89.1894,4.28E-08,,,
89.4964,4.15E-08,,,
89.8045,4.25E-08,,,
90.1136,4.07E-08,,,
90.4238,4.13E-08,,,
90.7351,3.96E-08,,,
91.0474,3.91E-08,,,
91.3608,3.90E-08,,,
91.6753,4.07E-08,,,
91.9909,3.83E-08,,,
92.3075,3.82E-08,,,
92.6253,3.70E-08,,,
92.9441,3.81E-08,,,
93.264,3.64E-08,,,
93.5851,3.65E-08,,,
93.9072,3.60E-08,,,
94.2305,3.54E-08,,,
94.5548,3.47E-08,,,
94.8803,3.52E-08,,,
95.2069,3.39E-08,,,
95.5346,3.45E-08,,,
95.8635,3.27E-08,,,
96.1935,3.18E-08,,,
96.5246,3.21E-08,,,
96.8568,3.14E-08,,,
97.1902,3.21E-08,,,
97.5248,3.05E-08,,,
97.8605,3.01E-08,,,
98.1974,3.03E-08,,,
98.5354,2.98E-08,,,
98.8746,2.90E-08,,,
99.2149,2.85E-08,,,
99.5564,2.86E-08,,,
99.8991,2.94E-08,,,
100.243,2.70E-08,,,
100.588,2.68E-08,,,
100.934,2.74E-08,,,
101.282,2.66E-08,,,
101.63,2.69E-08,,,
101.98,2.64E-08,,,
102.331,2.51E-08,,,
102.684,2.52E-08,,,
103.037,2.34E-08,,,
103.392,2.46E-08,,,
103.748,2.36E-08,,,
104.105,2.34E-08,,,
104.463,2.30E-08,,,
104.823,2.25E-08,,,
105.183,2.22E-08,,,
105.545,2.21E-08,,,
105.909,2.15E-08,,,
106.273,2.11E-08,,,
106.639,2.12E-08,,,
107.006,2.12E-08,,,
107.375,1.98E-08,,,
107.744,1.95E-08,,,
108.115,1.89E-08,,,
108.487,1.81E-08,,,
108.861,1.93E-08,,,
109.235,1.79E-08,,,
109.611,1.81E-08,,,
109.989,1.75E-08,,,
110.367,1.67E-08,,,
110.747,1.74E-08,,,
111.128,1.59E-08,,,
111.511,1.53E-08,,,
111.895,1.56E-08,,,
112.28,1.42E-08,,,
112.666,1.50E-08,,,
113.054,1.31E-08,,,
113.443,1.38E-08,,,
113.834,1.28E-08,,,
114.226,1.28E-08,,,
114.619,1.17E-08,,,
115.014,1.10E-08,,,
115.409,1.05E-08,,,
115.807,9.95E-09,,,
116.205,1.02E-08,,,
116.605,9.42E-09,,,
117.007,8.61E-09,,,
117.41,8.23E-09,,,
117.814,7.13E-09,,,
118.219,6.59E-09,,,
118.626,5.80E-09,,,
119.034,5.91E-09,,,
119.444,4.82E-09,,,
119.855,4.04E-09,,,
120.268,4.07E-09,,,
120.682,3.43E-09,,,
121.097,3.12E-09,,,
121.514,2.62E-09,,,
121.932,2.35E-09,,,
122.352,2.15E-09,,,
122.773,1.62E-09,,,
123.196,1.46E-09,,,
123.62,1.03E-09,,,
124.046,9.90E-10,,,
124.473,7.70E-10,,,
124.901,5.23E-10,,,
125.331,5.22E-10,,,
125.762,4.60E-10,,,
126.195,3.52E-10,,,
126.63,3.37E-10,,,
127.066,3.08E-10,,,
127.503,2.48E-10,,,
127.942,2.05E-10,,,
128.382,1.68E-10,,,
128.824,1.25E-10,,,
129.268,1.23E-10,,,
129.713,1.25E-10,,,
130.159,1.15E-10,,,
130.607,1.09E-10,,,
131.057,1.04E-10,,,
131.508,1.00E-10,,,
131.961,8.46E-11,,,
132.415,1.17E-10,,,
132.871,9.47E-11,,,
133.328,5.02E-11,,,
133.787,6.64E-11,,,
134.247,4.65E-11,,,
134.709,6.81E-11,,,
135.173,5.43E-11,,,
135.638,5.47E-11,,,
136.105,5.27E-11,,,
136.574,4.60E-11,,,
137.044,2.43E-11,,,
137.516,7.93E-11,,,
137.989,4.81E-11,,,
138.464,5.34E-11,,,
138.941,3.93E-11,,,
139.419,3.99E-11,,,
139.899,4.73E-11,,,
140.38,2.32E-11,,,
140.864,3.62E-11,,,
141.349,3.33E-11,,,
141.835,9.17E-12,,,
142.323,4.18E-11,,,
142.813,1.58E-11,,,
143.305,3.73E-11,,,
143.798,5.17E-12,,,
144.293,4.24E-11,,,
144.79,2.79E-11,,,
145.288,1.82E-11,,,
145.788,1.79E-11,,,
146.29,3.59E-11,,,
146.794,2.27E-11,,,
147.299,1.39E-11,,,
147.806,1.24E-11,,,
148.315,2.22E-11,,,
148.825,7.29E-12,,,
149.338,4.18E-11,,,
149.852,1.97E-11,,,
150.368,1.24E-11,,,
150.885,4.79E-11,,,
151.405,2.24E-11,,,
151.926,2.20E-11,,,
152.449,2.16E-11,,,
152.973,3.78E-11,,,
153.5,0,,,
154.028,1.65E-11,,,
154.559,1.43E-11,,,
155.091,4.79E-12,,,
155.624,0,,,
156.16,4.76E-12,,,
156.698,1.38E-11,,,
157.237,0,,,
157.778,7.13E-12,,,
158.321,1.29E-11,,,
158.866,2.46E-11,,,
159.413,1.66E-11,,,
159.962,0,,,
160.513,0,,,
161.065,1.83E-11,,,
161.62,0,,,
162.176,1.10E-11,,,
162.734,9.33E-12,,,
163.294,9.30E-12,,,
163.856,1.59E-11,,,
164.42,1.11E-11,,,
164.986,1.34E-11,,,
165.554,0,,,
166.124,0,,,
166.696,0,,,
167.27,0,,,
167.846,6.70E-12,,,
168.423,9.02E-12,,,
169.003,0,,,
169.585,1.06E-11,,,
170.169,2.40E-11,,,
170.754,8.89E-12,,,
171.342,0,,,
171.932,4.32E-12,,,
172.524,8.61E-12,,,
173.118,0,,,
173.714,0,,,
174.312,8.71E-12,,,
174.912,8.68E-12,,,
175.514,0,,,
176.118,0,,,
176.724,0,,,
177.332,8.56E-12,,,
177.943,8.53E-12,,,
178.555,8.51E-12,,,
179.17,0,,,
179.787,0,,,
180.406,4.12E-12,,,
181.027,0,,,
181.65,0,,,
182.275,8.33E-12,,,
182.902,0,,,
183.532,0,,,
184.164,0,,,
184.798,0,,,
185.434,0,,,
186.072,0,,,
186.713,0,,,
187.355,0,,,
188,0,,,
188.647,0,,,
189.297,0,,,
189.948,0,,,
190.602,0,,,
191.258,7.94E-12,,,
191.917,0,,,
192.577,0,,,
193.24,0,,,
193.905,0,,,
194.573,0,,,
195.243,0,,,
195.915,0,,,
196.589,0,,,
197.266,0,,,
197.945,0,,,
198.626,0,,,
199.31,0,,,
199.996,7.59E-12,,,
200.684,0,,,
201.375,0,,,
202.068,0,,,
202.764,0,,,
203.462,1.09E-11,,,
204.162,1.09E-11,,,
204.865,0,,,
205.57,0,,,
206.278,0,,,
206.988,0,,,
207.7,0,,,
208.415,7.29E-12,,,
209.133,0,,,
209.853,7.24E-12,,,
210.575,0,,,
211.3,1.05E-11,,,
212.027,0,,,
212.757,0,,,
213.489,0,,,
214.224,0,,,
214.962,0,,,
215.702,7.04E-12,,,
216.444,0,,,
217.189,0,,,
217.937,0,,,
218.687,0,,,
219.44,6.92E-12,,,
220.195,1.01E-11,,,
220.953,0,,,
221.714,0,,,
222.477,7.81E-12,,,
223.243,0,,,
224.011,0,,,
224.782,0,,,
225.556,9.83E-12,,,
226.332,9.80E-12,,,
227.111,0,,,
227.893,9.73E-12,,,
228.678,0,,,
229.465,0,,,
230.255,0,,,
231.047,0,,,
231.843,7.49E-12,,,
232.641,0,,,
233.441,0,,,
234.245,0,,,
235.051,0,,,
235.86,0,,,
236.672,0,,,
237.487,7.31E-12,,,
238.304,0,,,
239.125,0,,,
239.948,0,,,
240.774,0,,,
241.603,0,,,
242.434,0,,,
243.269,0,,,
244.106,0,,,
244.946,0,,,
245.79,0,,,
246.636,7.04E-12,,,
247.485,0,,,
248.337,0,,,
249.191,0,,,
250.049,0,,,
250.91,0,,,
251.774,0,,,
252.64,0,,,
253.51,0,,,
254.383,0,,,
255.258,0,,,
256.137,0,,,
257.019,0,,,
257.903,6.74E-12,,,
258.791,0,,,
259.682,0,,,
260.576,0,,,
261.473,0,,,
262.373,0,,,
263.276,0,,,
264.182,0,,,
265.092,0,,,
266.004,0,,,
266.92,0,,,
267.838,0,,,
268.76,0,,,
269.686,0,,,
270.614,0,,,
271.545,0,,,
272.48,0,,,
273.418,0,,,
274.359,0,,,
275.304,0,,,
276.251,0,,,
277.202,0,,,
278.156,0,,,
279.114,0,,,
280.075,0,,,
281.039,0,,,
282.006,0,,,
282.977,0,,,
283.951,0,,,
284.928,0,,,
285.909,0,,,
286.893,0,,,
287.881,0,,,
288.872,0,,,
289.866,0,,,
290.864,0,,,
291.865,0,,,
292.87,0,,,
293.878,0,,,
294.89,0,,,
295.905,0,,,
296.923,0,,,
297.945,0,,,
298.971,0,,,
300,,,,
