0.01,0.0266302,2.34,0.3699901,1.078790081
0.0100344,0.00399148,,0.7399802,0.947530369
0.010069,0.00730147,,1.10997,0.888053363
0.0101036,0.00963411,,1.47996,0.824474463
0.0101384,0.00933178,,1.849951,0.728080681
0.0101733,0.0176605,,2.219941,0.7096223
0.0102083,0.00911935,,2.589931,0.613228519
0.0102435,0.0140534,,2.959921,0.5927192
0.0102787,0.00913787,,3.699901,0.383524169
0.0103141,0.0226587,,5.549852,0.231755232
0.0103496,0.0168074,,7.399802,0.094342842
0.0103852,0.0151874,,,
0.010421,0.0142848,,,
0.0104568,0.0205689,,,
0.0104928,0.046241,,,
0.010529,0.0442436,,,
0.0105652,0.0377893,,,
0.0106016,0.042474,,,
0.0106381,0.0401384,,,
0.0106747,0.0406119,,,
0.0107114,0.0417596,,,
0.0107483,0.05703,,,
0.0107853,0.0423843,,,
0.0108224,0.0787482,,,
0.0108597,0.0642909,,,
0.0108971,0.0595601,,,
0.0109346,0.0774672,,,
0.0109722,0.126024,,,
0.01101,0.146189,,,
0.0110479,0.187485,,,
0.0110859,0.671829,,,
0.0111241,0.91765,,,
0.0111624,0.875346,,,
0.0112008,0.85105,,,
0.0112393,0.88666,,,
0.011278,0.876983,,,
0.0113168,0.916603,,,
0.0113558,0.805366,,,
0.0113949,0.800697,,,
0.0114341,0.797023,,,
0.0114735,0.790108,,,
0.011513,0.80832,,,
0.0115526,0.800754,,,
0.0115924,0.822222,,,
0.0116323,0.772902,,,
0.0116723,0.761901,,,
0.0117125,0.783705,,,
0.0117528,0.780454,,,
0.0117933,0.773765,,,
0.0118339,0.81889,,,
0.0118746,0.727679,,,
0.0119155,0.759145,,,
0.0119565,0.765945,,,
0.0119976,0.77152,,,
0.0120389,0.702245,,,
0.0120804,0.649767,,,
0.012122,0.707551,,,
0.0121637,0.772936,,,
0.0122056,0.719093,,,
0.0122476,0.750757,,,
0.0122897,0.832717,,,
0.012332,0.700297,,,
0.0123745,0.675945,,,
0.0124171,0.673525,,,
0.0124598,0.680425,,,
0.0125027,0.668217,,,
0.0125458,0.652073,,,
0.0125889,0.622669,,,
0.0126323,0.659587,,,
0.0126758,0.670318,,,
0.0127194,0.606899,,,
0.0127632,0.643659,,,
0.0128071,0.623249,,,
0.0128512,0.595161,,,
0.0128954,0.601142,,,
0.0129398,0.606327,,,
0.0129844,0.597012,,,
0.0130291,0.583615,,,
0.0130739,0.566458,,,
0.0131189,0.603233,,,
0.0131641,0.591668,,,
0.0132094,0.583734,,,
0.0132548,0.551622,,,
0.0133005,0.542467,,,
0.0133463,0.514412,,,
0.0133922,0.534076,,,
0.0134383,0.568989,,,
0.0134846,0.550602,,,
0.013531,0.502459,,,
0.0135775,0.511982,,,
0.0136243,0.562896,,,
0.0136712,0.515403,,,
0.0137182,0.488147,,,
0.0137655,0.506247,,,
0.0138128,0.508468,,,
0.0138604,0.524107,,,
0.0139081,0.519486,,,
0.013956,0.484299,,,
0.014004,0.477861,,,
0.0140522,0.495417,,,
0.0141006,0.475532,,,
0.0141491,0.494774,,,
0.0141978,0.462934,,,
0.0142467,0.471283,,,
0.0142957,0.456013,,,
0.014345,0.484998,,,
0.0143943,0.396604,,,
0.0144439,0.422506,,,
0.0144936,0.443476,,,
0.0145435,0.438131,,,
0.0145936,0.441628,,,
0.0146438,0.452853,,,
0.0146942,0.415532,,,
0.0147448,0.418538,,,
0.0147955,0.434903,,,
0.0148465,0.446225,,,
0.0148976,0.408593,,,
0.0149488,0.573974,,,
0.0150003,0.42563,,,
0.0150519,0.389808,,,
0.0151038,0.39163,,,
0.0151557,0.384846,,,
0.0152079,0.416105,,,
0.0152603,0.397226,,,
0.0153128,0.368799,,,
0.0153655,0.370956,,,
0.0154184,0.386,,,
0.0154715,0.368055,,,
0.0155247,0.348591,,,
0.0155782,0.407561,,,
0.0156318,0.396004,,,
0.0156856,0.368796,,,
0.0157396,0.362356,,,
0.0157938,0.364455,,,
0.0158481,0.353823,,,
0.0159027,0.35062,,,
0.0159574,0.360502,,,
0.0160124,0.351408,,,
0.0160675,0.328432,,,
0.0161228,0.342787,,,
0.0161783,2.16556,,,
0.016234,0.430429,,,
0.0162898,0.50893,,,
0.0163459,0.399934,,,
0.0164022,0.386755,,,
0.0164586,0.42882,,,
0.0165153,0.35476,,,
0.0165722,0.374991,,,
0.0166292,0.335883,,,
0.0166864,0.368954,,,
0.0167439,0.362264,,,
0.0168015,0.379315,,,
0.0168593,0.502959,,,
0.0169174,0.338403,,,
0.0169756,0.334749,,,
0.0170341,0.343628,,,
0.0170927,0.334904,,,
0.0171515,0.307161,,,
0.0172106,0.288793,,,
0.0172698,0.296064,,,
0.0173293,0.301784,,,
0.0173889,0.309073,,,
0.0174488,0.281248,,,
0.0175088,0.316714,,,
0.0175691,0.267549,,,
0.0176296,0.298825,,,
0.0176903,0.28759,,,
0.0177511,0.26791,,,
0.0178123,0.268229,,,
0.0178736,0.266216,,,
0.0179351,0.271198,,,
0.0179968,0.238901,,,
0.0180588,0.265167,,,
0.0181209,0.227898,,,
0.0181833,0.248941,,,
0.0182459,0.251515,,,
0.0183087,0.243997,,,
0.0183717,0.245448,,,
0.018435,0.228251,,,
0.0184984,0.231657,,,
0.0185621,0.234784,,,
0.018626,0.241611,,,
0.0186901,0.222059,,,
0.0187545,0.215783,,,
0.018819,0.215506,,,
0.0188838,0.310562,,,
0.0189488,0.239213,,,
0.019014,0.226235,,,
0.0190795,0.210296,,,
0.0191451,0.174229,,,
0.019211,0.203729,,,
0.0192772,0.197425,,,
0.0193435,0.197764,,,
0.0194101,0.203597,,,
0.0194769,0.210283,,,
0.019544,0.191131,,,
0.0196112,0.188986,,,
0.0196788,0.19646,,,
0.0197465,0.201676,,,
0.0198145,0.204274,,,
0.0198827,0.172603,,,
0.0199511,0.185307,,,
0.0200198,1.31604,,,
0.0200887,0.230061,,,
0.0201579,0.300627,,,
0.0202272,0.208972,,,
0.0202969,0.256398,,,
0.0203667,0.214342,,,
0.0204368,0.205776,,,
0.0205072,0.185013,,,
0.0205778,0.188119,,,
0.0206486,0.297762,,,
0.0207197,0.196355,,,
0.020791,0.234796,,,
0.0208626,0.192191,,,
0.0209344,0.193529,,,
0.0210065,0.186251,,,
0.0210788,0.176139,,,
0.0211513,0.17421,,,
0.0212241,0.177939,,,
0.0212972,0.153183,,,
0.0213705,0.180433,,,
0.0214441,0.16691,,,
0.0215179,0.165713,,,
0.0215919,0.167065,,,
0.0216663,0.164624,,,
0.0217408,0.148875,,,
0.0218157,0.150436,,,
0.0218908,0.155566,,,
0.0219661,0.153156,,,
0.0220417,0.140809,,,
0.0221176,0.156363,,,
0.0221938,0.151379,,,
0.0222701,0.153255,,,
0.0223468,0.146465,,,
0.0224237,0.160228,,,
0.0225009,0.148783,,,
0.0225784,0.170794,,,
0.0226561,0.159615,,,
0.0227341,0.161358,,,
0.0228123,0.160842,,,
0.0228909,0.163526,,,
0.0229697,0.163127,,,
0.0230487,0.160803,,,
0.0231281,0.162225,,,
0.0232077,0.17355,,,
0.0232876,0.151221,,,
0.0233677,0.1535,,,
0.0234482,0.159369,,,
0.0235289,0.154507,,,
0.0236099,0.164315,,,
0.0236911,0.173927,,,
0.0237727,0.184509,,,
0.0238545,0.185202,,,
0.0239366,0.18296,,,
0.024019,0.852151,,,
0.0241017,0.227437,,,
0.0241847,0.240829,,,
0.0242679,0.191729,,,
0.0243514,0.194854,,,
0.0244353,0.194257,,,
0.0245194,0.193212,,,
0.0246038,0.194749,,,
0.0246885,0.184724,,,
0.0247735,0.202852,,,
0.0248587,0.197808,,,
0.0249443,0.186035,,,
0.0250302,0.200709,,,
0.0251163,0.205355,,,
0.0252028,0.198798,,,
0.0252895,0.190475,,,
0.0253766,0.199455,,,
0.0254639,0.196851,,,
0.0255516,0.186681,,,
0.0256396,0.179881,,,
0.0257278,0.176767,,,
0.0258164,0.161356,,,
0.0259052,0.161337,,,
0.0259944,0.17699,,,
0.0260839,0.168479,,,
0.0261737,0.180622,,,
0.0262638,0.173806,,,
0.0263542,0.178855,,,
0.0264449,0.175302,,,
0.0265359,0.185793,,,
0.0266273,0.166967,,,
0.0267189,0.178589,,,
0.0268109,0.179197,,,
0.0269032,0.182885,,,
0.0269958,0.167654,,,
0.0270887,0.158432,,,
0.027182,0.173572,,,
0.0272755,0.195096,,,
0.0273694,0.157387,,,
0.0274636,0.176136,,,
0.0275582,0.184792,,,
0.027653,0.17653,,,
0.0277482,0.164375,,,
0.0278437,0.18077,,,
0.0279396,0.177577,,,
0.0280357,0.172232,,,
0.0281323,0.185088,,,
0.0282291,0.17466,,,
0.0283263,0.178907,,,
0.0284238,0.17376,,,
0.0285216,0.162131,,,
0.0286198,0.191478,,,
0.0287183,0.172446,,,
0.0288172,0.164608,,,
0.0289164,0.183267,,,
0.0290159,0.171032,,,
0.0291158,0.169801,,,
0.029216,0.164259,,,
0.0293166,0.146719,,,
0.0294175,0.170606,,,
0.0295187,0.187263,,,
0.0296203,0.161445,,,
0.0297223,0.149767,,,
0.0298246,0.159277,,,
0.0299273,0.157161,,,
0.0300303,0.144925,,,
0.0301337,0.149875,,,
0.0302374,0.163173,,,
0.0303415,0.164229,,,
0.0304459,0.162097,,,
0.0305507,0.141435,,,
0.0306559,0.153972,,,
0.0307614,0.161313,,,
0.0308673,0.139667,,,
0.0309735,0.164623,,,
0.0310802,0.163012,,,
0.0311872,0.161091,,,
0.0312945,0.16258,,,
0.0314022,0.150622,,,
0.0315103,0.162617,,,
0.0316188,0.159965,,,
0.0317276,0.138821,,,
0.0318368,0.152226,,,
0.0319464,0.1631,,,
0.0320564,0.15253,,,
0.0321667,0.147535,,,
0.0322775,0.172495,,,
0.0323886,0.176121,,,
0.0325001,0.163053,,,
0.0326119,0.162412,,,
0.0327242,0.15499,,,
0.0328368,0.142358,,,
0.0329499,0.153085,,,
0.0330633,0.159425,,,
0.0331771,0.149566,,,
0.0332913,0.154475,,,
0.0334059,0.145473,,,
0.0335209,0.135661,,,
0.0336363,0.140387,,,
0.0337521,0.143733,,,
0.0338682,0.131103,,,
0.0339848,0.139139,,,
0.0341018,0.150231,,,
0.0342192,0.152702,,,
0.034337,0.145186,,,
0.0344552,0.135349,,,
0.0345738,0.127447,,,
0.0346928,0.139395,,,
0.0348122,0.122362,,,
0.034932,0.12738,,,
0.0350523,0.166439,,,
0.035173,0.12477,,,
0.035294,0.137747,,,
0.0354155,0.13888,,,
0.0355374,0.137491,,,
0.0356597,0.130014,,,
0.0357825,0.148004,,,
0.0359057,0.12901,,,
0.0360293,0.127914,,,
0.0361533,0.153689,,,
0.0362777,0.152432,,,
0.0364026,0.147254,,,
0.0365279,0.133374,,,
0.0366537,0.129152,,,
0.0367798,0.163369,,,
0.0369064,0.138113,,,
0.0370335,0.155214,,,
0.0371609,0.144527,,,
0.0372889,0.128869,,,
0.0374172,0.142121,,,
0.037546,0.140968,,,
0.0376753,0.134813,,,
0.0378049,0.128154,,,
0.0379351,0.130541,,,
0.0380657,0.139233,,,
0.0381967,0.124786,,,
0.0383282,0.133689,,,
0.0384601,0.141421,,,
0.0385925,0.132129,,,
0.0387253,0.127692,,,
0.0388586,0.120655,,,
0.0389924,0.158163,,,
0.0391266,0.131167,,,
0.0392613,0.13135,,,
0.0393965,0.122044,,,
0.0395321,0.14022,,,
0.0396681,0.122426,,,
0.0398047,0.121082,,,
0.0399417,0.130765,,,
0.0400792,0.134995,,,
0.0402172,0.145907,,,
0.0403556,0.130873,,,
0.0404945,0.13037,,,
0.0406339,0.14766,,,
0.0407738,0.127082,,,
0.0409141,0.145138,,,
0.041055,0.121692,,,
0.0411963,0.115931,,,
0.0413381,0.125896,,,
0.0414804,0.131198,,,
0.0416232,0.125867,,,
0.0417664,0.133278,,,
0.0419102,0.114548,,,
0.0420545,0.121437,,,
0.0421992,0.128242,,,
0.0423445,0.115471,,,
0.0424903,0.120913,,,
0.0426365,0.114173,,,
0.0427833,0.115501,,,
0.0429306,0.138198,,,
0.0430783,0.117095,,,
0.0432266,0.130725,,,
0.0433754,0.137956,,,
0.0435247,0.11763,,,
0.0436745,0.120004,,,
0.0438249,0.113664,,,
0.0439757,0.115427,,,
0.0441271,0.13642,,,
0.044279,0.136954,,,
0.0444314,0.117982,,,
0.0445844,0.125768,,,
0.0447378,0.123455,,,
0.0448918,0.127787,,,
0.0450464,0.126624,,,
0.0452014,0.120156,,,
0.045357,0.129871,,,
0.0455131,0.115583,,,
0.0456698,0.111505,,,
0.045827,0.115154,,,
0.0459848,0.129728,,,
0.0461431,0.118843,,,
0.0463019,0.123298,,,
0.0464613,0.127855,,,
0.0466212,0.11581,,,
0.0467817,0.121212,,,
0.0469427,0.121286,,,
0.0471043,0.123959,,,
0.0472664,0.122054,,,
0.0474291,0.131317,,,
0.0475924,0.113175,,,
0.0477562,0.11614,,,
0.0479206,0.118967,,,
0.0480856,0.124328,,,
0.0482511,0.126575,,,
0.0484172,0.224419,,,
0.0485839,0.138144,,,
0.0487511,0.127927,,,
0.0489189,0.135595,,,
0.0490873,0.120765,,,
0.0492563,0.124795,,,
0.0494258,0.122975,,,
0.0495959,0.11657,,,
0.0497667,0.119566,,,
0.049938,0.114455,,,
0.0501099,0.119587,,,
0.0502824,0.115182,,,
0.0504554,0.121635,,,
0.0506291,0.129293,,,
0.0508034,0.121886,,,
0.0509783,0.115195,,,
0.0511538,0.121521,,,
0.0513298,0.12103,,,
0.0515065,0.116471,,,
0.0516838,0.116071,,,
0.0518617,0.122794,,,
0.0520403,0.124797,,,
0.0522194,0.123046,,,
0.0523991,0.120778,,,
0.0525795,0.123799,,,
0.0527605,0.115011,,,
0.0529421,0.127039,,,
0.0531244,0.1158,,,
0.0533072,0.102725,,,
0.0534907,0.118814,,,
0.0536748,0.116609,,,
0.0538596,0.112724,,,
0.054045,0.123914,,,
0.054231,0.115953,,,
0.0544177,0.113623,,,
0.054605,0.119077,,,
0.054793,0.111157,,,
0.0549816,0.108823,,,
0.0551709,0.120202,,,
0.0553608,0.121114,,,
0.0555513,0.127459,,,
0.0557426,0.118474,,,
0.0559344,0.113459,,,
0.056127,0.121837,,,
0.0563202,0.115056,,,
0.056514,0.118136,,,
0.0567086,0.111165,,,
0.0569038,0.120207,,,
0.0570997,0.11737,,,
0.0572962,0.110915,,,
0.0574934,0.119413,,,
0.0576913,0.120643,,,
0.0578899,0.109742,,,
0.0580892,0.110565,,,
0.0582892,0.115704,,,
0.0584898,0.115437,,,
0.0586911,0.118362,,,
0.0588932,0.112331,,,
0.0590959,0.120048,,,
0.0592993,0.113001,,,
0.0595034,0.11588,,,
0.0597083,0.114441,,,
0.0599138,0.108378,,,
0.06012,0.117402,,,
0.060327,0.116207,,,
0.0605346,0.123268,,,
0.060743,0.115042,,,
0.0609521,0.110014,,,
0.0611619,0.106739,,,
0.0613724,0.117754,,,
0.0615837,0.117487,,,
0.0617957,0.105602,,,
0.0620084,0.11961,,,
0.0622218,0.121729,,,
0.062436,0.120174,,,
0.0626509,0.115116,,,
0.0628666,0.10812,,,
0.063083,0.111453,,,
0.0633001,0.120639,,,
0.063518,0.112613,,,
0.0637367,0.113435,,,
0.0639561,0.120143,,,
0.0641762,0.120733,,,
0.0643971,0.127176,,,
0.0646188,0.118045,,,
0.0648412,0.122606,,,
0.0650644,0.12064,,,
0.0652884,0.120511,,,
0.0655131,0.109919,,,
0.0657387,0.116388,,,
0.0659649,0.125053,,,
0.066192,0.101986,,,
0.0664199,0.118419,,,
0.0666485,0.123314,,,
0.0668779,0.125155,,,
0.0671081,0.114602,,,
0.0673391,0.116313,,,
0.0675709,0.121447,,,
0.0678035,0.127284,,,
0.0680369,0.127031,,,
0.0682711,0.116744,,,
0.0685061,0.116718,,,
0.0687419,0.117653,,,
0.0689785,0.118913,,,
0.069216,0.110605,,,
0.0694542,0.117266,,,
0.0696933,0.117104,,,
0.0699332,0.118807,,,
0.0701739,0.117736,,,
0.0704155,0.121521,,,
0.0706579,0.123055,,,
0.0709011,0.119502,,,
0.0711452,0.118012,,,
0.0713901,0.118992,,,
0.0716358,0.121617,,,
0.0718824,0.118083,,,
0.0721298,0.120427,,,
0.0723781,0.115802,,,
0.0726273,0.112292,,,
0.0728773,0.12812,,,
0.0731281,0.120057,,,
0.0733798,0.122369,,,
0.0736324,0.113038,,,
0.0738859,0.110931,,,
0.0741402,0.112717,,,
0.0743954,0.115019,,,
0.0746515,0.114823,,,
0.0749085,0.117398,,,
0.0751663,0.121204,,,
0.0754251,0.122172,,,
0.0756847,0.12511,,,
0.0759452,0.12159,,,
0.0762067,0.11927,,,
0.076469,0.117148,,,
0.0767322,0.115653,,,
0.0769963,0.118306,,,
0.0772614,0.114276,,,
0.0775273,0.124451,,,
0.0777942,0.117754,,,
0.078062,0.119336,,,
0.0783307,0.123633,,,
0.0786003,0.110693,,,
0.0788709,0.123481,,,
0.0791424,0.11185,,,
0.0794148,0.121182,,,
0.0796882,0.118262,,,
0.0799625,0.118834,,,
0.0802377,0.115962,,,
0.0805139,0.108564,,,
0.080791,0.121478,,,
0.0810692,0.131381,,,
0.0813482,0.123078,,,
0.0816282,0.118709,,,
0.0819092,0.11341,,,
0.0821912,0.117861,,,
0.0824741,0.122189,,,
0.082758,0.116644,,,
0.0830428,0.116832,,,
0.0833287,0.12268,,,
0.0836155,0.114323,,,
0.0839034,0.112861,,,
0.0841922,0.112048,,,
0.084482,0.114637,,,
0.0847728,0.127319,,,
0.0850646,0.11779,,,
0.0853574,0.113631,,,
0.0856512,0.12219,,,
0.0859461,0.117767,,,
0.0862419,0.116677,,,
0.0865388,0.115215,,,
0.0868367,0.1187,,,
0.0871356,0.123341,,,
0.0874355,0.114815,,,
0.0877365,0.118521,,,
0.0880385,0.117768,,,
0.0883415,0.119196,,,
0.0886456,0.122596,,,
0.0889508,0.126867,,,
0.089257,0.114918,,,
0.0895642,0.118696,,,
0.0898725,0.113089,,,
0.0901819,0.116031,,,
0.0904923,0.116261,,,
0.0908038,0.115594,,,
0.0911164,0.12315,,,
0.09143,0.12259,,,
0.0917447,0.124443,,,
0.0920605,0.112514,,,
0.0923774,0.130293,,,
0.0926954,0.120589,,,
0.0930145,0.119839,,,
0.0933347,0.117659,,,
0.0936559,0.113715,,,
0.0939783,0.116213,,,
0.0943018,0.117626,,,
0.0946264,0.122823,,,
0.0949522,0.12369,,,
0.095279,0.118668,,,
0.095607,0.124427,,,
0.0959361,0.122845,,,
0.0962663,0.115058,,,
0.0965977,0.122149,,,
0.0969302,0.120666,,,
0.0972638,0.117865,,,
0.0975986,0.115329,,,
0.0979346,0.122712,,,
0.0982717,0.12353,,,
0.09861,0.121137,,,
0.0989494,0.122797,,,
0.09929,0.130426,,,
0.0996318,0.135373,,,
0.0999748,0.11841,,,
0.100319,0.124395,,,
0.100664,0.122169,,,
0.101011,0.11766,,,
0.101358,0.125619,,,
0.101707,0.121963,,,
0.102057,0.133962,,,
0.102409,0.128204,,,
0.102761,0.125146,,,
0.103115,0.124511,,,
0.10347,0.12148,,,
0.103826,0.124821,,,
0.104183,0.123877,,,
0.104542,0.123149,,,
0.104902,0.128325,,,
0.105263,0.120858,,,
0.105625,0.123613,,,
0.105989,0.126814,,,
0.106354,0.128413,,,
0.10672,0.125817,,,
0.107087,0.132524,,,
0.107456,0.13054,,,
0.107826,0.127798,,,
0.108197,0.129636,,,
0.108569,0.127747,,,
0.108943,0.126055,,,
0.109318,0.11636,,,
0.109694,0.120208,,,
0.110072,0.126276,,,
0.110451,0.131789,,,
0.110831,0.135675,,,
0.111213,0.128856,,,
0.111595,0.127826,,,
0.11198,0.119372,,,
0.112365,0.12737,,,
0.112752,0.13369,,,
0.11314,0.125193,,,
0.113529,0.126152,,,
0.11392,0.128026,,,
0.114312,0.125847,,,
0.114706,0.125709,,,
0.115101,0.127045,,,
0.115497,0.126723,,,
0.115894,0.129799,,,
0.116293,0.128671,,,
0.116694,0.12967,,,
0.117095,0.12811,,,
0.117498,0.140677,,,
0.117903,0.125095,,,
0.118309,0.129028,,,
0.118716,0.127932,,,
0.119125,0.135255,,,
0.119535,0.131974,,,
0.119946,0.131268,,,
0.120359,0.128093,,,
0.120773,0.13107,,,
0.121189,0.127425,,,
0.121606,0.128755,,,
0.122025,0.125345,,,
0.122445,0.13949,,,
0.122866,0.131077,,,
0.123289,0.136487,,,
0.123714,0.134795,,,
0.124139,0.126942,,,
0.124567,0.130137,,,
0.124996,0.132787,,,
0.125426,0.134764,,,
0.125858,0.137791,,,
0.126291,0.133543,,,
0.126726,0.139625,,,
0.127162,0.131788,,,
0.127599,0.135376,,,
0.128039,0.14476,,,
0.128479,0.133176,,,
0.128922,0.13654,,,
0.129365,0.135981,,,
0.129811,0.136765,,,
0.130258,0.135614,,,
0.130706,0.141329,,,
0.131156,0.134849,,,
0.131607,0.128167,,,
0.13206,0.13114,,,
0.132515,0.130222,,,
0.132971,0.134459,,,
0.133429,0.141824,,,
0.133888,0.138437,,,
0.134349,0.132733,,,
0.134811,0.130964,,,
0.135276,0.136107,,,
0.135741,0.140585,,,
0.136208,0.141257,,,
0.136677,0.132771,,,
0.137148,0.141137,,,
0.13762,0.13725,,,
0.138094,0.140046,,,
0.138569,0.139255,,,
0.139046,0.144936,,,
0.139525,0.14339,,,
0.140005,0.138785,,,
0.140487,0.141574,,,
0.14097,0.149398,,,
0.141456,0.139965,,,
0.141943,0.14208,,,
0.142431,0.142528,,,
0.142921,0.140989,,,
0.143413,0.13835,,,
0.143907,0.147628,,,
0.144402,0.140465,,,
0.144899,0.142173,,,
0.145398,0.137513,,,
0.145899,0.143683,,,
0.146401,0.142074,,,
0.146905,0.14675,,,
0.147411,0.140212,,,
0.147918,0.146293,,,
0.148427,0.145816,,,
0.148938,0.137216,,,
0.149451,0.145757,,,
0.149965,0.144035,,,
0.150481,0.144883,,,
0.150999,0.143165,,,
0.151519,0.14159,,,
0.152041,0.144972,,,
0.152564,0.142027,,,
0.153089,0.145046,,,
0.153616,0.146858,,,
0.154145,0.146752,,,
0.154676,0.148252,,,
0.155208,0.14665,,,
0.155742,0.143782,,,
0.156278,0.152535,,,
0.156816,0.148423,,,
0.157356,0.148957,,,
0.157898,0.140108,,,
0.158441,0.14188,,,
0.158987,0.150285,,,
0.159534,0.145499,,,
0.160083,0.13893,,,
0.160634,0.146495,,,
0.161187,0.152155,,,
0.161742,0.161524,,,
0.162299,0.144898,,,
0.162857,0.154383,,,
0.163418,0.142411,,,
0.163981,0.1517,,,
0.164545,0.146843,,,
0.165111,0.151706,,,
0.16568,0.153185,,,
0.16625,0.14509,,,
0.166822,0.151412,,,
0.167397,0.150286,,,
0.167973,0.147322,,,
0.168551,0.147085,,,
0.169131,0.156127,,,
0.169713,0.152598,,,
0.170298,0.156956,,,
0.170884,0.160463,,,
0.171472,0.153121,,,
0.172062,0.148198,,,
0.172654,0.153006,,,
0.173249,0.154326,,,
0.173845,0.156074,,,
0.174444,0.156284,,,
0.175044,0.158745,,,
0.175647,0.146401,,,
0.176251,0.149863,,,
0.176858,0.153274,,,
0.177467,0.157572,,,
0.178078,0.151612,,,
0.178691,0.153276,,,
0.179306,0.155543,,,
0.179923,0.156151,,,
0.180542,0.15464,,,
0.181164,0.148281,,,
0.181787,0.157671,,,
0.182413,0.150468,,,
0.183041,0.158027,,,
0.183671,0.162067,,,
0.184303,0.150447,,,
0.184938,0.15701,,,
0.185574,0.15662,,,
0.186213,0.160701,,,
0.186854,0.160964,,,
0.187497,0.159183,,,
0.188143,0.164586,,,
0.18879,0.160312,,,
0.18944,0.161253,,,
0.190092,0.162897,,,
0.190747,0.163091,,,
0.191403,0.15815,,,
0.192062,0.159692,,,
0.192723,0.158535,,,
0.193387,0.154914,,,
0.194052,0.158556,,,
0.19472,0.158001,,,
0.19539,0.161452,,,
0.196063,0.168781,,,
0.196738,0.160014,,,
0.197415,0.16187,,,
0.198095,0.158384,,,
0.198777,0.163314,,,
0.199461,0.159565,,,
0.200147,0.158768,,,
0.200836,0.170315,,,
0.201528,0.165407,,,
0.202221,0.166037,,,
0.202917,0.159687,,,
0.203616,0.173382,,,
0.204317,0.16261,,,
0.20502,0.168778,,,
0.205726,0.165641,,,
0.206434,0.161871,,,
0.207145,0.168285,,,
0.207858,0.167826,,,
0.208573,0.167451,,,
0.209291,0.169597,,,
0.210012,0.169468,,,
0.210734,0.171369,,,
0.21146,0.162699,,,
0.212188,0.166115,,,
0.212918,0.170399,,,
0.213651,0.168688,,,
0.214386,0.173169,,,
0.215124,0.172344,,,
0.215865,0.167275,,,
0.216608,0.172152,,,
0.217354,0.166486,,,
0.218102,0.171115,,,
0.218853,0.166518,,,
0.219606,0.173413,,,
0.220362,0.170591,,,
0.22112,0.173421,,,
0.221882,0.172243,,,
0.222645,0.171544,,,
0.223412,0.174459,,,
0.224181,0.17588,,,
0.224952,0.17641,,,
0.225727,0.174256,,,
0.226504,0.174706,,,
0.227283,0.174518,,,
0.228066,0.168969,,,
0.228851,0.169527,,,
0.229639,0.172511,,,
0.230429,0.179772,,,
0.231222,0.179546,,,
0.232018,0.174512,,,
0.232817,0.180625,,,
0.233618,0.176275,,,
0.234422,0.178742,,,
0.235229,0.176391,,,
0.236039,0.179478,,,
0.236852,0.180562,,,
0.237667,0.178843,,,
0.238485,0.182061,,,
0.239306,0.179682,,,
0.24013,0.178889,,,
0.240956,0.176803,,,
0.241786,0.181388,,,
0.242618,0.181964,,,
0.243453,0.180033,,,
0.244291,0.177905,,,
0.245132,0.181016,,,
0.245976,0.180423,,,
0.246822,0.183197,,,
0.247672,0.18454,,,
0.248525,0.180356,,,
0.24938,0.177594,,,
0.250239,0.186371,,,
0.2511,0.184414,,,
0.251964,0.189764,,,
0.252832,0.189996,,,
0.253702,0.185758,,,
0.254575,0.182743,,,
0.255452,0.180689,,,
0.256331,0.186933,,,
0.257213,0.184788,,,
0.258099,0.187403,,,
0.258987,0.187156,,,
0.259878,0.187097,,,
0.260773,0.188996,,,
0.261671,0.191981,,,
0.262571,0.184956,,,
0.263475,0.191476,,,
0.264382,0.189728,,,
0.265292,0.189038,,,
0.266205,0.188556,,,
0.267122,0.19045,,,
0.268041,0.185614,,,
0.268964,0.195537,,,
0.26989,0.193559,,,
0.270819,0.195133,,,
0.271751,0.188854,,,
0.272686,0.188361,,,
0.273625,0.188602,,,
0.274567,0.186119,,,
0.275512,0.1946,,,
0.27646,0.191942,,,
0.277412,0.196753,,,
0.278367,0.194945,,,
0.279325,0.19714,,,
0.280287,0.193945,,,
0.281252,0.201133,,,
0.28222,0.19,,,
0.283191,0.197421,,,
0.284166,0.195534,,,
0.285144,0.200058,,,
0.286126,0.196819,,,
0.287111,0.198405,,,
0.288099,0.192745,,,
0.289091,0.198539,,,
0.290086,0.201868,,,
0.291084,0.198897,,,
0.292086,0.200475,,,
0.293092,0.200418,,,
0.294101,0.206109,,,
0.295113,0.206618,,,
0.296129,0.199722,,,
0.297148,0.195967,,,
0.298171,0.203435,,,
0.299197,0.19808,,,
0.300227,0.210209,,,
0.301261,0.212409,,,
0.302298,0.197864,,,
0.303338,0.208959,,,
0.304382,0.19655,,,
0.30543,0.199608,,,
0.306482,0.209514,,,
0.307536,0.205512,,,
0.308595,0.205525,,,
0.309657,0.204092,,,
0.310723,0.209863,,,
0.311793,0.209524,,,
0.312866,0.209563,,,
0.313943,0.210006,,,
0.315024,0.210856,,,
0.316108,0.214089,,,
0.317196,0.210767,,,
0.318288,0.212572,,,
0.319384,0.211708,,,
0.320483,0.211424,,,
0.321586,0.207728,,,
0.322693,0.214222,,,
0.323804,0.215745,,,
0.324919,0.213769,,,
0.326037,0.207546,,,
0.327159,0.21483,,,
0.328286,0.215078,,,
0.329416,0.210373,,,
0.330549,0.213663,,,
0.331687,0.215385,,,
0.332829,0.219798,,,
0.333975,0.212966,,,
0.335124,0.21753,,,
0.336278,0.2177,,,
0.337435,0.21691,,,
0.338597,0.21463,,,
0.339763,0.219561,,,
0.340932,0.218449,,,
0.342106,0.218391,,,
0.343283,0.217666,,,
0.344465,0.219164,,,
0.345651,0.216061,,,
0.34684,0.219497,,,
0.348034,0.224604,,,
0.349232,0.223989,,,
0.350434,0.221499,,,
0.351641,0.220527,,,
0.352851,0.230999,,,
0.354066,0.213674,,,
0.355285,0.22298,,,
0.356508,0.226369,,,
0.357735,0.220296,,,
0.358966,0.221252,,,
0.360202,0.225128,,,
0.361442,0.229624,,,
0.362686,0.228045,,,
0.363934,0.228668,,,
0.365187,0.225821,,,
0.366444,0.228438,,,
0.367705,0.22434,,,
0.368971,0.235659,,,
0.370241,0.222082,,,
0.371516,0.228066,,,
0.372795,0.226004,,,
0.374078,0.231855,,,
0.375365,0.22458,,,
0.376658,0.230897,,,
0.377954,0.234131,,,
0.379255,0.235965,,,
0.380561,0.238036,,,
0.381871,0.23514,,,
0.383185,0.229663,,,
0.384504,0.233098,,,
0.385828,0.237306,,,
0.387156,0.231823,,,
0.388488,0.231919,,,
0.389826,0.234168,,,
0.391168,0.233707,,,
0.392514,0.236173,,,
0.393865,0.234412,,,
0.395221,0.236796,,,
0.396581,0.242349,,,
0.397946,0.243708,,,
0.399316,0.238116,,,
0.400691,0.236472,,,
0.40207,0.239978,,,
0.403454,0.233529,,,
0.404843,0.236756,,,
0.406236,0.243359,,,
0.407635,0.245086,,,
0.409038,0.244332,,,
0.410446,0.24086,,,
0.411859,0.245439,,,
0.413277,0.241992,,,
0.414699,0.244153,,,
0.416127,0.237931,,,
0.417559,0.242229,,,
0.418996,0.245452,,,
0.420439,0.249671,,,
0.421886,0.248099,,,
0.423338,0.247541,,,
0.424795,0.244529,,,
0.426258,0.246169,,,
0.427725,0.252329,,,
0.429197,0.248001,,,
0.430675,0.248532,,,
0.432157,0.250262,,,
0.433645,0.250784,,,
0.435137,0.246533,,,
0.436635,0.249817,,,
0.438138,0.246263,,,
0.439646,0.25222,,,
0.44116,0.25546,,,
0.442678,0.253903,,,
0.444202,0.257697,,,
0.445731,0.251767,,,
0.447265,0.255558,,,
0.448805,0.256577,,,
0.45035,0.256236,,,
0.4519,0.253464,,,
0.453456,0.258809,,,
0.455017,0.256515,,,
0.456583,0.255645,,,
0.458155,0.264493,,,
0.459732,0.2593,,,
0.461314,0.25948,,,
0.462902,0.265959,,,
0.464495,0.26054,,,
0.466094,0.263447,,,
0.467699,0.263421,,,
0.469309,0.264472,,,
0.470924,0.26474,,,
0.472545,0.263568,,,
0.474172,0.260012,,,
0.475804,0.259575,,,
0.477442,0.262997,,,
0.479085,0.266647,,,
0.480734,0.266541,,,
0.482389,0.269682,,,
0.48405,0.260218,,,
0.485716,0.269888,,,
0.487388,0.272872,,,
0.489066,0.272288,,,
0.490749,0.271298,,,
0.492438,0.269827,,,
0.494133,0.270965,,,
0.495834,0.275148,,,
0.497541,0.27376,,,
0.499254,0.274289,,,
0.500972,0.272755,,,
0.502697,0.275104,,,
0.504427,0.270703,,,
0.506164,0.270692,,,
0.507906,0.273855,,,
0.509654,0.276882,,,
0.511409,0.282118,,,
0.513169,0.275586,,,
0.514935,0.279734,,,
0.516708,0.278163,,,
0.518486,0.280652,,,
0.520271,0.276777,,,
0.522062,0.281122,,,
0.523859,0.280864,,,
0.525662,0.282149,,,
0.527472,0.281058,,,
0.529288,0.286542,,,
0.531109,0.289885,,,
0.532938,0.286492,,,
0.534772,0.283818,,,
0.536613,0.284868,,,
0.53846,0.286857,,,
0.540314,0.287357,,,
0.542174,0.286636,,,
0.54404,0.292901,,,
0.545913,0.286697,,,
0.547792,0.289356,,,
0.549677,0.289827,,,
0.551569,0.286752,,,
0.553468,0.294355,,,
0.555373,0.29077,,,
0.557285,0.291523,,,
0.559203,0.285758,,,
0.561128,0.294016,,,
0.56306,0.296268,,,
0.564998,0.296689,,,
0.566943,0.29296,,,
0.568894,0.301344,,,
0.570853,0.292683,,,
0.572818,0.301409,,,
0.574789,0.297283,,,
0.576768,0.303867,,,
0.578753,0.297967,,,
0.580745,0.298432,,,
0.582744,0.298813,,,
0.58475,0.299501,,,
0.586763,0.303142,,,
0.588783,0.30046,,,
0.59081,0.303949,,,
0.592843,0.304262,,,
0.594884,0.303636,,,
0.596932,0.298915,,,
0.598987,0.306765,,,
0.601049,0.302123,,,
0.603117,0.305097,,,
0.605194,0.308933,,,
0.607277,0.305772,,,
0.609367,0.30758,,,
0.611465,0.310959,,,
0.61357,0.311509,,,
0.615682,0.309094,,,
0.617801,0.313005,,,
0.619927,0.307869,,,
0.622061,0.311709,,,
0.624203,0.312929,,,
0.626351,0.314933,,,
0.628507,0.311894,,,
0.630671,0.314633,,,
0.632842,0.316535,,,
0.63502,0.315005,,,
0.637206,0.319925,,,
0.639399,0.315207,,,
0.6416,0.319037,,,
0.643809,0.320589,,,
0.646025,0.318954,,,
0.648249,0.322257,,,
0.65048,0.321562,,,
0.652719,0.318207,,,
0.654966,0.324388,,,
0.657221,0.321608,,,
0.659483,0.32229,,,
0.661753,0.322304,,,
0.664031,0.332683,,,
0.666317,0.325673,,,
0.66861,0.325747,,,
0.670912,0.32364,,,
0.673221,0.327404,,,
0.675539,0.32565,,,
0.677864,0.3329,,,
0.680197,0.329107,,,
0.682539,0.329341,,,
0.684888,0.33419,,,
0.687246,0.328669,,,
0.689611,0.336442,,,
0.691985,0.330546,,,
0.694367,0.336888,,,
0.696757,0.334671,,,
0.699156,0.33548,,,
0.701562,0.337205,,,
0.703977,0.335621,,,
0.706401,0.335855,,,
0.708832,0.344442,,,
0.711272,0.340586,,,
0.713721,0.342128,,,
0.716177,0.338257,,,
0.718643,0.343206,,,
0.721116,0.340301,,,
0.723599,0.335628,,,
0.726089,0.345803,,,
0.728589,0.340748,,,
0.731097,0.34652,,,
0.733613,0.343505,,,
0.736139,0.348697,,,
0.738673,0.347138,,,
0.741215,0.375832,,,
0.743767,0.349952,,,
0.746327,0.350166,,,
0.748896,0.353125,,,
0.751474,0.350378,,,
0.754061,0.353876,,,
0.756656,0.348125,,,
0.759261,0.350718,,,
0.761874,0.36411,,,
0.764497,0.352864,,,
0.767128,0.353601,,,
0.769769,0.353703,,,
0.772419,0.355836,,,
0.775078,0.352517,,,
0.777746,0.362753,,,
0.780423,0.353849,,,
0.783109,0.357585,,,
0.785805,0.35739,,,
0.78851,0.360166,,,
0.791224,0.357891,,,
0.793948,0.362303,,,
0.79668,0.362387,,,
0.799423,0.36054,,,
0.802175,0.35956,,,
0.804936,0.361155,,,
0.807707,0.367082,,,
0.810487,0.365802,,,
0.813277,0.364991,,,
0.816076,0.361075,,,
0.818885,0.356014,,,
0.821704,0.370132,,,
0.824533,0.365855,,,
0.827371,0.369521,,,
0.830219,0.365177,,,
0.833077,0.378711,,,
0.835944,0.375695,,,
0.838822,0.367629,,,
0.841709,0.37011,,,
0.844607,0.378457,,,
0.847514,0.374089,,,
0.850431,0.370739,,,
0.853359,0.379908,,,
0.856296,0.37584,,,
0.859244,0.374838,,,
0.862201,0.377781,,,
0.865169,0.373211,,,
0.868147,0.381386,,,
0.871136,0.381229,,,
0.874135,0.379304,,,
0.877143,0.38185,,,
0.880163,0.379705,,,
0.883193,0.387572,,,
0.886233,0.382791,,,
0.889283,0.383829,,,
0.892344,0.375501,,,
0.895416,0.385349,,,
0.898498,0.385592,,,
0.901591,0.38682,,,
0.904695,0.390038,,,
0.907809,0.388262,,,
0.910934,0.388167,,,
0.914069,0.388455,,,
0.917216,0.393071,,,
0.920373,0.387831,,,
0.923541,0.386965,,,
0.92672,0.39079,,,
0.92991,0.394927,,,
0.933111,0.38966,,,
0.936323,0.394592,,,
0.939546,0.389893,,,
0.94278,0.395762,,,
0.946026,0.395612,,,
0.949282,0.396781,,,
0.95255,0.399045,,,
0.955829,0.396356,,,
0.959119,0.395784,,,
0.96242,0.400383,,,
0.965733,0.398531,,,
0.969057,0.400916,,,
0.972393,0.402848,,,
0.97574,0.402349,,,
0.979099,0.405246,,,
0.982469,0.402966,,,
0.985851,0.399879,,,
0.989245,0.400408,,,
0.99265,0.399832,,,
0.996067,0.403313,,,
0.999495,0.407652,,,
1.00294,0.405427,,,
1.00639,0.405884,,,
1.00985,0.404824,,,
1.01333,0.408335,,,
1.01682,0.407493,,,
1.02032,0.412531,,,
1.02383,0.41105,,,
1.02735,0.408511,,,
1.03089,0.412794,,,
1.03444,0.407414,,,
1.038,0.406321,,,
1.04157,0.411988,,,
1.04516,0.41687,,,
1.04876,0.411463,,,
1.05237,0.41736,,,
1.05599,0.417208,,,
1.05962,0.408439,,,
1.06327,0.41461,,,
1.06693,0.418903,,,
1.0706,0.413766,,,
1.07429,0.417022,,,
1.07799,0.414751,,,
1.0817,0.413957,,,
1.08542,0.421597,,,
1.08916,0.419001,,,
1.09291,0.415056,,,
1.09667,0.417713,,,
1.10044,0.419786,,,
1.10423,0.419382,,,
1.10803,0.417998,,,
1.11185,0.413212,,,
1.11567,0.418286,,,
1.11951,0.416883,,,
1.12337,0.419656,,,
1.12723,0.417921,,,
1.13111,0.422201,,,
1.13501,0.417817,,,
1.13891,0.415138,,,
1.14283,0.423376,,,
1.14677,0.418746,,,
1.15072,0.419948,,,
1.15468,0.425283,,,
1.15865,0.419791,,,
1.16264,0.424223,,,
1.16664,0.421572,,,
1.17066,0.422854,,,
1.17469,0.422705,,,
1.17873,0.421411,,,
1.18279,0.421286,,,
1.18686,0.41812,,,
1.19095,0.420063,,,
1.19505,0.421705,,,
1.19916,0.425705,,,
1.20329,0.423816,,,
1.20743,0.427847,,,
1.21158,0.425846,,,
1.21576,0.41794,,,
1.21994,0.42328,,,
1.22414,0.426276,,,
1.22835,0.42869,,,
1.23258,0.425732,,,
1.23682,0.428348,,,
1.24108,0.423248,,,
1.24535,0.423076,,,
1.24964,0.423981,,,
1.25394,0.418654,,,
1.25826,0.425207,,,
1.26259,0.416248,,,
1.26694,0.419711,,,
1.2713,0.420369,,,
1.27567,0.419397,,,
1.28006,0.425043,,,
1.28447,0.420975,,,
1.28889,0.420169,,,
1.29333,0.421981,,,
1.29778,0.423701,,,
1.30225,0.416053,,,
1.30673,0.419616,,,
1.31123,0.419696,,,
1.31574,0.422843,,,
1.32027,0.419231,,,
1.32482,0.416479,,,
1.32938,0.415992,,,
1.33395,0.417911,,,
1.33854,0.41862,,,
1.34315,0.411541,,,
1.34777,0.417393,,,
1.35241,0.414927,,,
1.35707,0.410955,,,
1.36174,0.414627,,,
1.36643,0.414649,,,
1.37113,0.411798,,,
1.37585,0.409137,,,
1.38059,0.411408,,,
1.38534,0.411882,,,
1.39011,0.410844,,,
1.39489,0.412292,,,
1.3997,0.415365,,,
1.40451,0.403399,,,
1.40935,0.406748,,,
1.4142,0.410317,,,
1.41907,0.410192,,,
1.42395,0.404386,,,
1.42885,0.407198,,,
1.43377,0.407639,,,
1.43871,0.406959,,,
1.44366,0.405079,,,
1.44863,0.405255,,,
1.45362,0.404179,,,
1.45862,0.397743,,,
1.46364,0.40069,,,
1.46868,0.399771,,,
1.47373,0.398648,,,
1.47881,0.399628,,,
1.4839,0.394778,,,
1.48901,0.394981,,,
1.49413,0.397539,,,
1.49927,0.39044,,,
1.50443,0.393614,,,
1.50961,0.392666,,,
1.51481,0.387649,,,
1.52002,0.392213,,,
1.52526,0.387335,,,
1.53051,0.387961,,,
1.53577,0.387763,,,
1.54106,0.388983,,,
1.54637,0.387027,,,
1.55169,0.384232,,,
1.55703,0.383734,,,
1.56239,0.380884,,,
1.56777,0.379783,,,
1.57316,0.381922,,,
1.57858,0.377231,,,
1.58401,0.376714,,,
1.58947,0.375705,,,
1.59494,0.374036,,,
1.60043,0.371898,,,
1.60594,0.370486,,,
1.61146,0.369838,,,
1.61701,0.375186,,,
1.62258,0.369004,,,
1.62816,0.363208,,,
1.63377,0.364487,,,
1.63939,0.363032,,,
1.64503,0.363181,,,
1.6507,0.361854,,,
1.65638,0.364259,,,
1.66208,0.357245,,,
1.6678,0.357752,,,
1.67354,0.356262,,,
1.6793,0.352283,,,
1.68508,0.352348,,,
1.69088,0.350429,,,
1.69671,0.345716,,,
1.70255,0.349328,,,
1.70841,0.347754,,,
1.71429,0.345763,,,
1.72019,0.341127,,,
1.72611,0.338788,,,
1.73205,0.341182,,,
1.73801,0.338996,,,
1.744,0.340158,,,
1.75,0.332467,,,
1.75602,0.330521,,,
1.76207,0.33569,,,
1.76813,0.329802,,,
1.77422,0.325307,,,
1.78033,0.326952,,,
1.78645,0.327677,,,
1.7926,0.325672,,,
1.79877,0.324154,,,
1.80497,0.320452,,,
1.81118,0.321561,,,
1.81741,0.319512,,,
1.82367,0.318124,,,
1.82995,0.317666,,,
1.83625,0.312952,,,
1.84257,0.3136,,,
1.84891,0.311059,,,
1.85527,0.31022,,,
1.86166,0.307611,,,
1.86807,0.304931,,,
1.8745,0.302677,,,
1.88095,0.303026,,,
1.88743,0.305523,,,
1.89392,0.296154,,,
1.90044,0.296445,,,
1.90698,0.293676,,,
1.91355,0.296893,,,
1.92014,0.297574,,,
1.92674,0.290154,,,
1.93338,0.29002,,,
1.94003,0.288485,,,
1.94671,0.287376,,,
1.95341,0.286719,,,
1.96014,0.283252,,,
1.96688,0.282047,,,
1.97365,0.279965,,,
1.98045,0.274688,,,
1.98726,0.279516,,,
1.9941,0.275836,,,
2.00097,0.274451,,,
2.00786,0.271251,,,
2.01477,0.270682,,,
2.0217,0.268613,,,
2.02866,0.268345,,,
2.03565,0.263567,,,
2.04265,0.262226,,,
2.04968,0.262262,,,
2.05674,0.262192,,,
2.06382,0.25784,,,
2.07092,0.256009,,,
2.07805,0.257647,,,
2.08521,0.25351,,,
2.09238,0.251428,,,
2.09959,0.251139,,,
2.10681,0.245639,,,
2.11406,0.246678,,,
2.12134,0.247867,,,
2.12864,0.245813,,,
2.13597,0.243642,,,
2.14332,0.243513,,,
2.1507,0.239199,,,
2.1581,0.23904,,,
2.16553,0.236666,,,
2.17299,0.238472,,,
2.18047,0.232318,,,
2.18797,0.234125,,,
2.19551,0.233469,,,
2.20306,0.229444,,,
2.21065,0.224914,,,
2.21826,0.225451,,,
2.22589,0.222782,,,
2.23355,0.222363,,,
2.24124,0.222776,,,
2.24896,0.218296,,,
2.2567,0.21861,,,
2.26447,0.216823,,,
2.27226,0.21366,,,
2.28008,0.211867,,,
2.28793,0.210983,,,
2.29581,0.208639,,,
2.30371,0.208206,,,
2.31164,0.207403,,,
2.3196,0.205105,,,
2.32758,0.203493,,,
2.33559,0.202736,,,
2.34363,0.200491,,,
2.3517,0.199032,,,
2.3598,0.201915,,,
2.36792,0.195485,,,
2.37607,0.196227,,,
2.38425,0.193219,,,
2.39245,0.192491,,,
2.40069,0.190733,,,
2.40895,0.190813,,,
2.41725,0.190911,,,
2.42557,0.187295,,,
2.43392,0.18846,,,
2.44229,0.18666,,,
2.4507,0.182403,,,
2.45914,0.18239,,,
2.4676,0.181215,,,
2.4761,0.179861,,,
2.48462,0.179309,,,
2.49317,0.175815,,,
2.50175,0.175078,,,
2.51037,0.175249,,,
2.51901,0.170779,,,
2.52768,0.171019,,,
2.53638,0.169591,,,
2.54511,0.168964,,,
2.55387,0.168841,,,
2.56266,0.167101,,,
2.57148,0.163828,,,
2.58033,0.163527,,,
2.58922,0.162051,,,
2.59813,0.161877,,,
2.60707,0.161059,,,
2.61605,0.15921,,,
2.62505,0.157744,,,
2.63409,0.15668,,,
2.64315,0.155399,,,
2.65225,0.154201,,,
2.66138,0.153038,,,
2.67054,0.152345,,,
2.67974,0.15127,,,
2.68896,0.148391,,,
2.69822,0.148698,,,
2.7075,0.147268,,,
2.71682,0.144757,,,
2.72618,0.145008,,,
2.73556,0.144171,,,
2.74498,0.14237,,,
2.75443,0.140056,,,
2.76391,0.137757,,,
2.77342,0.139122,,,
2.78297,0.136951,,,
2.79255,0.135927,,,
2.80216,0.135743,,,
2.81181,0.13376,,,
2.82148,0.132117,,,
2.8312,0.132031,,,
2.84094,0.130728,,,
2.85072,0.128593,,,
2.86053,0.129451,,,
2.87038,0.127209,,,
2.88026,0.126452,,,
2.89018,0.126026,,,
2.90012,0.125981,,,
2.91011,0.123919,,,
2.92013,0.122825,,,
2.93018,0.121579,,,
2.94026,0.119557,,,
2.95038,0.11968,,,
2.96054,0.11834,,,
2.97073,0.117378,,,
2.98096,0.116294,,,
2.99122,0.116716,,,
3.00151,0.113217,,,
3.01185,0.114905,,,
3.02221,0.114253,,,
3.03262,0.111905,,,
3.04306,0.111558,,,
3.05353,0.110487,,,
3.06404,0.109398,,,
3.07459,0.108376,,,
3.08517,0.108401,,,
3.09579,0.106027,,,
3.10645,0.105784,,,
3.11714,0.105217,,,
3.12787,0.104417,,,
3.13864,0.101261,,,
3.14944,0.103192,,,
3.16028,0.101421,,,
3.17116,0.0997769,,,
3.18208,0.0982783,,,
3.19303,0.097879,,,
3.20402,0.0977694,,,
3.21505,0.0970317,,,
3.22612,0.095722,,,
3.23722,0.0940124,,,
3.24837,0.0937188,,,
3.25955,0.0926801,,,
3.27077,0.0929917,,,
3.28203,0.091445,,,
3.29332,0.0908687,,,
3.30466,0.0907519,,,
3.31604,0.0900644,,,
3.32745,0.0880022,,,
3.3389,0.0874806,,,
3.3504,0.0863943,,,
3.36193,0.0848889,,,
3.3735,0.0843378,,,
3.38512,0.0820789,,,
3.39677,0.0839221,,,
3.40846,0.0831567,,,
3.42019,0.0825788,,,
3.43197,0.0821585,,,
3.44378,0.0813796,,,
3.45563,0.0800793,,,
3.46753,0.0793985,,,
3.47947,0.0767821,,,
3.49144,0.0768819,,,
3.50346,0.0768051,,,
3.51552,0.0760865,,,
3.52762,0.0767802,,,
3.53976,0.0744831,,,
3.55195,0.0754381,,,
3.56418,0.0748634,,,
3.57644,0.073232,,,
3.58876,0.0719981,,,
3.60111,0.0719152,,,
3.6135,0.0714313,,,
3.62594,0.0707669,,,
3.63842,0.0699165,,,
3.65095,0.0692415,,,
3.66352,0.0684336,,,
3.67613,0.0678149,,,
3.68878,0.0679357,,,
3.70148,0.0668725,,,
3.71422,0.066498,,,
3.72701,0.0649351,,,
3.73983,0.0648518,,,
3.75271,0.0640018,,,
3.76563,0.064515,,,
3.77859,0.0634858,,,
3.79159,0.062966,,,
3.80465,0.0626436,,,
3.81774,0.06181,,,
3.83088,0.0617566,,,
3.84407,0.0606885,,,
3.8573,0.0596844,,,
3.87058,0.0601228,,,
3.8839,0.058403,,,
3.89727,0.057835,,,
3.91069,0.0575072,,,
3.92415,0.0574596,,,
3.93766,0.0563599,,,
3.95121,0.056406,,,
3.96481,0.0556981,,,
3.97846,0.0556219,,,
3.99216,0.0546196,,,
4.0059,0.0536449,,,
4.01969,0.0530635,,,
4.03352,0.0520176,,,
4.04741,0.053144,,,
4.06134,0.0521518,,,
4.07532,0.0515833,,,
4.08935,0.0505934,,,
4.10342,0.0506534,,,
4.11755,0.0494681,,,
4.13172,0.0492032,,,
4.14595,0.0492006,,,
4.16022,0.0487299,,,
4.17454,0.0478936,,,
4.18891,0.048117,,,
4.20333,0.0465964,,,
4.21779,0.0466446,,,
4.23231,0.0461222,,,
4.24688,0.0464182,,,
4.2615,0.0457735,,,
4.27617,0.0457225,,,
4.29089,0.0443058,,,
4.30566,0.0447174,,,
4.32048,0.0437258,,,
4.33535,0.0426581,,,
4.35028,0.0429544,,,
4.36525,0.0424912,,,
4.38028,0.0417873,,,
4.39535,0.0414385,,,
4.41048,0.0415239,,,
4.42567,0.0408711,,,
4.4409,0.0409929,,,
4.45619,0.0402232,,,
4.47153,0.0398838,,,
4.48692,0.0395439,,,
4.50236,0.0391771,,,
4.51786,0.0383725,,,
4.53341,0.038118,,,
4.54902,0.0381071,,,
4.56468,0.0371715,,,
4.58039,0.0367934,,,
4.59616,0.0366369,,,
4.61198,0.0360818,,,
4.62785,0.0361249,,,
4.64378,0.0358641,,,
4.65977,0.0357677,,,
4.67581,0.0355337,,,
4.6919,0.0340712,,,
4.70805,0.0341285,,,
4.72426,0.0341483,,,
4.74052,0.0329513,,,
4.75684,0.0331837,,,
4.77321,0.033318,,,
4.78964,0.0323537,,,
4.80613,0.032204,,,
4.82268,0.032916,,,
4.83928,0.0319461,,,
4.85593,0.0311521,,,
4.87265,0.0312041,,,
4.88942,0.0308462,,,
4.90625,0.0304414,,,
4.92314,0.0306126,,,
4.94009,0.0299012,,,
4.95709,0.0296878,,,
4.97416,0.0291058,,,
4.99128,0.0293018,,,
5.00846,0.0283418,,,
5.0257,0.0288534,,,
5.043,0.0289806,,,
5.06036,0.0281305,,,
5.07778,0.0284225,,,
5.09526,0.027688,,,
5.11279,0.0268367,,,
5.13039,0.0268318,,,
5.14805,0.0265445,,,
5.16578,0.0265275,,,
5.18356,0.0259623,,,
5.2014,0.0253801,,,
5.2193,0.0253607,,,
5.23727,0.0246084,,,
5.2553,0.025251,,,
5.27339,0.0248186,,,
5.29154,0.0248492,,,
5.30976,0.0242804,,,
5.32803,0.0241539,,,
5.34637,0.0234181,,,
5.36478,0.0231746,,,
5.38324,0.0232038,,,
5.40177,0.023019,,,
5.42037,0.0223224,,,
5.43903,0.0224644,,,
5.45775,0.02287,,,
5.47653,0.021915,,,
5.49539,0.0216741,,,
5.5143,0.0217789,,,
5.53328,0.0210941,,,
5.55233,0.0215711,,,
5.57144,0.0210252,,,
5.59062,0.0206101,,,
5.60987,0.0200192,,,
5.62918,0.0196787,,,
5.64855,0.0200051,,,
5.668,0.0196263,,,
5.68751,0.0197635,,,
5.70708,0.0195071,,,
5.72673,0.0193964,,,
5.74644,0.0190356,,,
5.76622,0.0191541,,,
5.78607,0.0183433,,,
5.80599,0.0185843,,,
5.82597,0.0181773,,,
5.84603,0.0179667,,,
5.86615,0.0177235,,,
5.88634,0.0172703,,,
5.90661,0.0170897,,,
5.92694,0.0173103,,,
5.94734,0.0169556,,,
5.96781,0.0166251,,,
5.98836,0.0165411,,,
6.00897,0.0162795,,,
6.02965,0.016228,,,
6.05041,0.0164275,,,
6.07124,0.0161519,,,
6.09213,0.01589,,,
6.1131,0.015642,,,
6.13415,0.0160557,,,
6.15526,0.015656,,,
6.17645,0.0151365,,,
6.19771,0.0151463,,,
6.21904,0.0148256,,,
6.24045,0.0148114,,,
6.26193,0.0148266,,,
6.28349,0.01427,,,
6.30512,0.0140192,,,
6.32682,0.0139854,,,
6.3486,0.0137392,,,
6.37045,0.013619,,,
6.39238,0.0137145,,,
6.41439,0.0133439,,,
6.43647,0.013063,,,
6.45862,0.0129198,,,
6.48085,0.012857,,,
6.50316,0.0126704,,,
6.52555,0.0128085,,,
6.54801,0.0127896,,,
6.57055,0.0125127,,,
6.59317,0.0123536,,,
6.61586,0.0119803,,,
6.63863,0.0118713,,,
6.66149,0.0119173,,,
6.68442,0.0115858,,,
6.70743,0.011169,,,
6.73051,0.011387,,,
6.75368,0.0113144,,,
6.77693,0.011174,,,
6.80026,0.0110651,,,
6.82367,0.0108869,,,
6.84715,0.0105051,,,
6.87072,0.0103987,,,
6.89437,0.0106283,,,
6.91811,0.0103026,,,
6.94192,0.0102396,,,
6.96582,0.010365,,,
6.98979,0.00997314,,,
7.01385,0.00994065,,,
7.038,0.00962418,,,
7.06222,0.00975405,,,
7.08653,0.00951628,,,
7.11093,0.00951944,,,
7.13541,0.00935039,,,
7.15997,0.00901808,,,
7.18461,0.00894183,,,
7.20934,0.00879344,,,
7.23416,0.0087079,,,
7.25906,0.00868345,,,
7.28405,0.00859838,,,
7.30912,0.0084089,,,
7.33428,0.00842375,,,
7.35953,0.00793046,,,
7.38486,0.00821576,,,
7.41028,0.00811466,,,
7.43579,0.00781371,,,
7.46139,0.00785487,,,
7.48707,0.00766134,,,
7.51284,0.00770035,,,
7.5387,0.00743387,,,
7.56465,0.0075844,,,
7.59069,0.00755888,,,
7.61682,0.0072862,,,
7.64304,0.00715748,,,
7.66935,0.00692002,,,
7.69575,0.00706445,,,
7.72224,0.0068587,,,
7.74882,0.0068088,,,
7.77549,0.00657088,,,
7.80226,0.00668921,,,
7.82912,0.0063356,,,
7.85607,0.00624139,,,
7.88311,0.0063068,,,
7.91024,0.00611424,,,
7.93747,0.00603526,,,
7.96479,0.00589734,,,
7.99221,0.00586316,,,
8.01972,0.00576979,,,
8.04733,0.00597946,,,
8.07503,0.0057016,,,
8.10283,0.00558854,,,
8.13072,0.00549639,,,
8.1587,0.00560638,,,
8.18679,0.00552301,,,
8.21497,0.00519269,,,
8.24325,0.00529029,,,
8.27162,0.00507165,,,
8.3001,0.00512546,,,
8.32867,0.00502332,,,
8.35734,0.0049079,,,
8.3861,0.0047633,,,
8.41497,0.00464927,,,
8.44394,0.00472564,,,
8.473,0.0045352,,,
8.50217,0.00453265,,,
8.53143,0.00444934,,,
8.5608,0.00443892,,,
8.59027,0.00426341,,,
8.61984,0.00433225,,,
8.64951,0.00402381,,,
8.67928,0.00404113,,,
8.70916,0.00405485,,,
8.73914,0.00387465,,,
8.76922,0.00391775,,,
8.79941,0.00372925,,,
8.8297,0.00378529,,,
8.86009,0.00366592,,,
8.89059,0.00375286,,,
8.92119,0.00346447,,,
8.9519,0.00360758,,,
8.98272,0.00354832,,,
9.01364,0.00345045,,,
9.04466,0.00331203,,,
9.0758,0.00322926,,,
9.10704,0.0031404,,,
9.13839,0.00315041,,,
9.16984,0.00315183,,,
9.20141,0.00306652,,,
9.23308,0.00313409,,,
9.26486,0.0029095,,,
9.29676,0.00285613,,,
9.32876,0.0029756,,,
9.36087,0.00276569,,,
9.39309,0.00277484,,,
9.42542,0.0027562,,,
9.45787,0.00266973,,,
9.49042,0.00260102,,,
9.52309,0.00253533,,,
9.55587,0.00257878,,,
9.58877,0.00249106,,,
9.62177,0.00239153,,,
9.65489,0.00243012,,,
9.68813,0.00221978,,,
9.72148,0.00226462,,,
9.75494,0.00223951,,,
9.78852,0.00207785,,,
9.82221,0.00211707,,,
9.85602,0.00217786,,,
9.88995,0.00191796,,,
9.92399,0.00195804,,,
9.95816,0.00197229,,,
9.99243,0.00177196,,,
10.0268,0.00187768,,,
10.0613,0.00175802,,,
10.096,0.00174027,,,
10.1307,0.00178594,,,
10.1656,0.00164952,,,
10.2006,0.00164252,,,
10.2357,0.00163121,,,
10.2709,0.00165818,,,
10.3063,0.0015674,,,
10.3418,0.00152969,,,
10.3774,0.00152318,,,
10.4131,0.00152538,,,
10.4489,0.00152442,,,
10.4849,0.00149683,,,
10.521,0.00137879,,,
10.5572,0.00138194,,,
10.5936,0.00124394,,,
10.63,0.00126254,,,
10.6666,0.00122074,,,
10.7033,0.00113285,,,
10.7402,0.00122441,,,
10.7771,0.00118355,,,
10.8142,0.00115749,,,
10.8515,0.00109349,,,
10.8888,0.00109021,,,
10.9263,0.00111505,,,
10.9639,0.00106706,,,
11.0016,0.00104418,,,
11.0395,0.000953547,,,
11.0775,0.000957219,,,
11.1156,0.000914375,,,
11.1539,0.000946561,,,
11.1923,0.000917534,,,
11.2308,0.00087688,,,
11.2695,0.000865209,,,
11.3083,0.000892627,,,
11.3472,0.000806417,,,
11.3863,0.000851935,,,
11.4255,0.000811456,,,
11.4648,0.000794118,,,
11.5043,0.000713295,,,
11.5439,0.000704528,,,
11.5836,0.000733354,,,
11.6235,0.000669177,,,
11.6635,0.000685328,,,
11.7036,0.000626603,,,
11.7439,0.000639219,,,
11.7843,0.00066035,,,
11.8249,0.000636769,,,
11.8656,0.000612279,,,
11.9065,0.000624876,,,
11.9474,0.000544624,,,
11.9886,0.000564059,,,
12.0298,0.000550207,,,
12.0712,0.000555473,,,
12.1128,0.000554498,,,
12.1545,0.000506489,,,
12.1963,0.000519636,,,
12.2383,0.00048892,,,
12.2804,0.000449809,,,
12.3227,0.000490469,,,
12.3651,0.000415612,,,
12.4077,0.000428713,,,
12.4504,0.00043071,,,
12.4933,0.000441627,,,
12.5363,0.00041098,,,
12.5794,0.000403775,,,
12.6227,0.000421773,,,
12.6662,0.000365228,,,
12.7098,0.000382646,,,
12.7535,0.000379266,,,
12.7974,0.000353657,,,
12.8415,0.000364,,,
12.8857,0.000321197,,,
12.93,0.0003044,,,
12.9745,0.00029496,,,
13.0192,0.000272997,,,
13.064,0.000277446,,,
13.109,0.000301036,,,
13.1541,0.000281425,,,
13.1994,0.000266415,,,
13.2448,0.00027113,,,
13.2904,0.000268294,,,
13.3362,0.000281093,,,
13.3821,0.000249827,,,
13.4281,0.000241048,,,
13.4743,0.000254187,,,
13.5207,0.000223672,,,
13.5673,0.000245742,,,
13.614,0.000209493,,,
13.6608,0.000222456,,,
13.7079,0.000178181,,,
13.755,0.000216008,,,
13.8024,0.000176166,,,
13.8499,0.000192315,,,
13.8976,0.000175981,,,
13.9454,0.00018947,,,
13.9934,0.00018086,,,
14.0416,0.000187325,,,
14.0899,0.000159169,,,
14.1384,0.000164234,,,
14.1871,0.000149251,,,
14.2359,0.000161232,,,
14.2849,0.000144778,,,
14.3341,0.000135504,,,
14.3834,0.00016504,,,
14.433,0.000133271,,,
14.4826,0.000133402,,,
14.5325,0.000134412,,,
14.5825,0.000117565,,,
14.6327,0.000143536,,,
14.6831,0.000137002,,,
14.7336,0.000115549,,,
14.7843,0.000118996,,,
14.8352,0.00011277,,,
14.8863,0.000112421,,,
14.9375,0.00011528,,,
14.989,0.00010368,,,
15.0406,0.000108635,,,
15.0923,0.00010653,,,
15.1443,9.89E-05,,,
15.1964,9.77E-05,,,
15.2487,7.77E-05,,,
15.3012,9.77E-05,,,
15.3539,9.45E-05,,,
15.4067,7.86E-05,,,
15.4598,9.15E-05,,,
15.513,8.14E-05,,,
15.5664,7.64E-05,,,
15.62,9.21E-05,,,
15.6737,7.47E-05,,,
15.7277,7.61E-05,,,
15.7818,8.53E-05,,,
15.8361,7.68E-05,,,
15.8907,7.60E-05,,,
15.9454,6.86E-05,,,
16.0002,6.90E-05,,,
16.0553,6.68E-05,,,
16.1106,6.75E-05,,,
16.166,6.74E-05,,,
16.2217,7.07E-05,,,
16.2775,6.05E-05,,,
16.3336,6.26E-05,,,
16.3898,5.53E-05,,,
16.4462,5.87E-05,,,
16.5028,5.57E-05,,,
16.5596,5.24E-05,,,
16.6166,5.09E-05,,,
16.6738,4.41E-05,,,
16.7312,4.93E-05,,,
16.7888,4.50E-05,,,
16.8466,4.65E-05,,,
16.9046,5.10E-05,,,
16.9628,4.55E-05,,,
17.0212,5.22E-05,,,
17.0798,4.57E-05,,,
17.1385,4.34E-05,,,
17.1975,3.85E-05,,,
17.2567,5.00E-05,,,
17.3161,4.53E-05,,,
17.3757,4.41E-05,,,
17.4356,4.47E-05,,,
17.4956,3.99E-05,,,
17.5558,3.73E-05,,,
17.6162,3.91E-05,,,
17.6769,3.82E-05,,,
17.7377,3.91E-05,,,
17.7988,3.52E-05,,,
17.86,3.68E-05,,,
17.9215,3.22E-05,,,
17.9832,3.22E-05,,,
18.0451,3.13E-05,,,
18.1072,3.36E-05,,,
18.1696,3.34E-05,,,
18.2321,3.13E-05,,,
18.2949,3.05E-05,,,
18.3578,3.05E-05,,,
18.421,2.59E-05,,,
18.4844,3.12E-05,,,
18.5481,2.67E-05,,,
18.6119,2.78E-05,,,
18.676,2.55E-05,,,
18.7403,2.85E-05,,,
18.8048,2.69E-05,,,
18.8695,2.66E-05,,,
18.9345,2.42E-05,,,
18.9996,2.24E-05,,,
19.065,2.20E-05,,,
19.1307,2.43E-05,,,
19.1965,2.53E-05,,,
19.2626,2.34E-05,,,
19.3289,2.14E-05,,,
19.3954,2.34E-05,,,
19.4622,2.38E-05,,,
19.5292,2.24E-05,,,
19.5964,2.09E-05,,,
19.6639,2.04E-05,,,
19.7316,2.11E-05,,,
19.7995,1.86E-05,,,
19.8676,2.00E-05,,,
19.936,2.26E-05,,,
20.0046,1.92E-05,,,
20.0735,1.86E-05,,,
20.1426,1.87E-05,,,
20.2119,1.88E-05,,,
20.2815,1.80E-05,,,
20.3513,2.01E-05,,,
20.4214,1.89E-05,,,
20.4917,1.67E-05,,,
20.5622,1.63E-05,,,
20.633,1.77E-05,,,
20.704,1.88E-05,,,
20.7753,1.76E-05,,,
20.8468,1.58E-05,,,
20.9186,1.68E-05,,,
20.9906,1.72E-05,,,
21.0628,1.66E-05,,,
21.1353,1.60E-05,,,
21.2081,1.50E-05,,,
21.2811,1.54E-05,,,
21.3543,1.45E-05,,,
21.4278,1.59E-05,,,
21.5016,1.49E-05,,,
21.5756,1.41E-05,,,
21.6499,1.43E-05,,,
21.7244,1.35E-05,,,
21.7992,1.44E-05,,,
21.8742,1.32E-05,,,
21.9495,1.30E-05,,,
22.0251,1.31E-05,,,
22.1009,1.37E-05,,,
22.177,1.28E-05,,,
22.2533,1.29E-05,,,
22.3299,1.36E-05,,,
22.4068,1.22E-05,,,
22.4839,1.20E-05,,,
22.5613,1.19E-05,,,
22.6389,1.17E-05,,,
22.7169,1.16E-05,,,
22.7951,1.14E-05,,,
22.8735,1.17E-05,,,
22.9523,1.13E-05,,,
23.0313,1.10E-05,,,
23.1106,1.09E-05,,,
23.1901,1.11E-05,,,
23.2699,1.07E-05,,,
23.35,1.13E-05,,,
23.4304,1.06E-05,,,
23.5111,1.03E-05,,,
23.592,1.02E-05,,,
23.6732,1.01E-05,,,
23.7547,9.91E-06,,,
23.8365,9.90E-06,,,
23.9185,9.78E-06,,,
24.0008,9.72E-06,,,
24.0835,9.46E-06,,,
24.1664,9.38E-06,,,
24.2496,9.36E-06,,,
24.333,9.12E-06,,,
24.4168,9.22E-06,,,
24.5008,8.95E-06,,,
24.5852,9.51E-06,,,
24.6698,8.74E-06,,,
24.7547,8.66E-06,,,
24.8399,8.62E-06,,,
24.9254,8.53E-06,,,
25.0112,8.45E-06,,,
25.0973,8.31E-06,,,
25.1837,8.28E-06,,,
25.2704,8.09E-06,,,
25.3574,8.00E-06,,,
25.4447,7.92E-06,,,
25.5323,7.91E-06,,,
25.6202,7.68E-06,,,
25.7083,7.61E-06,,,
25.7968,7.58E-06,,,
25.8856,7.45E-06,,,
25.9747,7.45E-06,,,
26.0641,7.37E-06,,,
26.1539,7.26E-06,,,
26.2439,7.09E-06,,,
26.3342,7.16E-06,,,
26.4249,6.92E-06,,,
26.5158,6.99E-06,,,
26.6071,6.82E-06,,,
26.6987,6.73E-06,,,
26.7906,6.69E-06,,,
26.8828,6.58E-06,,,
26.9754,6.48E-06,,,
27.0682,6.45E-06,,,
27.1614,6.38E-06,,,
27.2549,6.34E-06,,,
27.3487,6.30E-06,,,
27.4428,6.27E-06,,,
27.5373,6.17E-06,,,
27.6321,6.07E-06,,,
27.7272,5.92E-06,,,
27.8227,5.89E-06,,,
27.9184,5.89E-06,,,
28.0145,5.78E-06,,,
28.111,5.72E-06,,,
28.2077,5.65E-06,,,
28.3048,5.64E-06,,,
28.4023,5.54E-06,,,
28.5,5.43E-06,,,
28.5981,5.39E-06,,,
28.6966,5.33E-06,,,
28.7954,5.29E-06,,,
28.8945,5.28E-06,,,
28.9939,5.19E-06,,,
29.0937,5.12E-06,,,
29.1939,5.13E-06,,,
29.2944,5.00E-06,,,
29.3952,5.02E-06,,,
29.4964,4.88E-06,,,
29.5979,4.88E-06,,,
29.6998,4.76E-06,,,
29.802,4.79E-06,,,
29.9046,4.71E-06,,,
30.0076,4.67E-06,,,
30.1109,4.58E-06,,,
30.2145,4.56E-06,,,
30.3185,4.56E-06,,,
30.4229,4.45E-06,,,
30.5276,4.36E-06,,,
30.6327,4.38E-06,,,
30.7381,4.29E-06,,,
30.8439,4.19E-06,,,
30.9501,4.26E-06,,,
31.0566,4.12E-06,,,
31.1636,4.13E-06,,,
31.2708,4.03E-06,,,
31.3785,4.04E-06,,,
31.4865,3.98E-06,,,
31.5949,3.96E-06,,,
31.7036,3.91E-06,,,
31.8128,3.84E-06,,,
31.9223,3.82E-06,,,
32.0321,3.77E-06,,,
32.1424,3.72E-06,,,
32.253,3.69E-06,,,
32.3641,3.63E-06,,,
32.4755,3.62E-06,,,
32.5873,3.57E-06,,,
32.6994,3.54E-06,,,
32.812,3.41E-06,,,
32.9249,3.45E-06,,,
33.0383,3.39E-06,,,
33.152,3.44E-06,,,
33.2661,3.32E-06,,,
33.3806,3.29E-06,,,
33.4955,3.29E-06,,,
33.6108,3.20E-06,,,
33.7265,3.17E-06,,,
33.8426,3.13E-06,,,
33.9591,3.14E-06,,,
34.076,3.10E-06,,,
34.1933,3.07E-06,,,
34.311,2.97E-06,,,
34.4291,2.93E-06,,,
34.5476,2.88E-06,,,
34.6665,2.92E-06,,,
34.7859,2.84E-06,,,
34.9056,2.84E-06,,,
35.0258,2.77E-06,,,
35.1463,2.77E-06,,,
35.2673,2.72E-06,,,
35.3887,2.71E-06,,,
35.5105,2.68E-06,,,
35.6328,2.67E-06,,,
35.7554,2.63E-06,,,
35.8785,2.58E-06,,,
36.002,2.52E-06,,,
36.1259,2.57E-06,,,
36.2503,2.51E-06,,,
36.3751,2.45E-06,,,
36.5003,2.46E-06,,,
36.6259,2.43E-06,,,
36.752,2.36E-06,,,
36.8785,2.39E-06,,,
37.0054,2.33E-06,,,
37.1328,2.30E-06,,,
37.2606,2.30E-06,,,
37.3889,2.25E-06,,,
37.5176,2.22E-06,,,
37.6468,2.22E-06,,,
37.7763,2.20E-06,,,
37.9064,2.12E-06,,,
38.0369,2.10E-06,,,
38.1678,2.12E-06,,,
38.2992,2.08E-06,,,
38.431,2.03E-06,,,
38.5633,2.01E-06,,,
38.696,1.96E-06,,,
38.8292,1.95E-06,,,
38.9629,1.94E-06,,,
39.097,1.96E-06,,,
39.2316,1.90E-06,,,
39.3666,1.87E-06,,,
39.5022,1.84E-06,,,
39.6381,1.83E-06,,,
39.7746,1.80E-06,,,
39.9115,1.79E-06,,,
40.0489,1.79E-06,,,
40.1867,1.74E-06,,,
40.3251,1.71E-06,,,
40.4639,1.69E-06,,,
40.6032,1.68E-06,,,
40.7429,1.66E-06,,,
40.8832,1.65E-06,,,
41.0239,1.62E-06,,,
41.1651,1.62E-06,,,
41.3068,1.58E-06,,,
41.449,1.55E-06,,,
41.5917,1.54E-06,,,
41.7348,1.52E-06,,,
41.8785,1.54E-06,,,
42.0227,1.48E-06,,,
42.1673,1.50E-06,,,
42.3125,1.46E-06,,,
42.4581,1.45E-06,,,
42.6043,1.41E-06,,,
42.7509,1.42E-06,,,
42.8981,1.39E-06,,,
43.0457,1.36E-06,,,
43.1939,1.36E-06,,,
43.3426,1.33E-06,,,
43.4918,1.34E-06,,,
43.6415,1.30E-06,,,
43.7917,1.29E-06,,,
43.9425,1.30E-06,,,
44.0937,1.28E-06,,,
44.2455,1.25E-06,,,
44.3978,1.25E-06,,,
44.5506,1.24E-06,,,
44.704,1.21E-06,,,
44.8579,1.21E-06,,,
45.0123,1.18E-06,,,
45.1672,1.17E-06,,,
45.3227,1.15E-06,,,
45.4787,1.14E-06,,,
45.6353,1.11E-06,,,
45.7923,1.14E-06,,,
45.95,1.12E-06,,,
46.1081,1.07E-06,,,
46.2669,1.10E-06,,,
46.4261,1.09E-06,,,
46.5859,1.05E-06,,,
46.7463,1.04E-06,,,
46.9072,1.05E-06,,,
47.0687,1.05E-06,,,
47.2307,9.95E-07,,,
47.3933,1.00E-06,,,
47.5564,9.98E-07,,,
47.7201,9.69E-07,,,
47.8844,9.86E-07,,,
48.0492,9.66E-07,,,
48.2146,9.51E-07,,,
48.3806,9.30E-07,,,
48.5471,9.60E-07,,,
48.7142,9.12E-07,,,
48.8819,9.23E-07,,,
49.0501,9.13E-07,,,
49.219,9.00E-07,,,
49.3884,8.85E-07,,,
49.5584,8.63E-07,,,
49.729,8.73E-07,,,
49.9002,8.62E-07,,,
50.072,8.50E-07,,,
50.2443,8.38E-07,,,
50.4173,8.29E-07,,,
50.5908,8.11E-07,,,
50.765,8.03E-07,,,
50.9397,8.00E-07,,,
51.1151,7.84E-07,,,
51.291,8.01E-07,,,
51.4676,7.84E-07,,,
51.6447,7.60E-07,,,
51.8225,7.63E-07,,,
52.0009,7.58E-07,,,
52.1799,7.32E-07,,,
52.3595,7.35E-07,,,
52.5397,7.19E-07,,,
52.7206,7.12E-07,,,
52.9021,7.15E-07,,,
53.0842,6.97E-07,,,
53.2669,6.86E-07,,,
53.4502,6.90E-07,,,
53.6342,6.72E-07,,,
53.8188,6.80E-07,,,
54.0041,6.72E-07,,,
54.19,6.64E-07,,,
54.3765,6.52E-07,,,
54.5637,6.41E-07,,,
54.7515,6.39E-07,,,
54.94,6.27E-07,,,
55.1291,6.16E-07,,,
55.3189,6.03E-07,,,
55.5093,6.11E-07,,,
55.7004,6.03E-07,,,
55.8921,5.96E-07,,,
56.0845,5.96E-07,,,
56.2776,5.79E-07,,,
56.4713,5.75E-07,,,
56.6657,5.60E-07,,,
56.8607,5.55E-07,,,
57.0565,5.56E-07,,,
57.2529,5.44E-07,,,
57.4499,5.34E-07,,,
57.6477,5.35E-07,,,
57.8461,5.26E-07,,,
58.0452,5.34E-07,,,
58.245,5.20E-07,,,
58.4455,5.03E-07,,,
58.6467,4.92E-07,,,
58.8486,4.96E-07,,,
59.0512,4.89E-07,,,
59.2544,4.80E-07,,,
59.4584,4.81E-07,,,
59.6631,4.76E-07,,,
59.8684,4.69E-07,,,
60.0745,4.59E-07,,,
60.2813,4.50E-07,,,
60.4888,4.53E-07,,,
60.697,4.50E-07,,,
60.906,4.39E-07,,,
61.1156,4.37E-07,,,
61.326,4.22E-07,,,
61.5371,4.26E-07,,,
61.7489,4.12E-07,,,
61.9615,4.16E-07,,,
62.1748,4.05E-07,,,
62.3888,4.10E-07,,,
62.6035,4.02E-07,,,
62.819,4.00E-07,,,
63.0353,3.82E-07,,,
63.2522,3.85E-07,,,
63.47,3.79E-07,,,
63.6885,3.73E-07,,,
63.9077,3.67E-07,,,
64.1277,3.70E-07,,,
64.3484,3.54E-07,,,
64.5699,3.49E-07,,,
64.7922,3.46E-07,,,
65.0152,3.44E-07,,,
65.239,3.43E-07,,,
65.4636,3.32E-07,,,
65.6889,3.26E-07,,,
65.915,3.31E-07,,,
66.1419,3.27E-07,,,
66.3696,3.20E-07,,,
66.5981,3.14E-07,,,
66.8273,3.13E-07,,,
67.0573,3.11E-07,,,
67.2882,3.03E-07,,,
67.5198,2.92E-07,,,
67.7522,2.91E-07,,,
67.9854,2.87E-07,,,
68.2194,2.84E-07,,,
68.4543,2.82E-07,,,
68.6899,2.78E-07,,,
68.9264,2.73E-07,,,
69.1636,2.82E-07,,,
69.4017,2.73E-07,,,
69.6406,2.71E-07,,,
69.8803,2.68E-07,,,
70.1209,2.64E-07,,,
70.3622,2.57E-07,,,
70.6044,2.61E-07,,,
70.8475,2.49E-07,,,
71.0913,2.53E-07,,,
71.336,2.46E-07,,,
71.5816,2.42E-07,,,
71.828,2.43E-07,,,
72.0753,2.39E-07,,,
72.3234,2.30E-07,,,
72.5723,2.35E-07,,,
72.8221,2.37E-07,,,
73.0728,2.32E-07,,,
73.3243,2.24E-07,,,
73.5767,2.27E-07,,,
73.83,2.26E-07,,,
74.0841,2.20E-07,,,
74.3391,2.20E-07,,,
74.595,2.14E-07,,,
74.8518,2.11E-07,,,
75.1095,2.12E-07,,,
75.368,2.09E-07,,,
75.6274,2.03E-07,,,
75.8878,2.06E-07,,,
76.149,2.02E-07,,,
76.4111,2.02E-07,,,
76.6741,1.99E-07,,,
76.9381,1.99E-07,,,
77.2029,1.93E-07,,,
77.4687,1.92E-07,,,
77.7353,1.93E-07,,,
78.0029,1.87E-07,,,
78.2714,1.80E-07,,,
78.5408,1.88E-07,,,
78.8112,1.83E-07,,,
79.0825,1.81E-07,,,
79.3547,1.75E-07,,,
79.6279,1.76E-07,,,
79.902,1.75E-07,,,
80.177,1.78E-07,,,
80.453,1.76E-07,,,
80.7299,1.74E-07,,,
81.0078,1.71E-07,,,
81.2867,1.61E-07,,,
81.5665,1.65E-07,,,
81.8472,1.65E-07,,,
82.129,1.63E-07,,,
82.4117,1.61E-07,,,
82.6954,1.55E-07,,,
82.98,1.56E-07,,,
83.2656,1.54E-07,,,
83.5523,1.53E-07,,,
83.8399,1.53E-07,,,
84.1285,1.49E-07,,,
84.4181,1.48E-07,,,
84.7086,1.43E-07,,,
85.0002,1.47E-07,,,
85.2928,1.41E-07,,,
85.5864,1.42E-07,,,
85.881,1.36E-07,,,
86.1767,1.42E-07,,,
86.4733,1.36E-07,,,
86.771,1.34E-07,,,
87.0696,1.30E-07,,,
87.3693,1.31E-07,,,
87.6701,1.34E-07,,,
87.9719,1.27E-07,,,
88.2747,1.29E-07,,,
88.5786,1.24E-07,,,
88.8835,1.27E-07,,,
89.1894,1.25E-07,,,
89.4964,1.21E-07,,,
89.8045,1.24E-07,,,
90.1136,1.19E-07,,,
90.4238,1.20E-07,,,
90.7351,1.15E-07,,,
91.0474,1.14E-07,,,
91.3608,1.13E-07,,,
91.6753,1.18E-07,,,
91.9909,1.11E-07,,,
92.3075,1.11E-07,,,
92.6253,1.08E-07,,,
92.9441,1.11E-07,,,
93.264,1.06E-07,,,
93.5851,1.06E-07,,,
93.9072,1.05E-07,,,
94.2305,1.03E-07,,,
94.5548,1.01E-07,,,
94.8803,1.03E-07,,,
95.2069,9.84E-08,,,
95.5346,1.00E-07,,,
95.8635,9.51E-08,,,
96.1935,9.25E-08,,,
96.5246,9.33E-08,,,
96.8568,9.13E-08,,,
97.1902,9.37E-08,,,
97.5248,8.91E-08,,,
97.8605,8.74E-08,,,
98.1974,8.81E-08,,,
98.5354,8.66E-08,,,
98.8746,8.40E-08,,,
99.2149,8.28E-08,,,
99.5564,8.31E-08,,,
99.8991,8.55E-08,,,
100.243,7.86E-08,,,
100.588,7.78E-08,,,
100.934,7.96E-08,,,
101.282,7.76E-08,,,
101.63,7.86E-08,,,
101.98,7.70E-08,,,
102.331,7.34E-08,,,
102.684,7.37E-08,,,
103.037,6.85E-08,,,
103.392,7.16E-08,,,
103.748,6.84E-08,,,
104.105,6.84E-08,,,
104.463,6.71E-08,,,
104.823,6.59E-08,,,
105.183,6.49E-08,,,
105.545,6.48E-08,,,
105.909,6.28E-08,,,
106.273,6.18E-08,,,
106.639,6.19E-08,,,
107.006,6.22E-08,,,
107.375,5.81E-08,,,
107.744,5.70E-08,,,
108.115,5.53E-08,,,
108.487,5.30E-08,,,
108.861,5.63E-08,,,
109.235,5.27E-08,,,
109.611,5.33E-08,,,
109.989,5.14E-08,,,
110.367,4.89E-08,,,
110.747,5.08E-08,,,
111.128,4.66E-08,,,
111.511,4.51E-08,,,
111.895,4.55E-08,,,
112.28,4.15E-08,,,
112.666,4.39E-08,,,
113.054,3.85E-08,,,
113.443,4.08E-08,,,
113.834,3.76E-08,,,
114.226,3.73E-08,,,
114.619,3.44E-08,,,
115.014,3.22E-08,,,
115.409,3.09E-08,,,
115.807,2.93E-08,,,
116.205,2.99E-08,,,
116.605,2.78E-08,,,
117.007,2.53E-08,,,
117.41,2.42E-08,,,
117.814,2.10E-08,,,
118.219,1.93E-08,,,
118.626,1.71E-08,,,
119.034,1.73E-08,,,
119.444,1.42E-08,,,
119.855,1.19E-08,,,
120.268,1.20E-08,,,
120.682,1.01E-08,,,
121.097,9.14E-09,,,
121.514,7.66E-09,,,
121.932,6.92E-09,,,
122.352,6.34E-09,,,
122.773,4.84E-09,,,
123.196,4.26E-09,,,
123.62,3.02E-09,,,
124.046,2.90E-09,,,
124.473,2.29E-09,,,
124.901,1.54E-09,,,
125.331,1.53E-09,,,
125.762,1.35E-09,,,
126.195,1.06E-09,,,
126.63,9.90E-10,,,
127.066,8.83E-10,,,
127.503,7.09E-10,,,
127.942,6.04E-10,,,
128.382,5.05E-10,,,
128.824,3.82E-10,,,
129.268,3.58E-10,,,
129.713,3.80E-10,,,
130.159,3.44E-10,,,
130.607,3.25E-10,,,
131.057,2.97E-10,,,
131.508,2.85E-10,,,
131.961,2.44E-10,,,
132.415,3.38E-10,,,
132.871,2.67E-10,,,
133.328,1.46E-10,,,
133.787,1.95E-10,,,
134.247,1.34E-10,,,
134.709,2.09E-10,,,
135.173,1.57E-10,,,
135.638,1.63E-10,,,
136.105,1.58E-10,,,
136.574,1.30E-10,,,
137.044,6.64E-11,,,
137.516,2.25E-10,,,
137.989,1.34E-10,,,
138.464,1.61E-10,,,
138.941,1.14E-10,,,
139.419,1.19E-10,,,
139.899,1.33E-10,,,
140.38,6.85E-11,,,
140.864,1.08E-10,,,
141.349,9.47E-11,,,
141.835,2.82E-11,,,
142.323,1.35E-10,,,
142.813,4.12E-11,,,
143.305,1.00E-10,,,
143.798,1.73E-11,,,
144.293,1.25E-10,,,
144.79,8.18E-11,,,
145.288,6.03E-11,,,
145.788,6.19E-11,,,
146.29,1.06E-10,,,
146.794,6.20E-11,,,
147.299,4.41E-11,,,
147.806,3.85E-11,,,
148.315,6.31E-11,,,
148.825,2.15E-11,,,
149.338,1.20E-10,,,
149.852,5.76E-11,,,
150.368,3.61E-11,,,
150.885,1.45E-10,,,
151.405,7.42E-11,,,
151.926,5.99E-11,,,
152.449,6.14E-11,,,
152.973,1.09E-10,,,
153.5,0,,,
154.028,4.53E-11,,,
154.559,3.98E-11,,,
155.091,1.60E-11,,,
155.624,0,,,
156.16,1.59E-11,,,
156.698,4.09E-11,,,
157.237,0,,,
157.778,1.87E-11,,,
158.321,4.10E-11,,,
158.866,8.20E-11,,,
159.413,5.49E-11,,,
159.962,0,,,
160.513,0,,,
161.065,5.36E-11,,,
161.62,0,,,
162.176,2.77E-11,,,
162.734,3.57E-11,,,
163.294,3.56E-11,,,
163.856,5.50E-11,,,
164.42,3.46E-11,,,
164.986,3.73E-11,,,
165.554,0,,,
166.124,0,,,
166.696,0,,,
167.27,0,,,
167.846,1.75E-11,,,
168.423,3.45E-11,,,
169.003,0,,,
169.585,2.65E-11,,,
170.169,8.22E-11,,,
170.754,3.40E-11,,,
171.342,0,,,
171.932,1.45E-11,,,
172.524,2.88E-11,,,
173.118,0,,,
173.714,0,,,
174.312,3.33E-11,,,
174.912,3.32E-11,,,
175.514,0,,,
176.118,0,,,
176.724,0,,,
177.332,3.28E-11,,,
177.943,3.27E-11,,,
178.555,3.26E-11,,,
179.17,0,,,
179.787,0,,,
180.406,1.38E-11,,,
181.027,0,,,
181.65,0,,,
182.275,3.19E-11,,,
182.902,0,,,
183.532,0,,,
184.164,0,,,
184.798,0,,,
185.434,0,,,
186.072,0,,,
186.713,0,,,
187.355,0,,,
188,0,,,
188.647,0,,,
189.297,0,,,
189.948,0,,,
190.602,0,,,
191.258,3.04E-11,,,
191.917,0,,,
192.577,0,,,
193.24,0,,,
193.905,0,,,
194.573,0,,,
195.243,0,,,
195.915,0,,,
196.589,0,,,
197.266,0,,,
197.945,0,,,
198.626,0,,,
199.31,0,,,
199.996,2.91E-11,,,
200.684,0,,,
201.375,0,,,
202.068,0,,,
202.764,0,,,
203.462,3.13E-11,,,
204.162,3.11E-11,,,
204.865,0,,,
205.57,0,,,
206.278,0,,,
206.988,0,,,
207.7,0,,,
208.415,2.79E-11,,,
209.133,0,,,
209.853,2.77E-11,,,
210.575,0,,,
211.3,3.01E-11,,,
212.027,0,,,
212.757,0,,,
213.489,0,,,
214.224,0,,,
214.962,0,,,
215.702,2.69E-11,,,
216.444,0,,,
217.189,0,,,
217.937,0,,,
218.687,0,,,
219.44,2.65E-11,,,
220.195,2.89E-11,,,
220.953,0,,,
221.714,0,,,
222.477,2.82E-11,,,
223.243,0,,,
224.011,0,,,
224.782,0,,,
225.556,2.82E-11,,,
226.332,2.81E-11,,,
227.111,0,,,
227.893,2.79E-11,,,
228.678,0,,,
229.465,0,,,
230.255,0,,,
231.047,0,,,
231.843,2.71E-11,,,
232.641,0,,,
233.441,0,,,
234.245,0,,,
235.051,0,,,
235.86,0,,,
236.672,0,,,
237.487,2.65E-11,,,
238.304,0,,,
239.125,0,,,
239.948,0,,,
240.774,0,,,
241.603,0,,,
242.434,0,,,
243.269,0,,,
244.106,0,,,
244.946,0,,,
245.79,0,,,
246.636,2.55E-11,,,
247.485,0,,,
248.337,0,,,
249.191,0,,,
250.049,0,,,
250.91,0,,,
251.774,0,,,
252.64,0,,,
253.51,0,,,
254.383,0,,,
255.258,0,,,
256.137,0,,,
257.019,0,,,
257.903,2.44E-11,,,
258.791,0,,,
259.682,0,,,
260.576,0,,,
261.473,0,,,
262.373,0,,,
263.276,0,,,
264.182,0,,,
265.092,0,,,
266.004,0,,,
266.92,0,,,
267.838,0,,,
268.76,0,,,
269.686,0,,,
270.614,0,,,
271.545,0,,,
272.48,0,,,
273.418,0,,,
274.359,0,,,
275.304,0,,,
276.251,0,,,
277.202,0,,,
278.156,0,,,
279.114,0,,,
280.075,0,,,
281.039,0,,,
282.006,0,,,
282.977,0,,,
283.951,0,,,
284.928,0,,,
285.909,0,,,
286.893,0,,,
287.881,0,,,
288.872,0,,,
289.866,0,,,
290.864,0,,,
291.865,0,,,
292.87,0,,,
293.878,0,,,
294.89,0,,,
295.905,0,,,
296.923,0,,,
297.945,0,,,
298.971,0,,,
300,,,,
