0.01,0.00760903,5.08,0.6198787,0.9905999
0.0100344,0.012635,,1.239757,0.912664538
0.010069,0.013753,,1.859636,0.838831025
0.0101036,0.0234237,,2.479515,0.600922925
0.0101384,0.00917922,,3.099394,0.525038456
0.0101733,0.0123472,,3.719272,0.447103056
0.0102083,0.0107311,,4.339151,0.307639688
0.0102435,0.0136993,,4.95903,0.2297043
0.0102787,0.0100147,,6.198787,0.118954015
0.0103141,0.0136353,,,
0.0103496,0.0203323,,,
0.0103852,0.00895713,,,
0.010421,0.0184817,,,
0.0104568,0.0280216,,,
0.0104928,0.0453583,,,
0.010529,0.0452776,,,
0.0105652,0.0505938,,,
0.0106016,0.0571737,,,
0.0106381,0.0553284,,,
0.0106747,0.0601526,,,
0.0107114,0.0518216,,,
0.0107483,0.0597106,,,
0.0107853,0.0666627,,,
0.0108224,0.0621327,,,
0.0108597,0.070182,,,
0.0108971,0.059404,,,
0.0109346,0.0829274,,,
0.0109722,0.156818,,,
0.01101,0.170877,,,
0.0110479,0.205328,,,
0.0110859,0.75577,,,
0.0111241,1.01744,,,
0.0111624,1.03081,,,
0.0112008,1.00155,,,
0.0112393,1.00396,,,
0.011278,0.980701,,,
0.0113168,0.993717,,,
0.0113558,1.02281,,,
0.0113949,0.98715,,,
0.0114341,0.971729,,,
0.0114735,0.95836,,,
0.011513,0.934061,,,
0.0115526,0.942943,,,
0.0115924,0.931334,,,
0.0116323,0.94587,,,
0.0116723,0.929052,,,
0.0117125,0.96963,,,
0.0117528,0.959186,,,
0.0117933,0.946267,,,
0.0118339,0.90592,,,
0.0118746,0.899641,,,
0.0119155,0.915981,,,
0.0119565,0.867277,,,
0.0119976,0.847553,,,
0.0120389,0.869031,,,
0.0120804,0.858951,,,
0.012122,0.871166,,,
0.0121637,0.853187,,,
0.0122056,0.845745,,,
0.0122476,0.834614,,,
0.0122897,0.878979,,,
0.012332,0.830979,,,
0.0123745,0.811837,,,
0.0124171,0.805828,,,
0.0124598,0.80331,,,
0.0125027,0.776415,,,
0.0125458,0.774344,,,
0.0125889,0.756836,,,
0.0126323,0.777697,,,
0.0126758,0.798958,,,
0.0127194,0.763448,,,
0.0127632,0.705512,,,
0.0128071,0.74937,,,
0.0128512,0.716987,,,
0.0128954,0.747216,,,
0.0129398,0.713674,,,
0.0129844,0.74013,,,
0.0130291,0.731333,,,
0.0130739,0.692724,,,
0.0131189,0.664563,,,
0.0131641,0.641954,,,
0.0132094,0.672421,,,
0.0132548,0.667469,,,
0.0133005,0.641358,,,
0.0133463,0.625394,,,
0.0133922,0.634403,,,
0.0134383,0.649807,,,
0.0134846,0.646758,,,
0.013531,0.580163,,,
0.0135775,0.611953,,,
0.0136243,0.607867,,,
0.0136712,0.583789,,,
0.0137182,0.590571,,,
0.0137655,0.58066,,,
0.0138128,0.596196,,,
0.0138604,0.629364,,,
0.0139081,0.62829,,,
0.013956,0.586566,,,
0.014004,0.570958,,,
0.0140522,0.534457,,,
0.0141006,0.565112,,,
0.0141491,0.587021,,,
0.0141978,0.549359,,,
0.0142467,0.561018,,,
0.0142957,0.521664,,,
0.014345,0.514566,,,
0.0143943,0.525117,,,
0.0144439,0.513997,,,
0.0144936,0.534285,,,
0.0145435,0.510008,,,
0.0145936,0.493663,,,
0.0146438,0.495701,,,
0.0146942,0.494172,,,
0.0147448,0.516567,,,
0.0147955,0.488769,,,
0.0148465,0.492607,,,
0.0148976,0.508503,,,
0.0149488,0.589434,,,
0.0150003,0.497161,,,
0.0150519,0.45914,,,
0.0151038,0.531896,,,
0.0151557,0.487058,,,
0.0152079,0.477264,,,
0.0152603,0.476094,,,
0.0153128,0.460632,,,
0.0153655,0.44603,,,
0.0154184,0.466001,,,
0.0154715,0.44913,,,
0.0155247,0.442941,,,
0.0155782,0.454708,,,
0.0156318,0.451476,,,
0.0156856,0.453744,,,
0.0157396,0.422369,,,
0.0157938,0.398615,,,
0.0158481,0.453886,,,
0.0159027,0.421956,,,
0.0159574,0.403636,,,
0.0160124,0.419486,,,
0.0160675,0.417332,,,
0.0161228,0.399237,,,
0.0161783,1.37518,,,
0.016234,0.471383,,,
0.0162898,0.4927,,,
0.0163459,0.418013,,,
0.0164022,0.426224,,,
0.0164586,0.448561,,,
0.0165153,0.433235,,,
0.0165722,0.428173,,,
0.0166292,0.393254,,,
0.0166864,0.383707,,,
0.0167439,0.385135,,,
0.0168015,0.40612,,,
0.0168593,0.442815,,,
0.0169174,0.38799,,,
0.0169756,0.394051,,,
0.0170341,0.351458,,,
0.0170927,0.380354,,,
0.0171515,0.357518,,,
0.0172106,0.372191,,,
0.0172698,0.337477,,,
0.0173293,0.324269,,,
0.0173889,0.32998,,,
0.0174488,0.334559,,,
0.0175088,0.289815,,,
0.0175691,0.319061,,,
0.0176296,0.314979,,,
0.0176903,0.293469,,,
0.0177511,0.29867,,,
0.0178123,0.293394,,,
0.0178736,0.27241,,,
0.0179351,0.278555,,,
0.0179968,0.275324,,,
0.0180588,0.275813,,,
0.0181209,0.260612,,,
0.0181833,0.280541,,,
0.0182459,0.272614,,,
0.0183087,0.266588,,,
0.0183717,0.274084,,,
0.018435,0.262772,,,
0.0184984,0.248221,,,
0.0185621,0.251358,,,
0.018626,0.223133,,,
0.0186901,0.259855,,,
0.0187545,0.23402,,,
0.018819,0.233868,,,
0.0188838,0.248102,,,
0.0189488,0.239049,,,
0.019014,0.25808,,,
0.0190795,0.22366,,,
0.0191451,0.227768,,,
0.019211,0.207864,,,
0.0192772,0.23034,,,
0.0193435,0.21169,,,
0.0194101,0.210019,,,
0.0194769,0.211752,,,
0.019544,0.21261,,,
0.0196112,0.194364,,,
0.0196788,0.213206,,,
0.0197465,0.187301,,,
0.0198145,0.199694,,,
0.0198827,0.186383,,,
0.0199511,0.19209,,,
0.0200198,0.695853,,,
0.0200887,0.210597,,,
0.0201579,0.262196,,,
0.0202272,0.198637,,,
0.0202969,0.204293,,,
0.0203667,0.198587,,,
0.0204368,0.175021,,,
0.0205072,0.191073,,,
0.0205778,0.174709,,,
0.0206486,0.220072,,,
0.0207197,0.189581,,,
0.020791,0.191773,,,
0.0208626,0.169385,,,
0.0209344,0.160682,,,
0.0210065,0.170665,,,
0.0210788,0.167027,,,
0.0211513,0.149383,,,
0.0212241,0.163049,,,
0.0212972,0.159981,,,
0.0213705,0.15725,,,
0.0214441,0.149788,,,
0.0215179,0.152868,,,
0.0215919,0.151397,,,
0.0216663,0.161455,,,
0.0217408,0.13601,,,
0.0218157,0.14068,,,
0.0218908,0.159272,,,
0.0219661,0.134838,,,
0.0220417,0.154073,,,
0.0221176,0.13972,,,
0.0221938,0.139268,,,
0.0222701,0.142307,,,
0.0223468,0.146804,,,
0.0224237,0.140013,,,
0.0225009,0.151557,,,
0.0225784,0.152626,,,
0.0226561,0.15548,,,
0.0227341,0.153604,,,
0.0228123,0.148928,,,
0.0228909,0.16294,,,
0.0229697,0.142214,,,
0.0230487,0.161398,,,
0.0231281,0.146849,,,
0.0232077,0.158411,,,
0.0232876,0.15748,,,
0.0233677,0.147024,,,
0.0234482,0.165225,,,
0.0235289,0.153556,,,
0.0236099,0.1743,,,
0.0236911,0.1821,,,
0.0237727,0.17137,,,
0.0238545,0.167155,,,
0.0239366,0.184355,,,
0.024019,0.40427,,,
0.0241017,0.194096,,,
0.0241847,0.19489,,,
0.0242679,0.19533,,,
0.0243514,0.188838,,,
0.0244353,0.174622,,,
0.0245194,0.177794,,,
0.0246038,0.180467,,,
0.0246885,0.171902,,,
0.0247735,0.192208,,,
0.0248587,0.186457,,,
0.0249443,0.181724,,,
0.0250302,0.187722,,,
0.0251163,0.182212,,,
0.0252028,0.173982,,,
0.0252895,0.189937,,,
0.0253766,0.171763,,,
0.0254639,0.181335,,,
0.0255516,0.18037,,,
0.0256396,0.183181,,,
0.0257278,0.17299,,,
0.0258164,0.165467,,,
0.0259052,0.180077,,,
0.0259944,0.177537,,,
0.0260839,0.16469,,,
0.0261737,0.180636,,,
0.0262638,0.182395,,,
0.0263542,0.17698,,,
0.0264449,0.16624,,,
0.0265359,0.178038,,,
0.0266273,0.177405,,,
0.0267189,0.182609,,,
0.0268109,0.178605,,,
0.0269032,0.165919,,,
0.0269958,0.171145,,,
0.0270887,0.178125,,,
0.027182,0.172045,,,
0.0272755,0.170545,,,
0.0273694,0.186501,,,
0.0274636,0.171841,,,
0.0275582,0.169299,,,
0.027653,0.188794,,,
0.0277482,0.177107,,,
0.0278437,0.183786,,,
0.0279396,0.185317,,,
0.0280357,0.185167,,,
0.0281323,0.169704,,,
0.0282291,0.171341,,,
0.0283263,0.179671,,,
0.0284238,0.171512,,,
0.0285216,0.181291,,,
0.0286198,0.181314,,,
0.0287183,0.185617,,,
0.0288172,0.166287,,,
0.0289164,0.166425,,,
0.0290159,0.171123,,,
0.0291158,0.173537,,,
0.029216,0.168206,,,
0.0293166,0.1795,,,
0.0294175,0.152513,,,
0.0295187,0.177099,,,
0.0296203,0.168892,,,
0.0297223,0.156059,,,
0.0298246,0.147787,,,
0.0299273,0.158313,,,
0.0300303,0.15724,,,
0.0301337,0.16063,,,
0.0302374,0.169005,,,
0.0303415,0.160293,,,
0.0304459,0.149459,,,
0.0305507,0.149615,,,
0.0306559,0.156978,,,
0.0307614,0.147392,,,
0.0308673,0.158142,,,
0.0309735,0.152599,,,
0.0310802,0.152146,,,
0.0311872,0.153437,,,
0.0312945,0.135046,,,
0.0314022,0.143041,,,
0.0315103,0.14519,,,
0.0316188,0.14381,,,
0.0317276,0.138016,,,
0.0318368,0.150383,,,
0.0319464,0.144016,,,
0.0320564,0.147797,,,
0.0321667,0.148796,,,
0.0322775,0.157573,,,
0.0323886,0.153799,,,
0.0325001,0.13254,,,
0.0326119,0.135597,,,
0.0327242,0.126644,,,
0.0328368,0.135572,,,
0.0329499,0.148123,,,
0.0330633,0.134922,,,
0.0331771,0.134835,,,
0.0332913,0.131276,,,
0.0334059,0.116834,,,
0.0335209,0.133109,,,
0.0336363,0.135236,,,
0.0337521,0.119287,,,
0.0338682,0.126607,,,
0.0339848,0.120196,,,
0.0341018,0.116806,,,
0.0342192,0.126225,,,
0.034337,0.124775,,,
0.0344552,0.12436,,,
0.0345738,0.12233,,,
0.0346928,0.121407,,,
0.0348122,0.11873,,,
0.034932,0.122909,,,
0.0350523,0.129798,,,
0.035173,0.111901,,,
0.035294,0.112088,,,
0.0354155,0.120564,,,
0.0355374,0.114086,,,
0.0356597,0.112967,,,
0.0357825,0.119215,,,
0.0359057,0.118722,,,
0.0360293,0.116748,,,
0.0361533,0.121499,,,
0.0362777,0.112789,,,
0.0364026,0.113373,,,
0.0365279,0.117003,,,
0.0366537,0.111146,,,
0.0367798,0.120222,,,
0.0369064,0.111621,,,
0.0370335,0.122414,,,
0.0371609,0.112376,,,
0.0372889,0.117534,,,
0.0374172,0.107767,,,
0.037546,0.110172,,,
0.0376753,0.105393,,,
0.0378049,0.108398,,,
0.0379351,0.10343,,,
0.0380657,0.110984,,,
0.0381967,0.104872,,,
0.0383282,0.111369,,,
0.0384601,0.105997,,,
0.0385925,0.101762,,,
0.0387253,0.0950933,,,
0.0388586,0.105623,,,
0.0389924,0.115591,,,
0.0391266,0.109025,,,
0.0392613,0.124331,,,
0.0393965,0.0994958,,,
0.0395321,0.112542,,,
0.0396681,0.102647,,,
0.0398047,0.102532,,,
0.0399417,0.100847,,,
0.0400792,0.110258,,,
0.0402172,0.109743,,,
0.0403556,0.108629,,,
0.0404945,0.107448,,,
0.0406339,0.111876,,,
0.0407738,0.108139,,,
0.0409141,0.102375,,,
0.041055,0.1099,,,
0.0411963,0.112494,,,
0.0413381,0.102487,,,
0.0414804,0.0985399,,,
0.0416232,0.100381,,,
0.0417664,0.109058,,,
0.0419102,0.096127,,,
0.0420545,0.102201,,,
0.0421992,0.105544,,,
0.0423445,0.104253,,,
0.0424903,0.105112,,,
0.0426365,0.0977285,,,
0.0427833,0.0966004,,,
0.0429306,0.0964751,,,
0.0430783,0.100048,,,
0.0432266,0.0997456,,,
0.0433754,0.0901574,,,
0.0435247,0.0948799,,,
0.0436745,0.0933606,,,
0.0438249,0.100613,,,
0.0439757,0.0947153,,,
0.0441271,0.102342,,,
0.044279,0.101175,,,
0.0444314,0.0941128,,,
0.0445844,0.0982702,,,
0.0447378,0.0985237,,,
0.0448918,0.0952592,,,
0.0450464,0.0905073,,,
0.0452014,0.103384,,,
0.045357,0.0981006,,,
0.0455131,0.0872952,,,
0.0456698,0.0974757,,,
0.045827,0.0908123,,,
0.0459848,0.0853307,,,
0.0461431,0.0943492,,,
0.0463019,0.0911415,,,
0.0464613,0.0949288,,,
0.0466212,0.0946447,,,
0.0467817,0.0890864,,,
0.0469427,0.0855505,,,
0.0471043,0.0934713,,,
0.0472664,0.0823244,,,
0.0474291,0.0940501,,,
0.0475924,0.0918392,,,
0.0477562,0.085201,,,
0.0479206,0.0923152,,,
0.0480856,0.098593,,,
0.0482511,0.0934793,,,
0.0484172,0.136673,,,
0.0485839,0.0957375,,,
0.0487511,0.0875077,,,
0.0489189,0.0808732,,,
0.0490873,0.0946675,,,
0.0492563,0.0911184,,,
0.0494258,0.0897522,,,
0.0495959,0.0881515,,,
0.0497667,0.0845392,,,
0.049938,0.0848662,,,
0.0501099,0.0817273,,,
0.0502824,0.0803553,,,
0.0504554,0.0860365,,,
0.0506291,0.0860801,,,
0.0508034,0.0846333,,,
0.0509783,0.0823432,,,
0.0511538,0.0816575,,,
0.0513298,0.0906103,,,
0.0515065,0.089428,,,
0.0516838,0.0765473,,,
0.0518617,0.085638,,,
0.0520403,0.0857131,,,
0.0522194,0.0791097,,,
0.0523991,0.078727,,,
0.0525795,0.073407,,,
0.0527605,0.0751046,,,
0.0529421,0.0810175,,,
0.0531244,0.0798197,,,
0.0533072,0.0777121,,,
0.0534907,0.0799146,,,
0.0536748,0.0835562,,,
0.0538596,0.0787227,,,
0.054045,0.0798922,,,
0.054231,0.0778484,,,
0.0544177,0.0731559,,,
0.054605,0.07824,,,
0.054793,0.0742739,,,
0.0549816,0.0766383,,,
0.0551709,0.0796729,,,
0.0553608,0.0789948,,,
0.0555513,0.0742092,,,
0.0557426,0.079402,,,
0.0559344,0.0738249,,,
0.056127,0.0739361,,,
0.0563202,0.0749502,,,
0.056514,0.0759992,,,
0.0567086,0.0771428,,,
0.0569038,0.0743667,,,
0.0570997,0.0777904,,,
0.0572962,0.0797192,,,
0.0574934,0.0775924,,,
0.0576913,0.076128,,,
0.0578899,0.0761256,,,
0.0580892,0.0816101,,,
0.0582892,0.0713351,,,
0.0584898,0.0728285,,,
0.0586911,0.0751483,,,
0.0588932,0.0776953,,,
0.0590959,0.0725568,,,
0.0592993,0.0772017,,,
0.0595034,0.0744238,,,
0.0597083,0.0751198,,,
0.0599138,0.0727662,,,
0.06012,0.0746,,,
0.060327,0.0767394,,,
0.0605346,0.0713568,,,
0.060743,0.0762345,,,
0.0609521,0.0737553,,,
0.0611619,0.0725515,,,
0.0613724,0.0724736,,,
0.0615837,0.0743176,,,
0.0617957,0.0719564,,,
0.0620084,0.0668447,,,
0.0622218,0.073665,,,
0.062436,0.0747126,,,
0.0626509,0.0695602,,,
0.0628666,0.0691106,,,
0.063083,0.0771086,,,
0.0633001,0.0704242,,,
0.063518,0.0713289,,,
0.0637367,0.072599,,,
0.0639561,0.0693781,,,
0.0641762,0.0732954,,,
0.0643971,0.0683286,,,
0.0646188,0.0710272,,,
0.0648412,0.0659122,,,
0.0650644,0.0733083,,,
0.0652884,0.0725573,,,
0.0655131,0.0682347,,,
0.0657387,0.0723218,,,
0.0659649,0.0640258,,,
0.066192,0.0663427,,,
0.0664199,0.0737381,,,
0.0666485,0.0679474,,,
0.0668779,0.0681623,,,
0.0671081,0.0681113,,,
0.0673391,0.067749,,,
0.0675709,0.0653741,,,
0.0678035,0.0673959,,,
0.0680369,0.0672462,,,
0.0682711,0.0641609,,,
0.0685061,0.066923,,,
0.0687419,0.0635704,,,
0.0689785,0.0634433,,,
0.069216,0.0631984,,,
0.0694542,0.0666976,,,
0.0696933,0.069464,,,
0.0699332,0.0675343,,,
0.0701739,0.0641669,,,
0.0704155,0.0681094,,,
0.0706579,0.0657856,,,
0.0709011,0.0642142,,,
0.0711452,0.0644392,,,
0.0713901,0.0645596,,,
0.0716358,0.0674398,,,
0.0718824,0.0677375,,,
0.0721298,0.0649494,,,
0.0723781,0.0598323,,,
0.0726273,0.0650817,,,
0.0728773,0.0658421,,,
0.0731281,0.0692411,,,
0.0733798,0.0591216,,,
0.0736324,0.0653403,,,
0.0738859,0.0585356,,,
0.0741402,0.0622886,,,
0.0743954,0.0656608,,,
0.0746515,0.0620746,,,
0.0749085,0.0624338,,,
0.0751663,0.063879,,,
0.0754251,0.0595585,,,
0.0756847,0.0633565,,,
0.0759452,0.0640593,,,
0.0762067,0.0620835,,,
0.076469,0.0623746,,,
0.0767322,0.0635868,,,
0.0769963,0.0633078,,,
0.0772614,0.0657737,,,
0.0775273,0.0657873,,,
0.0777942,0.0640577,,,
0.078062,0.0604241,,,
0.0783307,0.0619306,,,
0.0786003,0.0648541,,,
0.0788709,0.0567766,,,
0.0791424,0.0653679,,,
0.0794148,0.0632332,,,
0.0796882,0.063824,,,
0.0799625,0.0628875,,,
0.0802377,0.0605431,,,
0.0805139,0.0628889,,,
0.080791,0.0617191,,,
0.0810692,0.0597354,,,
0.0813482,0.0667428,,,
0.0816282,0.0651097,,,
0.0819092,0.0599199,,,
0.0821912,0.0648115,,,
0.0824741,0.0616507,,,
0.082758,0.065692,,,
0.0830428,0.0624417,,,
0.0833287,0.0594717,,,
0.0836155,0.0602412,,,
0.0839034,0.0537809,,,
0.0841922,0.0540722,,,
0.084482,0.0601849,,,
0.0847728,0.0615622,,,
0.0850646,0.0641197,,,
0.0853574,0.0577994,,,
0.0856512,0.0591411,,,
0.0859461,0.0613841,,,
0.0862419,0.0598074,,,
0.0865388,0.0580534,,,
0.0868367,0.0596946,,,
0.0871356,0.0591081,,,
0.0874355,0.0579079,,,
0.0877365,0.0581093,,,
0.0880385,0.0619248,,,
0.0883415,0.0584039,,,
0.0886456,0.0584085,,,
0.0889508,0.0572525,,,
0.089257,0.0559599,,,
0.0895642,0.0589394,,,
0.0898725,0.0571492,,,
0.0901819,0.0607251,,,
0.0904923,0.0582438,,,
0.0908038,0.0580317,,,
0.0911164,0.0585464,,,
0.09143,0.0616433,,,
0.0917447,0.0625882,,,
0.0920605,0.0613344,,,
0.0923774,0.0584027,,,
0.0926954,0.0566679,,,
0.0930145,0.0529514,,,
0.0933347,0.0607063,,,
0.0936559,0.0591958,,,
0.0939783,0.0563583,,,
0.0943018,0.060543,,,
0.0946264,0.0588212,,,
0.0949522,0.0565405,,,
0.095279,0.0557237,,,
0.095607,0.0578456,,,
0.0959361,0.0577776,,,
0.0962663,0.0584036,,,
0.0965977,0.0586455,,,
0.0969302,0.0539421,,,
0.0972638,0.057542,,,
0.0975986,0.059973,,,
0.0979346,0.0621755,,,
0.0982717,0.0566976,,,
0.09861,0.0598381,,,
0.0989494,0.056837,,,
0.09929,0.061076,,,
0.0996318,0.0590989,,,
0.0999748,0.0546372,,,
0.100319,0.0562154,,,
0.100664,0.0589669,,,
0.101011,0.0556109,,,
0.101358,0.0595161,,,
0.101707,0.0583128,,,
0.102057,0.0576972,,,
0.102409,0.0592097,,,
0.102761,0.0594009,,,
0.103115,0.0573818,,,
0.10347,0.0589162,,,
0.103826,0.0571216,,,
0.104183,0.0583009,,,
0.104542,0.0582342,,,
0.104902,0.0567267,,,
0.105263,0.0595857,,,
0.105625,0.0596846,,,
0.105989,0.0642783,,,
0.106354,0.0549553,,,
0.10672,0.0597507,,,
0.107087,0.057173,,,
0.107456,0.0549823,,,
0.107826,0.0602343,,,
0.108197,0.0576295,,,
0.108569,0.0606327,,,
0.108943,0.0567966,,,
0.109318,0.0569523,,,
0.109694,0.0579387,,,
0.110072,0.0579517,,,
0.110451,0.0535474,,,
0.110831,0.0590488,,,
0.111213,0.0557464,,,
0.111595,0.054877,,,
0.11198,0.057874,,,
0.112365,0.0563086,,,
0.112752,0.0564456,,,
0.11314,0.0557799,,,
0.113529,0.0568429,,,
0.11392,0.0581268,,,
0.114312,0.0586374,,,
0.114706,0.0555831,,,
0.115101,0.059807,,,
0.115497,0.0563553,,,
0.115894,0.0603173,,,
0.116293,0.0554119,,,
0.116694,0.0576217,,,
0.117095,0.0610308,,,
0.117498,0.0576993,,,
0.117903,0.0578958,,,
0.118309,0.0579563,,,
0.118716,0.0547614,,,
0.119125,0.0576606,,,
0.119535,0.057516,,,
0.119946,0.0588014,,,
0.120359,0.0571629,,,
0.120773,0.0577953,,,
0.121189,0.0574337,,,
0.121606,0.061248,,,
0.122025,0.056736,,,
0.122445,0.0559241,,,
0.122866,0.0581165,,,
0.123289,0.054031,,,
0.123714,0.0581483,,,
0.124139,0.06167,,,
0.124567,0.0607957,,,
0.124996,0.0569541,,,
0.125426,0.0609308,,,
0.125858,0.0588587,,,
0.126291,0.0536798,,,
0.126726,0.0574261,,,
0.127162,0.061313,,,
0.127599,0.0573306,,,
0.128039,0.063616,,,
0.128479,0.0577077,,,
0.128922,0.0543903,,,
0.129365,0.0587486,,,
0.129811,0.051338,,,
0.130258,0.0598565,,,
0.130706,0.0602726,,,
0.131156,0.0584647,,,
0.131607,0.0620733,,,
0.13206,0.0601414,,,
0.132515,0.0571823,,,
0.132971,0.0557422,,,
0.133429,0.0591128,,,
0.133888,0.0584094,,,
0.134349,0.0609954,,,
0.134811,0.0586161,,,
0.135276,0.063914,,,
0.135741,0.0622326,,,
0.136208,0.0600198,,,
0.136677,0.0588557,,,
0.137148,0.0605264,,,
0.13762,0.0574139,,,
0.138094,0.0571371,,,
0.138569,0.0600053,,,
0.139046,0.0568816,,,
0.139525,0.0583754,,,
0.140005,0.057427,,,
0.140487,0.0592048,,,
0.14097,0.0565154,,,
0.141456,0.0574709,,,
0.141943,0.0554907,,,
0.142431,0.0583516,,,
0.142921,0.0618425,,,
0.143413,0.0576089,,,
0.143907,0.0562408,,,
0.144402,0.0590839,,,
0.144899,0.0591863,,,
0.145398,0.0610423,,,
0.145899,0.0610343,,,
0.146401,0.0592748,,,
0.146905,0.0613322,,,
0.147411,0.0598356,,,
0.147918,0.0612684,,,
0.148427,0.0599469,,,
0.148938,0.060911,,,
0.149451,0.0638618,,,
0.149965,0.0601557,,,
0.150481,0.058002,,,
0.150999,0.0611982,,,
0.151519,0.0595369,,,
0.152041,0.0603803,,,
0.152564,0.0602348,,,
0.153089,0.0603474,,,
0.153616,0.0588045,,,
0.154145,0.0612163,,,
0.154676,0.0588774,,,
0.155208,0.057419,,,
0.155742,0.0616185,,,
0.156278,0.0610855,,,
0.156816,0.0625996,,,
0.157356,0.061751,,,
0.157898,0.0587326,,,
0.158441,0.060093,,,
0.158987,0.0630218,,,
0.159534,0.0605314,,,
0.160083,0.0603862,,,
0.160634,0.062933,,,
0.161187,0.0625481,,,
0.161742,0.0580149,,,
0.162299,0.0617462,,,
0.162857,0.0599886,,,
0.163418,0.0598152,,,
0.163981,0.0600542,,,
0.164545,0.0623458,,,
0.165111,0.0628029,,,
0.16568,0.061938,,,
0.16625,0.0648242,,,
0.166822,0.0617057,,,
0.167397,0.0602636,,,
0.167973,0.0593305,,,
0.168551,0.0603615,,,
0.169131,0.0585719,,,
0.169713,0.0611974,,,
0.170298,0.0612445,,,
0.170884,0.0598578,,,
0.171472,0.0594921,,,
0.172062,0.0610324,,,
0.172654,0.0617236,,,
0.173249,0.0625745,,,
0.173845,0.0634028,,,
0.174444,0.062494,,,
0.175044,0.06054,,,
0.175647,0.06217,,,
0.176251,0.0625856,,,
0.176858,0.0633533,,,
0.177467,0.0632934,,,
0.178078,0.0621359,,,
0.178691,0.0640468,,,
0.179306,0.0631483,,,
0.179923,0.0613913,,,
0.180542,0.0617991,,,
0.181164,0.0648027,,,
0.181787,0.0642635,,,
0.182413,0.0635317,,,
0.183041,0.0625978,,,
0.183671,0.0631082,,,
0.184303,0.0636283,,,
0.184938,0.0634664,,,
0.185574,0.0643966,,,
0.186213,0.0615062,,,
0.186854,0.0592322,,,
0.187497,0.0650143,,,
0.188143,0.0645614,,,
0.18879,0.0645418,,,
0.18944,0.0641171,,,
0.190092,0.0639619,,,
0.190747,0.06324,,,
0.191403,0.0647053,,,
0.192062,0.0624836,,,
0.192723,0.0668165,,,
0.193387,0.0638181,,,
0.194052,0.0667443,,,
0.19472,0.0633619,,,
0.19539,0.0634726,,,
0.196063,0.0657087,,,
0.196738,0.0683751,,,
0.197415,0.0612359,,,
0.198095,0.0635815,,,
0.198777,0.0609272,,,
0.199461,0.0631525,,,
0.200147,0.0656591,,,
0.200836,0.0694385,,,
0.201528,0.0662616,,,
0.202221,0.0674494,,,
0.202917,0.0651431,,,
0.203616,0.06662,,,
0.204317,0.0671973,,,
0.20502,0.0632062,,,
0.205726,0.0674355,,,
0.206434,0.0657029,,,
0.207145,0.0675593,,,
0.207858,0.067383,,,
0.208573,0.0663036,,,
0.209291,0.0654961,,,
0.210012,0.066316,,,
0.210734,0.0675808,,,
0.21146,0.066556,,,
0.212188,0.0667933,,,
0.212918,0.0667654,,,
0.213651,0.0653166,,,
0.214386,0.0682781,,,
0.215124,0.0661111,,,
0.215865,0.0666235,,,
0.216608,0.066419,,,
0.217354,0.0665425,,,
0.218102,0.0683264,,,
0.218853,0.067104,,,
0.219606,0.0638788,,,
0.220362,0.0650313,,,
0.22112,0.0657346,,,
0.221882,0.06649,,,
0.222645,0.0674509,,,
0.223412,0.0680615,,,
0.224181,0.0668719,,,
0.224952,0.0658905,,,
0.225727,0.0669987,,,
0.226504,0.0679584,,,
0.227283,0.069521,,,
0.228066,0.068667,,,
0.228851,0.0678287,,,
0.229639,0.0689742,,,
0.230429,0.0698162,,,
0.231222,0.0682564,,,
0.232018,0.0703023,,,
0.232817,0.0697069,,,
0.233618,0.0681919,,,
0.234422,0.0713734,,,
0.235229,0.0678062,,,
0.236039,0.0696363,,,
0.236852,0.0681291,,,
0.237667,0.0685826,,,
0.238485,0.0676131,,,
0.239306,0.0687529,,,
0.24013,0.0698358,,,
0.240956,0.0691429,,,
0.241786,0.0710071,,,
0.242618,0.0702715,,,
0.243453,0.068344,,,
0.244291,0.0705129,,,
0.245132,0.0745415,,,
0.245976,0.0712992,,,
0.246822,0.0700398,,,
0.247672,0.069589,,,
0.248525,0.0697031,,,
0.24938,0.070332,,,
0.250239,0.0682176,,,
0.2511,0.0696239,,,
0.251964,0.0737182,,,
0.252832,0.0725008,,,
0.253702,0.0719812,,,
0.254575,0.0719871,,,
0.255452,0.0710497,,,
0.256331,0.0741495,,,
0.257213,0.071081,,,
0.258099,0.0725925,,,
0.258987,0.071308,,,
0.259878,0.0724121,,,
0.260773,0.072701,,,
0.261671,0.0717847,,,
0.262571,0.0703703,,,
0.263475,0.0729466,,,
0.264382,0.069938,,,
0.265292,0.0716858,,,
0.266205,0.0712705,,,
0.267122,0.0735307,,,
0.268041,0.0706519,,,
0.268964,0.0710808,,,
0.26989,0.0747219,,,
0.270819,0.0702569,,,
0.271751,0.0751955,,,
0.272686,0.0726203,,,
0.273625,0.0710924,,,
0.274567,0.0741082,,,
0.275512,0.0724803,,,
0.27646,0.073403,,,
0.277412,0.0700023,,,
0.278367,0.0697647,,,
0.279325,0.0764528,,,
0.280287,0.0759278,,,
0.281252,0.074191,,,
0.28222,0.0748998,,,
0.283191,0.0764561,,,
0.284166,0.0752253,,,
0.285144,0.0728969,,,
0.286126,0.0736006,,,
0.287111,0.074234,,,
0.288099,0.0738073,,,
0.289091,0.0749327,,,
0.290086,0.074188,,,
0.291084,0.0774941,,,
0.292086,0.074441,,,
0.293092,0.0774097,,,
0.294101,0.076034,,,
0.295113,0.0771546,,,
0.296129,0.0763311,,,
0.297148,0.074839,,,
0.298171,0.0759725,,,
0.299197,0.0758472,,,
0.300227,0.0786928,,,
0.301261,0.0779749,,,
0.302298,0.0770564,,,
0.303338,0.0771258,,,
0.304382,0.0767465,,,
0.30543,0.0777598,,,
0.306482,0.0779009,,,
0.307536,0.0763184,,,
0.308595,0.0768024,,,
0.309657,0.0768967,,,
0.310723,0.0785725,,,
0.311793,0.0795182,,,
0.312866,0.0789402,,,
0.313943,0.078885,,,
0.315024,0.0748026,,,
0.316108,0.0784723,,,
0.317196,0.0785872,,,
0.318288,0.0779223,,,
0.319384,0.0765083,,,
0.320483,0.0789906,,,
0.321586,0.0790337,,,
0.322693,0.0786527,,,
0.323804,0.0778339,,,
0.324919,0.0798221,,,
0.326037,0.0788396,,,
0.327159,0.0791179,,,
0.328286,0.0800746,,,
0.329416,0.0779472,,,
0.330549,0.0779941,,,
0.331687,0.0798277,,,
0.332829,0.0809766,,,
0.333975,0.0801964,,,
0.335124,0.0779035,,,
0.336278,0.0796052,,,
0.337435,0.0812524,,,
0.338597,0.0806735,,,
0.339763,0.0830414,,,
0.340932,0.079177,,,
0.342106,0.081572,,,
0.343283,0.0804843,,,
0.344465,0.0809844,,,
0.345651,0.0807805,,,
0.34684,0.0818795,,,
0.348034,0.08129,,,
0.349232,0.0843941,,,
0.350434,0.084259,,,
0.351641,0.0816633,,,
0.352851,0.0813519,,,
0.354066,0.0821925,,,
0.355285,0.0824038,,,
0.356508,0.0823735,,,
0.357735,0.0831478,,,
0.358966,0.0850531,,,
0.360202,0.0841142,,,
0.361442,0.0825565,,,
0.362686,0.0829292,,,
0.363934,0.0855444,,,
0.365187,0.0857576,,,
0.366444,0.0806442,,,
0.367705,0.0865982,,,
0.368971,0.0828099,,,
0.370241,0.0838316,,,
0.371516,0.0848947,,,
0.372795,0.084924,,,
0.374078,0.0848626,,,
0.375365,0.0857286,,,
0.376658,0.0841457,,,
0.377954,0.0882967,,,
0.379255,0.0869717,,,
0.380561,0.0839796,,,
0.381871,0.0846816,,,
0.383185,0.0853616,,,
0.384504,0.086765,,,
0.385828,0.0846049,,,
0.387156,0.0850179,,,
0.388488,0.0866615,,,
0.389826,0.0863065,,,
0.391168,0.0843257,,,
0.392514,0.0873993,,,
0.393865,0.0866858,,,
0.395221,0.0856747,,,
0.396581,0.0851857,,,
0.397946,0.087322,,,
0.399316,0.0888781,,,
0.400691,0.0880409,,,
0.40207,0.0886837,,,
0.403454,0.0907495,,,
0.404843,0.0878762,,,
0.406236,0.0894626,,,
0.407635,0.0893458,,,
0.409038,0.0876376,,,
0.410446,0.0900264,,,
0.411859,0.089833,,,
0.413277,0.0903757,,,
0.414699,0.0875373,,,
0.416127,0.0897843,,,
0.417559,0.0878876,,,
0.418996,0.0866159,,,
0.420439,0.0885636,,,
0.421886,0.0914545,,,
0.423338,0.0894883,,,
0.424795,0.0893659,,,
0.426258,0.0919343,,,
0.427725,0.0904971,,,
0.429197,0.0907203,,,
0.430675,0.0910671,,,
0.432157,0.0910746,,,
0.433645,0.0926218,,,
0.435137,0.0921319,,,
0.436635,0.0918487,,,
0.438138,0.0915186,,,
0.439646,0.0905802,,,
0.44116,0.0925382,,,
0.442678,0.0915925,,,
0.444202,0.0923285,,,
0.445731,0.0912203,,,
0.447265,0.0939752,,,
0.448805,0.0963789,,,
0.45035,0.0924466,,,
0.4519,0.0945416,,,
0.453456,0.0940903,,,
0.455017,0.0927912,,,
0.456583,0.0941675,,,
0.458155,0.0959847,,,
0.459732,0.0938681,,,
0.461314,0.0953307,,,
0.462902,0.0924509,,,
0.464495,0.0953356,,,
0.466094,0.0950263,,,
0.467699,0.094756,,,
0.469309,0.0946947,,,
0.470924,0.0948877,,,
0.472545,0.0960214,,,
0.474172,0.0962176,,,
0.475804,0.0972854,,,
0.477442,0.0956431,,,
0.479085,0.0965448,,,
0.480734,0.0965166,,,
0.482389,0.0973559,,,
0.48405,0.0971747,,,
0.485716,0.0974506,,,
0.487388,0.0981032,,,
0.489066,0.0970429,,,
0.490749,0.0987457,,,
0.492438,0.0981087,,,
0.494133,0.098417,,,
0.495834,0.0983655,,,
0.497541,0.0982343,,,
0.499254,0.0972839,,,
0.500972,0.0980217,,,
0.502697,0.100165,,,
0.504427,0.0993702,,,
0.506164,0.0987948,,,
0.507906,0.100556,,,
0.509654,0.100677,,,
0.511409,0.100464,,,
0.513169,0.0985544,,,
0.514935,0.101568,,,
0.516708,0.0997654,,,
0.518486,0.101185,,,
0.520271,0.103032,,,
0.522062,0.0996643,,,
0.523859,0.102442,,,
0.525662,0.102661,,,
0.527472,0.101433,,,
0.529288,0.104605,,,
0.531109,0.100821,,,
0.532938,0.103631,,,
0.534772,0.103474,,,
0.536613,0.103278,,,
0.53846,0.101239,,,
0.540314,0.102775,,,
0.542174,0.106442,,,
0.54404,0.104154,,,
0.545913,0.10402,,,
0.547792,0.103518,,,
0.549677,0.103252,,,
0.551569,0.103421,,,
0.553468,0.103404,,,
0.555373,0.102085,,,
0.557285,0.106103,,,
0.559203,0.106754,,,
0.561128,0.108118,,,
0.56306,0.106073,,,
0.564998,0.104859,,,
0.566943,0.106127,,,
0.568894,0.108354,,,
0.570853,0.104995,,,
0.572818,0.105623,,,
0.574789,0.108122,,,
0.576768,0.105224,,,
0.578753,0.10657,,,
0.580745,0.108515,,,
0.582744,0.108236,,,
0.58475,0.107801,,,
0.586763,0.106709,,,
0.588783,0.106641,,,
0.59081,0.110511,,,
0.592843,0.109732,,,
0.594884,0.108933,,,
0.596932,0.108446,,,
0.598987,0.109608,,,
0.601049,0.111445,,,
0.603117,0.109441,,,
0.605194,0.108634,,,
0.607277,0.11124,,,
0.609367,0.109687,,,
0.611465,0.11147,,,
0.61357,0.110729,,,
0.615682,0.112439,,,
0.617801,0.111584,,,
0.619927,0.109296,,,
0.622061,0.112932,,,
0.624203,0.110062,,,
0.626351,0.113374,,,
0.628507,0.112062,,,
0.630671,0.114187,,,
0.632842,0.113654,,,
0.63502,0.11342,,,
0.637206,0.113708,,,
0.639399,0.115263,,,
0.6416,0.112544,,,
0.643809,0.113091,,,
0.646025,0.112755,,,
0.648249,0.116281,,,
0.65048,0.115542,,,
0.652719,0.115448,,,
0.654966,0.115229,,,
0.657221,0.114578,,,
0.659483,0.117249,,,
0.661753,0.114025,,,
0.664031,0.115205,,,
0.666317,0.113428,,,
0.66861,0.116261,,,
0.670912,0.116736,,,
0.673221,0.114024,,,
0.675539,0.116016,,,
0.677864,0.116199,,,
0.680197,0.120286,,,
0.682539,0.116581,,,
0.684888,0.1184,,,
0.687246,0.118218,,,
0.689611,0.11793,,,
0.691985,0.119998,,,
0.694367,0.118367,,,
0.696757,0.119526,,,
0.699156,0.11824,,,
0.701562,0.121942,,,
0.703977,0.118338,,,
0.706401,0.118694,,,
0.708832,0.120616,,,
0.711272,0.122596,,,
0.713721,0.122144,,,
0.716177,0.120889,,,
0.718643,0.12068,,,
0.721116,0.121427,,,
0.723599,0.11991,,,
0.726089,0.122437,,,
0.728589,0.121883,,,
0.731097,0.122354,,,
0.733613,0.123088,,,
0.736139,0.121687,,,
0.738673,0.123294,,,
0.741215,0.16307,,,
0.743767,0.120877,,,
0.746327,0.123157,,,
0.748896,0.122918,,,
0.751474,0.125565,,,
0.754061,0.124489,,,
0.756656,0.124228,,,
0.759261,0.125198,,,
0.761874,0.13749,,,
0.764497,0.123656,,,
0.767128,0.127817,,,
0.769769,0.124743,,,
0.772419,0.128336,,,
0.775078,0.126288,,,
0.777746,0.128336,,,
0.780423,0.127298,,,
0.783109,0.126608,,,
0.785805,0.12521,,,
0.78851,0.128218,,,
0.791224,0.128502,,,
0.793948,0.127525,,,
0.79668,0.128633,,,
0.799423,0.128655,,,
0.802175,0.127818,,,
0.804936,0.128792,,,
0.807707,0.130416,,,
0.810487,0.130063,,,
0.813277,0.130454,,,
0.816076,0.129594,,,
0.818885,0.130807,,,
0.821704,0.130968,,,
0.824533,0.130833,,,
0.827371,0.132074,,,
0.830219,0.13064,,,
0.833077,0.131954,,,
0.835944,0.131151,,,
0.838822,0.132026,,,
0.841709,0.131738,,,
0.844607,0.132923,,,
0.847514,0.131104,,,
0.850431,0.133421,,,
0.853359,0.133999,,,
0.856296,0.133725,,,
0.859244,0.132353,,,
0.862201,0.134081,,,
0.865169,0.132789,,,
0.868147,0.133913,,,
0.871136,0.135728,,,
0.874135,0.135363,,,
0.877143,0.136308,,,
0.880163,0.137339,,,
0.883193,0.136292,,,
0.886233,0.136918,,,
0.889283,0.134642,,,
0.892344,0.136221,,,
0.895416,0.13547,,,
0.898498,0.136598,,,
0.901591,0.136992,,,
0.904695,0.136999,,,
0.907809,0.139068,,,
0.910934,0.138669,,,
0.914069,0.138986,,,
0.917216,0.140625,,,
0.920373,0.139664,,,
0.923541,0.138276,,,
0.92672,0.140039,,,
0.92991,0.140634,,,
0.933111,0.142375,,,
0.936323,0.14051,,,
0.939546,0.139829,,,
0.94278,0.140905,,,
0.946026,0.141263,,,
0.949282,0.14213,,,
0.95255,0.142277,,,
0.955829,0.142078,,,
0.959119,0.14345,,,
0.96242,0.143565,,,
0.965733,0.142908,,,
0.969057,0.143769,,,
0.972393,0.14434,,,
0.97574,0.144625,,,
0.979099,0.145208,,,
0.982469,0.146005,,,
0.985851,0.144131,,,
0.989245,0.144185,,,
0.99265,0.146201,,,
0.996067,0.146291,,,
0.999495,0.145882,,,
1.00294,0.14566,,,
1.00639,0.147329,,,
1.00985,0.148175,,,
1.01333,0.148422,,,
1.01682,0.150822,,,
1.02032,0.146631,,,
1.02383,0.146969,,,
1.02735,0.1491,,,
1.03089,0.149338,,,
1.03444,0.149524,,,
1.038,0.15034,,,
1.04157,0.150418,,,
1.04516,0.15273,,,
1.04876,0.15053,,,
1.05237,0.152388,,,
1.05599,0.150313,,,
1.05962,0.153424,,,
1.06327,0.150233,,,
1.06693,0.151632,,,
1.0706,0.15189,,,
1.07429,0.153216,,,
1.07799,0.152288,,,
1.0817,0.152487,,,
1.08542,0.15422,,,
1.08916,0.153497,,,
1.09291,0.154287,,,
1.09667,0.153069,,,
1.10044,0.155529,,,
1.10423,0.1551,,,
1.10803,0.156544,,,
1.11185,0.157047,,,
1.11567,0.153175,,,
1.11951,0.155252,,,
1.12337,0.156795,,,
1.12723,0.156774,,,
1.13111,0.156333,,,
1.13501,0.157291,,,
1.13891,0.157725,,,
1.14283,0.15957,,,
1.14677,0.159433,,,
1.15072,0.15866,,,
1.15468,0.158035,,,
1.15865,0.159591,,,
1.16264,0.160311,,,
1.16664,0.15991,,,
1.17066,0.161196,,,
1.17469,0.161197,,,
1.17873,0.159883,,,
1.18279,0.161467,,,
1.18686,0.160792,,,
1.19095,0.160796,,,
1.19505,0.161123,,,
1.19916,0.160496,,,
1.20329,0.162832,,,
1.20743,0.163202,,,
1.21158,0.162582,,,
1.21576,0.167224,,,
1.21994,0.166151,,,
1.22414,0.165697,,,
1.22835,0.164948,,,
1.23258,0.16675,,,
1.23682,0.168417,,,
1.24108,0.164863,,,
1.24535,0.165365,,,
1.24964,0.165988,,,
1.25394,0.165958,,,
1.25826,0.168418,,,
1.26259,0.168469,,,
1.26694,0.167809,,,
1.2713,0.169234,,,
1.27567,0.171004,,,
1.28006,0.167234,,,
1.28447,0.169774,,,
1.28889,0.170889,,,
1.29333,0.169948,,,
1.29778,0.171145,,,
1.30225,0.171835,,,
1.30673,0.17223,,,
1.31123,0.170849,,,
1.31574,0.172768,,,
1.32027,0.171851,,,
1.32482,0.172686,,,
1.32938,0.172558,,,
1.33395,0.173474,,,
1.33854,0.172332,,,
1.34315,0.174049,,,
1.34777,0.174435,,,
1.35241,0.176083,,,
1.35707,0.173988,,,
1.36174,0.175324,,,
1.36643,0.175053,,,
1.37113,0.176686,,,
1.37585,0.17548,,,
1.38059,0.178085,,,
1.38534,0.176313,,,
1.39011,0.178143,,,
1.39489,0.177227,,,
1.3997,0.177184,,,
1.40451,0.178782,,,
1.40935,0.178703,,,
1.4142,0.178785,,,
1.41907,0.181168,,,
1.42395,0.181883,,,
1.42885,0.180891,,,
1.43377,0.181089,,,
1.43871,0.179888,,,
1.44366,0.179699,,,
1.44863,0.181622,,,
1.45362,0.182877,,,
1.45862,0.181299,,,
1.46364,0.182684,,,
1.46868,0.183613,,,
1.47373,0.184585,,,
1.47881,0.182947,,,
1.4839,0.184923,,,
1.48901,0.184555,,,
1.49413,0.18441,,,
1.49927,0.183967,,,
1.50443,0.187707,,,
1.50961,0.186095,,,
1.51481,0.186278,,,
1.52002,0.188663,,,
1.52526,0.185942,,,
1.53051,0.187571,,,
1.53577,0.187732,,,
1.54106,0.188565,,,
1.54637,0.188476,,,
1.55169,0.189798,,,
1.55703,0.191797,,,
1.56239,0.189604,,,
1.56777,0.188672,,,
1.57316,0.190615,,,
1.57858,0.19041,,,
1.58401,0.191054,,,
1.58947,0.191675,,,
1.59494,0.19301,,,
1.60043,0.192291,,,
1.60594,0.191547,,,
1.61146,0.193448,,,
1.61701,0.193768,,,
1.62258,0.194878,,,
1.62816,0.195605,,,
1.63377,0.194317,,,
1.63939,0.194274,,,
1.64503,0.194863,,,
1.6507,0.196807,,,
1.65638,0.197069,,,
1.66208,0.196247,,,
1.6678,0.196145,,,
1.67354,0.196117,,,
1.6793,0.198735,,,
1.68508,0.196475,,,
1.69088,0.198143,,,
1.69671,0.198551,,,
1.70255,0.198521,,,
1.70841,0.19803,,,
1.71429,0.201533,,,
1.72019,0.200251,,,
1.72611,0.20002,,,
1.73205,0.200785,,,
1.73801,0.201196,,,
1.744,0.200194,,,
1.75,0.201311,,,
1.75602,0.201327,,,
1.76207,0.202716,,,
1.76813,0.201073,,,
1.77422,0.204001,,,
1.78033,0.202504,,,
1.78645,0.202464,,,
1.7926,0.203826,,,
1.79877,0.203195,,,
1.80497,0.2062,,,
1.81118,0.204025,,,
1.81741,0.205891,,,
1.82367,0.205064,,,
1.82995,0.205397,,,
1.83625,0.206685,,,
1.84257,0.205543,,,
1.84891,0.20746,,,
1.85527,0.208205,,,
1.86166,0.208098,,,
1.86807,0.207617,,,
1.8745,0.207485,,,
1.88095,0.206819,,,
1.88743,0.210651,,,
1.89392,0.208849,,,
1.90044,0.210259,,,
1.90698,0.210325,,,
1.91355,0.20943,,,
1.92014,0.210642,,,
1.92674,0.209108,,,
1.93338,0.211811,,,
1.94003,0.212517,,,
1.94671,0.210717,,,
1.95341,0.211601,,,
1.96014,0.212032,,,
1.96688,0.21262,,,
1.97365,0.214032,,,
1.98045,0.212773,,,
1.98726,0.213797,,,
1.9941,0.212672,,,
2.00097,0.212098,,,
2.00786,0.21495,,,
2.01477,0.216925,,,
2.0217,0.21253,,,
2.02866,0.215803,,,
2.03565,0.214045,,,
2.04265,0.214804,,,
2.04968,0.214404,,,
2.05674,0.216678,,,
2.06382,0.214846,,,
2.07092,0.21522,,,
2.07805,0.216158,,,
2.08521,0.216641,,,
2.09238,0.216318,,,
2.09959,0.217649,,,
2.10681,0.21618,,,
2.11406,0.217652,,,
2.12134,0.219464,,,
2.12864,0.217923,,,
2.13597,0.216093,,,
2.14332,0.21626,,,
2.1507,0.217887,,,
2.1581,0.216359,,,
2.16553,0.21654,,,
2.17299,0.217012,,,
2.18047,0.218994,,,
2.18797,0.218567,,,
2.19551,0.21767,,,
2.20306,0.21897,,,
2.21065,0.219071,,,
2.21826,0.219912,,,
2.22589,0.219658,,,
2.23355,0.219807,,,
2.24124,0.219892,,,
2.24896,0.217963,,,
2.2567,0.219498,,,
2.26447,0.218355,,,
2.27226,0.219922,,,
2.28008,0.219869,,,
2.28793,0.220202,,,
2.29581,0.220291,,,
2.30371,0.219271,,,
2.31164,0.219524,,,
2.3196,0.218857,,,
2.32758,0.218725,,,
2.33559,0.218617,,,
2.34363,0.21869,,,
2.3517,0.220536,,,
2.3598,0.219319,,,
2.36792,0.218421,,,
2.37607,0.219279,,,
2.38425,0.21745,,,
2.39245,0.217122,,,
2.40069,0.220456,,,
2.40895,0.22073,,,
2.41725,0.220213,,,
2.42557,0.218576,,,
2.43392,0.220397,,,
2.44229,0.219093,,,
2.4507,0.21922,,,
2.45914,0.219979,,,
2.4676,0.217859,,,
2.4761,0.218621,,,
2.48462,0.218768,,,
2.49317,0.217265,,,
2.50175,0.217827,,,
2.51037,0.217133,,,
2.51901,0.217659,,,
2.52768,0.219098,,,
2.53638,0.216902,,,
2.54511,0.217414,,,
2.55387,0.215734,,,
2.56266,0.218112,,,
2.57148,0.215394,,,
2.58033,0.2175,,,
2.58922,0.217581,,,
2.59813,0.217272,,,
2.60707,0.217054,,,
2.61605,0.215817,,,
2.62505,0.214119,,,
2.63409,0.216016,,,
2.64315,0.214483,,,
2.65225,0.214705,,,
2.66138,0.216475,,,
2.67054,0.216365,,,
2.67974,0.21417,,,
2.68896,0.213628,,,
2.69822,0.212865,,,
2.7075,0.212326,,,
2.71682,0.211716,,,
2.72618,0.213155,,,
2.73556,0.212412,,,
2.74498,0.211673,,,
2.75443,0.210736,,,
2.76391,0.211985,,,
2.77342,0.211959,,,
2.78297,0.209798,,,
2.79255,0.209324,,,
2.80216,0.20988,,,
2.81181,0.209907,,,
2.82148,0.207554,,,
2.8312,0.208359,,,
2.84094,0.209024,,,
2.85072,0.205929,,,
2.86053,0.207499,,,
2.87038,0.206329,,,
2.88026,0.20586,,,
2.89018,0.205115,,,
2.90012,0.204536,,,
2.91011,0.204227,,,
2.92013,0.205085,,,
2.93018,0.2043,,,
2.94026,0.202653,,,
2.95038,0.201259,,,
2.96054,0.202743,,,
2.97073,0.202111,,,
2.98096,0.200544,,,
2.99122,0.200871,,,
3.00151,0.199882,,,
3.01185,0.198649,,,
3.02221,0.198705,,,
3.03262,0.198833,,,
3.04306,0.199127,,,
3.05353,0.198037,,,
3.06404,0.197384,,,
3.07459,0.196692,,,
3.08517,0.194834,,,
3.09579,0.195342,,,
3.10645,0.195767,,,
3.11714,0.192864,,,
3.12787,0.19368,,,
3.13864,0.194314,,,
3.14944,0.193126,,,
3.16028,0.192476,,,
3.17116,0.192364,,,
3.18208,0.191295,,,
3.19303,0.18843,,,
3.20402,0.189884,,,
3.21505,0.18863,,,
3.22612,0.188289,,,
3.23722,0.187383,,,
3.24837,0.187856,,,
3.25955,0.186098,,,
3.27077,0.186246,,,
3.28203,0.183337,,,
3.29332,0.183624,,,
3.30466,0.182768,,,
3.31604,0.183337,,,
3.32745,0.181563,,,
3.3389,0.181617,,,
3.3504,0.180954,,,
3.36193,0.179781,,,
3.3735,0.179626,,,
3.38512,0.178242,,,
3.39677,0.177598,,,
3.40846,0.17785,,,
3.42019,0.176774,,,
3.43197,0.17611,,,
3.44378,0.175175,,,
3.45563,0.173865,,,
3.46753,0.173319,,,
3.47947,0.173077,,,
3.49144,0.171664,,,
3.50346,0.171767,,,
3.51552,0.170846,,,
3.52762,0.170052,,,
3.53976,0.169593,,,
3.55195,0.168526,,,
3.56418,0.168092,,,
3.57644,0.166053,,,
3.58876,0.166864,,,
3.60111,0.163831,,,
3.6135,0.163997,,,
3.62594,0.16402,,,
3.63842,0.162813,,,
3.65095,0.161466,,,
3.66352,0.161739,,,
3.67613,0.160193,,,
3.68878,0.16027,,,
3.70148,0.15958,,,
3.71422,0.15832,,,
3.72701,0.157403,,,
3.73983,0.15735,,,
3.75271,0.156428,,,
3.76563,0.154699,,,
3.77859,0.154642,,,
3.79159,0.154024,,,
3.80465,0.153077,,,
3.81774,0.151783,,,
3.83088,0.150168,,,
3.84407,0.150105,,,
3.8573,0.148373,,,
3.87058,0.149675,,,
3.8839,0.146505,,,
3.89727,0.148325,,,
3.91069,0.14527,,,
3.92415,0.144803,,,
3.93766,0.144545,,,
3.95121,0.143202,,,
3.96481,0.142774,,,
3.97846,0.142422,,,
3.99216,0.142001,,,
4.0059,0.139982,,,
4.01969,0.139644,,,
4.03352,0.139059,,,
4.04741,0.138944,,,
4.06134,0.137218,,,
4.07532,0.136773,,,
4.08935,0.135547,,,
4.10342,0.135074,,,
4.11755,0.134953,,,
4.13172,0.13209,,,
4.14595,0.133884,,,
4.16022,0.132104,,,
4.17454,0.131228,,,
4.18891,0.13072,,,
4.20333,0.129569,,,
4.21779,0.12822,,,
4.23231,0.128726,,,
4.24688,0.125981,,,
4.2615,0.126442,,,
4.27617,0.124481,,,
4.29089,0.12529,,,
4.30566,0.124276,,,
4.32048,0.122175,,,
4.33535,0.122915,,,
4.35028,0.12084,,,
4.36525,0.121157,,,
4.38028,0.120977,,,
4.39535,0.118457,,,
4.41048,0.118958,,,
4.42567,0.11786,,,
4.4409,0.116982,,,
4.45619,0.116469,,,
4.47153,0.114871,,,
4.48692,0.11349,,,
4.50236,0.114246,,,
4.51786,0.113755,,,
4.53341,0.112195,,,
4.54902,0.111592,,,
4.56468,0.11002,,,
4.58039,0.110291,,,
4.59616,0.109455,,,
4.61198,0.108439,,,
4.62785,0.107619,,,
4.64378,0.106682,,,
4.65977,0.105722,,,
4.67581,0.104914,,,
4.6919,0.104412,,,
4.70805,0.103705,,,
4.72426,0.103344,,,
4.74052,0.10199,,,
4.75684,0.101064,,,
4.77321,0.0998899,,,
4.78964,0.100063,,,
4.80613,0.0997325,,,
4.82268,0.0987884,,,
4.83928,0.0974784,,,
4.85593,0.0966495,,,
4.87265,0.0960992,,,
4.88942,0.0957745,,,
4.90625,0.0942665,,,
4.92314,0.0936835,,,
4.94009,0.0935995,,,
4.95709,0.0927407,,,
4.97416,0.0915761,,,
4.99128,0.0917275,,,
5.00846,0.09037,,,
5.0257,0.0897998,,,
5.043,0.0892994,,,
5.06036,0.087753,,,
5.07778,0.0876143,,,
5.09526,0.0868044,,,
5.11279,0.0865249,,,
5.13039,0.0864219,,,
5.14805,0.0858058,,,
5.16578,0.0840399,,,
5.18356,0.0841198,,,
5.2014,0.0833967,,,
5.2193,0.081833,,,
5.23727,0.0818364,,,
5.2553,0.0810946,,,
5.27339,0.0801254,,,
5.29154,0.0797256,,,
5.30976,0.0791314,,,
5.32803,0.0790368,,,
5.34637,0.077633,,,
5.36478,0.0779717,,,
5.38324,0.0768581,,,
5.40177,0.0760173,,,
5.42037,0.0758416,,,
5.43903,0.0751827,,,
5.45775,0.0742898,,,
5.47653,0.0733864,,,
5.49539,0.0723557,,,
5.5143,0.0727412,,,
5.53328,0.0718665,,,
5.55233,0.0718469,,,
5.57144,0.0700996,,,
5.59062,0.0699198,,,
5.60987,0.0694003,,,
5.62918,0.0685741,,,
5.64855,0.0679723,,,
5.668,0.0673533,,,
5.68751,0.0673318,,,
5.70708,0.0659974,,,
5.72673,0.0661237,,,
5.74644,0.0643222,,,
5.76622,0.0647308,,,
5.78607,0.0639133,,,
5.80599,0.0640036,,,
5.82597,0.0631284,,,
5.84603,0.0621052,,,
5.86615,0.0620427,,,
5.88634,0.061617,,,
5.90661,0.0605908,,,
5.92694,0.0604964,,,
5.94734,0.0598597,,,
5.96781,0.0591325,,,
5.98836,0.058863,,,
6.00897,0.0579056,,,
6.02965,0.0574421,,,
6.05041,0.0570218,,,
6.07124,0.0562427,,,
6.09213,0.0559961,,,
6.1131,0.0557116,,,
6.13415,0.0549732,,,
6.15526,0.0543303,,,
6.17645,0.0540123,,,
6.19771,0.0535408,,,
6.21904,0.0529297,,,
6.24045,0.0524861,,,
6.26193,0.0522728,,,
6.28349,0.051478,,,
6.30512,0.0504943,,,
6.32682,0.0510443,,,
6.3486,0.0501876,,,
6.37045,0.0497752,,,
6.39238,0.0492214,,,
6.41439,0.0484622,,,
6.43647,0.0480983,,,
6.45862,0.0474267,,,
6.48085,0.046887,,,
6.50316,0.0472328,,,
6.52555,0.0462507,,,
6.54801,0.0457898,,,
6.57055,0.0458158,,,
6.59317,0.0446422,,,
6.61586,0.044714,,,
6.63863,0.0440283,,,
6.66149,0.043601,,,
6.68442,0.0435144,,,
6.70743,0.0428604,,,
6.73051,0.0424095,,,
6.75368,0.0424771,,,
6.77693,0.0420067,,,
6.80026,0.040936,,,
6.82367,0.0407054,,,
6.84715,0.040591,,,
6.87072,0.0398519,,,
6.89437,0.0394533,,,
6.91811,0.0393655,,,
6.94192,0.038491,,,
6.96582,0.0383673,,,
6.98979,0.0380171,,,
7.01385,0.0374919,,,
7.038,0.0367393,,,
7.06222,0.036644,,,
7.08653,0.0364336,,,
7.11093,0.0363982,,,
7.13541,0.0355577,,,
7.15997,0.0353235,,,
7.18461,0.034831,,,
7.20934,0.0346555,,,
7.23416,0.0339928,,,
7.25906,0.0338027,,,
7.28405,0.0333827,,,
7.30912,0.0332033,,,
7.33428,0.0327934,,,
7.35953,0.0321924,,,
7.38486,0.0315904,,,
7.41028,0.0315461,,,
7.43579,0.0312291,,,
7.46139,0.0309632,,,
7.48707,0.0302568,,,
7.51284,0.0300788,,,
7.5387,0.0298902,,,
7.56465,0.0296545,,,
7.59069,0.0295354,,,
7.61682,0.0287603,,,
7.64304,0.0286939,,,
7.66935,0.0283287,,,
7.69575,0.0280522,,,
7.72224,0.0274509,,,
7.74882,0.0271856,,,
7.77549,0.0269085,,,
7.80226,0.0265954,,,
7.82912,0.0260893,,,
7.85607,0.026436,,,
7.88311,0.0260216,,,
7.91024,0.0255907,,,
7.93747,0.0252785,,,
7.96479,0.0248034,,,
7.99221,0.0244164,,,
8.01972,0.0243706,,,
8.04733,0.0241665,,,
8.07503,0.0237235,,,
8.10283,0.0234251,,,
8.13072,0.023015,,,
8.1587,0.0231783,,,
8.18679,0.022769,,,
8.21497,0.0221583,,,
8.24325,0.0219493,,,
8.27162,0.0219198,,,
8.3001,0.0217305,,,
8.32867,0.0212872,,,
8.35734,0.020987,,,
8.3861,0.0207301,,,
8.41497,0.020454,,,
8.44394,0.0204076,,,
8.473,0.0199981,,,
8.50217,0.0198574,,,
8.53143,0.0195561,,,
8.5608,0.0192097,,,
8.59027,0.0190232,,,
8.61984,0.0187936,,,
8.64951,0.0187914,,,
8.67928,0.0183131,,,
8.70916,0.018138,,,
8.73914,0.0177622,,,
8.76922,0.0176624,,,
8.79941,0.0174015,,,
8.8297,0.0172501,,,
8.86009,0.016876,,,
8.89059,0.0167864,,,
8.92119,0.0164591,,,
8.9519,0.0162275,,,
8.98272,0.0157911,,,
9.01364,0.015802,,,
9.04466,0.0155244,,,
9.0758,0.0155186,,,
9.10704,0.0153866,,,
9.13839,0.0149768,,,
9.16984,0.0147555,,,
9.20141,0.014729,,,
9.23308,0.0143979,,,
9.26486,0.014265,,,
9.29676,0.0139521,,,
9.32876,0.0137491,,,
9.36087,0.0136098,,,
9.39309,0.0134216,,,
9.42542,0.0132195,,,
9.45787,0.0129658,,,
9.49042,0.0129754,,,
9.52309,0.0127282,,,
9.55587,0.0124325,,,
9.58877,0.0122746,,,
9.62177,0.0121118,,,
9.65489,0.0120059,,,
9.68813,0.0118458,,,
9.72148,0.0116027,,,
9.75494,0.0115906,,,
9.78852,0.0113434,,,
9.82221,0.0111866,,,
9.85602,0.0108077,,,
9.88995,0.0109137,,,
9.92399,0.0106544,,,
9.95816,0.0103265,,,
9.99243,0.0103777,,,
10.0268,0.01018,,,
10.0613,0.010116,,,
10.096,0.00989829,,,
10.1307,0.00970492,,,
10.1656,0.00956107,,,
10.2006,0.00932651,,,
10.2357,0.00927382,,,
10.2709,0.00928943,,,
10.3063,0.00891375,,,
10.3418,0.00887353,,,
10.3774,0.00884796,,,
10.4131,0.00855647,,,
10.4489,0.00833764,,,
10.4849,0.0083348,,,
10.521,0.00826431,,,
10.5572,0.00802038,,,
10.5936,0.00797497,,,
10.63,0.00771294,,,
10.6666,0.00772772,,,
10.7033,0.00750816,,,
10.7402,0.00750108,,,
10.7771,0.00724808,,,
10.8142,0.00712294,,,
10.8515,0.00706969,,,
10.8888,0.00703676,,,
10.9263,0.00680547,,,
10.9639,0.0067042,,,
11.0016,0.00663433,,,
11.0395,0.00649719,,,
11.0775,0.00637991,,,
11.1156,0.00643042,,,
11.1539,0.00627691,,,
11.1923,0.00621198,,,
11.2308,0.00600627,,,
11.2695,0.00589736,,,
11.3083,0.00575789,,,
11.3472,0.00567009,,,
11.3863,0.00559035,,,
11.4255,0.005446,,,
11.4648,0.00547989,,,
11.5043,0.00534801,,,
11.5439,0.00517584,,,
11.5836,0.00507804,,,
11.6235,0.00503553,,,
11.6635,0.00501098,,,
11.7036,0.00491122,,,
11.7439,0.00471488,,,
11.7843,0.00484775,,,
11.8249,0.00459788,,,
11.8656,0.00450821,,,
11.9065,0.0045803,,,
11.9474,0.00437469,,,
11.9886,0.00437846,,,
12.0298,0.0042219,,,
12.0712,0.00417353,,,
12.1128,0.00411062,,,
12.1545,0.00403997,,,
12.1963,0.00399193,,,
12.2383,0.00393495,,,
12.2804,0.0038814,,,
12.3227,0.00374435,,,
12.3651,0.00361042,,,
12.4077,0.00355377,,,
12.4504,0.00354169,,,
12.4933,0.00348695,,,
12.5363,0.00341003,,,
12.5794,0.00339574,,,
12.6227,0.0033342,,,
12.6662,0.00327725,,,
12.7098,0.00314522,,,
12.7535,0.00314952,,,
12.7974,0.00309641,,,
12.8415,0.0029641,,,
12.8857,0.00295857,,,
12.93,0.00291193,,,
12.9745,0.00284787,,,
13.0192,0.00273524,,,
13.064,0.00274016,,,
13.109,0.00270657,,,
13.1541,0.0026621,,,
13.1994,0.00256185,,,
13.2448,0.00254928,,,
13.2904,0.00250566,,,
13.3362,0.00249899,,,
13.3821,0.00235959,,,
13.4281,0.0023273,,,
13.4743,0.0023227,,,
13.5207,0.00224583,,,
13.5673,0.00218318,,,
13.614,0.0021807,,,
13.6608,0.00214084,,,
13.7079,0.00205072,,,
13.755,0.00205564,,,
13.8024,0.00199314,,,
13.8499,0.00193224,,,
13.8976,0.00192987,,,
13.9454,0.00185003,,,
13.9934,0.00187034,,,
14.0416,0.00185604,,,
14.0899,0.00176321,,,
14.1384,0.00177423,,,
14.1871,0.00169547,,,
14.2359,0.00170025,,,
14.2849,0.00162854,,,
14.3341,0.00159949,,,
14.3834,0.00162315,,,
14.433,0.00150839,,,
14.4826,0.00150624,,,
14.5325,0.00151909,,,
14.5825,0.00145948,,,
14.6327,0.0014452,,,
14.6831,0.00142758,,,
14.7336,0.00139168,,,
14.7843,0.00134311,,,
14.8352,0.00134236,,,
14.8863,0.00130529,,,
14.9375,0.00125357,,,
14.989,0.00123854,,,
15.0406,0.0012483,,,
15.0923,0.00117487,,,
15.1443,0.00118381,,,
15.1964,0.00115318,,,
15.2487,0.00113195,,,
15.3012,0.00109956,,,
15.3539,0.00106982,,,
15.4067,0.00106202,,,
15.4598,0.0010451,,,
15.513,0.00103572,,,
15.5664,0.00101461,,,
15.62,0.000987993,,,
15.6737,0.000951591,,,
15.7277,0.00096727,,,
15.7818,0.000938179,,,
15.8361,0.000908791,,,
15.8907,0.000895843,,,
15.9454,0.000863167,,,
16.0002,0.000867371,,,
16.0553,0.000830537,,,
16.1106,0.000825956,,,
16.166,0.000810522,,,
16.2217,0.000805129,,,
16.2775,0.000791876,,,
16.3336,0.000750437,,,
16.3898,0.000747052,,,
16.4462,0.000735361,,,
16.5028,0.000724214,,,
16.5596,0.000715154,,,
16.6166,0.000690698,,,
16.6738,0.000679649,,,
16.7312,0.000654003,,,
16.7888,0.000650937,,,
16.8466,0.000640485,,,
16.9046,0.000626914,,,
16.9628,0.000616722,,,
17.0212,0.000613855,,,
17.0798,0.000599672,,,
17.1385,0.000578479,,,
17.1975,0.000556124,,,
17.2567,0.000559984,,,
17.3161,0.000562351,,,
17.3757,0.000539229,,,
17.4356,0.000515075,,,
17.4956,0.000521809,,,
17.5558,0.000498727,,,
17.6162,0.000489471,,,
17.6769,0.000501069,,,
17.7377,0.000480806,,,
17.7988,0.000466038,,,
17.86,0.000478225,,,
17.9215,0.000464187,,,
17.9832,0.000452765,,,
18.0451,0.000437894,,,
18.1072,0.000423503,,,
18.1696,0.000421399,,,
18.2321,0.000420134,,,
18.2949,0.000409479,,,
18.3578,0.000391196,,,
18.421,0.000384223,,,
18.4844,0.000394485,,,
18.5481,0.000375633,,,
18.6119,0.000358671,,,
18.676,0.000353315,,,
18.7403,0.000346605,,,
18.8048,0.000352431,,,
18.8695,0.000352776,,,
18.9345,0.000335627,,,
18.9996,0.000325594,,,
19.065,0.000324816,,,
19.1307,0.000314893,,,
19.1965,0.000317761,,,
19.2626,0.000309092,,,
19.3289,0.000302776,,,
19.3954,0.000292257,,,
19.4622,0.000294335,,,
19.5292,0.000289356,,,
19.5964,0.000283582,,,
19.6639,0.000269501,,,
19.7316,0.000275036,,,
19.7995,0.000263823,,,
19.8676,0.000267238,,,
19.936,0.000265416,,,
20.0046,0.000263051,,,
20.0735,0.000248435,,,
20.1426,0.000240394,,,
20.2119,0.000243965,,,
20.2815,0.000231746,,,
20.3513,0.000231883,,,
20.4214,0.00023016,,,
20.4917,0.000225215,,,
20.5622,0.000218607,,,
20.633,0.000220949,,,
20.704,0.000216682,,,
20.7753,0.000216367,,,
20.8468,0.0002058,,,
20.9186,0.000209345,,,
20.9906,0.000200893,,,
21.0628,0.000198475,,,
21.1353,0.000194429,,,
21.2081,0.000191196,,,
21.2811,0.000186833,,,
21.3543,0.00018829,,,
21.4278,0.000185235,,,
21.5016,0.000177057,,,
21.5756,0.00017801,,,
21.6499,0.000170656,,,
21.7244,0.000169361,,,
21.7992,0.000166168,,,
21.8742,0.000163145,,,
21.9495,0.000165767,,,
22.0251,0.000168883,,,
22.1009,0.000162991,,,
22.177,0.000158194,,,
22.2533,0.000156198,,,
22.3299,0.000149912,,,
22.4068,0.000147291,,,
22.4839,0.000145028,,,
22.5613,0.000143168,,,
22.6389,0.000140016,,,
22.7169,0.000137822,,,
22.7951,0.000139328,,,
22.8735,0.000136815,,,
22.9523,0.000134928,,,
23.0313,0.00012888,,,
23.1106,0.00012778,,,
23.1901,0.000126098,,,
23.2699,0.000124059,,,
23.35,0.000125495,,,
23.4304,0.000122668,,,
23.5111,0.00011975,,,
23.592,0.000117376,,,
23.6732,0.000116794,,,
23.7547,0.000114064,,,
23.8365,0.000115311,,,
23.9185,0.0001149,,,
24.0008,0.00011356,,,
24.0835,0.000107998,,,
24.1664,0.000107182,,,
24.2496,0.00010675,,,
24.333,0.000103823,,,
24.4168,0.000104736,,,
24.5008,9.99E-05,,,
24.5852,0.00010015,,,
24.6698,9.89E-05,,,
24.7547,9.75E-05,,,
24.8399,9.86E-05,,,
24.9254,9.52E-05,,,
25.0112,9.36E-05,,,
25.0973,9.29E-05,,,
25.1837,9.21E-05,,,
25.2704,8.98E-05,,,
25.3574,8.85E-05,,,
25.4447,8.80E-05,,,
25.5323,8.73E-05,,,
25.6202,8.44E-05,,,
25.7083,8.35E-05,,,
25.7968,8.47E-05,,,
25.8856,8.20E-05,,,
25.9747,8.06E-05,,,
26.0641,7.89E-05,,,
26.1539,7.88E-05,,,
26.2439,7.67E-05,,,
26.3342,7.88E-05,,,
26.4249,7.51E-05,,,
26.5158,7.63E-05,,,
26.6071,7.47E-05,,,
26.6987,7.29E-05,,,
26.7906,7.27E-05,,,
26.8828,7.10E-05,,,
26.9754,6.97E-05,,,
27.0682,6.92E-05,,,
27.1614,6.81E-05,,,
27.2549,6.81E-05,,,
27.3487,6.73E-05,,,
27.4428,6.70E-05,,,
27.5373,6.58E-05,,,
27.6321,6.48E-05,,,
27.7272,6.28E-05,,,
27.8227,6.30E-05,,,
27.9184,6.25E-05,,,
28.0145,6.17E-05,,,
28.111,6.06E-05,,,
28.2077,5.96E-05,,,
28.3048,5.99E-05,,,
28.4023,5.87E-05,,,
28.5,5.71E-05,,,
28.5981,5.68E-05,,,
28.6966,5.64E-05,,,
28.7954,5.58E-05,,,
28.8945,5.57E-05,,,
28.9939,5.45E-05,,,
29.0937,5.36E-05,,,
29.1939,5.38E-05,,,
29.2944,5.28E-05,,,
29.3952,5.27E-05,,,
29.4964,5.10E-05,,,
29.5979,5.09E-05,,,
29.6998,4.99E-05,,,
29.802,5.00E-05,,,
29.9046,4.91E-05,,,
30.0076,4.87E-05,,,
30.1109,4.76E-05,,,
30.2145,4.74E-05,,,
30.3185,4.74E-05,,,
30.4229,4.64E-05,,,
30.5276,4.54E-05,,,
30.6327,4.54E-05,,,
30.7381,4.44E-05,,,
30.8439,4.33E-05,,,
30.9501,4.41E-05,,,
31.0566,4.26E-05,,,
31.1636,4.27E-05,,,
31.2708,4.17E-05,,,
31.3785,4.17E-05,,,
31.4865,4.11E-05,,,
31.5949,4.08E-05,,,
31.7036,4.03E-05,,,
31.8128,3.96E-05,,,
31.9223,3.94E-05,,,
32.0321,3.88E-05,,,
32.1424,3.85E-05,,,
32.253,3.79E-05,,,
32.3641,3.74E-05,,,
32.4755,3.72E-05,,,
32.5873,3.66E-05,,,
32.6994,3.65E-05,,,
32.812,3.50E-05,,,
32.9249,3.54E-05,,,
33.0383,3.47E-05,,,
33.152,3.52E-05,,,
33.2661,3.39E-05,,,
33.3806,3.35E-05,,,
33.4955,3.36E-05,,,
33.6108,3.26E-05,,,
33.7265,3.23E-05,,,
33.8426,3.20E-05,,,
33.9591,3.21E-05,,,
34.076,3.16E-05,,,
34.1933,3.13E-05,,,
34.311,3.06E-05,,,
34.4291,2.98E-05,,,
34.5476,2.93E-05,,,
34.6665,2.97E-05,,,
34.7859,2.89E-05,,,
34.9056,2.88E-05,,,
35.0258,2.80E-05,,,
35.1463,2.81E-05,,,
35.2673,2.76E-05,,,
35.3887,2.74E-05,,,
35.5105,2.71E-05,,,
35.6328,2.70E-05,,,
35.7554,2.65E-05,,,
35.8785,2.60E-05,,,
36.002,2.54E-05,,,
36.1259,2.59E-05,,,
36.2503,2.52E-05,,,
36.3751,2.47E-05,,,
36.5003,2.47E-05,,,
36.6259,2.45E-05,,,
36.752,2.37E-05,,,
36.8785,2.40E-05,,,
37.0054,2.34E-05,,,
37.1328,2.31E-05,,,
37.2606,2.30E-05,,,
37.3889,2.25E-05,,,
37.5176,2.22E-05,,,
37.6468,2.22E-05,,,
37.7763,2.19E-05,,,
37.9064,2.12E-05,,,
38.0369,2.09E-05,,,
38.1678,2.11E-05,,,
38.2992,2.07E-05,,,
38.431,2.02E-05,,,
38.5633,1.99E-05,,,
38.696,1.95E-05,,,
38.8292,1.93E-05,,,
38.9629,1.93E-05,,,
39.097,1.94E-05,,,
39.2316,1.88E-05,,,
39.3666,1.85E-05,,,
39.5022,1.82E-05,,,
39.6381,1.81E-05,,,
39.7746,1.78E-05,,,
39.9115,1.76E-05,,,
40.0489,1.76E-05,,,
40.1867,1.71E-05,,,
40.3251,1.68E-05,,,
40.4639,1.66E-05,,,
40.6032,1.65E-05,,,
40.7429,1.63E-05,,,
40.8832,1.61E-05,,,
41.0239,1.59E-05,,,
41.1651,1.58E-05,,,
41.3068,1.54E-05,,,
41.449,1.51E-05,,,
41.5917,1.50E-05,,,
41.7348,1.48E-05,,,
41.8785,1.50E-05,,,
42.0227,1.44E-05,,,
42.1673,1.46E-05,,,
42.3125,1.41E-05,,,
42.4581,1.40E-05,,,
42.6043,1.36E-05,,,
42.7509,1.37E-05,,,
42.8981,1.34E-05,,,
43.0457,1.31E-05,,,
43.1939,1.31E-05,,,
43.3426,1.28E-05,,,
43.4918,1.29E-05,,,
43.6415,1.24E-05,,,
43.7917,1.23E-05,,,
43.9425,1.25E-05,,,
44.0937,1.22E-05,,,
44.2455,1.19E-05,,,
44.3978,1.19E-05,,,
44.5506,1.18E-05,,,
44.704,1.16E-05,,,
44.8579,1.15E-05,,,
45.0123,1.12E-05,,,
45.1672,1.11E-05,,,
45.3227,1.09E-05,,,
45.4787,1.08E-05,,,
45.6353,1.05E-05,,,
45.7923,1.08E-05,,,
45.95,1.06E-05,,,
46.1081,1.01E-05,,,
46.2669,1.03E-05,,,
46.4261,1.02E-05,,,
46.5859,9.90E-06,,,
46.7463,9.75E-06,,,
46.9072,9.84E-06,,,
47.0687,9.85E-06,,,
47.2307,9.32E-06,,,
47.3933,9.37E-06,,,
47.5564,9.33E-06,,,
47.7201,9.06E-06,,,
47.8844,9.20E-06,,,
48.0492,9.02E-06,,,
48.2146,8.86E-06,,,
48.3806,8.66E-06,,,
48.5471,8.93E-06,,,
48.7142,8.48E-06,,,
48.8819,8.59E-06,,,
49.0501,8.49E-06,,,
49.219,8.33E-06,,,
49.3884,8.20E-06,,,
49.5584,7.99E-06,,,
49.729,8.08E-06,,,
49.9002,7.99E-06,,,
50.072,7.86E-06,,,
50.2443,7.76E-06,,,
50.4173,7.67E-06,,,
50.5908,7.51E-06,,,
50.765,7.42E-06,,,
50.9397,7.39E-06,,,
51.1151,7.24E-06,,,
51.291,7.38E-06,,,
51.4676,7.23E-06,,,
51.6447,7.01E-06,,,
51.8225,7.03E-06,,,
52.0009,6.97E-06,,,
52.1799,6.74E-06,,,
52.3595,6.77E-06,,,
52.5397,6.61E-06,,,
52.7206,6.56E-06,,,
52.9021,6.59E-06,,,
53.0842,6.42E-06,,,
53.2669,6.33E-06,,,
53.4502,6.36E-06,,,
53.6342,6.20E-06,,,
53.8188,6.26E-06,,,
54.0041,6.18E-06,,,
54.19,6.11E-06,,,
54.3765,6.02E-06,,,
54.5637,5.90E-06,,,
54.7515,5.89E-06,,,
54.94,5.78E-06,,,
55.1291,5.69E-06,,,
55.3189,5.56E-06,,,
55.5093,5.64E-06,,,
55.7004,5.57E-06,,,
55.8921,5.51E-06,,,
56.0845,5.51E-06,,,
56.2776,5.36E-06,,,
56.4713,5.30E-06,,,
56.6657,5.19E-06,,,
56.8607,5.16E-06,,,
57.0565,5.15E-06,,,
57.2529,5.06E-06,,,
57.4499,4.95E-06,,,
57.6477,4.97E-06,,,
57.8461,4.90E-06,,,
58.0452,4.95E-06,,,
58.245,4.84E-06,,,
58.4455,4.68E-06,,,
58.6467,4.59E-06,,,
58.8486,4.63E-06,,,
59.0512,4.56E-06,,,
59.2544,4.48E-06,,,
59.4584,4.50E-06,,,
59.6631,4.45E-06,,,
59.8684,4.39E-06,,,
60.0745,4.31E-06,,,
60.2813,4.23E-06,,,
60.4888,4.25E-06,,,
60.697,4.24E-06,,,
60.906,4.13E-06,,,
61.1156,4.11E-06,,,
61.326,3.98E-06,,,
61.5371,4.01E-06,,,
61.7489,3.88E-06,,,
61.9615,3.94E-06,,,
62.1748,3.83E-06,,,
62.3888,3.88E-06,,,
62.6035,3.81E-06,,,
62.819,3.79E-06,,,
63.0353,3.62E-06,,,
63.2522,3.66E-06,,,
63.47,3.60E-06,,,
63.6885,3.55E-06,,,
63.9077,3.49E-06,,,
64.1277,3.53E-06,,,
64.3484,3.38E-06,,,
64.5699,3.34E-06,,,
64.7922,3.31E-06,,,
65.0152,3.29E-06,,,
65.239,3.28E-06,,,
65.4636,3.18E-06,,,
65.6889,3.13E-06,,,
65.915,3.18E-06,,,
66.1419,3.14E-06,,,
66.3696,3.07E-06,,,
66.5981,3.03E-06,,,
66.8273,3.01E-06,,,
67.0573,2.99E-06,,,
67.2882,2.92E-06,,,
67.5198,2.81E-06,,,
67.7522,2.81E-06,,,
67.9854,2.77E-06,,,
68.2194,2.75E-06,,,
68.4543,2.73E-06,,,
68.6899,2.69E-06,,,
68.9264,2.65E-06,,,
69.1636,2.73E-06,,,
69.4017,2.65E-06,,,
69.6406,2.62E-06,,,
69.8803,2.60E-06,,,
70.1209,2.56E-06,,,
70.3622,2.50E-06,,,
70.6044,2.53E-06,,,
70.8475,2.43E-06,,,
71.0913,2.45E-06,,,
71.336,2.40E-06,,,
71.5816,2.35E-06,,,
71.828,2.36E-06,,,
72.0753,2.32E-06,,,
72.3234,2.23E-06,,,
72.5723,2.29E-06,,,
72.8221,2.31E-06,,,
73.0728,2.26E-06,,,
73.3243,2.18E-06,,,
73.5767,2.21E-06,,,
73.83,2.20E-06,,,
74.0841,2.14E-06,,,
74.3391,2.15E-06,,,
74.595,2.09E-06,,,
74.8518,2.06E-06,,,
75.1095,2.07E-06,,,
75.368,2.04E-06,,,
75.6274,1.98E-06,,,
75.8878,2.01E-06,,,
76.149,1.97E-06,,,
76.4111,1.98E-06,,,
76.6741,1.95E-06,,,
76.9381,1.95E-06,,,
77.2029,1.89E-06,,,
77.4687,1.88E-06,,,
77.7353,1.89E-06,,,
78.0029,1.83E-06,,,
78.2714,1.76E-06,,,
78.5408,1.84E-06,,,
78.8112,1.79E-06,,,
79.0825,1.77E-06,,,
79.3547,1.71E-06,,,
79.6279,1.72E-06,,,
79.902,1.71E-06,,,
80.177,1.75E-06,,,
80.453,1.72E-06,,,
80.7299,1.70E-06,,,
81.0078,1.67E-06,,,
81.2867,1.58E-06,,,
81.5665,1.61E-06,,,
81.8472,1.61E-06,,,
82.129,1.59E-06,,,
82.4117,1.57E-06,,,
82.6954,1.52E-06,,,
82.98,1.53E-06,,,
83.2656,1.51E-06,,,
83.5523,1.49E-06,,,
83.8399,1.50E-06,,,
84.1285,1.46E-06,,,
84.4181,1.44E-06,,,
84.7086,1.40E-06,,,
85.0002,1.43E-06,,,
85.2928,1.38E-06,,,
85.5864,1.39E-06,,,
85.881,1.33E-06,,,
86.1767,1.39E-06,,,
86.4733,1.32E-06,,,
86.771,1.30E-06,,,
87.0696,1.26E-06,,,
87.3693,1.28E-06,,,
87.6701,1.31E-06,,,
87.9719,1.24E-06,,,
88.2747,1.26E-06,,,
88.5786,1.21E-06,,,
88.8835,1.24E-06,,,
89.1894,1.22E-06,,,
89.4964,1.18E-06,,,
89.8045,1.21E-06,,,
90.1136,1.16E-06,,,
90.4238,1.17E-06,,,
90.7351,1.12E-06,,,
91.0474,1.11E-06,,,
91.3608,1.11E-06,,,
91.6753,1.15E-06,,,
91.9909,1.09E-06,,,
92.3075,1.08E-06,,,
92.6253,1.05E-06,,,
92.9441,1.08E-06,,,
93.264,1.03E-06,,,
93.5851,1.04E-06,,,
93.9072,1.03E-06,,,
94.2305,1.01E-06,,,
94.5548,9.82E-07,,,
94.8803,1.00E-06,,,
95.2069,9.60E-07,,,
95.5346,9.80E-07,,,
95.8635,9.28E-07,,,
96.1935,9.03E-07,,,
96.5246,9.11E-07,,,
96.8568,8.89E-07,,,
97.1902,9.17E-07,,,
97.5248,8.70E-07,,,
97.8605,8.54E-07,,,
98.1974,8.59E-07,,,
98.5354,8.47E-07,,,
98.8746,8.18E-07,,,
99.2149,8.08E-07,,,
99.5564,8.13E-07,,,
99.8991,8.34E-07,,,
100.243,7.66E-07,,,
100.588,7.60E-07,,,
100.934,7.78E-07,,,
101.282,7.57E-07,,,
101.63,7.70E-07,,,
101.98,7.53E-07,,,
102.331,7.16E-07,,,
102.684,7.20E-07,,,
103.037,6.71E-07,,,
103.392,7.00E-07,,,
103.748,6.68E-07,,,
104.105,6.67E-07,,,
104.463,6.56E-07,,,
104.823,6.44E-07,,,
105.183,6.34E-07,,,
105.545,6.34E-07,,,
105.909,6.15E-07,,,
106.273,6.03E-07,,,
106.639,6.04E-07,,,
107.006,6.09E-07,,,
107.375,5.70E-07,,,
107.744,5.56E-07,,,
108.115,5.41E-07,,,
108.487,5.20E-07,,,
108.861,5.50E-07,,,
109.235,5.16E-07,,,
109.611,5.20E-07,,,
109.989,5.03E-07,,,
110.367,4.78E-07,,,
110.747,4.97E-07,,,
111.128,4.55E-07,,,
111.511,4.42E-07,,,
111.895,4.46E-07,,,
112.28,4.07E-07,,,
112.666,4.29E-07,,,
113.054,3.76E-07,,,
113.443,4.01E-07,,,
113.834,3.68E-07,,,
114.226,3.66E-07,,,
114.619,3.36E-07,,,
115.014,3.15E-07,,,
115.409,3.03E-07,,,
115.807,2.86E-07,,,
116.205,2.93E-07,,,
116.605,2.72E-07,,,
117.007,2.49E-07,,,
117.41,2.37E-07,,,
117.814,2.05E-07,,,
118.219,1.88E-07,,,
118.626,1.68E-07,,,
119.034,1.71E-07,,,
119.444,1.38E-07,,,
119.855,1.17E-07,,,
120.268,1.17E-07,,,
120.682,9.85E-08,,,
121.097,8.98E-08,,,
121.514,7.51E-08,,,
121.932,6.77E-08,,,
122.352,6.23E-08,,,
122.773,4.79E-08,,,
123.196,4.20E-08,,,
123.62,3.00E-08,,,
124.046,2.86E-08,,,
124.473,2.20E-08,,,
124.901,1.51E-08,,,
125.331,1.51E-08,,,
125.762,1.30E-08,,,
126.195,1.03E-08,,,
126.63,9.70E-09,,,
127.066,8.68E-09,,,
127.503,6.97E-09,,,
127.942,5.93E-09,,,
128.382,5.07E-09,,,
128.824,3.88E-09,,,
129.268,3.45E-09,,,
129.713,3.69E-09,,,
130.159,3.46E-09,,,
130.607,3.37E-09,,,
131.057,2.96E-09,,,
131.508,2.87E-09,,,
131.961,2.42E-09,,,
132.415,3.33E-09,,,
132.871,2.61E-09,,,
133.328,1.39E-09,,,
133.787,1.87E-09,,,
134.247,1.34E-09,,,
134.709,2.09E-09,,,
135.173,1.59E-09,,,
135.638,1.54E-09,,,
136.105,1.57E-09,,,
136.574,1.27E-09,,,
137.044,6.46E-10,,,
137.516,2.14E-09,,,
137.989,1.33E-09,,,
138.464,1.56E-09,,,
138.941,1.18E-09,,,
139.419,1.14E-09,,,
139.899,1.28E-09,,,
140.38,7.32E-10,,,
140.864,1.06E-09,,,
141.349,9.64E-10,,,
141.835,2.62E-10,,,
142.323,1.37E-09,,,
142.813,3.80E-10,,,
143.305,9.47E-10,,,
143.798,1.62E-10,,,
144.293,1.19E-09,,,
144.79,8.22E-10,,,
145.288,5.14E-10,,,
145.788,5.62E-10,,,
146.29,1.11E-09,,,
146.794,6.03E-10,,,
147.299,4.11E-10,,,
147.806,3.90E-10,,,
148.315,6.45E-10,,,
148.825,2.30E-10,,,
149.338,1.21E-09,,,
149.852,5.65E-10,,,
150.368,3.36E-10,,,
150.885,1.45E-09,,,
151.405,6.48E-10,,,
151.926,5.82E-10,,,
152.449,6.27E-10,,,
152.973,1.08E-09,,,
153.5,0,,,
154.028,4.39E-10,,,
154.559,3.97E-10,,,
155.091,1.51E-10,,,
155.624,0,,,
156.16,1.50E-10,,,
156.698,4.37E-10,,,
157.237,0,,,
157.778,1.72E-10,,,
158.321,3.82E-10,,,
158.866,7.49E-10,,,
159.413,4.69E-10,,,
159.962,0,,,
160.513,0,,,
161.065,5.26E-10,,,
161.62,0,,,
162.176,2.73E-10,,,
162.734,2.93E-10,,,
163.294,2.92E-10,,,
163.856,5.00E-10,,,
164.42,3.51E-10,,,
164.986,3.72E-10,,,
165.554,0,,,
166.124,0,,,
166.696,0,,,
167.27,0,,,
167.846,1.61E-10,,,
168.423,2.83E-10,,,
169.003,0,,,
169.585,2.61E-10,,,
170.169,7.56E-10,,,
170.754,2.79E-10,,,
171.342,0,,,
171.932,1.36E-10,,,
172.524,2.71E-10,,,
173.118,0,,,
173.714,0,,,
174.312,2.73E-10,,,
174.912,2.72E-10,,,
175.514,0,,,
176.118,0,,,
176.724,0,,,
177.332,2.68E-10,,,
177.943,2.68E-10,,,
178.555,2.67E-10,,,
179.17,0,,,
179.787,0,,,
180.406,1.29E-10,,,
181.027,0,,,
181.65,0,,,
182.275,2.61E-10,,,
182.902,0,,,
183.532,0,,,
184.164,0,,,
184.798,0,,,
185.434,0,,,
186.072,0,,,
186.713,0,,,
187.355,0,,,
188,0,,,
188.647,0,,,
189.297,0,,,
189.948,0,,,
190.602,0,,,
191.258,2.49E-10,,,
191.917,0,,,
192.577,0,,,
193.24,0,,,
193.905,0,,,
194.573,0,,,
195.243,0,,,
195.915,0,,,
196.589,0,,,
197.266,0,,,
197.945,0,,,
198.626,0,,,
199.31,0,,,
199.996,2.38E-10,,,
200.684,0,,,
201.375,0,,,
202.068,0,,,
202.764,0,,,
203.462,2.77E-10,,,
204.162,2.76E-10,,,
204.865,0,,,
205.57,0,,,
206.278,0,,,
206.988,0,,,
207.7,0,,,
208.415,2.28E-10,,,
209.133,0,,,
209.853,2.27E-10,,,
210.575,0,,,
211.3,2.66E-10,,,
212.027,0,,,
212.757,0,,,
213.489,0,,,
214.224,0,,,
214.962,0,,,
215.702,2.21E-10,,,
216.444,0,,,
217.189,0,,,
217.937,0,,,
218.687,0,,,
219.44,2.17E-10,,,
220.195,2.56E-10,,,
220.953,0,,,
221.714,0,,,
222.477,2.99E-10,,,
223.243,0,,,
224.011,0,,,
224.782,0,,,
225.556,2.50E-10,,,
226.332,2.49E-10,,,
227.111,0,,,
227.893,2.47E-10,,,
228.678,0,,,
229.465,0,,,
230.255,0,,,
231.047,0,,,
231.843,2.87E-10,,,
232.641,0,,,
233.441,0,,,
234.245,0,,,
235.051,0,,,
235.86,0,,,
236.672,0,,,
237.487,2.80E-10,,,
238.304,0,,,
239.125,0,,,
239.948,0,,,
240.774,0,,,
241.603,0,,,
242.434,0,,,
243.269,0,,,
244.106,0,,,
244.946,0,,,
245.79,0,,,
246.636,2.70E-10,,,
247.485,0,,,
248.337,0,,,
249.191,0,,,
250.049,0,,,
250.91,0,,,
251.774,0,,,
252.64,0,,,
253.51,0,,,
254.383,0,,,
255.258,0,,,
256.137,0,,,
257.019,0,,,
257.903,2.58E-10,,,
258.791,0,,,
259.682,0,,,
260.576,0,,,
261.473,0,,,
262.373,0,,,
263.276,0,,,
264.182,0,,,
265.092,0,,,
266.004,0,,,
266.92,0,,,
267.838,0,,,
268.76,0,,,
269.686,0,,,
270.614,0,,,
271.545,0,,,
272.48,0,,,
273.418,0,,,
274.359,0,,,
275.304,0,,,
276.251,0,,,
277.202,0,,,
278.156,0,,,
279.114,0,,,
280.075,0,,,
281.039,0,,,
282.006,0,,,
282.977,0,,,
283.951,0,,,
284.928,0,,,
285.909,0,,,
286.893,0,,,
287.881,0,,,
288.872,0,,,
289.866,0,,,
290.864,0,,,
291.865,0,,,
292.87,0,,,
293.878,0,,,
294.89,0,,,
295.905,0,,,
296.923,0,,,
297.945,0,,,
298.971,0,,,
300,,,,
