0.01,0.00693351,22.6,0,1
0.0100344,0.00964769,,1.5,0.25
0.010069,0.0119714,,3,0.061
0.0101036,0.00946489,,4.5,0.012
0.0101384,0.00881855,,7,0.0012
0.0101733,0.0159029,,,
0.0102083,0.0136996,,,
0.0102435,0.019348,,,
0.0102787,0.0112608,,,
0.0103141,0.00947091,,,
0.0103496,0.0300656,,,
0.0103852,0.0126647,,,
0.010421,0.0244467,,,
0.0104568,0.035442,,,
0.0104928,0.0432342,,,
0.010529,0.047613,,,
0.0105652,0.0529883,,,
0.0106016,0.0574627,,,
0.0106381,0.0652108,,,
0.0106747,0.0661403,,,
0.0107114,0.0607076,,,
0.0107483,0.0569784,,,
0.0107853,0.0725869,,,
0.0108224,0.0836424,,,
0.0108597,0.0682336,,,
0.0108971,0.0718669,,,
0.0109346,0.0923019,,,
0.0109722,0.183011,,,
0.01101,0.179355,,,
0.0110479,0.239808,,,
0.0110859,0.815251,,,
0.0111241,1.19486,,,
0.0111624,1.18058,,,
0.0112008,1.18805,,,
0.0112393,1.16475,,,
0.011278,1.22914,,,
0.0113168,1.09444,,,
0.0113558,1.1505,,,
0.0113949,1.14398,,,
0.0114341,1.18195,,,
0.0114735,1.15162,,,
0.011513,1.05454,,,
0.0115526,1.11473,,,
0.0115924,1.09012,,,
0.0116323,1.09231,,,
0.0116723,1.0947,,,
0.0117125,1.06104,,,
0.0117528,1.08405,,,
0.0117933,1.05824,,,
0.0118339,1.06194,,,
0.0118746,1.00919,,,
0.0119155,1.02615,,,
0.0119565,1.01543,,,
0.0119976,0.964303,,,
0.0120389,0.99654,,,
0.0120804,1.02074,,,
0.012122,0.998626,,,
0.0121637,0.963579,,,
0.0122056,0.943812,,,
0.0122476,0.922791,,,
0.0122897,1.03029,,,
0.012332,1.00491,,,
0.0123745,0.969629,,,
0.0124171,0.941307,,,
0.0124598,0.885287,,,
0.0125027,0.911134,,,
0.0125458,0.89755,,,
0.0125889,0.886446,,,
0.0126323,0.912361,,,
0.0126758,0.864008,,,
0.0127194,0.821115,,,
0.0127632,0.82955,,,
0.0128071,0.830427,,,
0.0128512,0.854136,,,
0.0128954,0.784931,,,
0.0129398,0.825687,,,
0.0129844,0.783724,,,
0.0130291,0.791202,,,
0.0130739,0.799897,,,
0.0131189,0.813049,,,
0.0131641,0.804895,,,
0.0132094,0.832198,,,
0.0132548,0.803721,,,
0.0133005,0.784818,,,
0.0133463,0.724409,,,
0.0133922,0.718369,,,
0.0134383,0.70953,,,
0.0134846,0.744189,,,
0.013531,0.702553,,,
0.0135775,0.695235,,,
0.0136243,0.739035,,,
0.0136712,0.716853,,,
0.0137182,0.678192,,,
0.0137655,0.712931,,,
0.0138128,0.653073,,,
0.0138604,0.690776,,,
0.0139081,0.653354,,,
0.013956,0.668295,,,
0.014004,0.662452,,,
0.0140522,0.717292,,,
0.0141006,0.669889,,,
0.0141491,0.638832,,,
0.0141978,0.626269,,,
0.0142467,0.618474,,,
0.0142957,0.600546,,,
0.014345,0.637273,,,
0.0143943,0.596311,,,
0.0144439,0.642533,,,
0.0144936,0.60209,,,
0.0145435,0.598329,,,
0.0145936,0.592892,,,
0.0146438,0.567638,,,
0.0146942,0.597158,,,
0.0147448,0.573314,,,
0.0147955,0.570026,,,
0.0148465,0.554533,,,
0.0148976,0.54794,,,
0.0149488,0.611238,,,
0.0150003,0.541461,,,
0.0150519,0.544503,,,
0.0151038,0.561927,,,
0.0151557,0.541995,,,
0.0152079,0.483695,,,
0.0152603,0.524313,,,
0.0153128,0.529119,,,
0.0153655,0.535335,,,
0.0154184,0.469381,,,
0.0154715,0.499102,,,
0.0155247,0.503986,,,
0.0155782,0.488798,,,
0.0156318,0.509818,,,
0.0156856,0.493682,,,
0.0157396,0.495875,,,
0.0157938,0.476812,,,
0.0158481,0.493711,,,
0.0159027,0.493612,,,
0.0159574,0.46534,,,
0.0160124,0.472498,,,
0.0160675,0.426485,,,
0.0161228,0.448259,,,
0.0161783,1.1971,,,
0.016234,0.485641,,,
0.0162898,0.48002,,,
0.0163459,0.478237,,,
0.0164022,0.450727,,,
0.0164586,0.452728,,,
0.0165153,0.441918,,,
0.0165722,0.440427,,,
0.0166292,0.399787,,,
0.0166864,0.409742,,,
0.0167439,0.413032,,,
0.0168015,0.434986,,,
0.0168593,0.465289,,,
0.0169174,0.410071,,,
0.0169756,0.410632,,,
0.0170341,0.392728,,,
0.0170927,0.408296,,,
0.0171515,0.381651,,,
0.0172106,0.368954,,,
0.0172698,0.365162,,,
0.0173293,0.366007,,,
0.0173889,0.354868,,,
0.0174488,0.307784,,,
0.0175088,0.325028,,,
0.0175691,0.315409,,,
0.0176296,0.310172,,,
0.0176903,0.296279,,,
0.0177511,0.317409,,,
0.0178123,0.298454,,,
0.0178736,0.310535,,,
0.0179351,0.276406,,,
0.0179968,0.301602,,,
0.0180588,0.263364,,,
0.0181209,0.281884,,,
0.0181833,0.298975,,,
0.0182459,0.258285,,,
0.0183087,0.260466,,,
0.0183717,0.286585,,,
0.018435,0.254517,,,
0.0184984,0.266119,,,
0.0185621,0.233221,,,
0.018626,0.250486,,,
0.0186901,0.246969,,,
0.0187545,0.246096,,,
0.018819,0.251398,,,
0.0188838,0.25109,,,
0.0189488,0.241494,,,
0.019014,0.243776,,,
0.0190795,0.212903,,,
0.0191451,0.216388,,,
0.019211,0.192811,,,
0.0192772,0.195441,,,
0.0193435,0.219474,,,
0.0194101,0.199434,,,
0.0194769,0.224308,,,
0.019544,0.201742,,,
0.0196112,0.218933,,,
0.0196788,0.205855,,,
0.0197465,0.19113,,,
0.0198145,0.169926,,,
0.0198827,0.201386,,,
0.0199511,0.174168,,,
0.0200198,0.553954,,,
0.0200887,0.206121,,,
0.0201579,0.194503,,,
0.0202272,0.190127,,,
0.0202969,0.184689,,,
0.0203667,0.170072,,,
0.0204368,0.179215,,,
0.0205072,0.150468,,,
0.0205778,0.171378,,,
0.0206486,0.178929,,,
0.0207197,0.150763,,,
0.020791,0.163665,,,
0.0208626,0.155854,,,
0.0209344,0.152998,,,
0.0210065,0.145051,,,
0.0210788,0.163764,,,
0.0211513,0.125407,,,
0.0212241,0.153283,,,
0.0212972,0.145947,,,
0.0213705,0.134319,,,
0.0214441,0.131919,,,
0.0215179,0.130814,,,
0.0215919,0.12815,,,
0.0216663,0.133094,,,
0.0217408,0.147202,,,
0.0218157,0.132626,,,
0.0218908,0.137824,,,
0.0219661,0.117596,,,
0.0220417,0.129357,,,
0.0221176,0.122264,,,
0.0221938,0.125388,,,
0.0222701,0.119252,,,
0.0223468,0.128231,,,
0.0224237,0.118251,,,
0.0225009,0.158484,,,
0.0225784,0.149991,,,
0.0226561,0.163386,,,
0.0227341,0.156535,,,
0.0228123,0.143237,,,
0.0228909,0.16001,,,
0.0229697,0.160429,,,
0.0230487,0.149792,,,
0.0231281,0.170928,,,
0.0232077,0.173501,,,
0.0232876,0.180663,,,
0.0233677,0.173481,,,
0.0234482,0.168479,,,
0.0235289,0.193595,,,
0.0236099,0.183246,,,
0.0236911,0.185009,,,
0.0237727,0.181998,,,
0.0238545,0.199101,,,
0.0239366,0.20443,,,
0.024019,0.312269,,,
0.0241017,0.187573,,,
0.0241847,0.211869,,,
0.0242679,0.217209,,,
0.0243514,0.197477,,,
0.0244353,0.205636,,,
0.0245194,0.203696,,,
0.0246038,0.195567,,,
0.0246885,0.207873,,,
0.0247735,0.205323,,,
0.0248587,0.203383,,,
0.0249443,0.210688,,,
0.0250302,0.185621,,,
0.0251163,0.209547,,,
0.0252028,0.21074,,,
0.0252895,0.20154,,,
0.0253766,0.223455,,,
0.0254639,0.220353,,,
0.0255516,0.215488,,,
0.0256396,0.225212,,,
0.0257278,0.188024,,,
0.0258164,0.209413,,,
0.0259052,0.203899,,,
0.0259944,0.206461,,,
0.0260839,0.205795,,,
0.0261737,0.212104,,,
0.0262638,0.197385,,,
0.0263542,0.230336,,,
0.0264449,0.205511,,,
0.0265359,0.21982,,,
0.0266273,0.212668,,,
0.0267189,0.197948,,,
0.0268109,0.216769,,,
0.0269032,0.198604,,,
0.0269958,0.231892,,,
0.0270887,0.230396,,,
0.027182,0.229761,,,
0.0272755,0.215294,,,
0.0273694,0.203334,,,
0.0274636,0.216122,,,
0.0275582,0.218075,,,
0.027653,0.227102,,,
0.0277482,0.215671,,,
0.0278437,0.201177,,,
0.0279396,0.217507,,,
0.0280357,0.227525,,,
0.0281323,0.206252,,,
0.0282291,0.213789,,,
0.0283263,0.205716,,,
0.0284238,0.210114,,,
0.0285216,0.210463,,,
0.0286198,0.210298,,,
0.0287183,0.20023,,,
0.0288172,0.203426,,,
0.0289164,0.200196,,,
0.0290159,0.20818,,,
0.0291158,0.200267,,,
0.029216,0.191302,,,
0.0293166,0.215475,,,
0.0294175,0.204182,,,
0.0295187,0.183805,,,
0.0296203,0.200383,,,
0.0297223,0.193584,,,
0.0298246,0.198129,,,
0.0299273,0.198335,,,
0.0300303,0.173216,,,
0.0301337,0.189755,,,
0.0302374,0.190397,,,
0.0303415,0.190874,,,
0.0304459,0.188984,,,
0.0305507,0.179723,,,
0.0306559,0.178062,,,
0.0307614,0.178837,,,
0.0308673,0.168951,,,
0.0309735,0.179743,,,
0.0310802,0.173343,,,
0.0311872,0.159903,,,
0.0312945,0.162836,,,
0.0314022,0.177104,,,
0.0315103,0.164705,,,
0.0316188,0.178729,,,
0.0317276,0.169357,,,
0.0318368,0.161932,,,
0.0319464,0.160201,,,
0.0320564,0.154985,,,
0.0321667,0.158656,,,
0.0322775,0.170998,,,
0.0323886,0.157155,,,
0.0325001,0.151852,,,
0.0326119,0.159689,,,
0.0327242,0.141041,,,
0.0328368,0.16129,,,
0.0329499,0.149011,,,
0.0330633,0.15361,,,
0.0331771,0.140455,,,
0.0332913,0.151671,,,
0.0334059,0.14797,,,
0.0335209,0.140204,,,
0.0336363,0.138075,,,
0.0337521,0.144538,,,
0.0338682,0.125981,,,
0.0339848,0.126786,,,
0.0341018,0.131303,,,
0.0342192,0.136211,,,
0.034337,0.124629,,,
0.0344552,0.13362,,,
0.0345738,0.125549,,,
0.0346928,0.131702,,,
0.0348122,0.139017,,,
0.034932,0.136067,,,
0.0350523,0.126175,,,
0.035173,0.136124,,,
0.035294,0.13248,,,
0.0354155,0.129998,,,
0.0355374,0.118734,,,
0.0356597,0.124575,,,
0.0357825,0.12397,,,
0.0359057,0.127171,,,
0.0360293,0.119023,,,
0.0361533,0.137102,,,
0.0362777,0.129114,,,
0.0364026,0.131967,,,
0.0365279,0.12849,,,
0.0366537,0.124668,,,
0.0367798,0.124453,,,
0.0369064,0.120074,,,
0.0370335,0.125437,,,
0.0371609,0.120098,,,
0.0372889,0.124231,,,
0.0374172,0.115713,,,
0.037546,0.132158,,,
0.0376753,0.12514,,,
0.0378049,0.135693,,,
0.0379351,0.117119,,,
0.0380657,0.113653,,,
0.0381967,0.126241,,,
0.0383282,0.115409,,,
0.0384601,0.121877,,,
0.0385925,0.114903,,,
0.0387253,0.118767,,,
0.0388586,0.12169,,,
0.0389924,0.126574,,,
0.0391266,0.126293,,,
0.0392613,0.124112,,,
0.0393965,0.117718,,,
0.0395321,0.119067,,,
0.0396681,0.11526,,,
0.0398047,0.103597,,,
0.0399417,0.111764,,,
0.0400792,0.129333,,,
0.0402172,0.128061,,,
0.0403556,0.126018,,,
0.0404945,0.118797,,,
0.0406339,0.117804,,,
0.0407738,0.121356,,,
0.0409141,0.12414,,,
0.041055,0.124389,,,
0.0411963,0.102888,,,
0.0413381,0.120986,,,
0.0414804,0.121127,,,
0.0416232,0.12349,,,
0.0417664,0.115324,,,
0.0419102,0.117752,,,
0.0420545,0.119619,,,
0.0421992,0.116497,,,
0.0423445,0.116867,,,
0.0424903,0.118496,,,
0.0426365,0.111087,,,
0.0427833,0.114441,,,
0.0429306,0.111891,,,
0.0430783,0.121143,,,
0.0432266,0.114518,,,
0.0433754,0.106776,,,
0.0435247,0.106357,,,
0.0436745,0.115104,,,
0.0438249,0.108777,,,
0.0439757,0.116112,,,
0.0441271,0.117795,,,
0.044279,0.118993,,,
0.0444314,0.115619,,,
0.0445844,0.116626,,,
0.0447378,0.111444,,,
0.0448918,0.102111,,,
0.0450464,0.107653,,,
0.0452014,0.107047,,,
0.045357,0.0999296,,,
0.0455131,0.111749,,,
0.0456698,0.109353,,,
0.045827,0.100045,,,
0.0459848,0.100436,,,
0.0461431,0.0995681,,,
0.0463019,0.0996509,,,
0.0464613,0.104445,,,
0.0466212,0.100399,,,
0.0467817,0.0967595,,,
0.0469427,0.0985762,,,
0.0471043,0.0956352,,,
0.0472664,0.0972461,,,
0.0474291,0.0865546,,,
0.0475924,0.0923949,,,
0.0477562,0.0923871,,,
0.0479206,0.0992955,,,
0.0480856,0.0949682,,,
0.0482511,0.100664,,,
0.0484172,0.121809,,,
0.0485839,0.0919786,,,
0.0487511,0.103001,,,
0.0489189,0.100388,,,
0.0490873,0.0973659,,,
0.0492563,0.0938524,,,
0.0494258,0.0888406,,,
0.0495959,0.093502,,,
0.0497667,0.093971,,,
0.049938,0.100652,,,
0.0501099,0.0870438,,,
0.0502824,0.0878218,,,
0.0504554,0.0901683,,,
0.0506291,0.0941513,,,
0.0508034,0.0936615,,,
0.0509783,0.0797854,,,
0.0511538,0.0948971,,,
0.0513298,0.0864981,,,
0.0515065,0.088764,,,
0.0516838,0.0945234,,,
0.0518617,0.096618,,,
0.0520403,0.0947918,,,
0.0522194,0.0899758,,,
0.0523991,0.0897415,,,
0.0525795,0.0899584,,,
0.0527605,0.0943329,,,
0.0529421,0.0904425,,,
0.0531244,0.0925293,,,
0.0533072,0.0955832,,,
0.0534907,0.0900375,,,
0.0536748,0.0898278,,,
0.0538596,0.0900581,,,
0.054045,0.0802067,,,
0.054231,0.0942824,,,
0.0544177,0.0905644,,,
0.054605,0.0859206,,,
0.054793,0.0775355,,,
0.0549816,0.0866478,,,
0.0551709,0.0844751,,,
0.0553608,0.0890378,,,
0.0555513,0.0804637,,,
0.0557426,0.0799394,,,
0.0559344,0.081333,,,
0.056127,0.0805605,,,
0.0563202,0.0879117,,,
0.056514,0.0789098,,,
0.0567086,0.0765632,,,
0.0569038,0.0740017,,,
0.0570997,0.0799012,,,
0.0572962,0.0864645,,,
0.0574934,0.0746458,,,
0.0576913,0.0768084,,,
0.0578899,0.0805859,,,
0.0580892,0.0825429,,,
0.0582892,0.0766664,,,
0.0584898,0.0789675,,,
0.0586911,0.0776537,,,
0.0588932,0.0761569,,,
0.0590959,0.0695902,,,
0.0592993,0.070669,,,
0.0595034,0.0752498,,,
0.0597083,0.0728836,,,
0.0599138,0.0737086,,,
0.06012,0.0753144,,,
0.060327,0.0757629,,,
0.0605346,0.0757804,,,
0.060743,0.0760722,,,
0.0609521,0.0818647,,,
0.0611619,0.0823656,,,
0.0613724,0.0799286,,,
0.0615837,0.077169,,,
0.0617957,0.0757516,,,
0.0620084,0.0800759,,,
0.0622218,0.0754141,,,
0.062436,0.0785293,,,
0.0626509,0.0813653,,,
0.0628666,0.0697267,,,
0.063083,0.0685166,,,
0.0633001,0.0715811,,,
0.063518,0.0755537,,,
0.0637367,0.0737069,,,
0.0639561,0.0726331,,,
0.0641762,0.0710251,,,
0.0643971,0.069257,,,
0.0646188,0.072234,,,
0.0648412,0.0648889,,,
0.0650644,0.0766919,,,
0.0652884,0.0692554,,,
0.0655131,0.0704711,,,
0.0657387,0.0671633,,,
0.0659649,0.0686051,,,
0.066192,0.0746467,,,
0.0664199,0.0734162,,,
0.0666485,0.072196,,,
0.0668779,0.0671035,,,
0.0671081,0.0703168,,,
0.0673391,0.0694716,,,
0.0675709,0.068561,,,
0.0678035,0.0726733,,,
0.0680369,0.0711797,,,
0.0682711,0.0685419,,,
0.0685061,0.0645129,,,
0.0687419,0.0664372,,,
0.0689785,0.0665918,,,
0.069216,0.0627404,,,
0.0694542,0.0644398,,,
0.0696933,0.0690031,,,
0.0699332,0.0637671,,,
0.0701739,0.0647858,,,
0.0704155,0.0593827,,,
0.0706579,0.0666,,,
0.0709011,0.0659055,,,
0.0711452,0.0640347,,,
0.0713901,0.0691366,,,
0.0716358,0.0611688,,,
0.0718824,0.0681173,,,
0.0721298,0.0686333,,,
0.0723781,0.0643097,,,
0.0726273,0.0680873,,,
0.0728773,0.0688738,,,
0.0731281,0.0621084,,,
0.0733798,0.0621192,,,
0.0736324,0.0591219,,,
0.0738859,0.0630196,,,
0.0741402,0.0611441,,,
0.0743954,0.0615637,,,
0.0746515,0.0614381,,,
0.0749085,0.0609405,,,
0.0751663,0.0604536,,,
0.0754251,0.0603444,,,
0.0756847,0.0554145,,,
0.0759452,0.0600523,,,
0.0762067,0.055359,,,
0.076469,0.055114,,,
0.0767322,0.0617848,,,
0.0769963,0.0577948,,,
0.0772614,0.0571461,,,
0.0775273,0.0602247,,,
0.0777942,0.0575791,,,
0.078062,0.0539676,,,
0.0783307,0.0577296,,,
0.0786003,0.0560485,,,
0.0788709,0.0567676,,,
0.0791424,0.0579487,,,
0.0794148,0.0620028,,,
0.0796882,0.0567576,,,
0.0799625,0.0540895,,,
0.0802377,0.0526065,,,
0.0805139,0.0561668,,,
0.080791,0.056382,,,
0.0810692,0.0581433,,,
0.0813482,0.0527855,,,
0.0816282,0.0557564,,,
0.0819092,0.0556154,,,
0.0821912,0.0549387,,,
0.0824741,0.056421,,,
0.082758,0.0559611,,,
0.0830428,0.0562009,,,
0.0833287,0.0537479,,,
0.0836155,0.0505614,,,
0.0839034,0.0526459,,,
0.0841922,0.0554922,,,
0.084482,0.0555294,,,
0.0847728,0.0484227,,,
0.0850646,0.0555244,,,
0.0853574,0.0544765,,,
0.0856512,0.0486905,,,
0.0859461,0.0538697,,,
0.0862419,0.0555161,,,
0.0865388,0.0522936,,,
0.0868367,0.0459855,,,
0.0871356,0.0577838,,,
0.0874355,0.0568087,,,
0.0877365,0.0567428,,,
0.0880385,0.0470453,,,
0.0883415,0.0559942,,,
0.0886456,0.0550146,,,
0.0889508,0.0548883,,,
0.089257,0.0502588,,,
0.0895642,0.0552052,,,
0.0898725,0.052545,,,
0.0901819,0.0542174,,,
0.0904923,0.0490763,,,
0.0908038,0.0521154,,,
0.0911164,0.0499222,,,
0.09143,0.052755,,,
0.0917447,0.0538573,,,
0.0920605,0.0526168,,,
0.0923774,0.0520359,,,
0.0926954,0.0511733,,,
0.0930145,0.0511991,,,
0.0933347,0.0495637,,,
0.0936559,0.0522793,,,
0.0939783,0.0526456,,,
0.0943018,0.0516229,,,
0.0946264,0.0506881,,,
0.0949522,0.051471,,,
0.095279,0.050029,,,
0.095607,0.0469513,,,
0.0959361,0.0451051,,,
0.0962663,0.0467028,,,
0.0965977,0.0474876,,,
0.0969302,0.0495086,,,
0.0972638,0.0439564,,,
0.0975986,0.0485044,,,
0.0979346,0.0483304,,,
0.0982717,0.0488738,,,
0.09861,0.0503627,,,
0.0989494,0.0472326,,,
0.09929,0.0466132,,,
0.0996318,0.0462207,,,
0.0999748,0.04486,,,
0.100319,0.0466113,,,
0.100664,0.0431135,,,
0.101011,0.0497301,,,
0.101358,0.0481727,,,
0.101707,0.0477863,,,
0.102057,0.0467298,,,
0.102409,0.0460124,,,
0.102761,0.0484085,,,
0.103115,0.0467719,,,
0.10347,0.0486841,,,
0.103826,0.042166,,,
0.104183,0.0458646,,,
0.104542,0.0462251,,,
0.104902,0.0429988,,,
0.105263,0.0506473,,,
0.105625,0.0464033,,,
0.105989,0.0422931,,,
0.106354,0.0446426,,,
0.10672,0.0449453,,,
0.107087,0.0474308,,,
0.107456,0.0418228,,,
0.107826,0.0474759,,,
0.108197,0.0428056,,,
0.108569,0.0414512,,,
0.108943,0.0448927,,,
0.109318,0.0454098,,,
0.109694,0.0436118,,,
0.110072,0.0422423,,,
0.110451,0.0423563,,,
0.110831,0.0425901,,,
0.111213,0.0451279,,,
0.111595,0.0443004,,,
0.11198,0.0442101,,,
0.112365,0.0409275,,,
0.112752,0.0434295,,,
0.11314,0.0417814,,,
0.113529,0.0401158,,,
0.11392,0.0409889,,,
0.114312,0.0453847,,,
0.114706,0.0448416,,,
0.115101,0.0430682,,,
0.115497,0.0418391,,,
0.115894,0.0456393,,,
0.116293,0.0399292,,,
0.116694,0.0432043,,,
0.117095,0.0451291,,,
0.117498,0.0405854,,,
0.117903,0.0439884,,,
0.118309,0.0415271,,,
0.118716,0.0429467,,,
0.119125,0.0398215,,,
0.119535,0.0380586,,,
0.119946,0.0445236,,,
0.120359,0.0407754,,,
0.120773,0.0419464,,,
0.121189,0.0424551,,,
0.121606,0.0408887,,,
0.122025,0.0406519,,,
0.122445,0.0433211,,,
0.122866,0.0386941,,,
0.123289,0.0419213,,,
0.123714,0.0400239,,,
0.124139,0.0380524,,,
0.124567,0.0410388,,,
0.124996,0.0393739,,,
0.125426,0.0386588,,,
0.125858,0.0382281,,,
0.126291,0.0401987,,,
0.126726,0.0408003,,,
0.127162,0.0374863,,,
0.127599,0.0399448,,,
0.128039,0.0385876,,,
0.128479,0.0377324,,,
0.128922,0.0355778,,,
0.129365,0.0432815,,,
0.129811,0.0373588,,,
0.130258,0.038581,,,
0.130706,0.0383593,,,
0.131156,0.0411067,,,
0.131607,0.0354555,,,
0.13206,0.0376367,,,
0.132515,0.0369288,,,
0.132971,0.0388031,,,
0.133429,0.0408896,,,
0.133888,0.0403048,,,
0.134349,0.0386545,,,
0.134811,0.0418626,,,
0.135276,0.0403429,,,
0.135741,0.037311,,,
0.136208,0.037826,,,
0.136677,0.0398577,,,
0.137148,0.03628,,,
0.13762,0.0369871,,,
0.138094,0.0384529,,,
0.138569,0.0391629,,,
0.139046,0.0378905,,,
0.139525,0.0350719,,,
0.140005,0.0373187,,,
0.140487,0.040784,,,
0.14097,0.0370002,,,
0.141456,0.0372786,,,
0.141943,0.0377322,,,
0.142431,0.0405707,,,
0.142921,0.0391005,,,
0.143413,0.0353214,,,
0.143907,0.0393626,,,
0.144402,0.0372067,,,
0.144899,0.0373413,,,
0.145398,0.0387635,,,
0.145899,0.0350963,,,
0.146401,0.0386043,,,
0.146905,0.0391595,,,
0.147411,0.0364502,,,
0.147918,0.036888,,,
0.148427,0.0352373,,,
0.148938,0.0352144,,,
0.149451,0.0376452,,,
0.149965,0.0398518,,,
0.150481,0.035537,,,
0.150999,0.0343107,,,
0.151519,0.0353868,,,
0.152041,0.0343196,,,
0.152564,0.0354931,,,
0.153089,0.0350877,,,
0.153616,0.0380595,,,
0.154145,0.0355149,,,
0.154676,0.0332782,,,
0.155208,0.0343455,,,
0.155742,0.0358712,,,
0.156278,0.0372576,,,
0.156816,0.0357553,,,
0.157356,0.0360383,,,
0.157898,0.03515,,,
0.158441,0.0332561,,,
0.158987,0.0345458,,,
0.159534,0.0342825,,,
0.160083,0.0335293,,,
0.160634,0.0350492,,,
0.161187,0.0373602,,,
0.161742,0.034138,,,
0.162299,0.0351235,,,
0.162857,0.0344482,,,
0.163418,0.0370512,,,
0.163981,0.0344207,,,
0.164545,0.0353985,,,
0.165111,0.0315654,,,
0.16568,0.0309633,,,
0.16625,0.0343149,,,
0.166822,0.0329934,,,
0.167397,0.0347683,,,
0.167973,0.0380502,,,
0.168551,0.0335841,,,
0.169131,0.034901,,,
0.169713,0.0325672,,,
0.170298,0.034003,,,
0.170884,0.0322477,,,
0.171472,0.0338582,,,
0.172062,0.0346288,,,
0.172654,0.035585,,,
0.173249,0.0319871,,,
0.173845,0.0355786,,,
0.174444,0.036831,,,
0.175044,0.0359423,,,
0.175647,0.0361903,,,
0.176251,0.0322889,,,
0.176858,0.0344952,,,
0.177467,0.038861,,,
0.178078,0.0318062,,,
0.178691,0.0344539,,,
0.179306,0.0305245,,,
0.179923,0.0319251,,,
0.180542,0.0329701,,,
0.181164,0.0349955,,,
0.181787,0.0320906,,,
0.182413,0.0343517,,,
0.183041,0.0346241,,,
0.183671,0.0333059,,,
0.184303,0.0315942,,,
0.184938,0.0324331,,,
0.185574,0.0330013,,,
0.186213,0.0359666,,,
0.186854,0.0348421,,,
0.187497,0.0340351,,,
0.188143,0.0323091,,,
0.18879,0.032659,,,
0.18944,0.0343933,,,
0.190092,0.0324194,,,
0.190747,0.0345625,,,
0.191403,0.0331735,,,
0.192062,0.0330367,,,
0.192723,0.0329376,,,
0.193387,0.0344844,,,
0.194052,0.0316891,,,
0.19472,0.0323994,,,
0.19539,0.0328944,,,
0.196063,0.0321602,,,
0.196738,0.0325272,,,
0.197415,0.0324359,,,
0.198095,0.0345733,,,
0.198777,0.0338773,,,
0.199461,0.0339359,,,
0.200147,0.0332308,,,
0.200836,0.0308602,,,
0.201528,0.0320584,,,
0.202221,0.0324156,,,
0.202917,0.0313844,,,
0.203616,0.0328886,,,
0.204317,0.0322408,,,
0.20502,0.0329932,,,
0.205726,0.0312281,,,
0.206434,0.0322994,,,
0.207145,0.0305263,,,
0.207858,0.0291423,,,
0.208573,0.0327314,,,
0.209291,0.0313732,,,
0.210012,0.0311128,,,
0.210734,0.0328918,,,
0.21146,0.0320183,,,
0.212188,0.0321349,,,
0.212918,0.0319747,,,
0.213651,0.0311839,,,
0.214386,0.0308823,,,
0.215124,0.030416,,,
0.215865,0.0313355,,,
0.216608,0.0325891,,,
0.217354,0.0333243,,,
0.218102,0.0322584,,,
0.218853,0.0295435,,,
0.219606,0.0329311,,,
0.220362,0.0289927,,,
0.22112,0.0315281,,,
0.221882,0.0308758,,,
0.222645,0.0312406,,,
0.223412,0.0314026,,,
0.224181,0.0308483,,,
0.224952,0.0317712,,,
0.225727,0.0304861,,,
0.226504,0.0320837,,,
0.227283,0.0300335,,,
0.228066,0.0297978,,,
0.228851,0.0291379,,,
0.229639,0.0299723,,,
0.230429,0.0326707,,,
0.231222,0.0320432,,,
0.232018,0.0332338,,,
0.232817,0.0321952,,,
0.233618,0.03089,,,
0.234422,0.0335134,,,
0.235229,0.0309236,,,
0.236039,0.030589,,,
0.236852,0.0299754,,,
0.237667,0.0290972,,,
0.238485,0.0323529,,,
0.239306,0.0328369,,,
0.24013,0.0303862,,,
0.240956,0.0318102,,,
0.241786,0.0322732,,,
0.242618,0.0310524,,,
0.243453,0.0292223,,,
0.244291,0.0302851,,,
0.245132,0.0302903,,,
0.245976,0.0295308,,,
0.246822,0.0296223,,,
0.247672,0.0319285,,,
0.248525,0.0317546,,,
0.24938,0.0310579,,,
0.250239,0.0305456,,,
0.2511,0.0292548,,,
0.251964,0.030508,,,
0.252832,0.0303891,,,
0.253702,0.0303463,,,
0.254575,0.0332646,,,
0.255452,0.0292593,,,
0.256331,0.0305068,,,
0.257213,0.0309858,,,
0.258099,0.032172,,,
0.258987,0.0297272,,,
0.259878,0.0301093,,,
0.260773,0.0294312,,,
0.261671,0.0319413,,,
0.262571,0.0313316,,,
0.263475,0.0304191,,,
0.264382,0.0289638,,,
0.265292,0.0317262,,,
0.266205,0.0307343,,,
0.267122,0.0295053,,,
0.268041,0.0305885,,,
0.268964,0.031128,,,
0.26989,0.0307811,,,
0.270819,0.032562,,,
0.271751,0.0308951,,,
0.272686,0.0322905,,,
0.273625,0.0290438,,,
0.274567,0.0312482,,,
0.275512,0.0301776,,,
0.27646,0.0285999,,,
0.277412,0.0312352,,,
0.278367,0.0305933,,,
0.279325,0.0304392,,,
0.280287,0.0332087,,,
0.281252,0.0310826,,,
0.28222,0.0316735,,,
0.283191,0.0315642,,,
0.284166,0.03138,,,
0.285144,0.0309355,,,
0.286126,0.0293208,,,
0.287111,0.0294174,,,
0.288099,0.0317762,,,
0.289091,0.0306105,,,
0.290086,0.0303078,,,
0.291084,0.029598,,,
0.292086,0.0299951,,,
0.293092,0.0300427,,,
0.294101,0.0312214,,,
0.295113,0.0315091,,,
0.296129,0.0321711,,,
0.297148,0.0310461,,,
0.298171,0.0313242,,,
0.299197,0.0302935,,,
0.300227,0.030986,,,
0.301261,0.0306247,,,
0.302298,0.0310171,,,
0.303338,0.0303716,,,
0.304382,0.0295646,,,
0.30543,0.031504,,,
0.306482,0.0304515,,,
0.307536,0.0322639,,,
0.308595,0.0294185,,,
0.309657,0.0297473,,,
0.310723,0.0306291,,,
0.311793,0.030997,,,
0.312866,0.0297307,,,
0.313943,0.0291117,,,
0.315024,0.0290597,,,
0.316108,0.0341446,,,
0.317196,0.031866,,,
0.318288,0.0308946,,,
0.319384,0.031514,,,
0.320483,0.0316655,,,
0.321586,0.0318296,,,
0.322693,0.0312661,,,
0.323804,0.029754,,,
0.324919,0.029857,,,
0.326037,0.0311326,,,
0.327159,0.0299422,,,
0.328286,0.0300381,,,
0.329416,0.0300559,,,
0.330549,0.029536,,,
0.331687,0.0311495,,,
0.332829,0.0308761,,,
0.333975,0.0312752,,,
0.335124,0.031625,,,
0.336278,0.0300664,,,
0.337435,0.0300631,,,
0.338597,0.0316882,,,
0.339763,0.0290572,,,
0.340932,0.029846,,,
0.342106,0.0315882,,,
0.343283,0.0306198,,,
0.344465,0.0304305,,,
0.345651,0.0292961,,,
0.34684,0.0315691,,,
0.348034,0.0304677,,,
0.349232,0.0320482,,,
0.350434,0.0293018,,,
0.351641,0.0308215,,,
0.352851,0.0302443,,,
0.354066,0.0315411,,,
0.355285,0.030335,,,
0.356508,0.0320688,,,
0.357735,0.0308821,,,
0.358966,0.0309178,,,
0.360202,0.0306723,,,
0.361442,0.0296134,,,
0.362686,0.0314639,,,
0.363934,0.0298193,,,
0.365187,0.0310345,,,
0.366444,0.0293259,,,
0.367705,0.0302259,,,
0.368971,0.0295336,,,
0.370241,0.0307016,,,
0.371516,0.031006,,,
0.372795,0.0309339,,,
0.374078,0.0313511,,,
0.375365,0.0299308,,,
0.376658,0.031648,,,
0.377954,0.0313584,,,
0.379255,0.0291907,,,
0.380561,0.0293552,,,
0.381871,0.0301154,,,
0.383185,0.0285613,,,
0.384504,0.0299721,,,
0.385828,0.0311145,,,
0.387156,0.0307242,,,
0.388488,0.0312747,,,
0.389826,0.0307491,,,
0.391168,0.0313341,,,
0.392514,0.0308466,,,
0.393865,0.0307526,,,
0.395221,0.0303122,,,
0.396581,0.0298082,,,
0.397946,0.0291185,,,
0.399316,0.0304678,,,
0.400691,0.0306366,,,
0.40207,0.0286946,,,
0.403454,0.0305851,,,
0.404843,0.0312284,,,
0.406236,0.0287431,,,
0.407635,0.030669,,,
0.409038,0.0304885,,,
0.410446,0.030854,,,
0.411859,0.0303078,,,
0.413277,0.0315442,,,
0.414699,0.031525,,,
0.416127,0.0303915,,,
0.417559,0.0302786,,,
0.418996,0.0296415,,,
0.420439,0.0314269,,,
0.421886,0.031288,,,
0.423338,0.0321243,,,
0.424795,0.0300698,,,
0.426258,0.0304091,,,
0.427725,0.0316085,,,
0.429197,0.0327928,,,
0.430675,0.0305337,,,
0.432157,0.0309586,,,
0.433645,0.0302032,,,
0.435137,0.0290623,,,
0.436635,0.0314884,,,
0.438138,0.0291901,,,
0.439646,0.0298847,,,
0.44116,0.0287783,,,
0.442678,0.0300937,,,
0.444202,0.0315728,,,
0.445731,0.0296586,,,
0.447265,0.030438,,,
0.448805,0.0317586,,,
0.45035,0.0301895,,,
0.4519,0.0303039,,,
0.453456,0.0315223,,,
0.455017,0.0313119,,,
0.456583,0.031068,,,
0.458155,0.030962,,,
0.459732,0.0311134,,,
0.461314,0.0318171,,,
0.462902,0.0315285,,,
0.464495,0.0315101,,,
0.466094,0.0308798,,,
0.467699,0.0302438,,,
0.469309,0.0310189,,,
0.470924,0.0315003,,,
0.472545,0.0316223,,,
0.474172,0.0299871,,,
0.475804,0.0314828,,,
0.477442,0.0317905,,,
0.479085,0.0310659,,,
0.480734,0.0314188,,,
0.482389,0.0317439,,,
0.48405,0.0315107,,,
0.485716,0.0312587,,,
0.487388,0.0325507,,,
0.489066,0.0319735,,,
0.490749,0.0311259,,,
0.492438,0.0315622,,,
0.494133,0.0311308,,,
0.495834,0.0330011,,,
0.497541,0.030773,,,
0.499254,0.0294071,,,
0.500972,0.0307348,,,
0.502697,0.030459,,,
0.504427,0.0319858,,,
0.506164,0.0318122,,,
0.507906,0.0306514,,,
0.509654,0.0318123,,,
0.511409,0.0310033,,,
0.513169,0.0314825,,,
0.514935,0.030867,,,
0.516708,0.0325445,,,
0.518486,0.0301491,,,
0.520271,0.0308499,,,
0.522062,0.0314438,,,
0.523859,0.0308344,,,
0.525662,0.0316386,,,
0.527472,0.0315078,,,
0.529288,0.032533,,,
0.531109,0.0315902,,,
0.532938,0.0319017,,,
0.534772,0.0332068,,,
0.536613,0.0316497,,,
0.53846,0.0325723,,,
0.540314,0.0305257,,,
0.542174,0.0316057,,,
0.54404,0.0309602,,,
0.545913,0.0313625,,,
0.547792,0.0312977,,,
0.549677,0.0324396,,,
0.551569,0.0312905,,,
0.553468,0.0326262,,,
0.555373,0.0309964,,,
0.557285,0.0321244,,,
0.559203,0.0308797,,,
0.561128,0.0326618,,,
0.56306,0.0308157,,,
0.564998,0.0325947,,,
0.566943,0.0315631,,,
0.568894,0.0303732,,,
0.570853,0.0315611,,,
0.572818,0.0316389,,,
0.574789,0.03042,,,
0.576768,0.03121,,,
0.578753,0.0317879,,,
0.580745,0.0309555,,,
0.582744,0.0315928,,,
0.58475,0.0313395,,,
0.586763,0.0315352,,,
0.588783,0.0317692,,,
0.59081,0.0316309,,,
0.592843,0.0319088,,,
0.594884,0.0313871,,,
0.596932,0.0319412,,,
0.598987,0.0316214,,,
0.601049,0.0311655,,,
0.603117,0.031476,,,
0.605194,0.0314815,,,
0.607277,0.030713,,,
0.609367,0.031248,,,
0.611465,0.031533,,,
0.61357,0.0319768,,,
0.615682,0.0319086,,,
0.617801,0.0308701,,,
0.619927,0.0316077,,,
0.622061,0.030983,,,
0.624203,0.031616,,,
0.626351,0.0323957,,,
0.628507,0.0326853,,,
0.630671,0.0314395,,,
0.632842,0.0321808,,,
0.63502,0.0319274,,,
0.637206,0.0328191,,,
0.639399,0.0312781,,,
0.6416,0.0332031,,,
0.643809,0.0320414,,,
0.646025,0.0329186,,,
0.648249,0.0332609,,,
0.65048,0.0317991,,,
0.652719,0.0316835,,,
0.654966,0.0311379,,,
0.657221,0.0320708,,,
0.659483,0.0326867,,,
0.661753,0.0322597,,,
0.664031,0.0325479,,,
0.666317,0.0322678,,,
0.66861,0.0339444,,,
0.670912,0.0328039,,,
0.673221,0.0319814,,,
0.675539,0.0324335,,,
0.677864,0.033417,,,
0.680197,0.0335803,,,
0.682539,0.0326104,,,
0.684888,0.032911,,,
0.687246,0.0321539,,,
0.689611,0.0318663,,,
0.691985,0.0316936,,,
0.694367,0.0323225,,,
0.696757,0.0333318,,,
0.699156,0.0330043,,,
0.701562,0.033674,,,
0.703977,0.0325182,,,
0.706401,0.033356,,,
0.708832,0.0320377,,,
0.711272,0.03178,,,
0.713721,0.032422,,,
0.716177,0.0330219,,,
0.718643,0.0328588,,,
0.721116,0.0325068,,,
0.723599,0.0324472,,,
0.726089,0.0336783,,,
0.728589,0.0340166,,,
0.731097,0.0326155,,,
0.733613,0.0317089,,,
0.736139,0.0335944,,,
0.738673,0.0334356,,,
0.741215,0.108806,,,
0.743767,0.0325862,,,
0.746327,0.0326014,,,
0.748896,0.0325565,,,
0.751474,0.0318606,,,
0.754061,0.03328,,,
0.756656,0.0319633,,,
0.759261,0.0328062,,,
0.761874,0.0607786,,,
0.764497,0.0324384,,,
0.767128,0.0327089,,,
0.769769,0.0334539,,,
0.772419,0.0329717,,,
0.775078,0.033035,,,
0.777746,0.033108,,,
0.780423,0.0338069,,,
0.783109,0.0334036,,,
0.785805,0.0333946,,,
0.78851,0.0334113,,,
0.791224,0.0322307,,,
0.793948,0.032936,,,
0.79668,0.0327171,,,
0.799423,0.0339354,,,
0.802175,0.032989,,,
0.804936,0.0334231,,,
0.807707,0.0336923,,,
0.810487,0.032424,,,
0.813277,0.031747,,,
0.816076,0.0328619,,,
0.818885,0.0321668,,,
0.821704,0.0328498,,,
0.824533,0.0319697,,,
0.827371,0.0322353,,,
0.830219,0.0337828,,,
0.833077,0.0334823,,,
0.835944,0.0328231,,,
0.838822,0.0329601,,,
0.841709,0.0336443,,,
0.844607,0.0335226,,,
0.847514,0.0319678,,,
0.850431,0.0342541,,,
0.853359,0.0328109,,,
0.856296,0.033338,,,
0.859244,0.0339617,,,
0.862201,0.0323945,,,
0.865169,0.0330001,,,
0.868147,0.0335844,,,
0.871136,0.0326113,,,
0.874135,0.0339374,,,
0.877143,0.0344326,,,
0.880163,0.0331219,,,
0.883193,0.0336443,,,
0.886233,0.0336035,,,
0.889283,0.0341754,,,
0.892344,0.0324441,,,
0.895416,0.0336484,,,
0.898498,0.0339633,,,
0.901591,0.0329597,,,
0.904695,0.0334562,,,
0.907809,0.0334445,,,
0.910934,0.0334745,,,
0.914069,0.0327457,,,
0.917216,0.0338797,,,
0.920373,0.0331921,,,
0.923541,0.0325062,,,
0.92672,0.0337934,,,
0.92991,0.0339353,,,
0.933111,0.034026,,,
0.936323,0.0332298,,,
0.939546,0.0338644,,,
0.94278,0.0341903,,,
0.946026,0.034781,,,
0.949282,0.0342661,,,
0.95255,0.0334456,,,
0.955829,0.0334548,,,
0.959119,0.0339303,,,
0.96242,0.0353527,,,
0.965733,0.0334779,,,
0.969057,0.032559,,,
0.972393,0.0344891,,,
0.97574,0.0339175,,,
0.979099,0.033292,,,
0.982469,0.0335095,,,
0.985851,0.0335087,,,
0.989245,0.0344047,,,
0.99265,0.0344786,,,
0.996067,0.0341266,,,
0.999495,0.0338855,,,
1.00294,0.0344038,,,
1.00639,0.0348724,,,
1.00985,0.0340537,,,
1.01333,0.0351533,,,
1.01682,0.034161,,,
1.02032,0.0351194,,,
1.02383,0.034149,,,
1.02735,0.0341975,,,
1.03089,0.0339023,,,
1.03444,0.0348261,,,
1.038,0.0348021,,,
1.04157,0.0334016,,,
1.04516,0.0341031,,,
1.04876,0.0354683,,,
1.05237,0.0344879,,,
1.05599,0.0340139,,,
1.05962,0.0348501,,,
1.06327,0.0341878,,,
1.06693,0.034718,,,
1.0706,0.0347608,,,
1.07429,0.0338768,,,
1.07799,0.0340667,,,
1.0817,0.0350468,,,
1.08542,0.0353251,,,
1.08916,0.0341304,,,
1.09291,0.0346809,,,
1.09667,0.0346755,,,
1.10044,0.0342893,,,
1.10423,0.0344625,,,
1.10803,0.0343689,,,
1.11185,0.0352491,,,
1.11567,0.0344987,,,
1.11951,0.0344931,,,
1.12337,0.0337858,,,
1.12723,0.0344414,,,
1.13111,0.0339934,,,
1.13501,0.0346075,,,
1.13891,0.0353538,,,
1.14283,0.0343194,,,
1.14677,0.0353008,,,
1.15072,0.035577,,,
1.15468,0.0344716,,,
1.15865,0.0351006,,,
1.16264,0.0341954,,,
1.16664,0.0344376,,,
1.17066,0.03509,,,
1.17469,0.0343633,,,
1.17873,0.0355726,,,
1.18279,0.0347227,,,
1.18686,0.0348366,,,
1.19095,0.0362264,,,
1.19505,0.0349606,,,
1.19916,0.0355245,,,
1.20329,0.0356406,,,
1.20743,0.0348284,,,
1.21158,0.0355504,,,
1.21576,0.0351216,,,
1.21994,0.0362465,,,
1.22414,0.035022,,,
1.22835,0.0353384,,,
1.23258,0.0352806,,,
1.23682,0.0354137,,,
1.24108,0.0357016,,,
1.24535,0.0350759,,,
1.24964,0.0358769,,,
1.25394,0.0363089,,,
1.25826,0.0357315,,,
1.26259,0.0358978,,,
1.26694,0.0364829,,,
1.2713,0.0354414,,,
1.27567,0.0358352,,,
1.28006,0.0357385,,,
1.28447,0.0348017,,,
1.28889,0.0349238,,,
1.29333,0.0361716,,,
1.29778,0.0363304,,,
1.30225,0.0364659,,,
1.30673,0.036088,,,
1.31123,0.0345635,,,
1.31574,0.0355609,,,
1.32027,0.0367338,,,
1.32482,0.0360238,,,
1.32938,0.0367314,,,
1.33395,0.0360603,,,
1.33854,0.03649,,,
1.34315,0.0358967,,,
1.34777,0.0360653,,,
1.35241,0.0361618,,,
1.35707,0.0372435,,,
1.36174,0.0360287,,,
1.36643,0.035455,,,
1.37113,0.0369849,,,
1.37585,0.0360065,,,
1.38059,0.0362764,,,
1.38534,0.0365224,,,
1.39011,0.0366996,,,
1.39489,0.0362493,,,
1.3997,0.0364358,,,
1.40451,0.0366137,,,
1.40935,0.0367442,,,
1.4142,0.0363153,,,
1.41907,0.0363769,,,
1.42395,0.036876,,,
1.42885,0.0366006,,,
1.43377,0.0363627,,,
1.43871,0.0366843,,,
1.44366,0.036004,,,
1.44863,0.0359559,,,
1.45362,0.0365288,,,
1.45862,0.0361984,,,
1.46364,0.0374031,,,
1.46868,0.0362639,,,
1.47373,0.0371882,,,
1.47881,0.036595,,,
1.4839,0.0371728,,,
1.48901,0.0371536,,,
1.49413,0.0367687,,,
1.49927,0.0369258,,,
1.50443,0.0373455,,,
1.50961,0.0362237,,,
1.51481,0.0365272,,,
1.52002,0.0370165,,,
1.52526,0.0365918,,,
1.53051,0.0364683,,,
1.53577,0.0375651,,,
1.54106,0.0371851,,,
1.54637,0.0372747,,,
1.55169,0.037283,,,
1.55703,0.0367267,,,
1.56239,0.0368084,,,
1.56777,0.0369157,,,
1.57316,0.0369052,,,
1.57858,0.0365071,,,
1.58401,0.0371296,,,
1.58947,0.0370504,,,
1.59494,0.0380326,,,
1.60043,0.0375698,,,
1.60594,0.0376712,,,
1.61146,0.0372324,,,
1.61701,0.0372176,,,
1.62258,0.0378934,,,
1.62816,0.0376484,,,
1.63377,0.0371687,,,
1.63939,0.0377861,,,
1.64503,0.0370116,,,
1.6507,0.0376362,,,
1.65638,0.0385198,,,
1.66208,0.0372106,,,
1.6678,0.0380759,,,
1.67354,0.0377579,,,
1.6793,0.0381634,,,
1.68508,0.0380627,,,
1.69088,0.0383625,,,
1.69671,0.0382529,,,
1.70255,0.0376871,,,
1.70841,0.0379392,,,
1.71429,0.0383853,,,
1.72019,0.0379299,,,
1.72611,0.0377273,,,
1.73205,0.0375074,,,
1.73801,0.0380701,,,
1.744,0.0386587,,,
1.75,0.0384309,,,
1.75602,0.038517,,,
1.76207,0.0391797,,,
1.76813,0.0383826,,,
1.77422,0.0386395,,,
1.78033,0.0373224,,,
1.78645,0.0382552,,,
1.7926,0.0387394,,,
1.79877,0.0382575,,,
1.80497,0.0382955,,,
1.81118,0.0390097,,,
1.81741,0.0389349,,,
1.82367,0.0386101,,,
1.82995,0.0386212,,,
1.83625,0.0389257,,,
1.84257,0.0392939,,,
1.84891,0.0385459,,,
1.85527,0.0386344,,,
1.86166,0.0391213,,,
1.86807,0.0383706,,,
1.8745,0.038767,,,
1.88095,0.0391582,,,
1.88743,0.0392012,,,
1.89392,0.0390925,,,
1.90044,0.0393055,,,
1.90698,0.0388973,,,
1.91355,0.0390855,,,
1.92014,0.0393364,,,
1.92674,0.038654,,,
1.93338,0.0386481,,,
1.94003,0.0385741,,,
1.94671,0.0392642,,,
1.95341,0.0387322,,,
1.96014,0.0389663,,,
1.96688,0.0390153,,,
1.97365,0.0389888,,,
1.98045,0.0389479,,,
1.98726,0.0393632,,,
1.9941,0.0400213,,,
2.00097,0.0398913,,,
2.00786,0.0396597,,,
2.01477,0.0396401,,,
2.0217,0.0403098,,,
2.02866,0.0390908,,,
2.03565,0.0392612,,,
2.04265,0.0394221,,,
2.04968,0.0398416,,,
2.05674,0.0399366,,,
2.06382,0.0395321,,,
2.07092,0.0398137,,,
2.07805,0.0398045,,,
2.08521,0.0396214,,,
2.09238,0.0403863,,,
2.09959,0.0404357,,,
2.10681,0.0392873,,,
2.11406,0.0396287,,,
2.12134,0.0399139,,,
2.12864,0.0398669,,,
2.13597,0.0392964,,,
2.14332,0.0407974,,,
2.1507,0.0396678,,,
2.1581,0.0410572,,,
2.16553,0.0399439,,,
2.17299,0.0405838,,,
2.18047,0.0397868,,,
2.18797,0.0404751,,,
2.19551,0.0399889,,,
2.20306,0.040601,,,
2.21065,0.0405595,,,
2.21826,0.0396921,,,
2.22589,0.0398477,,,
2.23355,0.0398361,,,
2.24124,0.041281,,,
2.24896,0.0414881,,,
2.2567,0.0406088,,,
2.26447,0.0409231,,,
2.27226,0.0408405,,,
2.28008,0.0410071,,,
2.28793,0.0413815,,,
2.29581,0.0413684,,,
2.30371,0.0406786,,,
2.31164,0.0417818,,,
2.3196,0.0396965,,,
2.32758,0.0414496,,,
2.33559,0.0401189,,,
2.34363,0.0415126,,,
2.3517,0.0409881,,,
2.3598,0.0405149,,,
2.36792,0.0406858,,,
2.37607,0.0412799,,,
2.38425,0.0413495,,,
2.39245,0.0410369,,,
2.40069,0.040646,,,
2.40895,0.0410532,,,
2.41725,0.0418285,,,
2.42557,0.0409622,,,
2.43392,0.0414693,,,
2.44229,0.0408253,,,
2.4507,0.0414849,,,
2.45914,0.0416768,,,
2.4676,0.0410224,,,
2.4761,0.0415389,,,
2.48462,0.0418305,,,
2.49317,0.0414309,,,
2.50175,0.0416095,,,
2.51037,0.041775,,,
2.51901,0.04182,,,
2.52768,0.0412342,,,
2.53638,0.0423276,,,
2.54511,0.0417694,,,
2.55387,0.0413032,,,
2.56266,0.0420615,,,
2.57148,0.0421329,,,
2.58033,0.041434,,,
2.58922,0.0415147,,,
2.59813,0.0418825,,,
2.60707,0.0418227,,,
2.61605,0.0428212,,,
2.62505,0.0417976,,,
2.63409,0.041746,,,
2.64315,0.0415055,,,
2.65225,0.0425926,,,
2.66138,0.0424417,,,
2.67054,0.0421483,,,
2.67974,0.0416221,,,
2.68896,0.0421179,,,
2.69822,0.0436097,,,
2.7075,0.0424351,,,
2.71682,0.0434736,,,
2.72618,0.0430929,,,
2.73556,0.0426854,,,
2.74498,0.0426831,,,
2.75443,0.0429616,,,
2.76391,0.0428218,,,
2.77342,0.0423872,,,
2.78297,0.0428147,,,
2.79255,0.0427622,,,
2.80216,0.0431777,,,
2.81181,0.0426565,,,
2.82148,0.0421972,,,
2.8312,0.0426967,,,
2.84094,0.0434901,,,
2.85072,0.0431821,,,
2.86053,0.0428997,,,
2.87038,0.0427694,,,
2.88026,0.042785,,,
2.89018,0.0437078,,,
2.90012,0.0434684,,,
2.91011,0.0429673,,,
2.92013,0.0431514,,,
2.93018,0.0436495,,,
2.94026,0.0431263,,,
2.95038,0.043247,,,
2.96054,0.043377,,,
2.97073,0.0437854,,,
2.98096,0.0434836,,,
2.99122,0.0442209,,,
3.00151,0.0434651,,,
3.01185,0.0433679,,,
3.02221,0.0438606,,,
3.03262,0.0440294,,,
3.04306,0.0444506,,,
3.05353,0.0439611,,,
3.06404,0.0448698,,,
3.07459,0.0438683,,,
3.08517,0.0445868,,,
3.09579,0.0441441,,,
3.10645,0.0440509,,,
3.11714,0.044305,,,
3.12787,0.0442211,,,
3.13864,0.0447553,,,
3.14944,0.0446713,,,
3.16028,0.0440195,,,
3.17116,0.0450534,,,
3.18208,0.0447936,,,
3.19303,0.0452646,,,
3.20402,0.0447707,,,
3.21505,0.045186,,,
3.22612,0.0452483,,,
3.23722,0.0443029,,,
3.24837,0.0449196,,,
3.25955,0.0445314,,,
3.27077,0.0446024,,,
3.28203,0.0450949,,,
3.29332,0.0454097,,,
3.30466,0.0449054,,,
3.31604,0.0454041,,,
3.32745,0.045157,,,
3.3389,0.0451843,,,
3.3504,0.0457932,,,
3.36193,0.0452502,,,
3.3735,0.0459139,,,
3.38512,0.0451804,,,
3.39677,0.0460456,,,
3.40846,0.0456316,,,
3.42019,0.0460953,,,
3.43197,0.0459616,,,
3.44378,0.0462272,,,
3.45563,0.0461358,,,
3.46753,0.0462391,,,
3.47947,0.0457491,,,
3.49144,0.0456118,,,
3.50346,0.0461323,,,
3.51552,0.0456764,,,
3.52762,0.046433,,,
3.53976,0.0467246,,,
3.55195,0.0465532,,,
3.56418,0.0468608,,,
3.57644,0.0459313,,,
3.58876,0.0468615,,,
3.60111,0.0468795,,,
3.6135,0.0464527,,,
3.62594,0.0467493,,,
3.63842,0.0463782,,,
3.65095,0.0470809,,,
3.66352,0.047847,,,
3.67613,0.0467954,,,
3.68878,0.0472313,,,
3.70148,0.0470718,,,
3.71422,0.0475854,,,
3.72701,0.0470734,,,
3.73983,0.0469994,,,
3.75271,0.0473318,,,
3.76563,0.0480213,,,
3.77859,0.0478271,,,
3.79159,0.047686,,,
3.80465,0.0481425,,,
3.81774,0.0477764,,,
3.83088,0.0481066,,,
3.84407,0.0475945,,,
3.8573,0.0478555,,,
3.87058,0.0482601,,,
3.8839,0.0480689,,,
3.89727,0.0483208,,,
3.91069,0.0483452,,,
3.92415,0.0476997,,,
3.93766,0.0485046,,,
3.95121,0.0486166,,,
3.96481,0.0479164,,,
3.97846,0.048717,,,
3.99216,0.0492024,,,
4.0059,0.0481455,,,
4.01969,0.0487272,,,
4.03352,0.0489477,,,
4.04741,0.0490023,,,
4.06134,0.049034,,,
4.07532,0.0492653,,,
4.08935,0.0493064,,,
4.10342,0.0490233,,,
4.11755,0.0492602,,,
4.13172,0.0494573,,,
4.14595,0.0485785,,,
4.16022,0.0491427,,,
4.17454,0.0487652,,,
4.18891,0.0491826,,,
4.20333,0.0494574,,,
4.21779,0.0492344,,,
4.23231,0.0492046,,,
4.24688,0.0490639,,,
4.2615,0.049662,,,
4.27617,0.0494099,,,
4.29089,0.0493701,,,
4.30566,0.0497628,,,
4.32048,0.050075,,,
4.33535,0.0500803,,,
4.35028,0.0495327,,,
4.36525,0.0503717,,,
4.38028,0.0500027,,,
4.39535,0.0501221,,,
4.41048,0.0502215,,,
4.42567,0.0505703,,,
4.4409,0.0500292,,,
4.45619,0.0506182,,,
4.47153,0.0512374,,,
4.48692,0.0506445,,,
4.50236,0.0500365,,,
4.51786,0.051018,,,
4.53341,0.0503451,,,
4.54902,0.0510937,,,
4.56468,0.051277,,,
4.58039,0.0517229,,,
4.59616,0.050719,,,
4.61198,0.0507874,,,
4.62785,0.0507448,,,
4.64378,0.0512082,,,
4.65977,0.051436,,,
4.67581,0.0513204,,,
4.6919,0.0510088,,,
4.70805,0.0518055,,,
4.72426,0.0509712,,,
4.74052,0.0512914,,,
4.75684,0.0514718,,,
4.77321,0.051512,,,
4.78964,0.0521209,,,
4.80613,0.0517739,,,
4.82268,0.0517606,,,
4.83928,0.0523606,,,
4.85593,0.0518727,,,
4.87265,0.0519227,,,
4.88942,0.0517471,,,
4.90625,0.0526337,,,
4.92314,0.0524781,,,
4.94009,0.0522463,,,
4.95709,0.0515552,,,
4.97416,0.05217,,,
4.99128,0.0526712,,,
5.00846,0.0524903,,,
5.0257,0.052937,,,
5.043,0.0526023,,,
5.06036,0.052404,,,
5.07778,0.0525419,,,
5.09526,0.052646,,,
5.11279,0.0525487,,,
5.13039,0.05287,,,
5.14805,0.0532886,,,
5.16578,0.0524336,,,
5.18356,0.0521666,,,
5.2014,0.0531452,,,
5.2193,0.0533682,,,
5.23727,0.0530903,,,
5.2553,0.0536499,,,
5.27339,0.0533691,,,
5.29154,0.0531306,,,
5.30976,0.053275,,,
5.32803,0.053626,,,
5.34637,0.0536317,,,
5.36478,0.0535712,,,
5.38324,0.0538839,,,
5.40177,0.0534797,,,
5.42037,0.0541475,,,
5.43903,0.0538423,,,
5.45775,0.0538819,,,
5.47653,0.0531885,,,
5.49539,0.0537571,,,
5.5143,0.0540806,,,
5.53328,0.0540769,,,
5.55233,0.0537202,,,
5.57144,0.0538806,,,
5.59062,0.053619,,,
5.60987,0.0539493,,,
5.62918,0.0544449,,,
5.64855,0.0544512,,,
5.668,0.0543022,,,
5.68751,0.0545496,,,
5.70708,0.0543519,,,
5.72673,0.0543178,,,
5.74644,0.0544882,,,
5.76622,0.0542563,,,
5.78607,0.0545719,,,
5.80599,0.0543203,,,
5.82597,0.0549411,,,
5.84603,0.0548428,,,
5.86615,0.0549196,,,
5.88634,0.0546157,,,
5.90661,0.0545781,,,
5.92694,0.0547467,,,
5.94734,0.0547118,,,
5.96781,0.0546337,,,
5.98836,0.0540596,,,
6.00897,0.0546897,,,
6.02965,0.0549254,,,
6.05041,0.0548373,,,
6.07124,0.0546537,,,
6.09213,0.0553114,,,
6.1131,0.0550664,,,
6.13415,0.05551,,,
6.15526,0.0549426,,,
6.17645,0.0552445,,,
6.19771,0.0555622,,,
6.21904,0.0552724,,,
6.24045,0.0552437,,,
6.26193,0.055073,,,
6.28349,0.0549019,,,
6.30512,0.0551603,,,
6.32682,0.0553028,,,
6.3486,0.055576,,,
6.37045,0.0554891,,,
6.39238,0.0548478,,,
6.41439,0.0553179,,,
6.43647,0.0555822,,,
6.45862,0.0549658,,,
6.48085,0.055173,,,
6.50316,0.0548212,,,
6.52555,0.0554769,,,
6.54801,0.055943,,,
6.57055,0.0554083,,,
6.59317,0.0556992,,,
6.61586,0.0563833,,,
6.63863,0.0553321,,,
6.66149,0.0552615,,,
6.68442,0.0559185,,,
6.70743,0.0555565,,,
6.73051,0.0555771,,,
6.75368,0.0553052,,,
6.77693,0.0554892,,,
6.80026,0.0551993,,,
6.82367,0.0553105,,,
6.84715,0.0554968,,,
6.87072,0.0554105,,,
6.89437,0.0556511,,,
6.91811,0.0558076,,,
6.94192,0.0556131,,,
6.96582,0.0558732,,,
6.98979,0.0553948,,,
7.01385,0.0553756,,,
7.038,0.0555459,,,
7.06222,0.0550267,,,
7.08653,0.0547833,,,
7.11093,0.0555692,,,
7.13541,0.0554162,,,
7.15997,0.0552543,,,
7.18461,0.054752,,,
7.20934,0.0549059,,,
7.23416,0.0551801,,,
7.25906,0.0551464,,,
7.28405,0.0551873,,,
7.30912,0.0552412,,,
7.33428,0.0553914,,,
7.35953,0.0551255,,,
7.38486,0.0551209,,,
7.41028,0.0552502,,,
7.43579,0.0552575,,,
7.46139,0.0552139,,,
7.48707,0.0551025,,,
7.51284,0.0548817,,,
7.5387,0.0553324,,,
7.56465,0.0549105,,,
7.59069,0.0548252,,,
7.61682,0.0550096,,,
7.64304,0.0551227,,,
7.66935,0.054726,,,
7.69575,0.0541599,,,
7.72224,0.0546188,,,
7.74882,0.0547144,,,
7.77549,0.054762,,,
7.80226,0.0549399,,,
7.82912,0.0550068,,,
7.85607,0.0549072,,,
7.88311,0.0544167,,,
7.91024,0.0547647,,,
7.93747,0.0547455,,,
7.96479,0.0547965,,,
7.99221,0.0541751,,,
8.01972,0.0544907,,,
8.04733,0.0544416,,,
8.07503,0.0541232,,,
8.10283,0.0542247,,,
8.13072,0.0537921,,,
8.1587,0.0539008,,,
8.18679,0.0537505,,,
8.21497,0.0537103,,,
8.24325,0.053948,,,
8.27162,0.053419,,,
8.3001,0.0534588,,,
8.32867,0.0533867,,,
8.35734,0.0537951,,,
8.3861,0.0527805,,,
8.41497,0.0529866,,,
8.44394,0.0534862,,,
8.473,0.0533063,,,
8.50217,0.052975,,,
8.53143,0.0531715,,,
8.5608,0.0529412,,,
8.59027,0.0528456,,,
8.61984,0.0529996,,,
8.64951,0.0529472,,,
8.67928,0.0527828,,,
8.70916,0.0526664,,,
8.73914,0.052729,,,
8.76922,0.0523785,,,
8.79941,0.0524895,,,
8.8297,0.0526662,,,
8.86009,0.0519827,,,
8.89059,0.0525491,,,
8.92119,0.051834,,,
8.9519,0.0525147,,,
8.98272,0.0524338,,,
9.01364,0.0521105,,,
9.04466,0.0519065,,,
9.0758,0.0517081,,,
9.10704,0.051455,,,
9.13839,0.0521014,,,
9.16984,0.051448,,,
9.20141,0.0512708,,,
9.23308,0.0509417,,,
9.26486,0.051131,,,
9.29676,0.0512425,,,
9.32876,0.0511822,,,
9.36087,0.051132,,,
9.39309,0.0513772,,,
9.42542,0.0508796,,,
9.45787,0.0506886,,,
9.49042,0.050928,,,
9.52309,0.050421,,,
9.55587,0.0502441,,,
9.58877,0.0501458,,,
9.62177,0.0501438,,,
9.65489,0.0498125,,,
9.68813,0.0503043,,,
9.72148,0.049953,,,
9.75494,0.0498193,,,
9.78852,0.0493194,,,
9.82221,0.0497869,,,
9.85602,0.0493428,,,
9.88995,0.0495077,,,
9.92399,0.049679,,,
9.95816,0.0494177,,,
9.99243,0.0489393,,,
10.0268,0.0489384,,,
10.0613,0.048585,,,
10.096,0.0486144,,,
10.1307,0.0484093,,,
10.1656,0.0486608,,,
10.2006,0.048186,,,
10.2357,0.0484258,,,
10.2709,0.0483646,,,
10.3063,0.0475557,,,
10.3418,0.0481587,,,
10.3774,0.0477284,,,
10.4131,0.0473213,,,
10.4489,0.0475692,,,
10.4849,0.0474142,,,
10.521,0.0470347,,,
10.5572,0.0466381,,,
10.5936,0.0468806,,,
10.63,0.0467922,,,
10.6666,0.0467925,,,
10.7033,0.0469333,,,
10.7402,0.0466933,,,
10.7771,0.0465382,,,
10.8142,0.0461893,,,
10.8515,0.0457884,,,
10.8888,0.0457545,,,
10.9263,0.0458658,,,
10.9639,0.0456543,,,
11.0016,0.045504,,,
11.0395,0.0455146,,,
11.0775,0.0452092,,,
11.1156,0.0454802,,,
11.1539,0.0453028,,,
11.1923,0.0451287,,,
11.2308,0.0446505,,,
11.2695,0.0448348,,,
11.3083,0.0441338,,,
11.3472,0.0442965,,,
11.3863,0.0443293,,,
11.4255,0.0437523,,,
11.4648,0.0441312,,,
11.5043,0.0436522,,,
11.5439,0.0435928,,,
11.5836,0.0431113,,,
11.6235,0.0429187,,,
11.6635,0.0433511,,,
11.7036,0.0430933,,,
11.7439,0.0429127,,,
11.7843,0.0429916,,,
11.8249,0.0427749,,,
11.8656,0.0424186,,,
11.9065,0.0419352,,,
11.9474,0.0419247,,,
11.9886,0.0421522,,,
12.0298,0.0419393,,,
12.0712,0.0419268,,,
12.1128,0.0416248,,,
12.1545,0.0410099,,,
12.1963,0.0409901,,,
12.2383,0.0410013,,,
12.2804,0.0406962,,,
12.3227,0.0408657,,,
12.3651,0.0405445,,,
12.4077,0.0404454,,,
12.4504,0.039875,,,
12.4933,0.0401498,,,
12.5363,0.0404343,,,
12.5794,0.0401526,,,
12.6227,0.0396077,,,
12.6662,0.0393646,,,
12.7098,0.038881,,,
12.7535,0.038814,,,
12.7974,0.0391506,,,
12.8415,0.0387971,,,
12.8857,0.0386924,,,
12.93,0.0383715,,,
12.9745,0.0381012,,,
13.0192,0.0383336,,,
13.064,0.0381044,,,
13.109,0.038268,,,
13.1541,0.0378052,,,
13.1994,0.0371788,,,
13.2448,0.037899,,,
13.2904,0.0373359,,,
13.3362,0.0372871,,,
13.3821,0.0367547,,,
13.4281,0.036658,,,
13.4743,0.0365846,,,
13.5207,0.0363807,,,
13.5673,0.0362066,,,
13.614,0.0360315,,,
13.6608,0.0360032,,,
13.7079,0.0360191,,,
13.755,0.0353984,,,
13.8024,0.0357898,,,
13.8499,0.035078,,,
13.8976,0.0353574,,,
13.9454,0.0347553,,,
13.9934,0.0347634,,,
14.0416,0.0346204,,,
14.0899,0.0345306,,,
14.1384,0.0341574,,,
14.1871,0.0342111,,,
14.2359,0.033891,,,
14.2849,0.0338504,,,
14.3341,0.03381,,,
14.3834,0.0335229,,,
14.433,0.0332652,,,
14.4826,0.0331495,,,
14.5325,0.0329472,,,
14.5825,0.0329775,,,
14.6327,0.0325498,,,
14.6831,0.0323872,,,
14.7336,0.0322904,,,
14.7843,0.0320519,,,
14.8352,0.0319692,,,
14.8863,0.0317658,,,
14.9375,0.0313026,,,
14.989,0.0312024,,,
15.0406,0.0311218,,,
15.0923,0.0308935,,,
15.1443,0.0307522,,,
15.1964,0.0308403,,,
15.2487,0.030566,,,
15.3012,0.0305246,,,
15.3539,0.0303032,,,
15.4067,0.0299827,,,
15.4598,0.0296784,,,
15.513,0.0298857,,,
15.5664,0.0294495,,,
15.62,0.0292137,,,
15.6737,0.0289649,,,
15.7277,0.0292326,,,
15.7818,0.0289809,,,
15.8361,0.0285085,,,
15.8907,0.0287103,,,
15.9454,0.0282937,,,
16.0002,0.0281885,,,
16.0553,0.0283373,,,
16.1106,0.0278705,,,
16.166,0.0280486,,,
16.2217,0.02767,,,
16.2775,0.027387,,,
16.3336,0.0271718,,,
16.3898,0.0272662,,,
16.4462,0.0270524,,,
16.5028,0.0266646,,,
16.5596,0.0269066,,,
16.6166,0.0266331,,,
16.6738,0.0263856,,,
16.7312,0.0261336,,,
16.7888,0.0258128,,,
16.8466,0.025883,,,
16.9046,0.0257109,,,
16.9628,0.0254755,,,
17.0212,0.0253017,,,
17.0798,0.0248483,,,
17.1385,0.0250591,,,
17.1975,0.0246857,,,
17.2567,0.0248816,,,
17.3161,0.0246373,,,
17.3757,0.0242803,,,
17.4356,0.0243745,,,
17.4956,0.024025,,,
17.5558,0.0239548,,,
17.6162,0.0235876,,,
17.6769,0.0235521,,,
17.7377,0.0233114,,,
17.7988,0.02327,,,
17.86,0.0230368,,,
17.9215,0.0228673,,,
17.9832,0.0229184,,,
18.0451,0.0226273,,,
18.1072,0.0224065,,,
18.1696,0.0221143,,,
18.2321,0.0224366,,,
18.2949,0.021822,,,
18.3578,0.0220154,,,
18.421,0.0217648,,,
18.4844,0.0216724,,,
18.5481,0.0216351,,,
18.6119,0.0209787,,,
18.676,0.0211683,,,
18.7403,0.0209523,,,
18.8048,0.0206745,,,
18.8695,0.0209262,,,
18.9345,0.0203571,,,
18.9996,0.0206141,,,
19.065,0.0204572,,,
19.1307,0.0201595,,,
19.1965,0.0202189,,,
19.2626,0.0199207,,,
19.3289,0.0196484,,,
19.3954,0.0197323,,,
19.4622,0.0193787,,,
19.5292,0.0192804,,,
19.5964,0.0192718,,,
19.6639,0.0190591,,,
19.7316,0.0191002,,,
19.7995,0.0185837,,,
19.8676,0.018267,,,
19.936,0.0184897,,,
20.0046,0.0184634,,,
20.0735,0.0180871,,,
20.1426,0.0180284,,,
20.2119,0.0180858,,,
20.2815,0.0179417,,,
20.3513,0.0176552,,,
20.4214,0.0175841,,,
20.4917,0.017263,,,
20.5622,0.0171742,,,
20.633,0.0169587,,,
20.704,0.0169821,,,
20.7753,0.0165922,,,
20.8468,0.0168445,,,
20.9186,0.016705,,,
20.9906,0.0164833,,,
21.0628,0.0162279,,,
21.1353,0.016187,,,
21.2081,0.016133,,,
21.2811,0.0157825,,,
21.3543,0.0158202,,,
21.4278,0.0157059,,,
21.5016,0.0154818,,,
21.5756,0.0155359,,,
21.6499,0.0151827,,,
21.7244,0.0150976,,,
21.7992,0.0151467,,,
21.8742,0.014981,,,
21.9495,0.0146924,,,
22.0251,0.0147676,,,
22.1009,0.0148303,,,
22.177,0.0145235,,,
22.2533,0.0144259,,,
22.3299,0.0142353,,,
22.4068,0.0140534,,,
22.4839,0.0139732,,,
22.5613,0.0137675,,,
22.6389,0.0137124,,,
22.7169,0.0135978,,,
22.7951,0.0134125,,,
22.8735,0.0133589,,,
22.9523,0.013311,,,
23.0313,0.013137,,,
23.1106,0.0129952,,,
23.1901,0.0129322,,,
23.2699,0.012848,,,
23.35,0.0127792,,,
23.4304,0.0127846,,,
23.5111,0.0125186,,,
23.592,0.0125167,,,
23.6732,0.0123607,,,
23.7547,0.0122068,,,
23.8365,0.0121047,,,
23.9185,0.0120089,,,
24.0008,0.0119807,,,
24.0835,0.0117841,,,
24.1664,0.0116908,,,
24.2496,0.0116385,,,
24.333,0.011408,,,
24.4168,0.0115136,,,
24.5008,0.0113013,,,
24.5852,0.0112054,,,
24.6698,0.0110474,,,
24.7547,0.0109734,,,
24.8399,0.0109056,,,
24.9254,0.0108619,,,
25.0112,0.0107903,,,
25.0973,0.010647,,,
25.1837,0.0106584,,,
25.2704,0.0104232,,,
25.3574,0.0103189,,,
25.4447,0.0102352,,,
25.5323,0.0102347,,,
25.6202,0.00996274,,,
25.7083,0.00993138,,,
25.7968,0.00985697,,,
25.8856,0.00977394,,,
25.9747,0.00978804,,,
26.0641,0.00962197,,,
26.1539,0.00960504,,,
26.2439,0.00937781,,,
26.3342,0.00945295,,,
26.4249,0.00921296,,,
26.5158,0.00929124,,,
26.6071,0.00905611,,,
26.6987,0.00897222,,,
26.7906,0.00893856,,,
26.8828,0.00879847,,,
26.9754,0.00870412,,,
27.0682,0.00867232,,,
27.1614,0.00860601,,,
27.2549,0.00856911,,,
27.3487,0.00853498,,,
27.4428,0.00847394,,,
27.5373,0.00836154,,,
27.6321,0.00822634,,,
27.7272,0.00806902,,,
27.8227,0.00804005,,,
27.9184,0.00801996,,,
28.0145,0.00791882,,,
28.111,0.00781795,,,
28.2077,0.00775056,,,
28.3048,0.00773004,,,
28.4023,0.00761073,,,
28.5,0.00750589,,,
28.5981,0.00743953,,,
28.6966,0.0073414,,,
28.7954,0.00732304,,,
28.8945,0.00733008,,,
28.9939,0.00719887,,,
29.0937,0.00710987,,,
29.1939,0.00712055,,,
29.2944,0.00695315,,,
29.3952,0.00698279,,,
29.4964,0.00680395,,,
29.5979,0.00683091,,,
29.6998,0.00665862,,,
29.802,0.00672884,,,
29.9046,0.00659805,,,
30.0076,0.00655317,,,
30.1109,0.0064426,,,
30.2145,0.00641352,,,
30.3185,0.00641917,,,
30.4229,0.0062847,,,
30.5276,0.00615011,,,
30.6327,0.00617691,,,
30.7381,0.00607373,,,
30.8439,0.0059333,,,
30.9501,0.0060273,,,
31.0566,0.00582779,,,
31.1636,0.00584361,,,
31.2708,0.00571859,,,
31.3785,0.00573189,,,
31.4865,0.0056629,,,
31.5949,0.00562116,,,
31.7036,0.00557745,,,
31.8128,0.00547573,,,
31.9223,0.00543285,,,
32.0321,0.00537889,,,
32.1424,0.00530586,,,
32.253,0.00526581,,,
32.3641,0.00517784,,,
32.4755,0.00517614,,,
32.5873,0.00510392,,,
32.6994,0.00506571,,,
32.812,0.00489945,,,
32.9249,0.00493222,,,
33.0383,0.00485073,,,
33.152,0.0049496,,,
33.2661,0.00475531,,,
33.3806,0.00472291,,,
33.4955,0.00470533,,,
33.6108,0.0045842,,,
33.7265,0.00455004,,,
33.8426,0.00450307,,,
33.9591,0.00452465,,,
34.076,0.00445761,,,
34.1933,0.0044092,,,
34.311,0.00428128,,,
34.4291,0.004214,,,
34.5476,0.00415262,,,
34.6665,0.00420549,,,
34.7859,0.00409648,,,
34.9056,0.00408821,,,
35.0258,0.00397984,,,
35.1463,0.00399544,,,
35.2673,0.00393446,,,
35.3887,0.00390245,,,
35.5105,0.00386437,,,
35.6328,0.00385858,,,
35.7554,0.00378265,,,
35.8785,0.00373751,,,
36.002,0.00363862,,,
36.1259,0.00371731,,,
36.2503,0.00362436,,,
36.3751,0.00353869,,,
36.5003,0.00354474,,,
36.6259,0.00350669,,,
36.752,0.00340511,,,
36.8785,0.00345196,,,
37.0054,0.00336987,,,
37.1328,0.00332567,,,
37.2606,0.00330955,,,
37.3889,0.00323439,,,
37.5176,0.00320816,,,
37.6468,0.00321277,,,
37.7763,0.00316536,,,
37.9064,0.00306546,,,
38.0369,0.00303123,,,
38.1678,0.00305769,,,
38.2992,0.00299037,,,
38.431,0.00293835,,,
38.5633,0.00288814,,,
38.696,0.00282544,,,
38.8292,0.00280099,,,
38.9629,0.00279197,,,
39.097,0.00281724,,,
39.2316,0.00272776,,,
39.3666,0.00267879,,,
39.5022,0.00264516,,,
39.6381,0.00264046,,,
39.7746,0.00257832,,,
39.9115,0.00255976,,,
40.0489,0.00256494,,,
40.1867,0.00249388,,,
40.3251,0.00246587,,,
40.4639,0.00241578,,,
40.6032,0.00242062,,,
40.7429,0.00237924,,,
40.8832,0.00235171,,,
41.0239,0.00231234,,,
41.1651,0.00231164,,,
41.3068,0.00225049,,,
41.449,0.00221744,,,
41.5917,0.00218654,,,
41.7348,0.00216344,,,
41.8785,0.00218549,,,
42.0227,0.00210296,,,
42.1673,0.00212792,,,
42.3125,0.00206063,,,
42.4581,0.00204595,,,
42.6043,0.00199607,,,
42.7509,0.00199447,,,
42.8981,0.00197198,,,
43.0457,0.00192202,,,
43.1939,0.00190967,,,
43.3426,0.00186433,,,
43.4918,0.00188591,,,
43.6415,0.00181937,,,
43.7917,0.00179689,,,
43.9425,0.00182277,,,
44.0937,0.0017948,,,
44.2455,0.00174046,,,
44.3978,0.00173885,,,
44.5506,0.0017279,,,
44.704,0.00168814,,,
44.8579,0.00169027,,,
45.0123,0.00163063,,,
45.1672,0.00161763,,,
45.3227,0.00159495,,,
45.4787,0.00157007,,,
45.6353,0.00152904,,,
45.7923,0.00155646,,,
45.95,0.00154418,,,
46.1081,0.00145859,,,
46.2669,0.00148981,,,
46.4261,0.00148245,,,
46.5859,0.0014346,,,
46.7463,0.00141228,,,
46.9072,0.00143197,,,
47.0687,0.00142153,,,
47.2307,0.00133998,,,
47.3933,0.00135271,,,
47.5564,0.00134916,,,
47.7201,0.0012999,,,
47.8844,0.00132854,,,
48.0492,0.00129848,,,
48.2146,0.00127887,,,
48.3806,0.00123751,,,
48.5471,0.00128446,,,
48.7142,0.00121553,,,
48.8819,0.00122454,,,
49.0501,0.0012097,,,
49.219,0.00118875,,,
49.3884,0.00117672,,,
49.5584,0.00113425,,,
49.729,0.00115366,,,
49.9002,0.00113569,,,
50.072,0.00111561,,,
50.2443,0.00110611,,,
50.4173,0.00108579,,,
50.5908,0.00106071,,,
50.765,0.00104341,,,
50.9397,0.00104705,,,
51.1151,0.0010204,,,
51.291,0.00103618,,,
51.4676,0.00100563,,,
51.6447,0.000979064,,,
51.8225,0.000984242,,,
52.0009,0.000978238,,,
52.1799,0.000938539,,,
52.3595,0.000946078,,,
52.5397,0.000919925,,,
52.7206,0.000915096,,,
52.9021,0.000906843,,,
53.0842,0.000888392,,,
53.2669,0.000875764,,,
53.4502,0.000878379,,,
53.6342,0.00085294,,,
53.8188,0.000861038,,,
54.0041,0.000860797,,,
54.19,0.000829933,,,
54.3765,0.000819197,,,
54.5637,0.000806782,,,
54.7515,0.000802115,,,
54.94,0.000788648,,,
55.1291,0.000769784,,,
55.3189,0.00076034,,,
55.5093,0.000763568,,,
55.7004,0.000759327,,,
55.8921,0.000748085,,,
56.0845,0.000746716,,,
56.2776,0.000717592,,,
56.4713,0.000725471,,,
56.6657,0.000692157,,,
56.8607,0.000682358,,,
57.0565,0.000687832,,,
57.2529,0.000668965,,,
57.4499,0.000652063,,,
57.6477,0.000652904,,,
57.8461,0.000641937,,,
58.0452,0.000653898,,,
58.245,0.000639323,,,
58.4455,0.000619187,,,
58.6467,0.00059489,,,
58.8486,0.00060847,,,
59.0512,0.000601464,,,
59.2544,0.00057816,,,
59.4584,0.000580142,,,
59.6631,0.000581811,,,
59.8684,0.000564373,,,
60.0745,0.000560847,,,
60.2813,0.00054128,,,
60.4888,0.000547773,,,
60.697,0.00053888,,,
60.906,0.000528467,,,
61.1156,0.000520042,,,
61.326,0.000507369,,,
61.5371,0.00050991,,,
61.7489,0.000494243,,,
61.9615,0.000488962,,,
62.1748,0.000476827,,,
62.3888,0.000484364,,,
62.6035,0.000469343,,,
62.819,0.000471529,,,
63.0353,0.000450229,,,
63.2522,0.000453449,,,
63.47,0.000444301,,,
63.6885,0.000434633,,,
63.9077,0.000433945,,,
64.1277,0.000429061,,,
64.3484,0.000411865,,,
64.5699,0.000401102,,,
64.7922,0.00039728,,,
65.0152,0.000394173,,,
65.239,0.000396853,,,
65.4636,0.000385198,,,
65.6889,0.000366821,,,
65.915,0.000383883,,,
66.1419,0.000381511,,,
66.3696,0.000356201,,,
66.5981,0.000354694,,,
66.8273,0.000354114,,,
67.0573,0.000352334,,,
67.2882,0.000340747,,,
67.5198,0.000330588,,,
67.7522,0.000331349,,,
67.9854,0.000325441,,,
68.2194,0.000319156,,,
68.4543,0.000315683,,,
68.6899,0.000309563,,,
68.9264,0.000307196,,,
69.1636,0.000311416,,,
69.4017,0.000303089,,,
69.6406,0.000298326,,,
69.8803,0.000293703,,,
70.1209,0.000290427,,,
70.3622,0.000281714,,,
70.6044,0.000276603,,,
70.8475,0.000268971,,,
71.0913,0.000275574,,,
71.336,0.000269459,,,
71.5816,0.000261952,,,
71.828,0.000258117,,,
72.0753,0.000252805,,,
72.3234,0.000248408,,,
72.5723,0.000251122,,,
72.8221,0.000249815,,,
73.0728,0.000250345,,,
73.3243,0.000242406,,,
73.5767,0.000246229,,,
73.83,0.000235719,,,
74.0841,0.000236246,,,
74.3391,0.000235453,,,
74.595,0.000226683,,,
74.8518,0.000221513,,,
75.1095,0.000220692,,,
75.368,0.000219075,,,
75.6274,0.000214333,,,
75.8878,0.00021106,,,
76.149,0.000209266,,,
76.4111,0.000217137,,,
76.6741,0.000208341,,,
76.9381,0.00020323,,,
77.2029,0.000202096,,,
77.4687,0.000195692,,,
77.7353,0.000197776,,,
78.0029,0.000189517,,,
78.2714,0.000186042,,,
78.5408,0.000190082,,,
78.8112,0.000192217,,,
79.0825,0.000188112,,,
79.3547,0.000182092,,,
79.6279,0.000189065,,,
79.902,0.000176111,,,
80.177,0.000187261,,,
80.453,0.000184583,,,
80.7299,0.000181888,,,
81.0078,0.000179667,,,
81.2867,0.000164596,,,
81.5665,0.000167622,,,
81.8472,0.000168875,,,
82.129,0.000167249,,,
82.4117,0.000161932,,,
82.6954,0.000156248,,,
82.98,0.000155268,,,
83.2656,0.000156497,,,
83.5523,0.000165242,,,
83.8399,0.000158465,,,
84.1285,0.000159657,,,
84.4181,0.000152369,,,
84.7086,0.000149133,,,
85.0002,0.000152425,,,
85.2928,0.000152312,,,
85.5864,0.000147353,,,
85.881,0.000141206,,,
86.1767,0.000152075,,,
86.4733,0.000146407,,,
86.771,0.000144064,,,
87.0696,0.000139463,,,
87.3693,0.000137348,,,
87.6701,0.000147754,,,
87.9719,0.000139699,,,
88.2747,0.000137798,,,
88.5786,0.000128525,,,
88.8835,0.000133621,,,
89.1894,0.000134601,,,
89.4964,0.000127743,,,
89.8045,0.000131442,,,
90.1136,0.000134173,,,
90.4238,0.000130666,,,
90.7351,0.000128098,,,
91.0474,0.000130741,,,
91.3608,0.000126491,,,
91.6753,0.000123401,,,
91.9909,0.000120478,,,
92.3075,0.000121534,,,
92.6253,0.00011968,,,
92.9441,0.00012286,,,
93.264,0.000123559,,,
93.5851,0.000121319,,,
93.9072,0.000119528,,,
94.2305,0.000115207,,,
94.5548,0.000116189,,,
94.8803,0.000115714,,,
95.2069,0.000113233,,,
95.5346,0.000118359,,,
95.8635,0.000112506,,,
96.1935,0.000109239,,,
96.5246,0.000109666,,,
96.8568,0.000108049,,,
97.1902,0.000113931,,,
97.5248,0.000107706,,,
97.8605,0.000104837,,,
98.1974,0.000107383,,,
98.5354,0.0001052,,,
98.8746,0.000100918,,,
99.2149,0.000100595,,,
99.5564,9.84E-05,,,
99.8991,0.000104632,,,
100.243,9.92E-05,,,
100.588,9.37E-05,,,
100.934,9.82E-05,,,
101.282,0.000101569,,,
101.63,9.98E-05,,,
101.98,9.67E-05,,,
102.331,9.56E-05,,,
102.684,0.000101885,,,
103.037,8.96E-05,,,
103.392,9.04E-05,,,
103.748,8.44E-05,,,
104.105,9.32E-05,,,
104.463,8.85E-05,,,
104.823,8.96E-05,,,
105.183,8.80E-05,,,
105.545,8.64E-05,,,
105.909,8.33E-05,,,
106.273,8.72E-05,,,
106.639,8.51E-05,,,
107.006,8.60E-05,,,
107.375,7.97E-05,,,
107.744,7.91E-05,,,
108.115,7.57E-05,,,
108.487,7.27E-05,,,
108.861,7.84E-05,,,
109.235,7.90E-05,,,
109.611,7.95E-05,,,
109.989,7.54E-05,,,
110.367,7.15E-05,,,
110.747,7.19E-05,,,
111.128,6.58E-05,,,
111.511,6.58E-05,,,
111.895,6.37E-05,,,
112.28,5.82E-05,,,
112.666,6.20E-05,,,
113.054,5.56E-05,,,
113.443,6.00E-05,,,
113.834,5.26E-05,,,
114.226,5.16E-05,,,
114.619,5.00E-05,,,
115.014,4.94E-05,,,
115.409,4.50E-05,,,
115.807,4.63E-05,,,
116.205,4.48E-05,,,
116.605,4.30E-05,,,
117.007,3.57E-05,,,
117.41,3.53E-05,,,
117.814,3.13E-05,,,
118.219,2.68E-05,,,
118.626,2.61E-05,,,
119.034,2.32E-05,,,
119.444,2.15E-05,,,
119.855,1.63E-05,,,
120.268,1.78E-05,,,
120.682,1.44E-05,,,
121.097,1.22E-05,,,
121.514,1.02E-05,,,
121.932,1.04E-05,,,
122.352,9.35E-06,,,
122.773,7.69E-06,,,
123.196,5.57E-06,,,
123.62,3.60E-06,,,
124.046,3.76E-06,,,
124.473,4.39E-06,,,
124.901,2.24E-06,,,
125.331,2.04E-06,,,
125.762,2.42E-06,,,
126.195,1.91E-06,,,
126.63,1.54E-06,,,
127.066,1.01E-06,,,
127.503,8.51E-07,,,
127.942,9.07E-07,,,
128.382,8.35E-07,,,
128.824,6.19E-07,,,
129.268,6.46E-07,,,
129.713,5.17E-07,,,
130.159,3.74E-07,,,
130.607,3.01E-07,,,
131.057,2.21E-07,,,
131.508,2.49E-07,,,
131.961,2.71E-07,,,
132.415,4.81E-07,,,
132.871,2.12E-07,,,
133.328,2.55E-07,,,
133.787,4.42E-07,,,
134.247,1.05E-07,,,
134.709,4.11E-07,,,
135.173,1.10E-07,,,
135.638,2.47E-07,,,
136.105,2.13E-07,,,
136.574,1.03E-07,,,
137.044,1.67E-08,,,
137.516,3.29E-07,,,
137.989,3.31E-08,,,
138.464,3.20E-07,,,
138.941,2.74E-08,,,
139.419,2.38E-07,,,
139.899,2.01E-07,,,
140.38,1.63E-08,,,
140.864,2.63E-07,,,
141.349,1.21E-07,,,
141.835,3.73E-08,,,
142.323,1.91E-07,,,
142.813,1.07E-08,,,
143.305,8.44E-08,,,
143.798,7.17E-08,,,
144.293,1.95E-07,,,
144.79,8.70E-08,,,
145.288,6.00E-08,,,
145.788,5.98E-08,,,
146.29,1.43E-07,,,
146.794,1.55E-08,,,
147.299,1.06E-07,,,
147.806,7.49E-08,,,
148.315,1.54E-08,,,
148.825,5.11E-09,,,
149.338,9.45E-08,,,
149.852,7.90E-08,,,
150.368,7.36E-08,,,
150.885,2.49E-07,,,
151.405,1.26E-07,,,
151.926,1.50E-08,,,
152.449,1.50E-08,,,
152.973,1.10E-07,,,
153.5,0,,,
154.028,1.01E-07,,,
154.559,9.85E-09,,,
155.091,6.65E-08,,,
155.624,0,,,
156.16,6.60E-08,,,
156.698,9.71E-09,,,
157.237,0,,,
157.778,4.82E-09,,,
158.321,9.85E-08,,,
158.866,8.81E-08,,,
159.413,5.46E-08,,,
159.962,0,,,
160.513,0,,,
161.065,7.35E-08,,,
161.62,0,,,
162.176,3.26E-08,,,
162.734,4.89E-08,,,
163.294,4.87E-08,,,
163.856,5.32E-08,,,
164.42,6.73E-08,,,
164.986,9.22E-09,,,
165.554,0,,,
166.124,0,,,
166.696,0,,,
167.27,0,,,
167.846,4.53E-09,,,
168.423,4.72E-08,,,
169.003,0,,,
169.585,3.12E-08,,,
170.169,1.72E-07,,,
170.754,4.66E-08,,,
171.342,0,,,
171.932,6.00E-08,,,
172.524,1.20E-07,,,
173.118,0,,,
173.714,0,,,
174.312,4.56E-08,,,
174.912,4.55E-08,,,
175.514,0,,,
176.118,0,,,
176.724,0,,,
177.332,4.48E-08,,,
177.943,4.47E-08,,,
178.555,4.45E-08,,,
179.17,0,,,
179.787,0,,,
180.406,5.71E-08,,,
181.027,0,,,
181.65,0,,,
182.275,4.36E-08,,,
182.902,0,,,
183.532,0,,,
184.164,0,,,
184.798,0,,,
185.434,0,,,
186.072,0,,,
186.713,0,,,
187.355,0,,,
188,0,,,
188.647,0,,,
189.297,0,,,
189.948,0,,,
190.602,0,,,
191.258,4.16E-08,,,
191.917,0,,,
192.577,0,,,
193.24,0,,,
193.905,0,,,
194.573,0,,,
195.243,0,,,
195.915,0,,,
196.589,0,,,
197.266,0,,,
197.945,0,,,
198.626,0,,,
199.31,0,,,
199.996,3.98E-08,,,
200.684,0,,,
201.375,0,,,
202.068,0,,,
202.764,0,,,
203.462,3.91E-08,,,
204.162,3.89E-08,,,
204.865,0,,,
205.57,0,,,
206.278,0,,,
206.988,0,,,
207.7,0,,,
208.415,3.81E-08,,,
209.133,0,,,
209.853,3.79E-08,,,
210.575,0,,,
211.3,3.76E-08,,,
212.027,0,,,
212.757,0,,,
213.489,0,,,
214.224,0,,,
214.962,0,,,
215.702,3.69E-08,,,
216.444,0,,,
217.189,0,,,
217.937,0,,,
218.687,0,,,
219.44,3.62E-08,,,
220.195,3.61E-08,,,
220.953,0,,,
221.714,0,,,
222.477,4.53E-08,,,
223.243,0,,,
224.011,0,,,
224.782,0,,,
225.556,3.52E-08,,,
226.332,3.51E-08,,,
227.111,0,,,
227.893,3.49E-08,,,
228.678,0,,,
229.465,0,,,
230.255,0,,,
231.047,0,,,
231.843,4.35E-08,,,
232.641,0,,,
233.441,0,,,
234.245,0,,,
235.051,0,,,
235.86,0,,,
236.672,0,,,
237.487,4.24E-08,,,
238.304,0,,,
239.125,0,,,
239.948,0,,,
240.774,0,,,
241.603,0,,,
242.434,0,,,
243.269,0,,,
244.106,0,,,
244.946,0,,,
245.79,0,,,
246.636,4.09E-08,,,
247.485,0,,,
248.337,0,,,
249.191,0,,,
250.049,0,,,
250.91,0,,,
251.774,0,,,
252.64,0,,,
253.51,0,,,
254.383,0,,,
255.258,0,,,
256.137,0,,,
257.019,0,,,
257.903,3.91E-08,,,
258.791,0,,,
259.682,0,,,
260.576,0,,,
261.473,0,,,
262.373,0,,,
263.276,0,,,
264.182,0,,,
265.092,0,,,
266.004,0,,,
266.92,0,,,
267.838,0,,,
268.76,0,,,
269.686,0,,,
270.614,0,,,
271.545,0,,,
272.48,0,,,
273.418,0,,,
274.359,0,,,
275.304,0,,,
276.251,0,,,
277.202,0,,,
278.156,0,,,
279.114,0,,,
280.075,0,,,
281.039,0,,,
282.006,0,,,
282.977,0,,,
283.951,0,,,
284.928,0,,,
285.909,0,,,
286.893,0,,,
287.881,0,,,
288.872,0,,,
289.866,0,,,
290.864,0,,,
291.865,0,,,
292.87,0,,,
293.878,0,,,
294.89,0,,,
295.905,0,,,
296.923,0,,,
297.945,0,,,
298.971,0,,,
