0.01,0.0133887,1.2,0,1
0.0100344,0.0123605,,0.5,0.702
0.010069,0.0109335,,1,0.453
0.0101036,0.0114624,,2,0.161
0.0101384,0.0117504,,3,0.0551
0.0101733,0.0115874,,4,0.011
0.0102083,0.0143741,,,
0.0102435,0.0112137,,,
0.0102787,0.0124016,,,
0.0103141,0.0129587,,,
0.0103496,0.013415,,,
0.0103852,0.0163095,,,
0.010421,0.0166742,,,
0.0104568,0.0287812,,,
0.0104928,0.0340984,,,
0.010529,0.0392324,,,
0.0105652,0.0356017,,,
0.0106016,0.0389844,,,
0.0106381,0.0383962,,,
0.0106747,0.0398644,,,
0.0107114,0.0385604,,,
0.0107483,0.0413061,,,
0.0107853,0.0473631,,,
0.0108224,0.0464714,,,
0.0108597,0.0492454,,,
0.0108971,0.0503867,,,
0.0109346,0.0661489,,,
0.0109722,0.105208,,,
0.01101,0.127465,,,
0.0110479,0.145981,,,
0.0110859,0.512884,,,
0.0111241,0.719534,,,
0.0111624,0.710771,,,
0.0112008,0.709653,,,
0.0112393,0.697067,,,
0.011278,0.686913,,,
0.0113168,0.677562,,,
0.0113558,0.661118,,,
0.0113949,0.659313,,,
0.0114341,0.657001,,,
0.0114735,0.662316,,,
0.011513,0.636937,,,
0.0115526,0.636454,,,
0.0115924,0.621589,,,
0.0116323,0.63909,,,
0.0116723,0.631333,,,
0.0117125,0.61763,,,
0.0117528,0.614662,,,
0.0117933,0.603918,,,
0.0118339,0.59706,,,
0.0118746,0.592881,,,
0.0119155,0.602964,,,
0.0119565,0.575155,,,
0.0119976,0.584982,,,
0.0120389,0.57426,,,
0.0120804,0.568096,,,
0.012122,0.570334,,,
0.0121637,0.558485,,,
0.0122056,0.562498,,,
0.0122476,0.539548,,,
0.0122897,0.905474,,,
0.012332,0.551822,,,
0.0123745,0.527907,,,
0.0124171,0.538381,,,
0.0124598,0.549454,,,
0.0125027,0.531659,,,
0.0125458,0.512242,,,
0.0125889,0.522179,,,
0.0126323,0.513318,,,
0.0126758,0.51456,,,
0.0127194,0.502247,,,
0.0127632,0.496286,,,
0.0128071,0.483745,,,
0.0128512,0.478924,,,
0.0128954,0.47327,,,
0.0129398,0.47396,,,
0.0129844,0.476657,,,
0.0130291,0.461205,,,
0.0130739,0.472206,,,
0.0131189,0.459096,,,
0.0131641,0.458449,,,
0.0132094,0.44623,,,
0.0132548,0.440984,,,
0.0133005,0.433128,,,
0.0133463,0.423313,,,
0.0133922,0.427904,,,
0.0134383,0.419786,,,
0.0134846,0.41689,,,
0.013531,0.410283,,,
0.0135775,0.412779,,,
0.0136243,0.4107,,,
0.0136712,0.402876,,,
0.0137182,0.391805,,,
0.0137655,0.39005,,,
0.0138128,0.388042,,,
0.0138604,0.385133,,,
0.0139081,0.387335,,,
0.013956,0.388659,,,
0.014004,0.371746,,,
0.0140522,0.376477,,,
0.0141006,0.370342,,,
0.0141491,0.36585,,,
0.0141978,0.365186,,,
0.0142467,0.365964,,,
0.0142957,0.360545,,,
0.014345,0.354173,,,
0.0143943,0.355604,,,
0.0144439,0.345996,,,
0.0144936,0.349472,,,
0.0145435,0.345952,,,
0.0145936,0.34514,,,
0.0146438,0.336069,,,
0.0146942,0.334489,,,
0.0147448,0.327036,,,
0.0147955,0.328694,,,
0.0148465,0.326788,,,
0.0148976,0.32687,,,
0.0149488,0.813365,,,
0.0150003,0.329036,,,
0.0150519,0.329444,,,
0.0151038,0.347795,,,
0.0151557,0.316212,,,
0.0152079,0.315329,,,
0.0152603,0.323549,,,
0.0153128,0.309268,,,
0.0153655,0.313444,,,
0.0154184,0.307276,,,
0.0154715,0.301753,,,
0.0155247,0.305672,,,
0.0155782,0.297126,,,
0.0156318,0.29788,,,
0.0156856,0.296355,,,
0.0157396,0.292623,,,
0.0157938,0.293238,,,
0.0158481,0.285792,,,
0.0159027,0.283749,,,
0.0159574,0.274453,,,
0.0160124,0.272736,,,
0.0160675,0.273376,,,
0.0161228,0.27235,,,
0.0161783,6.91813,,,
0.016234,0.43651,,,
0.0162898,0.625869,,,
0.0163459,0.409917,,,
0.0164022,0.397368,,,
0.0164586,0.464213,,,
0.0165153,0.341815,,,
0.0165722,0.359612,,,
0.0166292,0.341174,,,
0.0166864,0.329919,,,
0.0167439,0.317833,,,
0.0168015,0.405035,,,
0.0168593,0.658136,,,
0.0169174,0.372068,,,
0.0169756,0.361061,,,
0.0170341,0.357853,,,
0.0170927,0.330132,,,
0.0171515,0.315199,,,
0.0172106,0.313075,,,
0.0172698,0.299678,,,
0.0173293,0.290651,,,
0.0173889,0.303669,,,
0.0174488,0.290524,,,
0.0175088,0.304762,,,
0.0175691,0.312899,,,
0.0176296,0.291252,,,
0.0176903,0.296283,,,
0.0177511,0.279709,,,
0.0178123,0.281316,,,
0.0178736,0.280277,,,
0.0179351,0.27022,,,
0.0179968,0.268191,,,
0.0180588,0.264403,,,
0.0181209,0.263896,,,
0.0181833,0.262831,,,
0.0182459,0.267783,,,
0.0183087,0.265616,,,
0.0183717,0.263125,,,
0.018435,0.261829,,,
0.0184984,0.258905,,,
0.0185621,0.248844,,,
0.018626,0.253945,,,
0.0186901,0.250858,,,
0.0187545,0.2504,,,
0.018819,0.25211,,,
0.0188838,0.550418,,,
0.0189488,0.256499,,,
0.019014,0.258285,,,
0.0190795,0.265156,,,
0.0191451,0.250943,,,
0.019211,0.247805,,,
0.0192772,0.246947,,,
0.0193435,0.249754,,,
0.0194101,0.24524,,,
0.0194769,0.247792,,,
0.019544,0.241633,,,
0.0196112,0.247557,,,
0.0196788,0.241535,,,
0.0197465,0.233211,,,
0.0198145,0.236185,,,
0.0198827,0.239362,,,
0.0199511,0.239417,,,
0.0200198,5.12108,,,
0.0200887,0.365901,,,
0.0201579,0.552639,,,
0.0202272,0.339835,,,
0.0202969,0.382977,,,
0.0203667,0.324282,,,
0.0204368,0.316042,,,
0.0205072,0.302066,,,
0.0205778,0.285574,,,
0.0206486,0.685262,,,
0.0207197,0.300282,,,
0.020791,0.353315,,,
0.0208626,0.30992,,,
0.0209344,0.308539,,,
0.0210065,0.304776,,,
0.0210788,0.28612,,,
0.0211513,0.280206,,,
0.0212241,0.283767,,,
0.0212972,0.280819,,,
0.0213705,0.296541,,,
0.0214441,0.29903,,,
0.0215179,0.283518,,,
0.0215919,0.285305,,,
0.0216663,0.276887,,,
0.0217408,0.276454,,,
0.0218157,0.277882,,,
0.0218908,0.273276,,,
0.0219661,0.27459,,,
0.0220417,0.275611,,,
0.0221176,0.275584,,,
0.0221938,0.282858,,,
0.0222701,0.28275,,,
0.0223468,0.282376,,,
0.0224237,0.277765,,,
0.0225009,0.279781,,,
0.0225784,0.285445,,,
0.0226561,0.285905,,,
0.0227341,0.285675,,,
0.0228123,0.276384,,,
0.0228909,0.289052,,,
0.0229697,0.279279,,,
0.0230487,0.283165,,,
0.0231281,0.288692,,,
0.0232077,0.300757,,,
0.0232876,0.294375,,,
0.0233677,0.302985,,,
0.0234482,0.294581,,,
0.0235289,0.29984,,,
0.0236099,0.301924,,,
0.0236911,0.29753,,,
0.0237727,0.29719,,,
0.0238545,0.297243,,,
0.0239366,0.301989,,,
0.024019,3.40003,,,
0.0241017,0.439866,,,
0.0241847,0.49207,,,
0.0242679,0.409729,,,
0.0243514,0.370838,,,
0.0244353,0.370868,,,
0.0245194,0.349737,,,
0.0246038,0.346,,,
0.0246885,0.374929,,,
0.0247735,0.368435,,,
0.0248587,0.351048,,,
0.0249443,0.362001,,,
0.0250302,0.354208,,,
0.0251163,0.343897,,,
0.0252028,0.334919,,,
0.0252895,0.341821,,,
0.0253766,0.348446,,,
0.0254639,0.350076,,,
0.0255516,0.355025,,,
0.0256396,0.34697,,,
0.0257278,0.338123,,,
0.0258164,0.345812,,,
0.0259052,0.344397,,,
0.0259944,0.347651,,,
0.0260839,0.34754,,,
0.0261737,0.353758,,,
0.0262638,0.356638,,,
0.0263542,0.355071,,,
0.0264449,0.347745,,,
0.0265359,0.351375,,,
0.0266273,0.351314,,,
0.0267189,0.351154,,,
0.0268109,0.353521,,,
0.0269032,0.35025,,,
0.0269958,0.356038,,,
0.0270887,0.358529,,,
0.027182,0.366529,,,
0.0272755,0.376314,,,
0.0273694,0.372616,,,
0.0274636,0.37182,,,
0.0275582,0.370271,,,
0.027653,0.362882,,,
0.0277482,0.368302,,,
0.0278437,0.378365,,,
0.0279396,0.367787,,,
0.0280357,0.372386,,,
0.0281323,0.376859,,,
0.0282291,0.375563,,,
0.0283263,0.371212,,,
0.0284238,0.422772,,,
0.0285216,0.377722,,,
0.0286198,0.36412,,,
0.0287183,0.363755,,,
0.0288172,0.364583,,,
0.0289164,0.362999,,,
0.0290159,0.369866,,,
0.0291158,0.372642,,,
0.029216,0.361785,,,
0.0293166,0.366216,,,
0.0294175,0.369876,,,
0.0295187,0.359413,,,
0.0296203,0.356585,,,
0.0297223,0.355352,,,
0.0298246,0.356059,,,
0.0299273,0.359514,,,
0.0300303,0.357963,,,
0.0301337,0.360224,,,
0.0302374,0.359618,,,
0.0303415,0.355458,,,
0.0304459,0.362783,,,
0.0305507,0.356399,,,
0.0306559,0.357701,,,
0.0307614,0.348422,,,
0.0308673,0.354143,,,
0.0309735,0.353773,,,
0.0310802,0.459836,,,
0.0311872,0.372004,,,
0.0312945,0.370579,,,
0.0314022,0.365634,,,
0.0315103,0.359339,,,
0.0316188,0.359236,,,
0.0317276,0.359062,,,
0.0318368,0.368994,,,
0.0319464,0.362779,,,
0.0320564,0.357433,,,
0.0321667,0.359305,,,
0.0322775,0.403585,,,
0.0323886,0.420892,,,
0.0325001,0.374795,,,
0.0326119,0.367326,,,
0.0327242,0.3544,,,
0.0328368,0.355078,,,
0.0329499,0.430635,,,
0.0330633,0.361355,,,
0.0331771,0.361295,,,
0.0332913,0.351687,,,
0.0334059,0.351371,,,
0.0335209,0.348557,,,
0.0336363,0.35362,,,
0.0337521,0.348018,,,
0.0338682,0.365141,,,
0.0339848,0.34437,,,
0.0341018,0.350764,,,
0.0342192,0.342777,,,
0.034337,0.34264,,,
0.0344552,0.344625,,,
0.0345738,0.341551,,,
0.0346928,0.340254,,,
0.0348122,0.345235,,,
0.034932,0.346454,,,
0.0350523,0.501249,,,
0.035173,0.359194,,,
0.035294,0.357825,,,
0.0354155,0.345684,,,
0.0355374,0.36167,,,
0.0356597,0.351288,,,
0.0357825,0.344937,,,
0.0359057,0.344931,,,
0.0360293,0.342046,,,
0.0361533,0.40757,,,
0.0362777,0.362764,,,
0.0364026,0.405377,,,
0.0365279,0.361582,,,
0.0366537,0.35408,,,
0.0367798,0.432646,,,
0.0369064,0.410175,,,
0.0370335,0.359539,,,
0.0371609,0.355187,,,
0.0372889,0.349796,,,
0.0374172,0.351843,,,
0.037546,0.347287,,,
0.0376753,0.340627,,,
0.0378049,0.349075,,,
0.0379351,0.344558,,,
0.0380657,0.342733,,,
0.0381967,0.341415,,,
0.0383282,0.338932,,,
0.0384601,0.341174,,,
0.0385925,0.337891,,,
0.0387253,0.340089,,,
0.0388586,0.3372,,,
0.0389924,0.461656,,,
0.0391266,0.345527,,,
0.0392613,0.33651,,,
0.0393965,0.33804,,,
0.0395321,0.347362,,,
0.0396681,0.334641,,,
0.0398047,0.335409,,,
0.0399417,0.334257,,,
0.0400792,0.359363,,,
0.0402172,0.396838,,,
0.0403556,0.353797,,,
0.0404945,0.347061,,,
0.0406339,0.414667,,,
0.0407738,0.352074,,,
0.0409141,0.386459,,,
0.041055,0.344013,,,
0.0411963,0.348997,,,
0.0413381,0.346378,,,
0.0414804,0.345218,,,
0.0416232,0.340957,,,
0.0417664,0.344785,,,
0.0419102,0.338165,,,
0.0420545,0.336258,,,
0.0421992,0.334054,,,
0.0423445,0.338095,,,
0.0424903,0.341082,,,
0.0426365,0.336193,,,
0.0427833,0.341665,,,
0.0429306,0.37455,,,
0.0430783,0.345345,,,
0.0432266,0.336398,,,
0.0433754,0.341606,,,
0.0435247,0.336409,,,
0.0436745,0.334462,,,
0.0438249,0.336651,,,
0.0439757,0.33582,,,
0.0441271,0.36645,,,
0.044279,0.348595,,,
0.0444314,0.343632,,,
0.0445844,0.387105,,,
0.0447378,0.350193,,,
0.0448918,0.346763,,,
0.0450464,0.347095,,,
0.0452014,0.345797,,,
0.045357,0.341754,,,
0.0455131,0.343569,,,
0.0456698,0.340227,,,
0.045827,0.343951,,,
0.0459848,0.340609,,,
0.0461431,0.339829,,,
0.0463019,0.339121,,,
0.0464613,0.339828,,,
0.0466212,0.339476,,,
0.0467817,0.333622,,,
0.0469427,0.336579,,,
0.0471043,0.336423,,,
0.0472664,0.338752,,,
0.0474291,0.33914,,,
0.0475924,0.334034,,,
0.0477562,0.337348,,,
0.0479206,0.342369,,,
0.0480856,0.349018,,,
0.0482511,0.343778,,,
0.0484172,0.731271,,,
0.0485839,0.375215,,,
0.0487511,0.35803,,,
0.0489189,0.354923,,,
0.0490873,0.357881,,,
0.0492563,0.356394,,,
0.0494258,0.355103,,,
0.0495959,0.345294,,,
0.0497667,0.357538,,,
0.049938,0.357368,,,
0.0501099,0.353509,,,
0.0502824,0.353747,,,
0.0504554,0.355743,,,
0.0506291,0.347776,,,
0.0508034,0.351341,,,
0.0509783,0.351848,,,
0.0511538,0.359404,,,
0.0513298,0.361771,,,
0.0515065,0.351515,,,
0.0516838,0.357401,,,
0.0518617,0.359861,,,
0.0520403,0.354162,,,
0.0522194,0.356815,,,
0.0523991,0.360716,,,
0.0525795,0.364169,,,
0.0527605,0.360599,,,
0.0529421,0.357779,,,
0.0531244,0.364356,,,
0.0533072,0.360902,,,
0.0534907,0.364598,,,
0.0536748,0.368204,,,
0.0538596,0.364385,,,
0.054045,0.358405,,,
0.054231,0.362058,,,
0.0544177,0.363329,,,
0.054605,0.361199,,,
0.054793,0.358749,,,
0.0549816,0.358172,,,
0.0551709,0.369486,,,
0.0553608,0.367122,,,
0.0555513,0.375038,,,
0.0557426,0.373301,,,
0.0559344,0.367749,,,
0.056127,0.369541,,,
0.0563202,0.372277,,,
0.056514,0.372273,,,
0.0567086,0.369016,,,
0.0569038,0.370927,,,
0.0570997,0.378218,,,
0.0572962,0.3746,,,
0.0574934,0.371961,,,
0.0576913,0.375301,,,
0.0578899,0.379131,,,
0.0580892,0.37792,,,
0.0582892,0.379401,,,
0.0584898,0.379975,,,
0.0586911,0.380553,,,
0.0588932,0.374898,,,
0.0590959,0.381144,,,
0.0592993,0.381706,,,
0.0595034,0.381942,,,
0.0597083,0.383224,,,
0.0599138,0.384421,,,
0.06012,0.388865,,,
0.060327,0.390562,,,
0.0605346,0.387362,,,
0.060743,0.393398,,,
0.0609521,0.391808,,,
0.0611619,0.390471,,,
0.0613724,0.387958,,,
0.0615837,0.389864,,,
0.0617957,0.386362,,,
0.0620084,0.392334,,,
0.0622218,0.386886,,,
0.062436,0.39271,,,
0.0626509,0.389114,,,
0.0628666,0.385591,,,
0.063083,0.393703,,,
0.0633001,0.403844,,,
0.063518,0.392983,,,
0.0637367,0.39498,,,
0.0639561,0.394723,,,
0.0641762,0.397554,,,
0.0643971,0.394338,,,
0.0646188,0.401197,,,
0.0648412,0.399584,,,
0.0650644,0.396467,,,
0.0652884,0.41062,,,
0.0655131,0.394695,,,
0.0657387,0.397799,,,
0.0659649,0.393662,,,
0.066192,0.396618,,,
0.0664199,0.399109,,,
0.0666485,0.401828,,,
0.0668779,0.400198,,,
0.0671081,0.398755,,,
0.0673391,0.407911,,,
0.0675709,0.409441,,,
0.0678035,0.40098,,,
0.0680369,0.401207,,,
0.0682711,0.410453,,,
0.0685061,0.412505,,,
0.0687419,0.407107,,,
0.0689785,0.415507,,,
0.069216,0.409324,,,
0.0694542,0.412016,,,
0.0696933,0.409049,,,
0.0699332,0.405162,,,
0.0701739,0.409397,,,
0.0704155,0.408451,,,
0.0706579,0.408548,,,
0.0709011,0.407066,,,
0.0711452,0.409075,,,
0.0713901,0.417191,,,
0.0716358,0.409744,,,
0.0718824,0.40961,,,
0.0721298,0.407521,,,
0.0723781,0.40753,,,
0.0726273,0.410867,,,
0.0728773,0.41013,,,
0.0731281,0.412075,,,
0.0733798,0.412668,,,
0.0736324,0.408566,,,
0.0738859,0.413389,,,
0.0741402,0.412621,,,
0.0743954,0.41135,,,
0.0746515,0.415275,,,
0.0749085,0.408618,,,
0.0751663,0.414531,,,
0.0754251,0.410977,,,
0.0756847,0.414559,,,
0.0759452,0.411522,,,
0.0762067,0.415957,,,
0.076469,0.422608,,,
0.0767322,0.415614,,,
0.0769963,0.421411,,,
0.0772614,0.417198,,,
0.0775273,0.420948,,,
0.0777942,0.416246,,,
0.078062,0.418488,,,
0.0783307,0.41957,,,
0.0786003,0.416479,,,
0.0788709,0.420061,,,
0.0791424,0.419206,,,
0.0794148,0.419498,,,
0.0796882,0.422152,,,
0.0799625,0.426297,,,
0.0802377,0.420345,,,
0.0805139,0.419461,,,
0.080791,0.425308,,,
0.0810692,0.422818,,,
0.0813482,0.425209,,,
0.0816282,0.426163,,,
0.0819092,0.426553,,,
0.0821912,0.421521,,,
0.0824741,0.423829,,,
0.082758,0.426336,,,
0.0830428,0.429086,,,
0.0833287,0.429848,,,
0.0836155,0.431308,,,
0.0839034,0.430608,,,
0.0841922,0.429812,,,
0.084482,0.426708,,,
0.0847728,0.427154,,,
0.0850646,0.433009,,,
0.0853574,0.436329,,,
0.0856512,0.429699,,,
0.0859461,0.438695,,,
0.0862419,0.436267,,,
0.0865388,0.438697,,,
0.0868367,0.434206,,,
0.0871356,0.43888,,,
0.0874355,0.436288,,,
0.0877365,0.435095,,,
0.0880385,0.441913,,,
0.0883415,0.437035,,,
0.0886456,0.441746,,,
0.0889508,0.43783,,,
0.089257,0.437579,,,
0.0895642,0.441163,,,
0.0898725,0.445355,,,
0.0901819,0.439646,,,
0.0904923,0.442768,,,
0.0908038,0.442058,,,
0.0911164,0.441501,,,
0.09143,0.443013,,,
0.0917447,0.446287,,,
0.0920605,0.441036,,,
0.0923774,0.446126,,,
0.0926954,0.447581,,,
0.0930145,0.447815,,,
0.0933347,0.446085,,,
0.0936559,0.452166,,,
0.0939783,0.450259,,,
0.0943018,0.449749,,,
0.0946264,0.452278,,,
0.0949522,0.450429,,,
0.095279,0.452047,,,
0.095607,0.454437,,,
0.0959361,0.451742,,,
0.0962663,0.45683,,,
0.0965977,0.454496,,,
0.0969302,0.452489,,,
0.0972638,0.458984,,,
0.0975986,0.453103,,,
0.0979346,0.460877,,,
0.0982717,0.454531,,,
0.09861,0.455785,,,
0.0989494,0.458919,,,
0.09929,0.4594,,,
0.0996318,0.457291,,,
0.0999748,0.460511,,,
0.100319,0.459343,,,
0.100664,0.46174,,,
0.101011,0.465638,,,
0.101358,0.46693,,,
0.101707,0.465449,,,
0.102057,0.466808,,,
0.102409,0.468015,,,
0.102761,0.47002,,,
0.103115,0.467168,,,
0.10347,0.468952,,,
0.103826,0.46746,,,
0.104183,0.474162,,,
0.104542,0.470795,,,
0.104902,0.468911,,,
0.105263,0.473823,,,
0.105625,0.477062,,,
0.105989,0.476515,,,
0.106354,0.472764,,,
0.10672,0.475555,,,
0.107087,0.474356,,,
0.107456,0.4746,,,
0.107826,0.469245,,,
0.108197,0.475589,,,
0.108569,0.481835,,,
0.108943,0.479199,,,
0.109318,0.482157,,,
0.109694,0.480072,,,
0.110072,0.482313,,,
0.110451,0.479669,,,
0.110831,0.48279,,,
0.111213,0.489662,,,
0.111595,0.487454,,,
0.11198,0.492182,,,
0.112365,0.488557,,,
0.112752,0.486488,,,
0.11314,0.488547,,,
0.113529,0.487362,,,
0.11392,0.489015,,,
0.114312,0.494434,,,
0.114706,0.494252,,,
0.115101,0.494119,,,
0.115497,0.489888,,,
0.115894,0.494583,,,
0.116293,0.489267,,,
0.116694,0.493975,,,
0.117095,0.493031,,,
0.117498,0.501152,,,
0.117903,0.495404,,,
0.118309,0.501782,,,
0.118716,0.496152,,,
0.119125,0.496138,,,
0.119535,0.497199,,,
0.119946,0.499805,,,
0.120359,0.498445,,,
0.120773,0.505698,,,
0.121189,0.504733,,,
0.121606,0.504307,,,
0.122025,0.502728,,,
0.122445,0.507919,,,
0.122866,0.505726,,,
0.123289,0.50487,,,
0.123714,0.510932,,,
0.124139,0.506604,,,
0.124567,0.506235,,,
0.124996,0.512073,,,
0.125426,0.507727,,,
0.125858,0.507203,,,
0.126291,0.512413,,,
0.126726,0.515226,,,
0.127162,0.511854,,,
0.127599,0.514242,,,
0.128039,0.514021,,,
0.128479,0.51889,,,
0.128922,0.51256,,,
0.129365,0.515033,,,
0.129811,0.51947,,,
0.130258,0.518292,,,
0.130706,0.523663,,,
0.131156,0.52338,,,
0.131607,0.520624,,,
0.13206,0.522104,,,
0.132515,0.523664,,,
0.132971,0.525376,,,
0.133429,0.522991,,,
0.133888,0.52738,,,
0.134349,0.529605,,,
0.134811,0.531486,,,
0.135276,0.529979,,,
0.135741,0.533109,,,
0.136208,0.531506,,,
0.136677,0.529178,,,
0.137148,0.534574,,,
0.13762,0.530832,,,
0.138094,0.530545,,,
0.138569,0.534436,,,
0.139046,0.537869,,,
0.139525,0.537013,,,
0.140005,0.538262,,,
0.140487,0.541867,,,
0.14097,0.53772,,,
0.141456,0.539946,,,
0.141943,0.540518,,,
0.142431,0.544506,,,
0.142921,0.542646,,,
0.143413,0.543278,,,
0.143907,0.54413,,,
0.144402,0.545693,,,
0.144899,0.547362,,,
0.145398,0.54926,,,
0.145899,0.551933,,,
0.146401,0.550372,,,
0.146905,0.549342,,,
0.147411,0.551184,,,
0.147918,0.551461,,,
0.148427,0.555829,,,
0.148938,0.558615,,,
0.149451,0.558979,,,
0.149965,0.559534,,,
0.150481,0.558072,,,
0.150999,0.557622,,,
0.151519,0.559853,,,
0.152041,0.5579,,,
0.152564,0.559781,,,
0.153089,0.564472,,,
0.153616,0.565685,,,
0.154145,0.565925,,,
0.154676,0.566394,,,
0.155208,0.567128,,,
0.155742,0.568278,,,
0.156278,0.5661,,,
0.156816,0.57097,,,
0.157356,0.569707,,,
0.157898,0.574099,,,
0.158441,0.572702,,,
0.158987,0.574606,,,
0.159534,0.576931,,,
0.160083,0.571919,,,
0.160634,0.575404,,,
0.161187,0.578579,,,
0.161742,0.582947,,,
0.162299,0.580474,,,
0.162857,0.581778,,,
0.163418,0.581801,,,
0.163981,0.580538,,,
0.164545,0.584367,,,
0.165111,0.585929,,,
0.16568,0.586526,,,
0.16625,0.582693,,,
0.166822,0.588241,,,
0.167397,0.589895,,,
0.167973,0.588894,,,
0.168551,0.592018,,,
0.169131,0.587102,,,
0.169713,0.59511,,,
0.170298,0.593248,,,
0.170884,0.595158,,,
0.171472,0.594594,,,
0.172062,0.599218,,,
0.172654,0.602383,,,
0.173249,0.595445,,,
0.173845,0.602604,,,
0.174444,0.603955,,,
0.175044,0.601635,,,
0.175647,0.601947,,,
0.176251,0.602491,,,
0.176858,0.600562,,,
0.177467,0.606423,,,
0.178078,0.609887,,,
0.178691,0.610137,,,
0.179306,0.609286,,,
0.179923,0.607858,,,
0.180542,0.610601,,,
0.181164,0.617476,,,
0.181787,0.614153,,,
0.182413,0.61637,,,
0.183041,0.615893,,,
0.183671,0.617171,,,
0.184303,0.619021,,,
0.184938,0.619673,,,
0.185574,0.621766,,,
0.186213,0.620706,,,
0.186854,0.621672,,,
0.187497,0.621647,,,
0.188143,0.622285,,,
0.18879,0.62371,,,
0.18944,0.629522,,,
0.190092,0.628538,,,
0.190747,0.631278,,,
0.191403,0.631482,,,
0.192062,0.629789,,,
0.192723,0.638526,,,
0.193387,0.632361,,,
0.194052,0.63731,,,
0.19472,0.637268,,,
0.19539,0.63854,,,
0.196063,0.637228,,,
0.196738,0.640194,,,
0.197415,0.640118,,,
0.198095,0.643246,,,
0.198777,0.646373,,,
0.199461,0.643238,,,
0.200147,0.645427,,,
0.200836,0.64508,,,
0.201528,0.64617,,,
0.202221,0.645549,,,
0.202917,0.650839,,,
0.203616,0.65157,,,
0.204317,0.654633,,,
0.20502,0.652414,,,
0.205726,0.655344,,,
0.206434,0.656123,,,
0.207145,0.659347,,,
0.207858,0.660796,,,
0.208573,0.655842,,,
0.209291,0.661507,,,
0.210012,0.663994,,,
0.210734,0.660905,,,
0.21146,0.661698,,,
0.212188,0.66663,,,
0.212918,0.665725,,,
0.213651,0.663541,,,
0.214386,0.668611,,,
0.215124,0.672918,,,
0.215865,0.672718,,,
0.216608,0.67306,,,
0.217354,0.676795,,,
0.218102,0.673342,,,
0.218853,0.674876,,,
0.219606,0.677846,,,
0.220362,0.677394,,,
0.22112,0.680694,,,
0.221882,0.681177,,,
0.222645,0.687645,,,
0.223412,0.680535,,,
0.224181,0.683463,,,
0.224952,0.688009,,,
0.225727,0.686407,,,
0.226504,0.686971,,,
0.227283,0.688137,,,
0.228066,0.690581,,,
0.228851,0.686404,,,
0.229639,0.690897,,,
0.230429,0.692256,,,
0.231222,0.697645,,,
0.232018,0.6966,,,
0.232817,0.699772,,,
0.233618,0.69743,,,
0.234422,0.698589,,,
0.235229,0.69906,,,
0.236039,0.702271,,,
0.236852,0.708202,,,
0.237667,0.707083,,,
0.238485,0.707015,,,
0.239306,0.709896,,,
0.24013,0.711102,,,
0.240956,0.707757,,,
0.241786,0.710441,,,
0.242618,0.715481,,,
0.243453,0.715812,,,
0.244291,0.714136,,,
0.245132,0.716157,,,
0.245976,0.719242,,,
0.246822,0.719857,,,
0.247672,0.719815,,,
0.248525,0.721978,,,
0.24938,0.725044,,,
0.250239,0.726491,,,
0.2511,0.727165,,,
0.251964,0.729976,,,
0.252832,0.732845,,,
0.253702,0.729765,,,
0.254575,0.729278,,,
0.255452,0.734654,,,
0.256331,0.738741,,,
0.257213,0.736507,,,
0.258099,0.736693,,,
0.258987,0.738741,,,
0.259878,0.737455,,,
0.260773,0.740352,,,
0.261671,0.74247,,,
0.262571,0.738496,,,
0.263475,0.740565,,,
0.264382,0.745578,,,
0.265292,0.750308,,,
0.266205,0.748733,,,
0.267122,0.751799,,,
0.268041,0.751836,,,
0.268964,0.750869,,,
0.26989,0.756281,,,
0.270819,0.755574,,,
0.271751,0.758197,,,
0.272686,0.760552,,,
0.273625,0.759947,,,
0.274567,0.758178,,,
0.275512,0.761251,,,
0.27646,0.7653,,,
0.277412,0.761188,,,
0.278367,0.766388,,,
0.279325,0.769581,,,
0.280287,0.769121,,,
0.281252,0.770492,,,
0.28222,0.769832,,,
0.283191,0.773482,,,
0.284166,0.771714,,,
0.285144,0.7739,,,
0.286126,0.779232,,,
0.287111,0.779067,,,
0.288099,0.777514,,,
0.289091,0.77856,,,
0.290086,0.780586,,,
0.291084,0.781344,,,
0.292086,0.779747,,,
0.293092,0.784169,,,
0.294101,0.783215,,,
0.295113,0.790061,,,
0.296129,0.788134,,,
0.297148,0.787169,,,
0.298171,0.789593,,,
0.299197,0.791205,,,
0.300227,0.791628,,,
0.301261,0.793983,,,
0.302298,0.794621,,,
0.303338,0.794675,,,
0.304382,0.796228,,,
0.30543,0.800695,,,
0.306482,0.798925,,,
0.307536,0.803312,,,
0.308595,0.806937,,,
0.309657,0.8035,,,
0.310723,0.803968,,,
0.311793,0.810779,,,
0.312866,0.809546,,,
0.313943,0.807934,,,
0.315024,0.809254,,,
0.316108,0.808507,,,
0.317196,0.810703,,,
0.318288,0.813853,,,
0.319384,0.820127,,,
0.320483,0.815724,,,
0.321586,0.817623,,,
0.322693,0.820806,,,
0.323804,0.819428,,,
0.324919,0.819759,,,
0.326037,0.822131,,,
0.327159,0.821755,,,
0.328286,0.825007,,,
0.329416,0.820499,,,
0.330549,0.828004,,,
0.331687,0.824046,,,
0.332829,0.829885,,,
0.333975,0.835888,,,
0.335124,0.828679,,,
0.336278,0.829587,,,
0.337435,0.833303,,,
0.338597,0.838806,,,
0.339763,0.835742,,,
0.340932,0.839717,,,
0.342106,0.840053,,,
0.343283,0.838939,,,
0.344465,0.839814,,,
0.345651,0.844157,,,
0.34684,0.838818,,,
0.348034,0.844368,,,
0.349232,0.848441,,,
0.350434,0.846956,,,
0.351641,0.847526,,,
0.352851,0.852847,,,
0.354066,0.853261,,,
0.355285,0.853382,,,
0.356508,0.856679,,,
0.357735,0.850915,,,
0.358966,0.852263,,,
0.360202,0.857314,,,
0.361442,0.858138,,,
0.362686,0.858105,,,
0.363934,0.858846,,,
0.365187,0.858839,,,
0.366444,0.859876,,,
0.367705,0.863325,,,
0.368971,0.861045,,,
0.370241,0.864318,,,
0.371516,0.870923,,,
0.372795,0.864759,,,
0.374078,0.868447,,,
0.375365,0.866058,,,
0.376658,0.866708,,,
0.377954,0.87059,,,
0.379255,0.873498,,,
0.380561,0.870961,,,
0.381871,0.87195,,,
0.383185,0.87219,,,
0.384504,0.87522,,,
0.385828,0.871198,,,
0.387156,0.875028,,,
0.388488,0.876627,,,
0.389826,0.874907,,,
0.391168,0.876147,,,
0.392514,0.874923,,,
0.393865,0.880997,,,
0.395221,0.883627,,,
0.396581,0.882341,,,
0.397946,0.880231,,,
0.399316,0.882257,,,
0.400691,0.884832,,,
0.40207,0.88723,,,
0.403454,0.88198,,,
0.404843,0.887245,,,
0.406236,0.888537,,,
0.407635,0.885946,,,
0.409038,0.887702,,,
0.410446,0.889087,,,
0.411859,0.889895,,,
0.413277,0.890151,,,
0.414699,0.892332,,,
0.416127,0.890165,,,
0.417559,0.890805,,,
0.418996,0.892309,,,
0.420439,0.894345,,,
0.421886,0.897596,,,
0.423338,0.89301,,,
0.424795,0.89823,,,
0.426258,0.898545,,,
0.427725,0.897582,,,
0.429197,0.897233,,,
0.430675,0.896875,,,
0.432157,0.895059,,,
0.433645,0.899562,,,
0.435137,0.896262,,,
0.436635,0.897642,,,
0.438138,0.897054,,,
0.439646,0.900232,,,
0.44116,0.902694,,,
0.442678,0.902046,,,
0.444202,0.900315,,,
0.445731,0.901224,,,
0.447265,0.904204,,,
0.448805,0.898609,,,
0.45035,0.9013,,,
0.4519,0.900194,,,
0.453456,0.902891,,,
0.455017,0.899208,,,
0.456583,0.900491,,,
0.458155,0.906437,,,
0.459732,0.903145,,,
0.461314,0.907454,,,
0.462902,0.90067,,,
0.464495,0.905346,,,
0.466094,0.906502,,,
0.467699,0.905344,,,
0.469309,0.905287,,,
0.470924,0.905252,,,
0.472545,0.90133,,,
0.474172,0.90455,,,
0.475804,0.906447,,,
0.477442,0.904671,,,
0.479085,0.90181,,,
0.480734,0.904337,,,
0.482389,0.904867,,,
0.48405,0.904861,,,
0.485716,0.901489,,,
0.487388,0.905636,,,
0.489066,0.905367,,,
0.490749,0.901592,,,
0.492438,0.903629,,,
0.494133,0.904536,,,
0.495834,0.902276,,,
0.497541,0.900721,,,
0.499254,0.900912,,,
0.500972,0.900666,,,
0.502697,0.904131,,,
0.504427,0.901168,,,
0.506164,0.901464,,,
0.507906,0.903653,,,
0.509654,0.901907,,,
0.511409,0.899544,,,
0.513169,0.896825,,,
0.514935,0.899015,,,
0.516708,0.900345,,,
0.518486,0.897551,,,
0.520271,0.895211,,,
0.522062,0.90055,,,
0.523859,0.894543,,,
0.525662,0.89489,,,
0.527472,0.895385,,,
0.529288,0.895456,,,
0.531109,0.892045,,,
0.532938,0.892401,,,
0.534772,0.893184,,,
0.536613,0.892175,,,
0.53846,0.891228,,,
0.540314,0.888116,,,
0.542174,0.88837,,,
0.54404,0.888396,,,
0.545913,0.886444,,,
0.547792,0.887186,,,
0.549677,0.885493,,,
0.551569,0.882804,,,
0.553468,0.885317,,,
0.555373,0.884359,,,
0.557285,0.881906,,,
0.559203,0.880408,,,
0.561128,0.878427,,,
0.56306,0.877234,,,
0.564998,0.877993,,,
0.566943,0.877034,,,
0.568894,0.874569,,,
0.570853,0.872842,,,
0.572818,0.872605,,,
0.574789,0.867953,,,
0.576768,0.870826,,,
0.578753,0.869561,,,
0.580745,0.867765,,,
0.582744,0.864768,,,
0.58475,0.865091,,,
0.586763,0.86189,,,
0.588783,0.862374,,,
0.59081,0.859502,,,
0.592843,0.857721,,,
0.594884,0.857167,,,
0.596932,0.856531,,,
0.598987,0.851997,,,
0.601049,0.851021,,,
0.603117,0.852041,,,
0.605194,0.847874,,,
0.607277,0.845629,,,
0.609367,0.843052,,,
0.611465,0.842424,,,
0.61357,0.841172,,,
0.615682,0.839294,,,
0.617801,0.839008,,,
0.619927,0.836384,,,
0.622061,0.834986,,,
0.624203,0.831218,,,
0.626351,0.8295,,,
0.628507,0.827064,,,
0.630671,0.826715,,,
0.632842,0.826251,,,
0.63502,0.822037,,,
0.637206,0.823597,,,
0.639399,0.819667,,,
0.6416,0.817367,,,
0.643809,0.811766,,,
0.646025,0.812824,,,
0.648249,0.809862,,,
0.65048,0.807865,,,
0.652719,0.80729,,,
0.654966,0.803634,,,
0.657221,0.803009,,,
0.659483,0.79821,,,
0.661753,0.796553,,,
0.664031,0.796061,,,
0.666317,0.792803,,,
0.66861,0.792806,,,
0.670912,0.789722,,,
0.673221,0.784177,,,
0.675539,0.782502,,,
0.677864,0.779057,,,
0.680197,0.778058,,,
0.682539,0.774342,,,
0.684888,0.770173,,,
0.687246,0.770813,,,
0.689611,0.769334,,,
0.691985,0.763927,,,
0.694367,0.76239,,,
0.696757,0.760542,,,
0.699156,0.758904,,,
0.701562,0.755786,,,
0.703977,0.751652,,,
0.706401,0.747909,,,
0.708832,0.746175,,,
0.711272,0.743008,,,
0.713721,0.744697,,,
0.716177,0.736902,,,
0.718643,0.735032,,,
0.721116,0.731362,,,
0.723599,0.729299,,,
0.726089,0.726257,,,
0.728589,0.725669,,,
0.731097,0.722167,,,
0.733613,0.719058,,,
0.736139,0.716444,,,
0.738673,0.714886,,,
0.741215,0.7208,,,
0.743767,0.708011,,,
0.746327,0.705082,,,
0.748896,0.70044,,,
0.751474,0.69736,,,
0.754061,0.694023,,,
0.756656,0.692219,,,
0.759261,0.68756,,,
0.761874,0.690894,,,
0.764497,0.682463,,,
0.767128,0.678636,,,
0.769769,0.678466,,,
0.772419,0.672217,,,
0.775078,0.669923,,,
0.777746,0.665519,,,
0.780423,0.665476,,,
0.783109,0.660621,,,
0.785805,0.658136,,,
0.78851,0.654495,,,
0.791224,0.649855,,,
0.793948,0.648841,,,
0.79668,0.644552,,,
0.799423,0.6406,,,
0.802175,0.638047,,,
0.804936,0.636383,,,
0.807707,0.631522,,,
0.810487,0.628031,,,
0.813277,0.624975,,,
0.816076,0.622529,,,
0.818885,0.617571,,,
0.821704,0.61555,,,
0.824533,0.614994,,,
0.827371,0.610491,,,
0.830219,0.605211,,,
0.833077,0.601305,,,
0.835944,0.599226,,,
0.838822,0.597466,,,
0.841709,0.590442,,,
0.844607,0.587606,,,
0.847514,0.584954,,,
0.850431,0.582823,,,
0.853359,0.579412,,,
0.856296,0.577447,,,
0.859244,0.572182,,,
0.862201,0.567642,,,
0.865169,0.563425,,,
0.868147,0.561695,,,
0.871136,0.559041,,,
0.874135,0.556299,,,
0.877143,0.552348,,,
0.880163,0.548625,,,
0.883193,0.546013,,,
0.886233,0.542704,,,
0.889283,0.538845,,,
0.892344,0.534558,,,
0.895416,0.531358,,,
0.898498,0.528959,,,
0.901591,0.525181,,,
0.904695,0.522402,,,
0.907809,0.518404,,,
0.910934,0.515826,,,
0.914069,0.511943,,,
0.917216,0.50971,,,
0.920373,0.505878,,,
0.923541,0.500802,,,
0.92672,0.497963,,,
0.92991,0.494921,,,
0.933111,0.492162,,,
0.936323,0.487616,,,
0.939546,0.486846,,,
0.94278,0.483007,,,
0.946026,0.479054,,,
0.949282,0.475964,,,
0.95255,0.473982,,,
0.955829,0.469255,,,
0.959119,0.46589,,,
0.96242,0.46447,,,
0.965733,0.46199,,,
0.969057,0.457399,,,
0.972393,0.453179,,,
0.97574,0.450831,,,
0.979099,0.448147,,,
0.982469,0.443477,,,
0.985851,0.440651,,,
0.989245,0.437806,,,
0.99265,0.434915,,,
0.996067,0.432033,,,
0.999495,0.428951,,,
1.00294,0.42599,,,
1.00639,0.422666,,,
1.00985,0.419811,,,
1.01333,0.416893,,,
1.01682,0.412895,,,
1.02032,0.410158,,,
1.02383,0.408331,,,
1.02735,0.403476,,,
1.03089,0.40121,,,
1.03444,0.39844,,,
1.038,0.396083,,,
1.04157,0.39333,,,
1.04516,0.389621,,,
1.04876,0.387333,,,
1.05237,0.385043,,,
1.05599,0.381406,,,
1.05962,0.377426,,,
1.06327,0.37555,,,
1.06693,0.37352,,,
1.0706,0.369585,,,
1.07429,0.367758,,,
1.07799,0.364154,,,
1.0817,0.361647,,,
1.08542,0.358571,,,
1.08916,0.355364,,,
1.09291,0.354098,,,
1.09667,0.351476,,,
1.10044,0.347768,,,
1.10423,0.345981,,,
1.10803,0.343325,,,
1.11185,0.339961,,,
1.11567,0.337059,,,
1.11951,0.335979,,,
1.12337,0.332412,,,
1.12723,0.329336,,,
1.13111,0.327602,,,
1.13501,0.324334,,,
1.13891,0.322504,,,
1.14283,0.319672,,,
1.14677,0.316418,,,
1.15072,0.31441,,,
1.15468,0.311631,,,
1.15865,0.309896,,,
1.16264,0.30772,,,
1.16664,0.30458,,,
1.17066,0.302993,,,
1.17469,0.302093,,,
1.17873,0.298295,,,
1.18279,0.296704,,,
1.18686,0.294291,,,
1.19095,0.292571,,,
1.19505,0.288749,,,
1.19916,0.287315,,,
1.20329,0.284659,,,
1.20743,0.281763,,,
1.21158,0.279365,,,
1.21576,0.278307,,,
1.21994,0.275233,,,
1.22414,0.273781,,,
1.22835,0.271603,,,
1.23258,0.270465,,,
1.23682,0.268227,,,
1.24108,0.265994,,,
1.24535,0.263631,,,
1.24964,0.261839,,,
1.25394,0.259444,,,
1.25826,0.258228,,,
1.26259,0.255779,,,
1.26694,0.253581,,,
1.2713,0.251661,,,
1.27567,0.250078,,,
1.28006,0.247429,,,
1.28447,0.245554,,,
1.28889,0.244075,,,
1.29333,0.242962,,,
1.29778,0.240413,,,
1.30225,0.237863,,,
1.30673,0.236561,,,
1.31123,0.235538,,,
1.31574,0.233761,,,
1.32027,0.231884,,,
1.32482,0.230075,,,
1.32938,0.228254,,,
1.33395,0.225599,,,
1.33854,0.225185,,,
1.34315,0.222589,,,
1.34777,0.221315,,,
1.35241,0.220544,,,
1.35707,0.217936,,,
1.36174,0.216622,,,
1.36643,0.214711,,,
1.37113,0.213399,,,
1.37585,0.21162,,,
1.38059,0.210404,,,
1.38534,0.209824,,,
1.39011,0.207008,,,
1.39489,0.205484,,,
1.3997,0.204121,,,
1.40451,0.203479,,,
1.40935,0.201504,,,
1.4142,0.20044,,,
1.41907,0.197891,,,
1.42395,0.197439,,,
1.42885,0.195373,,,
1.43377,0.19434,,,
1.43871,0.19232,,,
1.44366,0.191613,,,
1.44863,0.189895,,,
1.45362,0.188174,,,
1.45862,0.186702,,,
1.46364,0.186612,,,
1.46868,0.183547,,,
1.47373,0.182737,,,
1.47881,0.181896,,,
1.4839,0.180213,,,
1.48901,0.178289,,,
1.49413,0.178401,,,
1.49927,0.176576,,,
1.50443,0.175366,,,
1.50961,0.17394,,,
1.51481,0.172015,,,
1.52002,0.171623,,,
1.52526,0.17006,,,
1.53051,0.169422,,,
1.53577,0.167311,,,
1.54106,0.166573,,,
1.54637,0.165546,,,
1.55169,0.164755,,,
1.55703,0.162306,,,
1.56239,0.161922,,,
1.56777,0.160625,,,
1.57316,0.158889,,,
1.57858,0.158207,,,
1.58401,0.15684,,,
1.58947,0.155959,,,
1.59494,0.154325,,,
1.60043,0.15384,,,
1.60594,0.152728,,,
1.61146,0.151637,,,
1.61701,0.150228,,,
1.62258,0.149163,,,
1.62816,0.148574,,,
1.63377,0.146883,,,
1.63939,0.146008,,,
1.64503,0.14431,,,
1.6507,0.143783,,,
1.65638,0.142891,,,
1.66208,0.14125,,,
1.6678,0.14057,,,
1.67354,0.139603,,,
1.6793,0.138917,,,
1.68508,0.137707,,,
1.69088,0.136452,,,
1.69671,0.135314,,,
1.70255,0.134485,,,
1.70841,0.13391,,,
1.71429,0.13269,,,
1.72019,0.131423,,,
1.72611,0.130883,,,
1.73205,0.129458,,,
1.73801,0.128995,,,
1.744,0.127565,,,
1.75,0.126458,,,
1.75602,0.126487,,,
1.76207,0.12552,,,
1.76813,0.12411,,,
1.77422,0.123063,,,
1.78033,0.122416,,,
1.78645,0.120751,,,
1.7926,0.120055,,,
1.79877,0.119418,,,
1.80497,0.118243,,,
1.81118,0.117209,,,
1.81741,0.116824,,,
1.82367,0.115578,,,
1.82995,0.1148,,,
1.83625,0.113981,,,
1.84257,0.112335,,,
1.84891,0.112368,,,
1.85527,0.111607,,,
1.86166,0.110658,,,
1.86807,0.109949,,,
1.8745,0.108776,,,
1.88095,0.10804,,,
1.88743,0.106849,,,
1.89392,0.106342,,,
1.90044,0.105652,,,
1.90698,0.103906,,,
1.91355,0.103757,,,
1.92014,0.102921,,,
1.92674,0.102617,,,
1.93338,0.101739,,,
1.94003,0.100703,,,
1.94671,0.0998447,,,
1.95341,0.0987116,,,
1.96014,0.0979744,,,
1.96688,0.097642,,,
1.97365,0.0966255,,,
1.98045,0.0958623,,,
1.98726,0.09526,,,
1.9941,0.0947605,,,
2.00097,0.0936462,,,
2.00786,0.09291,,,
2.01477,0.092313,,,
2.0217,0.0913683,,,
2.02866,0.0904971,,,
2.03565,0.0902397,,,
2.04265,0.0890538,,,
2.04968,0.0886228,,,
2.05674,0.0876252,,,
2.06382,0.0872679,,,
2.07092,0.0862703,,,
2.07805,0.0857943,,,
2.08521,0.0850785,,,
2.09238,0.0842252,,,
2.09959,0.0832647,,,
2.10681,0.0830468,,,
2.11406,0.0820382,,,
2.12134,0.0815529,,,
2.12864,0.0810423,,,
2.13597,0.0804919,,,
2.14332,0.0795545,,,
2.1507,0.078919,,,
2.1581,0.0779135,,,
2.16553,0.0774338,,,
2.17299,0.077082,,,
2.18047,0.0759594,,,
2.18797,0.0759498,,,
2.19551,0.0747125,,,
2.20306,0.0747922,,,
2.21065,0.0743143,,,
2.21826,0.0730951,,,
2.22589,0.0725806,,,
2.23355,0.0718962,,,
2.24124,0.0714456,,,
2.24896,0.0704858,,,
2.2567,0.0703542,,,
2.26447,0.069808,,,
2.27226,0.0691175,,,
2.28008,0.0683323,,,
2.28793,0.0677783,,,
2.29581,0.0671766,,,
2.30371,0.0667018,,,
2.31164,0.06649,,,
2.3196,0.0657032,,,
2.32758,0.065102,,,
2.33559,0.0643743,,,
2.34363,0.0641844,,,
2.3517,0.0634423,,,
2.3598,0.062865,,,
2.36792,0.0626074,,,
2.37607,0.0619673,,,
2.38425,0.0609656,,,
2.39245,0.0609802,,,
2.40069,0.0605473,,,
2.40895,0.0597456,,,
2.41725,0.0595359,,,
2.42557,0.0590709,,,
2.43392,0.0582536,,,
2.44229,0.0582407,,,
2.4507,0.0576303,,,
2.45914,0.0572283,,,
2.4676,0.0564121,,,
2.4761,0.0560746,,,
2.48462,0.0554368,,,
2.49317,0.0550476,,,
2.50175,0.0546797,,,
2.51037,0.0542475,,,
2.51901,0.0536175,,,
2.52768,0.0530372,,,
2.53638,0.0527932,,,
2.54511,0.0525008,,,
2.55387,0.0520246,,,
2.56266,0.0513661,,,
2.57148,0.051098,,,
2.58033,0.0505543,,,
2.58922,0.0501513,,,
2.59813,0.0499649,,,
2.60707,0.0491629,,,
2.61605,0.0488523,,,
2.62505,0.048458,,,
2.63409,0.0482704,,,
2.64315,0.0478462,,,
2.65225,0.0474135,,,
2.66138,0.0467886,,,
2.67054,0.0462712,,,
2.67974,0.0459848,,,
2.68896,0.0459041,,,
2.69822,0.0452256,,,
2.7075,0.045041,,,
2.71682,0.0444831,,,
2.72618,0.0442254,,,
2.73556,0.0439499,,,
2.74498,0.0434917,,,
2.75443,0.0429029,,,
2.76391,0.0428233,,,
2.77342,0.0421626,,,
2.78297,0.0418446,,,
2.79255,0.0417378,,,
2.80216,0.0412073,,,
2.81181,0.0406249,,,
2.82148,0.0404454,,,
2.8312,0.0401308,,,
2.84094,0.039676,,,
2.85072,0.0394201,,,
2.86053,0.0390941,,,
2.87038,0.0388022,,,
2.88026,0.0385458,,,
2.89018,0.0381265,,,
2.90012,0.0378491,,,
2.91011,0.0374888,,,
2.92013,0.0372064,,,
2.93018,0.0366762,,,
2.94026,0.0368327,,,
2.95038,0.0361991,,,
2.96054,0.0361456,,,
2.97073,0.0355309,,,
2.98096,0.035307,,,
2.99122,0.0349923,,,
3.00151,0.03469,,,
3.01185,0.0344603,,,
3.02221,0.0342021,,,
3.03262,0.0338691,,,
3.04306,0.0335189,,,
3.05353,0.0332843,,,
3.06404,0.0330045,,,
3.07459,0.0326198,,,
3.08517,0.0324788,,,
3.09579,0.0321004,,,
3.10645,0.031928,,,
3.11714,0.0316033,,,
3.12787,0.0312838,,,
3.13864,0.0310771,,,
3.14944,0.0309599,,,
3.16028,0.0305072,,,
3.17116,0.0303463,,,
3.18208,0.0298868,,,
3.19303,0.0298655,,,
3.20402,0.0296803,,,
3.21505,0.0293248,,,
3.22612,0.029069,,,
3.23722,0.0286753,,,
3.24837,0.0285267,,,
3.25955,0.0282654,,,
3.27077,0.0282133,,,
3.28203,0.0279433,,,
3.29332,0.0275188,,,
3.30466,0.0275231,,,
3.31604,0.0270753,,,
3.32745,0.0267726,,,
3.3389,0.0266631,,,
3.3504,0.0266751,,,
3.36193,0.026242,,,
3.3735,0.0257827,,,
3.38512,0.0256288,,,
3.39677,0.0255095,,,
3.40846,0.0254089,,,
3.42019,0.025157,,,
3.43197,0.0249016,,,
3.44378,0.0247716,,,
3.45563,0.0245698,,,
3.46753,0.0242098,,,
3.47947,0.0240856,,,
3.49144,0.0238422,,,
3.50346,0.0236086,,,
3.51552,0.0234481,,,
3.52762,0.0233608,,,
3.53976,0.0229874,,,
3.55195,0.0227817,,,
3.56418,0.0228358,,,
3.57644,0.0223999,,,
3.58876,0.0222128,,,
3.60111,0.0220273,,,
3.6135,0.021838,,,
3.62594,0.0217203,,,
3.63842,0.0214481,,,
3.65095,0.0213595,,,
3.66352,0.0210831,,,
3.67613,0.0209392,,,
3.68878,0.0207951,,,
3.70148,0.0206745,,,
3.71422,0.0203732,,,
3.72701,0.0201653,,,
3.73983,0.0200433,,,
3.75271,0.0197702,,,
3.76563,0.0197429,,,
3.77859,0.0195793,,,
3.79159,0.0192932,,,
3.80465,0.0192651,,,
3.81774,0.0190692,,,
3.83088,0.0188118,,,
3.84407,0.0185793,,,
3.8573,0.0186216,,,
3.87058,0.0183712,,,
3.8839,0.0182231,,,
3.89727,0.0181537,,,
3.91069,0.0180085,,,
3.92415,0.0177464,,,
3.93766,0.0176915,,,
3.95121,0.0174076,,,
3.96481,0.0172846,,,
3.97846,0.0173431,,,
3.99216,0.0171157,,,
4.0059,0.0169395,,,
4.01969,0.0168817,,,
4.03352,0.0166285,,,
4.04741,0.016479,,,
4.06134,0.016366,,,
4.07532,0.0162403,,,
4.08935,0.0160741,,,
4.10342,0.0159656,,,
4.11755,0.0157322,,,
4.13172,0.0156046,,,
4.14595,0.0154907,,,
4.16022,0.0153979,,,
4.17454,0.0152936,,,
4.18891,0.0150293,,,
4.20333,0.0149614,,,
4.21779,0.0146946,,,
4.23231,0.0146446,,,
4.24688,0.0145367,,,
4.2615,0.0143941,,,
4.27617,0.0143601,,,
4.29089,0.0140282,,,
4.30566,0.0139713,,,
4.32048,0.013902,,,
4.33535,0.0137516,,,
4.35028,0.0136307,,,
4.36525,0.0135335,,,
4.38028,0.0134387,,,
4.39535,0.0132674,,,
4.41048,0.0130998,,,
4.42567,0.0130478,,,
4.4409,0.0130166,,,
4.45619,0.0128504,,,
4.47153,0.0126457,,,
4.48692,0.0125965,,,
4.50236,0.0124638,,,
4.51786,0.0124211,,,
4.53341,0.0122943,,,
4.54902,0.0121608,,,
4.56468,0.0119661,,,
4.58039,0.0120518,,,
4.59616,0.0117745,,,
4.61198,0.0116938,,,
4.62785,0.0115684,,,
4.64378,0.0114243,,,
4.65977,0.0114224,,,
4.67581,0.0112428,,,
4.6919,0.011231,,,
4.70805,0.0110195,,,
4.72426,0.0109821,,,
4.74052,0.0108653,,,
4.75684,0.0107803,,,
4.77321,0.0106236,,,
4.78964,0.0105922,,,
4.80613,0.0104706,,,
4.82268,0.0103867,,,
4.83928,0.0103712,,,
4.85593,0.0102318,,,
4.87265,0.0100661,,,
4.88942,0.00991318,,,
4.90625,0.00992748,,,
4.92314,0.00980305,,,
4.94009,0.00970572,,,
4.95709,0.00961938,,,
4.97416,0.00958642,,,
4.99128,0.00951916,,,
5.00846,0.00935918,,,
5.0257,0.00932057,,,
5.043,0.00924774,,,
5.06036,0.00910694,,,
5.07778,0.00899048,,,
5.09526,0.00889252,,,
5.11279,0.008906,,,
5.13039,0.0087656,,,
5.14805,0.00871853,,,
5.16578,0.0086466,,,
5.18356,0.00853107,,,
5.2014,0.00841748,,,
5.2193,0.00848754,,,
5.23727,0.00830918,,,
5.2553,0.00823047,,,
5.27339,0.00819691,,,
5.29154,0.0080425,,,
5.30976,0.00795693,,,
5.32803,0.00785296,,,
5.34637,0.00786827,,,
5.36478,0.00776424,,,
5.38324,0.00772112,,,
5.40177,0.00757865,,,
5.42037,0.00755314,,,
5.43903,0.00752279,,,
5.45775,0.00742523,,,
5.47653,0.00738088,,,
5.49539,0.00724245,,,
5.5143,0.00722808,,,
5.53328,0.00711696,,,
5.55233,0.00708037,,,
5.57144,0.0070302,,,
5.59062,0.00697158,,,
5.60987,0.00689153,,,
5.62918,0.00675498,,,
5.64855,0.00674829,,,
5.668,0.00662164,,,
5.68751,0.00656483,,,
5.70708,0.00652799,,,
5.72673,0.00644887,,,
5.74644,0.00636547,,,
5.76622,0.00630443,,,
5.78607,0.00621734,,,
5.80599,0.00617869,,,
5.82597,0.00613517,,,
5.84603,0.00602169,,,
5.86615,0.00600909,,,
5.88634,0.00595812,,,
5.90661,0.00582776,,,
5.92694,0.0058135,,,
5.94734,0.00576655,,,
5.96781,0.00566812,,,
5.98836,0.00560231,,,
6.00897,0.00553991,,,
6.02965,0.00556016,,,
6.05041,0.00544488,,,
6.07124,0.00539068,,,
6.09213,0.00536009,,,
6.1131,0.00534131,,,
6.13415,0.00523337,,,
6.15526,0.00522586,,,
6.17645,0.00513208,,,
6.19771,0.00509473,,,
6.21904,0.00500197,,,
6.24045,0.00492113,,,
6.26193,0.00492402,,,
6.28349,0.00489797,,,
6.30512,0.00481514,,,
6.32682,0.00477466,,,
6.3486,0.00468712,,,
6.37045,0.00468189,,,
6.39238,0.00463065,,,
6.41439,0.004564,,,
6.43647,0.0045381,,,
6.45862,0.00446288,,,
6.48085,0.00438664,,,
6.50316,0.00436984,,,
6.52555,0.0043098,,,
6.54801,0.00426851,,,
6.57055,0.00422857,,,
6.59317,0.0041606,,,
6.61586,0.00411312,,,
6.63863,0.00408463,,,
6.66149,0.00403866,,,
6.68442,0.00400796,,,
6.70743,0.00389964,,,
6.73051,0.00391128,,,
6.75368,0.00385709,,,
6.77693,0.00382459,,,
6.80026,0.0037507,,,
6.82367,0.00373752,,,
6.84715,0.00365535,,,
6.87072,0.00364083,,,
6.89437,0.00357947,,,
6.91811,0.00352917,,,
6.94192,0.00349778,,,
6.96582,0.00346729,,,
6.98979,0.00342895,,,
7.01385,0.00338278,,,
7.038,0.00334331,,,
7.06222,0.00331507,,,
7.08653,0.003252,,,
7.11093,0.00323909,,,
7.13541,0.00320296,,,
7.15997,0.00313089,,,
7.18461,0.00310136,,,
7.20934,0.00304918,,,
7.23416,0.00301526,,,
7.25906,0.00300332,,,
7.28405,0.002958,,,
7.30912,0.00292912,,,
7.33428,0.00287103,,,
7.35953,0.00285678,,,
7.38486,0.00275799,,,
7.41028,0.00279005,,,
7.43579,0.0027064,,,
7.46139,0.0026936,,,
7.48707,0.00264579,,,
7.51284,0.00263083,,,
7.5387,0.00259651,,,
7.56465,0.00258065,,,
7.59069,0.00254648,,,
7.61682,0.00249615,,,
7.64304,0.00245365,,,
7.66935,0.00239752,,,
7.69575,0.00240948,,,
7.72224,0.00236657,,,
7.74882,0.00231926,,,
7.77549,0.00227597,,,
7.80226,0.0022329,,,
7.82912,0.00221599,,,
7.85607,0.0021907,,,
7.88311,0.00213859,,,
7.91024,0.00211417,,,
7.93747,0.00207581,,,
7.96479,0.00204822,,,
7.99221,0.00203317,,,
8.01972,0.00199397,,,
8.04733,0.00197851,,,
8.07503,0.00196606,,,
8.10283,0.00190467,,,
8.13072,0.00189832,,,
8.1587,0.00187596,,,
8.18679,0.00181653,,,
8.21497,0.00180143,,,
8.24325,0.00179265,,,
8.27162,0.00174674,,,
8.3001,0.00174605,,,
8.32867,0.0017014,,,
8.35734,0.00166407,,,
8.3861,0.00164747,,,
8.41497,0.00162938,,,
8.44394,0.00159804,,,
8.473,0.0015652,,,
8.50217,0.00154251,,,
8.53143,0.00150443,,,
8.5608,0.00150047,,,
8.59027,0.00146784,,,
8.61984,0.00142111,,,
8.64951,0.00140085,,,
8.67928,0.00138609,,,
8.70916,0.00137762,,,
8.73914,0.00133408,,,
8.76922,0.00132409,,,
8.79941,0.0013076,,,
8.8297,0.00128122,,,
8.86009,0.00124055,,,
8.89059,0.00122692,,,
8.92119,0.00122001,,,
8.9519,0.00118089,,,
8.98272,0.00116706,,,
9.01364,0.00115073,,,
9.04466,0.00113099,,,
9.0758,0.00110115,,,
9.10704,0.00108902,,,
9.13839,0.00107825,,,
9.16984,0.00103397,,,
9.20141,0.00104629,,,
9.23308,0.00101958,,,
9.26486,0.000994051,,,
9.29676,0.000964929,,,
9.32876,0.000953934,,,
9.36087,0.000933935,,,
9.39309,0.000921696,,,
9.42542,0.000898887,,,
9.45787,0.000874422,,,
9.49042,0.000874183,,,
9.52309,0.000848205,,,
9.55587,0.000844855,,,
9.58877,0.000814322,,,
9.62177,0.000805001,,,
9.65489,0.000791317,,,
9.68813,0.000774129,,,
9.72148,0.000758912,,,
9.75494,0.000747261,,,
9.78852,0.000725736,,,
9.82221,0.000716996,,,
9.85602,0.000705935,,,
9.88995,0.000686747,,,
9.92399,0.000669958,,,
9.95816,0.000650821,,,
9.99243,0.000638003,,,
10.0268,0.000634581,,,
10.0613,0.000615508,,,
10.096,0.000601577,,,
10.1307,0.000592295,,,
10.1656,0.000580789,,,
10.2006,0.000563577,,,
10.2357,0.000569591,,,
10.2709,0.000552028,,,
10.3063,0.000538571,,,
10.3418,0.000531241,,,
10.3774,0.000516598,,,
10.4131,0.000503351,,,
10.4489,0.00049377,,,
10.4849,0.000480605,,,
10.521,0.000467977,,,
10.5572,0.000466112,,,
10.5936,0.000452319,,,
10.63,0.000451973,,,
10.6666,0.000429992,,,
10.7033,0.000419414,,,
10.7402,0.000413605,,,
10.7771,0.000402375,,,
10.8142,0.00039937,,,
10.8515,0.000391271,,,
10.8888,0.000385081,,,
10.9263,0.000374068,,,
10.9639,0.000372126,,,
11.0016,0.000361209,,,
11.0395,0.000358121,,,
11.0775,0.00034584,,,
11.1156,0.000344682,,,
11.1539,0.000333209,,,
11.1923,0.000329483,,,
11.2308,0.000315272,,,
11.2695,0.000313674,,,
11.3083,0.000309394,,,
11.3472,0.000299295,,,
11.3863,0.000295984,,,
11.4255,0.000286037,,,
11.4648,0.000288601,,,
11.5043,0.000278114,,,
11.5439,0.000269578,,,
11.5836,0.000266233,,,
11.6235,0.000258719,,,
11.6635,0.000258718,,,
11.7036,0.000252947,,,
11.7439,0.000247601,,,
11.7843,0.000241789,,,
11.8249,0.000239472,,,
11.8656,0.000236729,,,
11.9065,0.000227937,,,
11.9474,0.000221085,,,
11.9886,0.00022425,,,
12.0298,0.000215493,,,
12.0712,0.000212122,,,
12.1128,0.000207608,,,
12.1545,0.000199014,,,
12.1963,0.000198567,,,
12.2383,0.000194859,,,
12.2804,0.000190576,,,
12.3227,0.000188773,,,
12.3651,0.000185005,,,
12.4077,0.000180591,,,
12.4504,0.000175322,,,
12.4933,0.000174081,,,
12.5363,0.000167979,,,
12.5794,0.000170705,,,
12.6227,0.000163044,,,
12.6662,0.000162461,,,
12.7098,0.000154757,,,
12.7535,0.000153884,,,
12.7974,0.000154869,,,
12.8415,0.000148972,,,
12.8857,0.00014555,,,
12.93,0.000141867,,,
12.9745,0.000137803,,,
13.0192,0.000136837,,,
13.064,0.000132756,,,
13.109,0.000136628,,,
13.1541,0.0001292,,,
13.1994,0.000128332,,,
13.2448,0.000126681,,,
13.2904,0.000125162,,,
13.3362,0.000123741,,,
13.3821,0.000117833,,,
13.4281,0.000119167,,,
13.4743,0.000115373,,,
13.5207,0.000113621,,,
13.5673,0.000111153,,,
13.614,0.000110849,,,
13.6608,0.000107892,,,
13.7079,0.000107727,,,
13.755,0.000104354,,,
13.8024,0.000104151,,,
13.8499,0.000101309,,,
13.8976,9.90E-05,,,
13.9454,9.83E-05,,,
13.9934,9.65E-05,,,
14.0416,9.56E-05,,,
14.0899,9.46E-05,,,
14.1384,9.10E-05,,,
14.1871,9.05E-05,,,
14.2359,8.93E-05,,,
14.2849,8.62E-05,,,
14.3341,8.69E-05,,,
14.3834,8.58E-05,,,
14.433,8.30E-05,,,
14.4826,7.97E-05,,,
14.5325,8.06E-05,,,
14.5825,7.86E-05,,,
14.6327,7.93E-05,,,
14.6831,7.79E-05,,,
14.7336,7.65E-05,,,
14.7843,7.43E-05,,,
14.8352,7.26E-05,,,
14.8863,7.27E-05,,,
14.9375,7.03E-05,,,
14.989,6.91E-05,,,
15.0406,6.91E-05,,,
15.0923,6.86E-05,,,
15.1443,6.75E-05,,,
15.1964,6.58E-05,,,
15.2487,6.56E-05,,,
15.3012,6.44E-05,,,
15.3539,6.44E-05,,,
15.4067,6.23E-05,,,
15.4598,6.17E-05,,,
15.513,6.17E-05,,,
15.5664,6.05E-05,,,
15.62,5.81E-05,,,
15.6737,5.74E-05,,,
15.7277,5.70E-05,,,
15.7818,5.67E-05,,,
15.8361,5.49E-05,,,
15.8907,5.50E-05,,,
15.9454,5.37E-05,,,
16.0002,5.31E-05,,,
16.0553,5.30E-05,,,
16.1106,5.22E-05,,,
16.166,5.09E-05,,,
16.2217,5.04E-05,,,
16.2775,5.01E-05,,,
16.3336,4.87E-05,,,
16.3898,4.97E-05,,,
16.4462,4.80E-05,,,
16.5028,4.68E-05,,,
16.5596,4.72E-05,,,
16.6166,4.65E-05,,,
16.6738,4.53E-05,,,
16.7312,4.50E-05,,,
16.7888,4.33E-05,,,
16.8466,4.38E-05,,,
16.9046,4.31E-05,,,
16.9628,4.25E-05,,,
17.0212,4.22E-05,,,
17.0798,4.14E-05,,,
17.1385,4.05E-05,,,
17.1975,3.98E-05,,,
17.2567,3.99E-05,,,
17.3161,3.93E-05,,,
17.3757,3.86E-05,,,
17.4356,3.86E-05,,,
17.4956,3.74E-05,,,
17.5558,3.72E-05,,,
17.6162,3.69E-05,,,
17.6769,3.68E-05,,,
17.7377,3.55E-05,,,
17.7988,3.54E-05,,,
17.86,3.49E-05,,,
17.9215,3.44E-05,,,
17.9832,3.39E-05,,,
18.0451,3.37E-05,,,
18.1072,3.32E-05,,,
18.1696,3.23E-05,,,
18.2321,3.26E-05,,,
18.2949,3.20E-05,,,
18.3578,3.12E-05,,,
18.421,3.10E-05,,,
18.4844,3.08E-05,,,
18.5481,3.04E-05,,,
18.6119,2.93E-05,,,
18.676,2.92E-05,,,
18.7403,2.91E-05,,,
18.8048,2.86E-05,,,
18.8695,2.86E-05,,,
18.9345,2.80E-05,,,
18.9996,2.78E-05,,,
19.065,2.75E-05,,,
19.1307,2.68E-05,,,
19.1965,2.71E-05,,,
19.2626,2.63E-05,,,
19.3289,2.59E-05,,,
19.3954,2.58E-05,,,
19.4622,2.54E-05,,,
19.5292,2.51E-05,,,
19.5964,2.47E-05,,,
19.6639,2.46E-05,,,
19.7316,2.45E-05,,,
19.7995,2.35E-05,,,
19.8676,2.31E-05,,,
19.936,2.34E-05,,,
20.0046,2.32E-05,,,
20.0735,2.25E-05,,,
20.1426,2.22E-05,,,
20.2119,2.23E-05,,,
20.2815,2.17E-05,,,
20.3513,2.15E-05,,,
20.4214,2.13E-05,,,
20.4917,2.08E-05,,,
20.5622,2.05E-05,,,
20.633,2.02E-05,,,
20.704,2.02E-05,,,
20.7753,1.98E-05,,,
20.8468,1.98E-05,,,
20.9186,1.98E-05,,,
20.9906,1.92E-05,,,
21.0628,1.87E-05,,,
21.1353,1.87E-05,,,
21.2081,1.86E-05,,,
21.2811,1.80E-05,,,
21.3543,1.80E-05,,,
21.4278,1.77E-05,,,
21.5016,1.77E-05,,,
21.5756,1.74E-05,,,
21.6499,1.70E-05,,,
21.7244,1.68E-05,,,
21.7992,1.67E-05,,,
21.8742,1.64E-05,,,
21.9495,1.61E-05,,,
22.0251,1.62E-05,,,
22.1009,1.61E-05,,,
22.177,1.58E-05,,,
22.2533,1.55E-05,,,
22.3299,1.51E-05,,,
22.4068,1.49E-05,,,
22.4839,1.49E-05,,,
22.5613,1.45E-05,,,
22.6389,1.44E-05,,,
22.7169,1.42E-05,,,
22.7951,1.40E-05,,,
22.8735,1.38E-05,,,
22.9523,1.38E-05,,,
23.0313,1.34E-05,,,
23.1106,1.32E-05,,,
23.1901,1.31E-05,,,
23.2699,1.29E-05,,,
23.35,1.29E-05,,,
23.4304,1.28E-05,,,
23.5111,1.24E-05,,,
23.592,1.23E-05,,,
23.6732,1.22E-05,,,
23.7547,1.19E-05,,,
23.8365,1.20E-05,,,
23.9185,1.17E-05,,,
24.0008,1.16E-05,,,
24.0835,1.13E-05,,,
24.1664,1.12E-05,,,
24.2496,1.12E-05,,,
24.333,1.08E-05,,,
24.4168,1.10E-05,,,
24.5008,1.06E-05,,,
24.5852,1.06E-05,,,
24.6698,1.03E-05,,,
24.7547,1.02E-05,,,
24.8399,1.02E-05,,,
24.9254,1.00E-05,,,
25.0112,9.90E-06,,,
25.0973,9.77E-06,,,
25.1837,9.72E-06,,,
25.2704,9.48E-06,,,
25.3574,9.32E-06,,,
25.4447,9.21E-06,,,
25.5323,9.23E-06,,,
25.6202,8.89E-06,,,
25.7083,8.80E-06,,,
25.7968,8.76E-06,,,
25.8856,8.63E-06,,,
25.9747,8.59E-06,,,
26.0641,8.35E-06,,,
26.1539,8.32E-06,,,
26.2439,8.13E-06,,,
26.3342,8.17E-06,,,
26.4249,7.87E-06,,,
26.5158,7.95E-06,,,
26.6071,7.75E-06,,,
26.6987,7.63E-06,,,
26.7906,7.58E-06,,,
26.8828,7.43E-06,,,
26.9754,7.30E-06,,,
27.0682,7.28E-06,,,
27.1614,7.17E-06,,,
27.2549,7.10E-06,,,
27.3487,7.04E-06,,,
27.4428,7.00E-06,,,
27.5373,6.86E-06,,,
27.6321,6.77E-06,,,
27.7272,6.55E-06,,,
27.8227,6.51E-06,,,
27.9184,6.53E-06,,,
28.0145,6.38E-06,,,
28.111,6.30E-06,,,
28.2077,6.20E-06,,,
28.3048,6.17E-06,,,
28.4023,6.05E-06,,,
28.5,5.92E-06,,,
28.5981,5.86E-06,,,
28.6966,5.78E-06,,,
28.7954,5.75E-06,,,
28.8945,5.71E-06,,,
28.9939,5.59E-06,,,
29.0937,5.52E-06,,,
29.1939,5.54E-06,,,
29.2944,5.36E-06,,,
29.3952,5.37E-06,,,
29.4964,5.22E-06,,,
29.5979,5.20E-06,,,
29.6998,5.07E-06,,,
29.802,5.09E-06,,,
29.9046,4.96E-06,,,
30.0076,4.93E-06,,,
30.1109,4.82E-06,,,
30.2145,4.80E-06,,,
30.3185,4.80E-06,,,
30.4229,4.68E-06,,,
30.5276,4.56E-06,,,
30.6327,4.58E-06,,,
30.7381,4.45E-06,,,
30.8439,4.34E-06,,,
30.9501,4.41E-06,,,
31.0566,4.26E-06,,,
31.1636,4.25E-06,,,
31.2708,4.13E-06,,,
31.3785,4.15E-06,,,
31.4865,4.08E-06,,,
31.5949,4.05E-06,,,
31.7036,3.99E-06,,,
31.8128,3.92E-06,,,
31.9223,3.87E-06,,,
32.0321,3.82E-06,,,
32.1424,3.76E-06,,,
32.253,3.70E-06,,,
32.3641,3.65E-06,,,
32.4755,3.64E-06,,,
32.5873,3.55E-06,,,
32.6994,3.55E-06,,,
32.812,3.40E-06,,,
32.9249,3.42E-06,,,
33.0383,3.34E-06,,,
33.152,3.41E-06,,,
33.2661,3.25E-06,,,
33.3806,3.21E-06,,,
33.4955,3.21E-06,,,
33.6108,3.10E-06,,,
33.7265,3.08E-06,,,
33.8426,3.04E-06,,,
33.9591,3.06E-06,,,
34.076,3.00E-06,,,
34.1933,2.96E-06,,,
34.311,2.86E-06,,,
34.4291,2.80E-06,,,
34.5476,2.74E-06,,,
34.6665,2.78E-06,,,
34.7859,2.70E-06,,,
34.9056,2.66E-06,,,
35.0258,2.58E-06,,,
35.1463,2.59E-06,,,
35.2673,2.55E-06,,,
35.3887,2.51E-06,,,
35.5105,2.49E-06,,,
35.6328,2.49E-06,,,
35.7554,2.43E-06,,,
35.8785,2.39E-06,,,
36.002,2.31E-06,,,
36.1259,2.35E-06,,,
36.2503,2.28E-06,,,
36.3751,2.22E-06,,,
36.5003,2.21E-06,,,
36.6259,2.19E-06,,,
36.752,2.10E-06,,,
36.8785,2.12E-06,,,
37.0054,2.08E-06,,,
37.1328,2.05E-06,,,
37.2606,2.02E-06,,,
37.3889,1.96E-06,,,
37.5176,1.93E-06,,,
37.6468,1.94E-06,,,
37.7763,1.91E-06,,,
37.9064,1.85E-06,,,
38.0369,1.80E-06,,,
38.1678,1.82E-06,,,
38.2992,1.76E-06,,,
38.431,1.72E-06,,,
38.5633,1.69E-06,,,
38.696,1.65E-06,,,
38.8292,1.61E-06,,,
38.9629,1.60E-06,,,
39.097,1.62E-06,,,
39.2316,1.54E-06,,,
39.3666,1.53E-06,,,
39.5022,1.50E-06,,,
39.6381,1.50E-06,,,
39.7746,1.43E-06,,,
39.9115,1.42E-06,,,
40.0489,1.41E-06,,,
40.1867,1.37E-06,,,
40.3251,1.36E-06,,,
40.4639,1.31E-06,,,
40.6032,1.33E-06,,,
40.7429,1.29E-06,,,
40.8832,1.26E-06,,,
41.0239,1.24E-06,,,
41.1651,1.23E-06,,,
41.3068,1.20E-06,,,
41.449,1.18E-06,,,
41.5917,1.15E-06,,,
41.7348,1.14E-06,,,
41.8785,1.13E-06,,,
42.0227,1.09E-06,,,
42.1673,1.10E-06,,,
42.3125,1.04E-06,,,
42.4581,1.04E-06,,,
42.6043,1.01E-06,,,
42.7509,9.99E-07,,,
42.8981,9.87E-07,,,
43.0457,9.65E-07,,,
43.1939,9.55E-07,,,
43.3426,9.26E-07,,,
43.4918,9.31E-07,,,
43.6415,8.83E-07,,,
43.7917,8.70E-07,,,
43.9425,8.83E-07,,,
44.0937,8.71E-07,,,
44.2455,8.35E-07,,,
44.3978,8.27E-07,,,
44.5506,8.22E-07,,,
44.704,8.01E-07,,,
44.8579,7.93E-07,,,
45.0123,7.61E-07,,,
45.1672,7.49E-07,,,
45.3227,7.38E-07,,,
45.4787,7.15E-07,,,
45.6353,6.95E-07,,,
45.7923,7.05E-07,,,
45.95,7.03E-07,,,
46.1081,6.57E-07,,,
46.2669,6.60E-07,,,
46.4261,6.63E-07,,,
46.5859,6.34E-07,,,
46.7463,6.33E-07,,,
46.9072,6.29E-07,,,
47.0687,6.22E-07,,,
47.2307,5.77E-07,,,
47.3933,5.86E-07,,,
47.5564,5.82E-07,,,
47.7201,5.60E-07,,,
47.8844,5.74E-07,,,
48.0492,5.59E-07,,,
48.2146,5.49E-07,,,
48.3806,5.18E-07,,,
48.5471,5.49E-07,,,
48.7142,5.15E-07,,,
48.8819,5.17E-07,,,
49.0501,5.11E-07,,,
49.219,4.95E-07,,,
49.3884,4.91E-07,,,
49.5584,4.64E-07,,,
49.729,4.79E-07,,,
49.9002,4.73E-07,,,
50.072,4.58E-07,,,
50.2443,4.64E-07,,,
50.4173,4.50E-07,,,
50.5908,4.40E-07,,,
50.765,4.28E-07,,,
50.9397,4.35E-07,,,
51.1151,4.30E-07,,,
51.291,4.16E-07,,,
51.4676,4.01E-07,,,
51.6447,3.98E-07,,,
51.8225,4.00E-07,,,
52.0009,4.04E-07,,,
52.1799,3.80E-07,,,
52.3595,3.91E-07,,,
52.5397,3.72E-07,,,
52.7206,3.82E-07,,,
52.9021,3.65E-07,,,
53.0842,3.67E-07,,,
53.2669,3.67E-07,,,
53.4502,3.60E-07,,,
53.6342,3.53E-07,,,
53.8188,3.53E-07,,,
54.0041,3.64E-07,,,
54.19,3.34E-07,,,
54.3765,3.39E-07,,,
54.5637,3.33E-07,,,
54.7515,3.30E-07,,,
54.94,3.29E-07,,,
55.1291,3.18E-07,,,
55.3189,3.27E-07,,,
55.5093,3.19E-07,,,
55.7004,3.25E-07,,,
55.8921,3.21E-07,,,
56.0845,3.22E-07,,,
56.2776,3.04E-07,,,
56.4713,3.14E-07,,,
56.6657,2.93E-07,,,
56.8607,2.91E-07,,,
57.0565,2.93E-07,,,
57.2529,2.90E-07,,,
57.4499,2.84E-07,,,
57.6477,2.78E-07,,,
57.8461,2.83E-07,,,
58.0452,2.81E-07,,,
58.245,2.86E-07,,,
58.4455,2.81E-07,,,
58.6467,2.59E-07,,,
58.8486,2.79E-07,,,
59.0512,2.75E-07,,,
59.2544,2.61E-07,,,
59.4584,2.65E-07,,,
59.6631,2.72E-07,,,
59.8684,2.57E-07,,,
60.0745,2.68E-07,,,
60.2813,2.55E-07,,,
60.4888,2.60E-07,,,
60.697,2.56E-07,,,
60.906,2.53E-07,,,
61.1156,2.47E-07,,,
61.326,2.43E-07,,,
61.5371,2.49E-07,,,
61.7489,2.42E-07,,,
61.9615,2.37E-07,,,
62.1748,2.31E-07,,,
62.3888,2.39E-07,,,
62.6035,2.28E-07,,,
62.819,2.32E-07,,,
63.0353,2.26E-07,,,
63.2522,2.31E-07,,,
63.47,2.28E-07,,,
63.6885,2.20E-07,,,
63.9077,2.32E-07,,,
64.1277,2.21E-07,,,
64.3484,2.21E-07,,,
64.5699,2.12E-07,,,
64.7922,2.11E-07,,,
65.0152,2.07E-07,,,
65.239,2.14E-07,,,
65.4636,2.16E-07,,,
65.6889,1.97E-07,,,
65.915,2.18E-07,,,
66.1419,2.19E-07,,,
66.3696,1.96E-07,,,
66.5981,1.99E-07,,,
66.8273,1.98E-07,,,
67.0573,1.99E-07,,,
67.2882,1.96E-07,,,
67.5198,1.92E-07,,,
67.7522,1.99E-07,,,
67.9854,1.90E-07,,,
68.2194,1.92E-07,,,
68.4543,1.85E-07,,,
68.6899,1.84E-07,,,
68.9264,1.91E-07,,,
69.1636,1.88E-07,,,
69.4017,1.83E-07,,,
69.6406,1.81E-07,,,
69.8803,1.79E-07,,,
70.1209,1.79E-07,,,
70.3622,1.75E-07,,,
70.6044,1.64E-07,,,
70.8475,1.68E-07,,,
71.0913,1.71E-07,,,
71.336,1.72E-07,,,
71.5816,1.71E-07,,,
71.828,1.67E-07,,,
72.0753,1.61E-07,,,
72.3234,1.64E-07,,,
72.5723,1.64E-07,,,
72.8221,1.63E-07,,,
73.0728,1.70E-07,,,
73.3243,1.68E-07,,,
73.5767,1.68E-07,,,
73.83,1.59E-07,,,
74.0841,1.66E-07,,,
74.3391,1.63E-07,,,
74.595,1.58E-07,,,
74.8518,1.54E-07,,,
75.1095,1.54E-07,,,
75.368,1.55E-07,,,
75.6274,1.54E-07,,,
75.8878,1.47E-07,,,
76.149,1.49E-07,,,
76.4111,1.61E-07,,,
76.6741,1.55E-07,,,
76.9381,1.44E-07,,,
77.2029,1.52E-07,,,
77.4687,1.41E-07,,,
77.7353,1.47E-07,,,
78.0029,1.43E-07,,,
78.2714,1.42E-07,,,
78.5408,1.44E-07,,,
78.8112,1.48E-07,,,
79.0825,1.46E-07,,,
79.3547,1.43E-07,,,
79.6279,1.53E-07,,,
79.902,1.35E-07,,,
80.177,1.50E-07,,,
80.453,1.50E-07,,,
80.7299,1.47E-07,,,
81.0078,1.46E-07,,,
81.2867,1.36E-07,,,
81.5665,1.34E-07,,,
81.8472,1.40E-07,,,
82.129,1.38E-07,,,
82.4117,1.32E-07,,,
82.6954,1.27E-07,,,
82.98,1.26E-07,,,
83.2656,1.32E-07,,,
83.5523,1.45E-07,,,
83.8399,1.35E-07,,,
84.1285,1.40E-07,,,
84.4181,1.30E-07,,,
84.7086,1.29E-07,,,
85.0002,1.32E-07,,,
85.2928,1.37E-07,,,
85.5864,1.29E-07,,,
85.881,1.25E-07,,,
86.1767,1.38E-07,,,
86.4733,1.34E-07,,,
86.771,1.32E-07,,,
87.0696,1.28E-07,,,
87.3693,1.25E-07,,,
87.6701,1.40E-07,,,
87.9719,1.34E-07,,,
88.2747,1.30E-07,,,
88.5786,1.21E-07,,,
88.8835,1.25E-07,,,
89.1894,1.27E-07,,,
89.4964,1.21E-07,,,
89.8045,1.25E-07,,,
90.1136,1.33E-07,,,
90.4238,1.26E-07,,,
90.7351,1.27E-07,,,
91.0474,1.32E-07,,,
91.3608,1.27E-07,,,
91.6753,1.20E-07,,,
91.9909,1.20E-07,,,
92.3075,1.21E-07,,,
92.6253,1.19E-07,,,
92.9441,1.23E-07,,,
93.264,1.29E-07,,,
93.5851,1.26E-07,,,
93.9072,1.23E-07,,,
94.2305,1.20E-07,,,
94.5548,1.23E-07,,,
94.8803,1.20E-07,,,
95.2069,1.19E-07,,,
95.5346,1.27E-07,,,
95.8635,1.20E-07,,,
96.1935,1.17E-07,,,
96.5246,1.18E-07,,,
96.8568,1.16E-07,,,
97.1902,1.25E-07,,,
97.5248,1.17E-07,,,
97.8605,1.16E-07,,,
98.1974,1.17E-07,,,
98.5354,1.18E-07,,,
98.8746,1.11E-07,,,
99.2149,1.12E-07,,,
99.5564,1.09E-07,,,
99.8991,1.17E-07,,,
100.243,1.12E-07,,,
100.588,1.04E-07,,,
100.934,1.11E-07,,,
101.282,1.17E-07,,,
101.63,1.14E-07,,,
101.98,1.10E-07,,,
102.331,1.09E-07,,,
102.684,1.21E-07,,,
103.037,1.04E-07,,,
103.392,1.04E-07,,,
103.748,9.63E-08,,,
104.105,1.09E-07,,,
104.463,1.03E-07,,,
104.823,1.05E-07,,,
105.183,1.04E-07,,,
105.545,1.01E-07,,,
105.909,9.84E-08,,,
106.273,1.04E-07,,,
106.639,1.02E-07,,,
107.006,1.03E-07,,,
107.375,9.59E-08,,,
107.744,9.47E-08,,,
108.115,9.04E-08,,,
108.487,8.78E-08,,,
108.861,9.46E-08,,,
109.235,9.72E-08,,,
109.611,9.76E-08,,,
109.989,9.26E-08,,,
110.367,8.82E-08,,,
110.747,8.76E-08,,,
111.128,8.06E-08,,,
111.511,8.13E-08,,,
111.895,7.83E-08,,,
112.28,7.16E-08,,,
112.666,7.61E-08,,,
113.054,6.87E-08,,,
113.443,7.47E-08,,,
113.834,6.46E-08,,,
114.226,6.36E-08,,,
114.619,6.18E-08,,,
115.014,6.22E-08,,,
115.409,5.62E-08,,,
115.807,5.86E-08,,,
116.205,5.60E-08,,,
116.605,5.43E-08,,,
117.007,4.41E-08,,,
117.41,4.41E-08,,,
117.814,3.94E-08,,,
118.219,3.31E-08,,,
118.626,3.27E-08,,,
119.034,2.84E-08,,,
119.444,2.72E-08,,,
119.855,2.01E-08,,,
120.268,2.23E-08,,,
120.682,1.80E-08,,,
121.097,1.50E-08,,,
121.514,1.26E-08,,,
121.932,1.30E-08,,,
122.352,1.17E-08,,,
122.773,9.72E-09,,,
123.196,6.81E-09,,,
123.62,4.29E-09,,,
124.046,4.44E-09,,,
124.473,5.69E-09,,,
124.901,2.82E-09,,,
125.331,2.48E-09,,,
125.762,3.15E-09,,,
126.195,2.46E-09,,,
126.63,1.88E-09,,,
127.066,1.17E-09,,,
127.503,9.65E-10,,,
127.942,1.15E-09,,,
128.382,1.04E-09,,,
128.824,7.98E-10,,,
129.268,8.10E-10,,,
129.713,5.80E-10,,,
130.159,3.81E-10,,,
130.607,3.37E-10,,,
131.057,2.24E-10,,,
131.508,2.37E-10,,,
131.961,2.50E-10,,,
132.415,5.69E-10,,,
132.871,2.21E-10,,,
133.328,3.31E-10,,,
133.787,5.63E-10,,,
134.247,1.09E-10,,,
134.709,5.45E-10,,,
135.173,1.09E-10,,,
135.638,2.44E-10,,,
136.105,2.29E-10,,,
136.574,1.08E-10,,,
137.044,0,,,
137.516,3.47E-10,,,
137.989,0,,,
138.464,4.24E-10,,,
138.941,0,,,
139.419,3.16E-10,,,
139.899,2.23E-10,,,
140.38,0,,,
140.864,3.26E-10,,,
141.349,1.17E-10,,,
141.835,1.29E-11,,,
142.323,1.55E-10,,,
142.813,0,,,
143.305,2.56E-11,,,
143.798,1.02E-10,,,
144.293,2.16E-10,,,
144.79,1.01E-10,,,
145.288,1.26E-11,,,
145.788,1.26E-11,,,
146.29,7.53E-11,,,
146.794,0,,,
147.299,1.12E-10,,,
147.806,9.94E-11,,,
148.315,0,,,
148.825,0,,,
149.338,9.84E-11,,,
149.852,9.80E-11,,,
150.368,9.77E-11,,,
150.885,2.43E-10,,,
151.405,1.09E-10,,,
151.926,0,,,
152.449,0,,,
152.973,4.80E-11,,,
153.5,0,,,
154.028,1.07E-10,,,
154.559,0,,,
155.091,9.47E-11,,,
155.624,0,,,
156.16,9.41E-11,,,
156.698,0,,,
157.237,0,,,
157.778,0,,,
158.321,1.04E-10,,,
158.866,2.31E-11,,,
159.413,1.15E-11,,,
159.962,0,,,
160.513,0,,,
161.065,9.12E-11,,,
161.62,0,,,
162.176,1.13E-11,,,
162.734,1.13E-11,,,
163.294,1.12E-11,,,
163.856,1.12E-11,,,
164.42,8.93E-11,,,
164.986,0,,,
165.554,0,,,
166.124,0,,,
166.696,0,,,
167.27,0,,,
167.846,0,,,
168.423,1.09E-11,,,
169.003,0,,,
169.585,1.08E-11,,,
170.169,1.83E-10,,,
170.754,1.08E-11,,,
171.342,0,,,
171.932,8.54E-11,,,
172.524,1.70E-10,,,
173.118,0,,,
173.714,0,,,
174.312,1.05E-11,,,
174.912,1.05E-11,,,
175.514,0,,,
176.118,0,,,
176.724,0,,,
177.332,1.04E-11,,,
177.943,1.03E-11,,,
178.555,1.03E-11,,,
179.17,0,,,
179.787,0,,,
180.406,8.14E-11,,,
181.027,0,,,
181.65,0,,,
182.275,1.01E-11,,,
182.902,0,,,
183.532,0,,,
184.164,0,,,
184.798,0,,,
185.434,0,,,
186.072,0,,,
186.713,0,,,
187.355,0,,,
188,0,,,
188.647,0,,,
189.297,0,,,
189.948,0,,,
190.602,0,,,
191.258,9.60E-12,,,
191.917,0,,,
192.577,0,,,
193.24,0,,,
193.905,0,,,
194.573,0,,,
195.243,0,,,
195.915,0,,,
196.589,0,,,
197.266,0,,,
197.945,0,,,
198.626,0,,,
199.31,0,,,
199.996,9.18E-12,,,
200.684,0,,,
201.375,0,,,
202.068,0,,,
202.764,0,,,
203.462,9.02E-12,,,
204.162,8.99E-12,,,
204.865,0,,,
205.57,0,,,
206.278,0,,,
206.988,0,,,
207.7,0,,,
208.415,8.81E-12,,,
209.133,0,,,
209.853,8.75E-12,,,
210.575,0,,,
211.3,8.69E-12,,,
212.027,0,,,
212.757,0,,,
213.489,0,,,
214.224,0,,,
214.962,0,,,
215.702,8.51E-12,,,
216.444,0,,,
217.189,0,,,
217.937,0,,,
218.687,0,,,
219.44,8.37E-12,,,
220.195,8.34E-12,,,
220.953,0,,,
221.714,0,,,
222.477,2.48E-11,,,
223.243,0,,,
224.011,0,,,
224.782,0,,,
225.556,8.14E-12,,,
226.332,8.11E-12,,,
227.111,0,,,
227.893,8.06E-12,,,
228.678,0,,,
229.465,0,,,
230.255,0,,,
231.047,0,,,
231.843,2.38E-11,,,
232.641,0,,,
233.441,0,,,
234.245,0,,,
235.051,0,,,
235.86,0,,,
236.672,0,,,
237.487,2.32E-11,,,
238.304,0,,,
239.125,0,,,
239.948,0,,,
240.774,0,,,
241.603,0,,,
242.434,0,,,
243.269,0,,,
244.106,0,,,
244.946,0,,,
245.79,0,,,
246.636,2.23E-11,,,
247.485,0,,,
248.337,0,,,
249.191,0,,,
250.049,0,,,
250.91,0,,,
251.774,0,,,
252.64,0,,,
253.51,0,,,
254.383,0,,,
255.258,0,,,
256.137,0,,,
257.019,0,,,
257.903,2.14E-11,,,
258.791,0,,,
259.682,0,,,
260.576,0,,,
261.473,0,,,
262.373,0,,,
263.276,0,,,
264.182,0,,,
265.092,0,,,
266.004,0,,,
266.92,0,,,
267.838,0,,,
268.76,0,,,
269.686,0,,,
270.614,0,,,
271.545,0,,,
272.48,0,,,
273.418,0,,,
274.359,0,,,
275.304,0,,,
276.251,0,,,
277.202,0,,,
278.156,0,,,
279.114,0,,,
280.075,0,,,
281.039,0,,,
282.006,0,,,
282.977,0,,,
283.951,0,,,
284.928,0,,,
285.909,0,,,
286.893,0,,,
287.881,0,,,
288.872,0,,,
289.866,0,,,
290.864,0,,,
291.865,0,,,
292.87,0,,,
293.878,0,,,
294.89,0,,,
295.905,0,,,
296.923,0,,,
297.945,0,,,
298.971,0,,,
