0.01,1.12243e-05
0.0100344,2.42327e-05
0.010069,2.50929e-05
0.0101036,2.97392e-05
0.0101384,1.83293e-05
0.0101733,2.26783e-05
0.0102083,2.18805e-05
0.0102435,3.25748e-05
0.0102787,2.12161e-05
0.0103141,3.34872e-05
0.0103496,4.03094e-05
0.0103852,2.58112e-05
0.010421,4.80431e-05
0.0104568,6.76703e-05
0.0104928,0.000102076
0.010529,9.76361e-05
0.0105652,0.000106852
0.0106016,0.000116335
0.0106381,0.000119212
0.0106747,0.000116519
0.0107114,0.000114902
0.0107483,0.000101014
0.0107853,0.000151554
0.0108224,0.000132796
0.0108597,0.000167132
0.0108971,0.000142776
0.0109346,0.00019315
0.0109722,0.000355273
0.01101,0.000372705
0.0110479,0.000470939
0.0110859,0.00169158
0.0111241,0.00244387
0.0111624,0.00237542
0.0112008,0.00244057
0.0112393,0.00245704
0.011278,0.00234036
0.0113168,0.0023626
0.0113558,0.00245763
0.0113949,0.00237749
0.0114341,0.00242492
0.0114735,0.00232494
0.011513,0.00227602
0.0115526,0.0022911
0.0115924,0.00226258
0.0116323,0.00238413
0.0116723,0.00229546
0.0117125,0.00237316
0.0117528,0.00237604
0.0117933,0.00227217
0.0118339,0.00220695
0.0118746,0.00224711
0.0119155,0.00227527
0.0119565,0.00228534
0.0119976,0.00215692
0.0120389,0.00212472
0.0120804,0.00219598
0.012122,0.00225097
0.0121637,0.00223211
0.0122056,0.00218176
0.0122476,0.00215545
0.0122897,0.00229821
0.012332,0.00221688
0.0123745,0.00215196
0.0124171,0.00207315
0.0124598,0.00210946
0.0125027,0.00205041
0.0125458,0.00215017
0.0125889,0.00198314
0.0126323,0.00203381
0.0126758,0.00209025
0.0127194,0.00205435
0.0127632,0.00198554
0.0128071,0.00201095
0.0128512,0.00198389
0.0128954,0.00191578
0.0129398,0.00204399
0.0129844,0.00203871
0.0130291,0.00193077
0.0130739,0.00194209
0.0131189,0.00193003
0.0131641,0.00181094
0.0132094,0.00188264
0.0132548,0.00190825
0.0133005,0.00186046
0.0133463,0.0018019
0.0133922,0.00182928
0.0134383,0.00189111
0.0134846,0.00189087
0.013531,0.00167606
0.0135775,0.00179878
0.0136243,0.00176377
0.0136712,0.00172866
0.0137182,0.00168295
0.0137655,0.00184335
0.0138128,0.00173984
0.0138604,0.00179228
0.0139081,0.00171518
0.013956,0.00169721
0.014004,0.00175811
0.0140522,0.00166078
0.0141006,0.00169904
0.0141491,0.00165293
0.0141978,0.00163251
0.0142467,0.0016175
0.0142957,0.00164742
0.014345,0.00159785
0.0143943,0.00158806
0.0144439,0.00163572
0.0144936,0.0015321
0.0145435,0.00157811
0.0145936,0.0015202
0.0146438,0.00157188
0.0146942,0.00153733
0.0147448,0.00156373
0.0147955,0.00154895
0.0148465,0.0015413
0.0148976,0.00154734
0.0149488,0.00180865
0.0150003,0.0015647
0.0150519,0.00156486
0.0151038,0.00158091
0.0151557,0.00154541
0.0152079,0.00148471
0.0152603,0.00158197
0.0153128,0.00147166
0.0153655,0.00146981
0.0154184,0.00147585
0.0154715,0.00143917
0.0155247,0.00140063
0.0155782,0.00147799
0.0156318,0.00143521
0.0156856,0.00144537
0.0157396,0.00144728
0.0157938,0.0013185
0.0158481,0.00153636
0.0159027,0.00139721
0.0159574,0.00140755
0.0160124,0.00140685
0.0160675,0.00138131
0.0161228,0.00138925
0.0161783,0.0042491
0.016234,0.00152149
0.0162898,0.00158703
0.0163459,0.00143971
0.0164022,0.00140456
0.0164586,0.00151445
0.0165153,0.00143001
0.0165722,0.0014081
0.0166292,0.00128058
0.0166864,0.00136199
0.0167439,0.00137097
0.0168015,0.00135158
0.0168593,0.00150204
0.0169174,0.00138433
0.0169756,0.00135401
0.0170341,0.00131852
0.0170927,0.00134702
0.0171515,0.00130155
0.0172106,0.00122154
0.0172698,0.00128515
0.0173293,0.00115217
0.0173889,0.00118486
0.0174488,0.00118016
0.0175088,0.00100369
0.0175691,0.00112515
0.0176296,0.00114264
0.0176903,0.0010816
0.0177511,0.00110297
0.0178123,0.00103332
0.0178736,0.00102632
0.0179351,0.00100015
0.0179968,0.00105461
0.0180588,0.000985223
0.0181209,0.000974909
0.0181833,0.00103648
0.0182459,0.000965328
0.0183087,0.000959431
0.0183717,0.001004
0.018435,0.000903595
0.0184984,0.000915014
0.0185621,0.000939207
0.018626,0.000848181
0.0186901,0.000937665
0.0187545,0.000881447
0.018819,0.000926711
0.0188838,0.000936046
0.0189488,0.000871343
0.019014,0.00097223
0.0190795,0.000834129
0.0191451,0.00086018
0.019211,0.000773133
0.0192772,0.000887207
0.0193435,0.000836311
0.0194101,0.0008322
0.0194769,0.000748101
0.019544,0.000770324
0.0196112,0.000756569
0.0196788,0.000790831
0.0197465,0.000784792
0.0198145,0.000845452
0.0198827,0.000719193
0.0199511,0.00075863
0.0200198,0.00252399
0.0200887,0.000846267
0.0201579,0.000952648
0.0202272,0.000800865
0.0202969,0.000815906
0.0203667,0.000749614
0.0204368,0.00070857
0.0205072,0.000703738
0.0205778,0.00073246
0.0206486,0.000808382
0.0207197,0.000738348
0.020791,0.000744242
0.0208626,0.000683475
0.0209344,0.000662952
0.0210065,0.000717762
0.0210788,0.000653941
0.0211513,0.000634815
0.0212241,0.000690636
0.0212972,0.000680545
0.0213705,0.000647381
0.0214441,0.000624087
0.0215179,0.000609714
0.0215919,0.000612526
0.0216663,0.000643766
0.0217408,0.000612069
0.0218157,0.000570188
0.0218908,0.000638382
0.0219661,0.000548948
0.0220417,0.000655308
0.0221176,0.000625228
0.0221938,0.000571623
0.0222701,0.000576856
0.0223468,0.000659455
0.0224237,0.000648631
0.0225009,0.000636923
0.0225784,0.000641826
0.0226561,0.000687424
0.0227341,0.00070364
0.0228123,0.000704207
0.0228909,0.000753377
0.0229697,0.000707306
0.0230487,0.000740653
0.0231281,0.000726149
0.0232077,0.000769574
0.0232876,0.000714727
0.0233677,0.000716342
0.0234482,0.000789496
0.0235289,0.000800505
0.0236099,0.000775298
0.0236911,0.000790463
0.0237727,0.000819072
0.0238545,0.000842532
0.0239366,0.000901392
0.024019,0.001709
0.0241017,0.000925119
0.0241847,0.00100521
0.0242679,0.000971021
0.0243514,0.000921431
0.0244353,0.000865535
0.0245194,0.00092789
0.0246038,0.000930575
0.0246885,0.000904231
0.0247735,0.000931823
0.0248587,0.000935215
0.0249443,0.000989125
0.0250302,0.000993328
0.0251163,0.000969486
0.0252028,0.00093547
0.0252895,0.000955507
0.0253766,0.0009862
0.0254639,0.000999734
0.0255516,0.00097477
0.0256396,0.000939659
0.0257278,0.000922558
0.0258164,0.00092547
0.0259052,0.000964161
0.0259944,0.000940134
0.0260839,0.000948062
0.0261737,0.000967162
0.0262638,0.000992349
0.0263542,0.00103619
0.0264449,0.00101257
0.0265359,0.00101606
0.0266273,0.00102572
0.0267189,0.000988681
0.0268109,0.00100722
0.0269032,0.000956463
0.0269958,0.0010212
0.0270887,0.00098832
0.027182,0.00106869
0.0272755,0.0010738
0.0273694,0.00104225
0.0274636,0.00103191
0.0275582,0.00103905
0.027653,0.00106603
0.0277482,0.00106821
0.0278437,0.00108608
0.0279396,0.00105473
0.0280357,0.00116232
0.0281323,0.0010429
0.0282291,0.00102583
0.0283263,0.00106839
0.0284238,0.00104457
0.0285216,0.001029
0.0286198,0.00107783
0.0287183,0.00111855
0.0288172,0.00110758
0.0289164,0.00103817
0.0290159,0.00100358
0.0291158,0.001097
0.029216,0.00102268
0.0293166,0.00114865
0.0294175,0.00101549
0.0295187,0.00109124
0.0296203,0.00111509
0.0297223,0.00102671
0.0298246,0.000969108
0.0299273,0.000958821
0.0300303,0.000971908
0.0301337,0.00101074
0.0302374,0.0010511
0.0303415,0.00101314
0.0304459,0.000952665
0.0305507,0.000979108
0.0306559,0.00100742
0.0307614,0.000964554
0.0308673,0.000962961
0.0309735,0.00098796
0.0310802,0.000959715
0.0311872,0.000967778
0.0312945,0.000917244
0.0314022,0.000943701
0.0315103,0.000955561
0.0316188,0.00097569
0.0317276,0.000972384
0.0318368,0.000945816
0.0319464,0.000944813
0.0320564,0.000960419
0.0321667,0.000983512
0.0322775,0.00101486
0.0323886,0.000972762
0.0325001,0.000939855
0.0326119,0.000944973
0.0327242,0.000875298
0.0328368,0.000940161
0.0329499,0.00100428
0.0330633,0.00087935
0.0331771,0.000897867
0.0332913,0.000941491
0.0334059,0.000853419
0.0335209,0.000960496
0.0336363,0.000877951
0.0337521,0.000828585
0.0338682,0.00085123
0.0339848,0.000855158
0.0341018,0.000855597
0.0342192,0.00090656
0.034337,0.000957936
0.0344552,0.000831853
0.0345738,0.000824076
0.0346928,0.000917489
0.0348122,0.000850631
0.034932,0.000898237
0.0350523,0.000922244
0.035173,0.000813877
0.035294,0.000904903
0.0354155,0.000811637
0.0355374,0.000821844
0.0356597,0.000885233
0.0357825,0.000864646
0.0359057,0.000868514
0.0360293,0.000874659
0.0361533,0.000894896
0.0362777,0.00085766
0.0364026,0.000887604
0.0365279,0.000917469
0.0366537,0.000831497
0.0367798,0.000832869
0.0369064,0.000838326
0.0370335,0.000849309
0.0371609,0.000898611
0.0372889,0.000959263
0.0374172,0.000825564
0.037546,0.000842407
0.0376753,0.000848197
0.0378049,0.000921787
0.0379351,0.000795066
0.0380657,0.000853759
0.0381967,0.00087741
0.0383282,0.000835703
0.0384601,0.000854632
0.0385925,0.000868459
0.0387253,0.000790615
0.0388586,0.000846478
0.0389924,0.000848306
0.0391266,0.000856096
0.0392613,0.000891437
0.0393965,0.00083402
0.0395321,0.000869183
0.0396681,0.000893192
0.0398047,0.000866742
0.0399417,0.000845053
0.0400792,0.000924126
0.0402172,0.000882169
0.0403556,0.000894535
0.0404945,0.000876667
0.0406339,0.000943576
0.0407738,0.000925393
0.0409141,0.000900568
0.041055,0.000962437
0.0411963,0.000911323
0.0413381,0.000895741
0.0414804,0.000876107
0.0416232,0.000850659
0.0417664,0.000894417
0.0419102,0.000890561
0.0420545,0.000891105
0.0421992,0.000886083
0.0423445,0.000953435
0.0424903,0.000909428
0.0426365,0.0008647
0.0427833,0.000877344
0.0429306,0.000876989
0.0430783,0.000906743
0.0432266,0.000886489
0.0433754,0.000788366
0.0435247,0.00089681
0.0436745,0.000876125
0.0438249,0.000903976
0.0439757,0.000868654
0.0441271,0.000940902
0.044279,0.0009135
0.0444314,0.000873716
0.0445844,0.000914763
0.0447378,0.000859862
0.0448918,0.000895682
0.0450464,0.000848138
0.0452014,0.000910405
0.045357,0.000906544
0.0455131,0.000832559
0.0456698,0.000922663
0.045827,0.000887058
0.0459848,0.000798099
0.0461431,0.000904993
0.0463019,0.000818681
0.0464613,0.000887119
0.0466212,0.000908513
0.0467817,0.00082476
0.0469427,0.000779945
0.0471043,0.000842981
0.0472664,0.000797394
0.0474291,0.000835826
0.0475924,0.000872962
0.0477562,0.000878748
0.0479206,0.000870531
0.0480856,0.000881423
0.0482511,0.000853986
0.0484172,0.00123833
0.0485839,0.000896464
0.0487511,0.000861443
0.0489189,0.000858249
0.0490873,0.000945022
0.0492563,0.000861485
0.0494258,0.000859906
0.0495959,0.000870667
0.0497667,0.000871535
0.049938,0.00086596
0.0501099,0.000849915
0.0502824,0.000756725
0.0504554,0.000827134
0.0506291,0.000831775
0.0508034,0.000849871
0.0509783,0.000855739
0.0511538,0.000831686
0.0513298,0.000872798
0.0515065,0.000923226
0.0516838,0.000813056
0.0518617,0.000847207
0.0520403,0.000887011
0.0522194,0.000830177
0.0523991,0.000883077
0.0525795,0.000792812
0.0527605,0.00082258
0.0529421,0.000848468
0.0531244,0.000874589
0.0533072,0.000832125
0.0534907,0.000842949
0.0536748,0.000874114
0.0538596,0.000847366
0.054045,0.000911119
0.054231,0.000870175
0.0544177,0.000804339
0.054605,0.000835561
0.054793,0.000796978
0.0549816,0.000855491
0.0551709,0.000882618
0.0553608,0.000834888
0.0555513,0.00084542
0.0557426,0.000873166
0.0559344,0.00080365
0.056127,0.00086314
0.0563202,0.000789073
0.056514,0.000848999
0.0567086,0.000854746
0.0569038,0.000795483
0.0570997,0.000867885
0.0572962,0.000932985
0.0574934,0.00081552
0.0576913,0.000821662
0.0578899,0.000859331
0.0580892,0.000897628
0.0582892,0.000841118
0.0584898,0.000833854
0.0586911,0.000867047
0.0588932,0.000840987
0.0590959,0.000809709
0.0592993,0.000860638
0.0595034,0.000833751
0.0597083,0.000855639
0.0599138,0.000816628
0.06012,0.000864409
0.060327,0.000842877
0.0605346,0.000752726
0.060743,0.000895999
0.0609521,0.000849882
0.0611619,0.000819939
0.0613724,0.000872957
0.0615837,0.000879467
0.0617957,0.000823716
0.0620084,0.0008357
0.0622218,0.00084869
0.062436,0.000842009
0.0626509,0.000901189
0.0628666,0.000817353
0.063083,0.000935116
0.0633001,0.000843615
0.063518,0.000852385
0.0637367,0.000875843
0.0639561,0.000817018
0.0641762,0.00083378
0.0643971,0.000883088
0.0646188,0.000851455
0.0648412,0.000855294
0.0650644,0.000817801
0.0652884,0.000874799
0.0655131,0.000841322
0.0657387,0.000856611
0.0659649,0.000846894
0.066192,0.00079282
0.0664199,0.000906121
0.0666485,0.000852567
0.0668779,0.000860719
0.0671081,0.00086741
0.0673391,0.000831834
0.0675709,0.000847408
0.0678035,0.00088021
0.0680369,0.000853623
0.0682711,0.000857175
0.0685061,0.000839397
0.0687419,0.000840019
0.0689785,0.00084037
0.069216,0.00088419
0.0694542,0.000828726
0.0696933,0.000891635
0.0699332,0.000821328
0.0701739,0.000860358
0.0704155,0.000868357
0.0706579,0.000852745
0.0709011,0.00085199
0.0711452,0.000848056
0.0713901,0.000906642
0.0716358,0.000840123
0.0718824,0.000935161
0.0721298,0.000840711
0.0723781,0.000841955
0.0726273,0.000935488
0.0728773,0.000890884
0.0731281,0.000916622
0.0733798,0.000805033
0.0736324,0.000884182
0.0738859,0.000862456
0.0741402,0.000820114
0.0743954,0.000913842
0.0746515,0.000868005
0.0749085,0.000838484
0.0751663,0.000902143
0.0754251,0.000807134
0.0756847,0.000807969
0.0759452,0.000866851
0.0762067,0.000854518
0.076469,0.000836792
0.0767322,0.000824811
0.0769963,0.000894064
0.0772614,0.000984089
0.0775273,0.000900223
0.0777942,0.000904415
0.078062,0.000848222
0.0783307,0.000905825
0.0786003,0.000903215
0.0788709,0.000851921
0.0791424,0.000931648
0.0794148,0.000869745
0.0796882,0.000858903
0.0799625,0.00085066
0.0802377,0.000870562
0.0805139,0.00087126
0.080791,0.000840444
0.0810692,0.00087246
0.0813482,0.000942131
0.0816282,0.000885499
0.0819092,0.000872165
0.0821912,0.000889311
0.0824741,0.000928361
0.082758,0.000902698
0.0830428,0.000909361
0.0833287,0.000887293
0.0836155,0.000842118
0.0839034,0.000812051
0.0841922,0.000836571
0.084482,0.000921423
0.0847728,0.000874991
0.0850646,0.000909986
0.0853574,0.000908321
0.0856512,0.000830854
0.0859461,0.000925053
0.0862419,0.000947576
0.0865388,0.000894244
0.0868367,0.000827691
0.0871356,0.000915508
0.0874355,0.000938138
0.0877365,0.000876141
0.0880385,0.000907999
0.0883415,0.000950591
0.0886456,0.000897967
0.0889508,0.000856203
0.089257,0.00088199
0.0895642,0.000926602
0.0898725,0.000921454
0.0901819,0.000944047
0.0904923,0.000896211
0.0908038,0.000907754
0.0911164,0.000904856
0.09143,0.000952982
0.0917447,0.000906761
0.0920605,0.000981909
0.0923774,0.000887279
0.0926954,0.000901013
0.0930145,0.000885882
0.0933347,0.000945361
0.0936559,0.000972633
0.0939783,0.000909336
0.0943018,0.000909865
0.0946264,0.000868103
0.0949522,0.000936132
0.095279,0.000896897
0.095607,0.00090971
0.0959361,0.000885693
0.0962663,0.000957419
0.0965977,0.000971053
0.0969302,0.000918341
0.0972638,0.00093732
0.0975986,0.000973573
0.0979346,0.00100866
0.0982717,0.000877309
0.09861,0.00102205
0.0989494,0.00095986
0.09929,0.000974273
0.0996318,0.000950692
0.0999748,0.000908314
0.100319,0.00097032
0.100664,0.000917463
0.101011,0.000988876
0.101358,0.00101095
0.101707,0.000920622
0.102057,0.00102146
0.102409,0.000958647
0.102761,0.00100442
0.103115,0.000944412
0.10347,0.00101121
0.103826,0.00100374
0.104183,0.00102622
0.104542,0.0010455
0.104902,0.00101772
0.105263,0.00105881
0.105625,0.00107342
0.105989,0.00108965
0.106354,0.000966065
0.10672,0.00104265
0.107087,0.000960374
0.107456,0.000954873
0.107826,0.00097577
0.108197,0.00101234
0.108569,0.00104409
0.108943,0.00100268
0.109318,0.00100926
0.109694,0.0010072
0.110072,0.000980499
0.110451,0.000999277
0.110831,0.00104934
0.111213,0.00100794
0.111595,0.00104889
0.11198,0.00107181
0.112365,0.00100806
0.112752,0.0010379
0.11314,0.00102279
0.113529,0.00101324
0.11392,0.00103851
0.114312,0.00107727
0.114706,0.00101438
0.115101,0.00110305
0.115497,0.0010553
0.115894,0.0010924
0.116293,0.00105243
0.116694,0.00109825
0.117095,0.00112414
0.117498,0.00112451
0.117903,0.00108986
0.118309,0.00103819
0.118716,0.00105434
0.119125,0.00106712
0.119535,0.00106791
0.119946,0.0011184
0.120359,0.00101926
0.120773,0.00110715
0.121189,0.00108766
0.121606,0.00113713
0.122025,0.00111855
0.122445,0.00104623
0.122866,0.00108261
0.123289,0.00105785
0.123714,0.00118158
0.124139,0.00111036
0.124567,0.00114361
0.124996,0.00118755
0.125426,0.00110853
0.125858,0.00108124
0.126291,0.00111207
0.126726,0.00110088
0.127162,0.00116389
0.127599,0.00114515
0.128039,0.00118039
0.128479,0.00114249
0.128922,0.00110022
0.129365,0.00127212
0.129811,0.00107398
0.130258,0.0011792
0.130706,0.00116629
0.131156,0.00113201
0.131607,0.00119751
0.13206,0.00115868
0.132515,0.00116113
0.132971,0.00119372
0.133429,0.00123753
0.133888,0.00125076
0.134349,0.00122182
0.134811,0.00120354
0.135276,0.0013057
0.135741,0.00129798
0.136208,0.00118944
0.136677,0.00120873
0.137148,0.00118877
0.13762,0.00118683
0.138094,0.00129448
0.138569,0.00126499
0.139046,0.00119923
0.139525,0.00116226
0.140005,0.00124895
0.140487,0.00127249
0.14097,0.0012385
0.141456,0.0012857
0.141943,0.00123256
0.142431,0.00119345
0.142921,0.00133825
0.143413,0.0012083
0.143907,0.00132193
0.144402,0.00133985
0.144899,0.00128268
0.145398,0.00128793
0.145899,0.0013625
0.146401,0.00126745
0.146905,0.00133867
0.147411,0.00129827
0.147918,0.00132755
0.148427,0.00129778
0.148938,0.00141559
0.149451,0.00139116
0.149965,0.00134159
0.150481,0.00127793
0.150999,0.0013156
0.151519,0.00136441
0.152041,0.00132319
0.152564,0.00131045
0.153089,0.00135961
0.153616,0.00132252
0.154145,0.00139511
0.154676,0.00133581
0.155208,0.00132863
0.155742,0.00146545
0.156278,0.00134388
0.156816,0.0013609
0.157356,0.00139588
0.157898,0.00137757
0.158441,0.00135802
0.158987,0.00144114
0.159534,0.00138204
0.160083,0.00140874
0.160634,0.00146999
0.161187,0.00143947
0.161742,0.00135297
0.162299,0.00142084
0.162857,0.00144109
0.163418,0.00143161
0.163981,0.00148636
0.164545,0.00144761
0.165111,0.0015922
0.16568,0.00145918
0.16625,0.00157372
0.166822,0.00151316
0.167397,0.00147317
0.167973,0.0015119
0.168551,0.00144484
0.169131,0.00152382
0.169713,0.00146164
0.170298,0.00151306
0.170884,0.00146202
0.171472,0.00150204
0.172062,0.00153486
0.172654,0.0015554
0.173249,0.00150212
0.173845,0.00155283
0.174444,0.00160342
0.175044,0.00154894
0.175647,0.00156637
0.176251,0.00159544
0.176858,0.00165063
0.177467,0.00169597
0.178078,0.00159428
0.178691,0.00165399
0.179306,0.00162871
0.179923,0.00159353
0.180542,0.00157296
0.181164,0.00164943
0.181787,0.00157064
0.182413,0.00164265
0.183041,0.00171646
0.183671,0.00170987
0.184303,0.00163719
0.184938,0.00166977
0.185574,0.00170689
0.186213,0.00171009
0.186854,0.00158911
0.187497,0.0018692
0.188143,0.00173802
0.18879,0.00166992
0.18944,0.00171599
0.190092,0.00167119
0.190747,0.00177159
0.191403,0.00172153
0.192062,0.00172345
0.192723,0.00179571
0.193387,0.00174388
0.194052,0.00183753
0.19472,0.00180896
0.19539,0.00183566
0.196063,0.00180899
0.196738,0.00188306
0.197415,0.00179795
0.198095,0.00180134
0.198777,0.00176617
0.199461,0.00177973
0.200147,0.00186218
0.200836,0.00183148
0.201528,0.00189736
0.202221,0.00189936
0.202917,0.00186994
0.203616,0.00185522
0.204317,0.00184616
0.20502,0.00187182
0.205726,0.00187532
0.206434,0.0019334
0.207145,0.00198199
0.207858,0.0019312
0.208573,0.00195206
0.209291,0.00186348
0.210012,0.00188929
0.210734,0.00200897
0.21146,0.0019682
0.212188,0.00200539
0.212918,0.00190572
0.213651,0.00191125
0.214386,0.00200483
0.215124,0.00193631
0.215865,0.0020239
0.216608,0.00201771
0.217354,0.00207973
0.218102,0.00206102
0.218853,0.0019802
0.219606,0.00203151
0.220362,0.00192339
0.22112,0.00201634
0.221882,0.00205993
0.222645,0.00214639
0.223412,0.00207791
0.224181,0.00203726
0.224952,0.00197299
0.225727,0.00202529
0.226504,0.00216695
0.227283,0.00211175
0.228066,0.00219068
0.228851,0.00212585
0.229639,0.00219016
0.230429,0.00215756
0.231222,0.00219082
0.232018,0.00222796
0.232817,0.00221689
0.233618,0.00220361
0.234422,0.00228881
0.235229,0.00219392
0.236039,0.00224269
0.236852,0.00226986
0.237667,0.00221226
0.238485,0.00218678
0.239306,0.00226423
0.24013,0.00224576
0.240956,0.00216518
0.241786,0.00243687
0.242618,0.00233368
0.243453,0.00228659
0.244291,0.0023861
0.245132,0.00247147
0.245976,0.00224583
0.246822,0.00235412
0.247672,0.00238684
0.248525,0.00241705
0.24938,0.00234523
0.250239,0.00235344
0.2511,0.00237627
0.251964,0.00247868
0.252832,0.00248623
0.253702,0.00246762
0.254575,0.00259275
0.255452,0.00236755
0.256331,0.00247408
0.257213,0.00245605
0.258099,0.00258517
0.258987,0.00247501
0.259878,0.00253665
0.260773,0.00250401
0.261671,0.00253945
0.262571,0.00252388
0.263475,0.00264436
0.264382,0.00249648
0.265292,0.00256583
0.266205,0.0025632
0.267122,0.00265545
0.268041,0.00259717
0.268964,0.00270385
0.26989,0.00267279
0.270819,0.00258129
0.271751,0.0027285
0.272686,0.00266882
0.273625,0.00273753
0.274567,0.00275779
0.275512,0.00267299
0.27646,0.00269971
0.277412,0.00262239
0.278367,0.00266095
0.279325,0.00272611
0.280287,0.0029317
0.281252,0.00292593
0.28222,0.00281013
0.283191,0.00279002
0.284166,0.00285584
0.285144,0.00281181
0.286126,0.00280206
0.287111,0.00282999
0.288099,0.00286173
0.289091,0.00282782
0.290086,0.00283024
0.291084,0.00293869
0.292086,0.00275738
0.293092,0.0030926
0.294101,0.00293044
0.295113,0.00299125
0.296129,0.00302166
0.297148,0.00293408
0.298171,0.00302766
0.299197,0.00310356
0.300227,0.00320757
0.301261,0.00318533
0.302298,0.0030589
0.303338,0.0030838
0.304382,0.00300807
0.30543,0.00322571
0.306482,0.003079
0.307536,0.00313709
0.308595,0.00304125
0.309657,0.00330366
0.310723,0.00327709
0.311793,0.00316698
0.312866,0.00316088
0.313943,0.00325623
0.315024,0.00318323
0.316108,0.00345568
0.317196,0.00335086
0.318288,0.00323103
0.319384,0.00330123
0.320483,0.00330743
0.321586,0.0033691
0.322693,0.00337421
0.323804,0.00339637
0.324919,0.00340505
0.326037,0.00345253
0.327159,0.00345455
0.328286,0.00348103
0.329416,0.00336751
0.330549,0.0034235
0.331687,0.00356268
0.332829,0.00351966
0.333975,0.00359652
0.335124,0.00340158
0.336278,0.00363686
0.337435,0.0035942
0.338597,0.00356146
0.339763,0.00368522
0.340932,0.00352185
0.342106,0.00363723
0.343283,0.00363404
0.344465,0.00373592
0.345651,0.00372415
0.34684,0.00363127
0.348034,0.00360822
0.349232,0.00395572
0.350434,0.00380054
0.351641,0.00374667
0.352851,0.00374991
0.354066,0.00384885
0.355285,0.00379254
0.356508,0.00385375
0.357735,0.00391541
0.358966,0.0039821
0.360202,0.00391571
0.361442,0.00391958
0.362686,0.00399423
0.363934,0.00404227
0.365187,0.0040935
0.366444,0.00390963
0.367705,0.00409658
0.368971,0.00397462
0.370241,0.00395018
0.371516,0.00405467
0.372795,0.00419351
0.374078,0.00413735
0.375365,0.00400505
0.376658,0.00416999
0.377954,0.00431294
0.379255,0.00423892
0.380561,0.00409853
0.381871,0.00418751
0.383185,0.00432271
0.384504,0.00431261
0.385828,0.00426454
0.387156,0.00434261
0.388488,0.00431723
0.389826,0.00445321
0.391168,0.00440135
0.392514,0.00445741
0.393865,0.00436405
0.395221,0.00437755
0.396581,0.00434682
0.397946,0.00451597
0.399316,0.00444679
0.400691,0.00449193
0.40207,0.00459947
0.403454,0.00468284
0.404843,0.00456258
0.406236,0.00459227
0.407635,0.00482632
0.409038,0.0046431
0.410446,0.00473764
0.411859,0.00475264
0.413277,0.00478837
0.414699,0.00467196
0.416127,0.00477848
0.417559,0.0047475
0.418996,0.00464312
0.420439,0.00488803
0.421886,0.00515531
0.423338,0.00492227
0.424795,0.00491691
0.426258,0.00502686
0.427725,0.00507311
0.429197,0.00510314
0.430675,0.00490816
0.432157,0.00510622
0.433645,0.00504571
0.435137,0.00506819
0.436635,0.00530231
0.438138,0.00516092
0.439646,0.00515006
0.44116,0.00518921
0.442678,0.00511971
0.444202,0.00528063
0.445731,0.00529146
0.447265,0.00534414
0.448805,0.00545657
0.45035,0.0053107
0.4519,0.00544155
0.453456,0.00561094
0.455017,0.00533721
0.456583,0.00549818
0.458155,0.00547449
0.459732,0.00557392
0.461314,0.00574742
0.462902,0.00537082
0.464495,0.00572899
0.466094,0.00551612
0.467699,0.00571529
0.469309,0.00577972
0.470924,0.0056156
0.472545,0.00585463
0.474172,0.00583339
0.475804,0.00572876
0.477442,0.00588941
0.479085,0.00598287
0.480734,0.00586357
0.482389,0.00605384
0.48405,0.00599193
0.485716,0.00612089
0.487388,0.00615599
0.489066,0.00601434
0.490749,0.00622836
0.492438,0.00613147
0.494133,0.00605193
0.495834,0.00625526
0.497541,0.00621773
0.499254,0.00611678
0.500972,0.00626387
0.502697,0.00630964
0.504427,0.00639033
0.506164,0.00626165
0.507906,0.00643742
0.509654,0.00662384
0.511409,0.0065767
0.513169,0.00644421
0.514935,0.00670407
0.516708,0.00647805
0.518486,0.0064086
0.520271,0.00670276
0.522062,0.00677478
0.523859,0.00684128
0.525662,0.00665447
0.527472,0.00680237
0.529288,0.00705836
0.531109,0.00671569
0.532938,0.00697476
0.534772,0.00697653
0.536613,0.00698439
0.53846,0.00702115
0.540314,0.00701899
0.542174,0.00730157
0.54404,0.00694575
0.545913,0.00707604
0.547792,0.00701488
0.549677,0.00728867
0.551569,0.00711992
0.553468,0.00733439
0.555373,0.00711436
0.557285,0.00739252
0.559203,0.00746892
0.561128,0.00751104
0.56306,0.00757818
0.564998,0.00749333
0.566943,0.00751834
0.568894,0.00757968
0.570853,0.00769513
0.572818,0.00748784
0.574789,0.00814605
0.576768,0.0076102
0.578753,0.00790756
0.580745,0.00780582
0.582744,0.0078428
0.58475,0.007971
0.586763,0.00784375
0.588783,0.00786009
0.59081,0.00811426
0.592843,0.00827172
0.594884,0.00807914
0.596932,0.00806805
0.598987,0.00804725
0.601049,0.00834075
0.603117,0.0081706
0.605194,0.00837303
0.607277,0.00842116
0.609367,0.00829779
0.611465,0.00851367
0.61357,0.00853898
0.615682,0.00865942
0.617801,0.00880454
0.619927,0.0085377
0.622061,0.00876698
0.624203,0.00866783
0.626351,0.00871117
0.628507,0.00883803
0.630671,0.00906808
0.632842,0.00910718
0.63502,0.00905886
0.637206,0.00915139
0.639399,0.0090941
0.6416,0.00912422
0.643809,0.00935647
0.646025,0.00916921
0.648249,0.00945028
0.65048,0.00927771
0.652719,0.00917635
0.654966,0.00939561
0.657221,0.00936963
0.659483,0.0095003
0.661753,0.00934331
0.664031,0.00938451
0.666317,0.00944387
0.66861,0.00955861
0.670912,0.00969181
0.673221,0.0095548
0.675539,0.0097267
0.677864,0.00980972
0.680197,0.0101367
0.682539,0.0100731
0.684888,0.0100899
0.687246,0.0100859
0.689611,0.0101512
0.691985,0.0101654
0.694367,0.010118
0.696757,0.0105117
0.699156,0.0102687
0.701562,0.0103872
0.703977,0.0104018
0.706401,0.010412
0.708832,0.0106675
0.711272,0.0107294
0.713721,0.0107828
0.716177,0.010708
0.718643,0.0107809
0.721116,0.0107588
0.723599,0.0106496
0.726089,0.0111146
0.728589,0.0109565
0.731097,0.0109326
0.733613,0.011174
0.736139,0.0110795
0.738673,0.0113837
0.741215,0.0184601
0.743767,0.0109987
0.746327,0.0113587
0.748896,0.0113326
0.751474,0.0116366
0.754061,0.0117728
0.756656,0.0116859
0.759261,0.0116857
0.761874,0.0144536
0.764497,0.0116018
0.767128,0.0119287
0.769769,0.011829
0.772419,0.01203
0.775078,0.012045
0.777746,0.0125384
0.780423,0.0121516
0.783109,0.0120567
0.785805,0.0120993
0.78851,0.0124553
0.791224,0.0124788
0.793948,0.0126206
0.79668,0.0126494
0.799423,0.0125942
0.802175,0.012597
0.804936,0.0127655
0.807707,0.0127651
0.810487,0.012776
0.813277,0.0129633
0.816076,0.0130955
0.818885,0.0130954
0.821704,0.0132096
0.824533,0.0132099
0.827371,0.0132986
0.830219,0.0135426
0.833077,0.0134777
0.835944,0.0136448
0.838822,0.0135738
0.841709,0.013651
0.844607,0.013765
0.847514,0.01358
0.850431,0.013777
0.853359,0.0139555
0.856296,0.0138465
0.859244,0.0141869
0.862201,0.0139837
0.865169,0.0140559
0.868147,0.0141239
0.871136,0.0142991
0.874135,0.0145396
0.877143,0.014786
0.880163,0.01468
0.883193,0.0145732
0.886233,0.0150305
0.889283,0.0148498
0.892344,0.0147344
0.895416,0.0150863
0.898498,0.0151656
0.901591,0.0150113
0.904695,0.0151531
0.907809,0.0153814
0.910934,0.0157782
0.914069,0.0156066
0.917216,0.0158153
0.920373,0.0157406
0.923541,0.0156197
0.92672,0.0159387
0.92991,0.0159813
0.933111,0.0160108
0.936323,0.0162624
0.939546,0.0161465
0.94278,0.0163267
0.946026,0.016344
0.949282,0.0165603
0.95255,0.0167672
0.955829,0.0166913
0.959119,0.0166913
0.96242,0.016962
0.965733,0.0166308
0.969057,0.0170813
0.972393,0.0170002
0.97574,0.0171642
0.979099,0.0173975
0.982469,0.0173452
0.985851,0.0173798
0.989245,0.0176232
0.99265,0.0175813
0.996067,0.0176893
0.999495,0.0175091
1.00294,0.0179836
1.00639,0.0180179
1.00985,0.0183049
1.01333,0.0182301
1.01682,0.0187522
1.02032,0.0180563
1.02383,0.0182678
1.02735,0.0187159
1.03089,0.0187969
1.03444,0.0188086
1.038,0.0187999
1.04157,0.0192363
1.04516,0.0190806
1.04876,0.0193511
1.05237,0.0191329
1.05599,0.0193483
1.05962,0.0196419
1.06327,0.0193014
1.06693,0.020029
1.0706,0.0196577
1.07429,0.0197099
1.07799,0.0202014
1.0817,0.0197078
1.08542,0.0203634
1.08916,0.0202125
1.09291,0.0204404
1.09667,0.0203693
1.10044,0.0207825
1.10423,0.0206737
1.10803,0.0208876
1.11185,0.0209117
1.11567,0.0209034
1.11951,0.0210291
1.12337,0.0214995
1.12723,0.0213847
1.13111,0.0212196
1.13501,0.0217891
1.13891,0.0216396
1.14283,0.0222132
1.14677,0.0220496
1.15072,0.0219466
1.15468,0.0221553
1.15865,0.0223318
1.16264,0.0222756
1.16664,0.022556
1.17066,0.0226147
1.17469,0.0229335
1.17873,0.0227799
1.18279,0.0227918
1.18686,0.0231213
1.19095,0.0236087
1.19505,0.0233577
1.19916,0.0233625
1.20329,0.0237842
1.20743,0.0238792
1.21158,0.0241249
1.21576,0.0242662
1.21994,0.0245141
1.22414,0.0243358
1.22835,0.02463
1.23258,0.0244803
1.23682,0.0247466
1.24108,0.0248034
1.24535,0.0250137
1.24964,0.025238
1.25394,0.0254676
1.25826,0.0253287
1.26259,0.0259319
1.26694,0.0258016
1.2713,0.025875
1.27567,0.0259199
1.28006,0.0260245
1.28447,0.0261291
1.28889,0.0264496
1.29333,0.0266821
1.29778,0.0268021
1.30225,0.0270668
1.30673,0.0270122
1.31123,0.0272177
1.31574,0.0274919
1.32027,0.0276546
1.32482,0.027685
1.32938,0.0276356
1.33395,0.0277365
1.33854,0.0279963
1.34315,0.0282824
1.34777,0.0281976
1.35241,0.028386
1.35707,0.0287456
1.36174,0.0285529
1.36643,0.0288369
1.37113,0.0292133
1.37585,0.0288515
1.38059,0.0296645
1.38534,0.0295539
1.39011,0.0297588
1.39489,0.029375
1.3997,0.0296294
1.40451,0.0302614
1.40935,0.0300723
1.4142,0.0308134
1.41907,0.0306656
1.42395,0.0309425
1.42885,0.0308263
1.43377,0.0309479
1.43871,0.0310841
1.44366,0.03125
1.44863,0.0315581
1.45362,0.0317267
1.45862,0.0319525
1.46364,0.031912
1.46868,0.0324697
1.47373,0.0328449
1.47881,0.0327131
1.4839,0.032981
1.48901,0.0328357
1.49413,0.0330023
1.49927,0.0335363
1.50443,0.033999
1.50961,0.0336364
1.51481,0.0338535
1.52002,0.0343977
1.52526,0.0343228
1.53051,0.0344398
1.53577,0.0350955
1.54106,0.0351657
1.54637,0.0347715
1.55169,0.0351882
1.55703,0.0354691
1.56239,0.0354788
1.56777,0.0359145
1.57316,0.0366177
1.57858,0.0359903
1.58401,0.0361913
1.58947,0.0367156
1.59494,0.0372596
1.60043,0.0371167
1.60594,0.0368276
1.61146,0.0374726
1.61701,0.0374388
1.62258,0.0381921
1.62816,0.0379079
1.63377,0.0383674
1.63939,0.0385076
1.64503,0.0382781
1.6507,0.0388947
1.65638,0.0393678
1.66208,0.0394492
1.6678,0.0396208
1.67354,0.0393796
1.6793,0.040545
1.68508,0.040357
1.69088,0.0403938
1.69671,0.040404
1.70255,0.0407577
1.70841,0.0406005
1.71429,0.041388
1.72019,0.041385
1.72611,0.0419334
1.73205,0.0420106
1.73801,0.0420321
1.744,0.0422169
1.75,0.0428798
1.75602,0.0426188
1.76207,0.043041
1.76813,0.0431585
1.77422,0.0436018
1.78033,0.0430902
1.78645,0.0437984
1.7926,0.0440272
1.79877,0.0443149
1.80497,0.0446638
1.81118,0.0444845
1.81741,0.045471
1.82367,0.0456249
1.82995,0.0455167
1.83625,0.0464157
1.84257,0.045781
1.84891,0.046585
1.85527,0.0468538
1.86166,0.0475604
1.86807,0.0465707
1.8745,0.0473853
1.88095,0.0470507
1.88743,0.0483347
1.89392,0.04811
1.90044,0.0481294
1.90698,0.0490084
1.91355,0.0491099
1.92014,0.0495564
1.92674,0.0491209
1.93338,0.0496748
1.94003,0.0503814
1.94671,0.050314
1.95341,0.0503428
1.96014,0.0511092
1.96688,0.0516498
1.97365,0.0514645
1.98045,0.0510134
1.98726,0.0527164
1.9941,0.0520893
2.00097,0.0524136
2.00786,0.0530791
2.01477,0.053226
2.0217,0.0529433
2.02866,0.0536058
2.03565,0.0540593
2.04265,0.0543504
2.04968,0.0546481
2.05674,0.0552953
2.06382,0.0549046
2.07092,0.0548385
2.07805,0.0560793
2.08521,0.0560398
2.09238,0.0556474
2.09959,0.0568429
2.10681,0.0565868
2.11406,0.057333
2.12134,0.0578503
2.12864,0.0577255
2.13597,0.0578237
2.14332,0.0582016
2.1507,0.0585369
2.1581,0.0585145
2.16553,0.0591429
2.17299,0.0591887
2.18047,0.0600584
2.18797,0.0603457
2.19551,0.0604608
2.20306,0.0610824
2.21065,0.0618027
2.21826,0.0617115
2.22589,0.0616161
2.23355,0.0619701
2.24124,0.062773
2.24896,0.062826
2.2567,0.0633899
2.26447,0.0632827
2.27226,0.0639286
2.28008,0.0638217
2.28793,0.0640586
2.29581,0.0648291
2.30371,0.065092
2.31164,0.0650882
2.3196,0.0648831
2.32758,0.0660635
2.33559,0.0656861
2.34363,0.0665089
2.3517,0.0672162
2.3598,0.0671686
2.36792,0.0675625
2.37607,0.0681781
2.38425,0.0682822
2.39245,0.0681126
2.40069,0.0691778
2.40895,0.0696895
2.41725,0.0701402
2.42557,0.070061
2.43392,0.0708787
2.44229,0.0715755
2.4507,0.0714802
2.45914,0.0716265
2.4676,0.0711754
2.4761,0.0724397
2.48462,0.0728642
2.49317,0.0725789
2.50175,0.0738028
2.51037,0.0738637
2.51901,0.0739574
2.52768,0.0742589
2.53638,0.0742688
2.54511,0.0752181
2.55387,0.0752389
2.56266,0.0761353
2.57148,0.076419
2.58033,0.07698
2.58922,0.0771815
2.59813,0.0776957
2.60707,0.078083
2.61605,0.0784454
2.62505,0.0787821
2.63409,0.0784554
2.64315,0.0795464
2.65225,0.0798076
2.66138,0.0804572
2.67054,0.0807176
2.67974,0.0806755
2.68896,0.0810329
2.69822,0.0813317
2.7075,0.0812705
2.71682,0.0820553
2.72618,0.0829019
2.73556,0.0825373
2.74498,0.083
2.75443,0.0835003
2.76391,0.084308
2.77342,0.0843846
2.78297,0.084727
2.79255,0.0850113
2.80216,0.0856649
2.81181,0.0856987
2.82148,0.0857803
2.8312,0.086707
2.84094,0.0869272
2.85072,0.0871484
2.86053,0.0880507
2.87038,0.0878519
2.88026,0.0879825
2.89018,0.0883751
2.90012,0.0890512
2.91011,0.0887017
2.92013,0.0903896
2.93018,0.0908027
2.94026,0.0900618
2.95038,0.0905168
2.96054,0.0908524
2.97073,0.0921707
2.98096,0.0915974
2.99122,0.0925478
3.00151,0.0925543
3.01185,0.0930192
3.02221,0.0935705
3.03262,0.0940243
3.04306,0.0943263
3.05353,0.0946889
3.06404,0.0946928
3.07459,0.0951948
3.08517,0.0955842
3.09579,0.0955688
3.10645,0.0968081
3.11714,0.0960642
3.12787,0.0971283
3.13864,0.0979518
3.14944,0.0978639
3.16028,0.0980465
3.17116,0.0989043
3.18208,0.0987246
3.19303,0.0983369
3.20402,0.0990784
3.21505,0.0994541
3.22612,0.100356
3.23722,0.0998615
3.24837,0.100809
3.25955,0.100898
3.27077,0.101208
3.28203,0.101014
3.29332,0.101649
3.30466,0.101788
3.31604,0.1027
3.32745,0.102417
3.3389,0.103042
3.3504,0.104411
3.36193,0.103963
3.3735,0.10442
3.38512,0.10388
3.39677,0.104571
3.40846,0.104936
3.42019,0.105149
3.43197,0.105986
3.44378,0.106699
3.45563,0.106316
3.46753,0.105952
3.47947,0.10707
3.49144,0.105943
3.50346,0.107212
3.51552,0.107786
3.52762,0.107705
3.53976,0.108732
3.55195,0.107787
3.56418,0.109549
3.57644,0.108754
3.58876,0.110039
3.60111,0.108771
3.6135,0.109546
3.62594,0.110406
3.63842,0.110574
3.65095,0.110419
3.66352,0.111209
3.67613,0.111247
3.68878,0.111243
3.70148,0.111539
3.71422,0.111267
3.72701,0.112195
3.73983,0.111793
3.75271,0.112272
3.76563,0.113003
3.77859,0.113117
3.79159,0.11274
3.80465,0.113714
3.81774,0.114151
3.83088,0.113026
3.84407,0.113057
3.8573,0.112613
3.87058,0.114623
3.8839,0.114014
3.89727,0.115091
3.91069,0.11448
3.92415,0.114146
3.93766,0.115456
3.95121,0.11519
3.96481,0.11565
3.97846,0.115357
3.99216,0.116582
4.0059,0.115266
4.01969,0.115993
4.03352,0.115806
4.04741,0.11647
4.06134,0.116501
4.07532,0.11672
4.08935,0.117051
4.10342,0.11687
4.11755,0.116774
4.13172,0.115823
4.14595,0.117775
4.16022,0.116856
4.17454,0.117456
4.18891,0.117502
4.20333,0.117171
4.21779,0.117302
4.23231,0.118036
4.24688,0.117016
4.2615,0.117643
4.27617,0.117324
4.29089,0.118306
4.30566,0.118515
4.32048,0.1178
4.33535,0.117756
4.35028,0.117794
4.36525,0.118345
4.38028,0.118793
4.39535,0.117783
4.41048,0.117978
4.42567,0.118353
4.4409,0.118088
4.45619,0.118363
4.47153,0.118701
4.48692,0.118109
4.50236,0.118799
4.51786,0.119097
4.53341,0.117876
4.54902,0.118217
4.56468,0.118322
4.58039,0.118638
4.59616,0.118509
4.61198,0.118532
4.62785,0.118372
4.64378,0.118824
4.65977,0.117446
4.67581,0.117785
4.6919,0.117828
4.70805,0.117936
4.72426,0.118129
4.74052,0.117687
4.75684,0.117253
4.77321,0.117584
4.78964,0.117817
4.80613,0.118248
4.82268,0.117908
4.83928,0.117452
4.85593,0.116562
4.87265,0.116718
4.88942,0.117206
4.90625,0.116393
4.92314,0.116966
4.94009,0.116555
4.95709,0.116002
4.97416,0.11632
4.99128,0.11748
5.00846,0.116536
5.0257,0.116273
5.043,0.116722
5.06036,0.115285
5.07778,0.115967
5.09526,0.115588
5.11279,0.116059
5.13039,0.116455
5.14805,0.116561
5.16578,0.114914
5.18356,0.115501
5.2014,0.115082
5.2193,0.114871
5.23727,0.113942
5.2553,0.115039
5.27339,0.115007
5.29154,0.113806
5.30976,0.113917
5.32803,0.114275
5.34637,0.113634
5.36478,0.113704
5.38324,0.113054
5.40177,0.112845
5.42037,0.113482
5.43903,0.112825
5.45775,0.112122
5.47653,0.112147
5.49539,0.111492
5.5143,0.112414
5.53328,0.110891
5.55233,0.112019
5.57144,0.111051
5.59062,0.111048
5.60987,0.110698
5.62918,0.110174
5.64855,0.110207
5.668,0.109974
5.68751,0.110941
5.70708,0.109258
5.72673,0.110054
5.74644,0.108461
5.76622,0.108133
5.78607,0.108611
5.80599,0.108675
5.82597,0.108467
5.84603,0.107178
5.86615,0.107501
5.88634,0.107334
5.90661,0.106863
5.92694,0.106489
5.94734,0.106654
5.96781,0.106646
5.98836,0.105036
6.00897,0.105309
6.02965,0.105025
6.05041,0.104851
6.07124,0.103902
6.09213,0.103929
6.1131,0.104289
6.13415,0.10392
6.15526,0.104064
6.17645,0.103808
6.19771,0.102899
6.21904,0.102696
6.24045,0.10245
6.26193,0.10206
6.28349,0.101588
6.30512,0.10038
6.32682,0.100971
6.3486,0.100542
6.37045,0.100722
6.39238,0.0998701
6.41439,0.0992687
6.43647,0.0987964
6.45862,0.098737
6.48085,0.0983409
6.50316,0.0986249
6.52555,0.0978579
6.54801,0.0972068
6.57055,0.0973689
6.59317,0.0962564
6.61586,0.0964417
6.63863,0.0959979
6.66149,0.0963284
6.68442,0.0965419
6.70743,0.0955136
6.73051,0.0948855
6.75368,0.094339
6.77693,0.0948271
6.80026,0.0931272
6.82367,0.0929399
6.84715,0.0935689
6.87072,0.092089
6.89437,0.0919264
6.91811,0.0922845
6.94192,0.0909949
6.96582,0.0909699
6.98979,0.091539
7.01385,0.0898304
7.038,0.0896209
7.06222,0.0897536
7.08653,0.0886699
7.11093,0.0888359
7.13541,0.0884672
7.15997,0.0882642
7.18461,0.0871687
7.20934,0.0867824
7.23416,0.0867412
7.25906,0.0863758
7.28405,0.085726
7.30912,0.0857101
7.33428,0.08523
7.35953,0.084667
7.38486,0.0836606
7.41028,0.0839774
7.43579,0.0832666
7.46139,0.0833727
7.48707,0.0821111
7.51284,0.0818531
7.5387,0.0818542
7.56465,0.0814736
7.59069,0.0816139
7.61682,0.0804387
7.64304,0.080054
7.66935,0.0798746
7.69575,0.0795868
7.72224,0.0794379
7.74882,0.0781805
7.77549,0.0788534
7.80226,0.0778088
7.82912,0.0768465
7.85607,0.0778993
7.88311,0.076581
7.91024,0.0761796
7.93747,0.0761704
7.96479,0.0756214
7.99221,0.0745137
8.01972,0.0745005
8.04733,0.0746122
8.07503,0.0738924
8.10283,0.0731665
8.13072,0.0726605
8.1587,0.0729302
8.18679,0.0722248
8.21497,0.0709857
8.24325,0.0713368
8.27162,0.0708745
8.3001,0.0706506
8.32867,0.0699838
8.35734,0.0693929
8.3861,0.0685614
8.41497,0.0687687
8.44394,0.0685249
8.473,0.0677947
8.50217,0.0679239
8.53143,0.0674832
8.5608,0.0665307
8.59027,0.0659406
8.61984,0.0655936
8.64951,0.0659814
8.67928,0.0647529
8.70916,0.0645053
8.73914,0.0644938
8.76922,0.0640528
8.79941,0.0627386
8.8297,0.0630467
8.86009,0.0621823
8.89059,0.062414
8.92119,0.0612935
8.9519,0.0614611
8.98272,0.0607198
9.01364,0.0604443
9.04466,0.0595115
9.0758,0.0598479
9.10704,0.0594498
9.13839,0.0589902
9.16984,0.0581826
9.20141,0.0578376
9.23308,0.0574023
9.26486,0.0574119
9.29676,0.0566503
9.32876,0.0562027
9.36087,0.0557721
9.39309,0.0561652
9.42542,0.0550291
9.45787,0.0546044
9.49042,0.0546665
9.52309,0.0542909
9.55587,0.0535948
9.58877,0.0531459
9.62177,0.052577
9.65489,0.0521824
9.68813,0.052115
9.72148,0.0516195
9.75494,0.0512669
9.78852,0.0510067
9.82221,0.0508299
9.85602,0.0499111
9.88995,0.0500188
9.92399,0.0495428
9.95816,0.0485979
9.99243,0.049125
10.0268,0.0485249
10.0613,0.0479357
10.096,0.047623
10.1307,0.0474225
10.1656,0.0468246
10.2006,0.0461944
10.2357,0.046258
10.2709,0.0459819
10.3063,0.0450779
10.3418,0.0453115
10.3774,0.0446371
10.4131,0.0438622
10.4489,0.0438237
10.4849,0.0435528
10.521,0.0430577
10.5572,0.0427859
10.5936,0.0429332
10.63,0.0415257
10.6666,0.0416791
10.7033,0.041163
10.7402,0.041097
10.7771,0.0403309
10.8142,0.0398818
10.8515,0.0401579
10.8888,0.0395071
10.9263,0.0391969
10.9639,0.0390003
11.0016,0.0384805
11.0395,0.0379177
11.0775,0.0377849
11.1156,0.0380402
11.1539,0.0372858
11.1923,0.036824
11.2308,0.036633
11.2695,0.0366916
11.3083,0.0359581
11.3472,0.0357433
11.3863,0.0353884
11.4255,0.0346799
11.4648,0.0350381
11.5043,0.0341418
11.5439,0.0341432
11.5836,0.0332481
11.6235,0.0328353
11.6635,0.0333367
11.7036,0.0327927
11.7439,0.0322637
11.7843,0.0327407
11.8249,0.0320411
11.8656,0.03164
11.9065,0.031226
11.9474,0.0309626
11.9886,0.0309053
12.0298,0.0304454
12.0712,0.0304315
12.1128,0.0298725
12.1545,0.0296809
12.1963,0.0292466
12.2383,0.0291209
12.2804,0.0286126
12.3227,0.0285366
12.3651,0.0280622
12.4077,0.0276246
12.4504,0.0275364
12.4933,0.0271048
12.5363,0.026935
12.5794,0.0269926
12.6227,0.026457
12.6662,0.0260787
12.7098,0.025675
12.7535,0.0255946
12.7974,0.0253648
12.8415,0.0248542
12.8857,0.0249563
12.93,0.0246768
12.9745,0.0244172
13.0192,0.0238972
13.064,0.0239293
13.109,0.0236396
13.1541,0.0236993
13.1994,0.0228235
13.2448,0.0231971
13.2904,0.0226624
13.3362,0.0227249
13.3821,0.0220313
13.4281,0.0217227
13.4743,0.0216132
13.5207,0.0213451
13.5673,0.0210777
13.614,0.0212623
13.6608,0.0208924
13.7079,0.0206241
13.755,0.020238
13.8024,0.0200035
13.8499,0.0197085
13.8976,0.0199322
13.9454,0.0191906
13.9934,0.0192094
14.0416,0.0190514
14.0899,0.018745
14.1384,0.0185519
14.1871,0.0183948
14.2359,0.0180876
14.2849,0.017867
14.3341,0.0177248
14.3834,0.0177278
14.433,0.017186
14.4826,0.0170585
14.5325,0.016919
14.5825,0.016745
14.6327,0.0166804
14.6831,0.0164545
14.7336,0.0162525
14.7843,0.0159679
14.8352,0.0158967
14.8863,0.0156737
14.9375,0.0152058
14.989,0.0149354
15.0406,0.0151127
15.0923,0.0149029
15.1443,0.0148297
15.1964,0.0145897
15.2487,0.0143056
15.3012,0.0142224
15.3539,0.014059
15.4067,0.013934
15.4598,0.0137369
15.513,0.0136185
15.5664,0.0134211
15.62,0.013167
15.6737,0.0130402
15.7277,0.0131769
15.7818,0.0130005
15.8361,0.0125327
15.8907,0.0125446
15.9454,0.0122325
16.0002,0.0122074
16.0553,0.0121569
16.1106,0.0119897
16.166,0.0119068
16.2217,0.0117028
16.2775,0.0115244
16.3336,0.0113395
16.3898,0.0112125
16.4462,0.0110903
16.5028,0.0110517
16.5596,0.0109156
16.6166,0.0107468
16.6738,0.0105523
16.7312,0.0104746
16.7888,0.0102652
16.8466,0.0102795
16.9046,0.0100815
16.9628,0.00994443
17.0212,0.00987596
17.0798,0.00981524
17.1385,0.00970173
17.1975,0.00945923
17.2567,0.00944428
17.3161,0.00937209
17.3757,0.00910026
17.4356,0.0090057
17.4956,0.00892745
17.5558,0.008823
17.6162,0.00872916
17.6769,0.00867768
17.7377,0.00852973
17.7988,0.00848247
17.86,0.00841562
17.9215,0.00827782
17.9832,0.00821724
18.0451,0.00805631
18.1072,0.00780383
18.1696,0.00777698
18.2321,0.00780892
18.2949,0.00764749
18.3578,0.00749593
18.421,0.00743614
18.4844,0.00746918
18.5481,0.00732364
18.6119,0.00715609
18.676,0.00704429
18.7403,0.00696801
18.8048,0.0069736
18.8695,0.00699005
18.9345,0.00673442
18.9996,0.00670875
19.065,0.00669103
19.1307,0.00653063
19.1965,0.00654168
19.2626,0.00642263
19.3289,0.00638014
19.3954,0.0062157
19.4622,0.00623166
19.5292,0.00612709
19.5964,0.00603977
19.6639,0.00597989
19.7316,0.00600354
19.7995,0.00581694
19.8676,0.00571092
19.936,0.00580267
20.0046,0.00572869
20.0735,0.00555429
20.1426,0.00547804
20.2119,0.0055308
20.2815,0.00535053
20.3513,0.00533167
20.4214,0.0052607
20.4917,0.00518012
20.5622,0.00510022
20.633,0.00502305
20.704,0.00504817
20.7753,0.00497371
20.8468,0.00490703
20.9186,0.00493538
20.9906,0.00479392
21.0628,0.00469726
21.1353,0.0047002
21.2081,0.00468029
21.2811,0.00453211
21.3543,0.00452808
21.4278,0.00452454
21.5016,0.00441456
21.5756,0.00439424
21.6499,0.00427538
21.7244,0.0042923
21.7992,0.00424512
21.8742,0.00416652
21.9495,0.00411611
22.0251,0.00417894
22.1009,0.00412949
22.177,0.00404478
22.2533,0.00400458
22.3299,0.00387268
22.4068,0.0038478
22.4839,0.00379882
22.5613,0.00374767
22.6389,0.00372883
22.7169,0.00368083
22.7951,0.00366074
22.8735,0.00362711
22.9523,0.00359667
23.0313,0.00350185
23.1106,0.0034687
23.1901,0.00341143
23.2699,0.00339157
23.35,0.00340997
23.4304,0.00336019
23.5111,0.0032781
23.592,0.0032649
23.6732,0.00325744
23.7547,0.00317862
23.8365,0.00319759
23.9185,0.00315687
24.0008,0.00312852
24.0835,0.0030374
24.1664,0.00302645
24.2496,0.00303403
24.333,0.00294191
24.4168,0.00299651
24.5008,0.00289893
24.5852,0.00289429
24.6698,0.00284238
24.7547,0.00281643
24.8399,0.00282175
24.9254,0.00278027
25.0112,0.00276161
25.0973,0.00271662
25.1837,0.00270409
25.2704,0.00265537
25.3574,0.00263318
25.4447,0.00261188
25.5323,0.00261118
25.6202,0.00252717
25.7083,0.00250622
25.7968,0.00251866
25.8856,0.00246678
25.9747,0.00245785
26.0641,0.00239229
26.1539,0.00240481
26.2439,0.00235459
26.3342,0.00238178
26.4249,0.00230028
26.5158,0.00233972
26.6071,0.00228485
26.6987,0.00225517
26.7906,0.00224546
26.8828,0.00221346
26.9754,0.00217618
27.0682,0.00217327
27.1614,0.00214485
27.2549,0.00213346
27.3487,0.00212736
27.4428,0.00212579
27.5373,0.0020971
27.6321,0.00207238
27.7272,0.00201138
27.8227,0.00200813
27.9184,0.00201849
28.0145,0.0019815
28.111,0.00196377
28.2077,0.0019363
28.3048,0.00193943
28.4023,0.00190557
28.5,0.00187121
28.5981,0.00186104
28.6966,0.00185134
28.7954,0.00184032
28.8945,0.001836
28.9939,0.00180414
29.0937,0.00178485
29.1939,0.00179911
29.2944,0.00175435
29.3952,0.00176798
29.4964,0.00171398
29.5979,0.00171477
29.6998,0.00168401
29.802,0.00169
29.9046,0.00166614
30.0076,0.00165918
30.1109,0.00162197
30.2145,0.00162314
30.3185,0.00162895
30.4229,0.00159487
30.5276,0.00156469
30.6327,0.00157415
30.7381,0.00153706
30.8439,0.00150467
30.9501,0.0015362
31.0566,0.00148809
31.1636,0.00149452
31.2708,0.00146418
31.3785,0.00147004
31.4865,0.00145031
31.5949,0.00144476
31.7036,0.00143039
31.8128,0.00140808
31.9223,0.00140445
32.0321,0.00138936
32.1424,0.00137454
32.253,0.00135862
32.3641,0.00134432
32.4755,0.0013457
32.5873,0.00132234
32.6994,0.00132306
32.812,0.00127171
32.9249,0.00129045
33.0383,0.0012676
33.152,0.00129284
33.2661,0.001244
33.3806,0.00123332
33.4955,0.00123659
33.6108,0.00120065
33.7265,0.00119683
33.8426,0.00118693
33.9591,0.00119588
34.076,0.0011818
34.1933,0.00117137
34.311,0.00113649
34.4291,0.00111968
34.5476,0.00110157
34.6665,0.00112181
34.7859,0.00109368
34.9056,0.00108734
35.0258,0.00106117
35.1463,0.00106571
35.2673,0.00104961
35.3887,0.00104616
35.5105,0.00103635
35.6328,0.00103721
35.7554,0.00102002
35.8785,0.00100607
36.002,0.00098053
36.1259,0.00100375
36.2503,0.000979221
36.3751,0.000958387
36.5003,0.000960016
36.6259,0.000953202
36.752,0.000924459
36.8785,0.000937781
37.0054,0.000919126
37.1328,0.000907179
37.2606,0.000905126
37.3889,0.000886758
37.5176,0.000878693
37.6468,0.000879276
37.7763,0.000871199
37.9064,0.000845043
38.0369,0.000834248
38.1678,0.00084253
38.2992,0.000825738
38.431,0.000808901
38.5633,0.00080102
38.696,0.000783437
38.8292,0.000776841
38.9629,0.000773785
39.097,0.000782284
39.2316,0.000756125
39.3666,0.000747376
39.5022,0.00073912
39.6381,0.000739378
39.7746,0.000719305
39.9115,0.000717236
40.0489,0.000717645
40.1867,0.000699015
40.3251,0.000691892
40.4639,0.000679752
40.6032,0.000683182
40.7429,0.000671692
40.8832,0.000664418
41.0239,0.00065437
41.1651,0.000655858
41.3068,0.000639366
41.449,0.00063221
41.5917,0.000621625
41.7348,0.00061859
41.8785,0.000625993
42.0227,0.000602421
42.1673,0.000610058
42.3125,0.00059097
42.4581,0.000588595
42.6043,0.000574719
42.7509,0.000575696
42.8981,0.000568066
43.0457,0.000556621
43.1939,0.000554058
43.3426,0.000542446
43.4918,0.000548726
43.6415,0.000530284
43.7917,0.000525833
43.9425,0.000535049
44.0937,0.000527296
44.2455,0.000511646
44.3978,0.000512901
44.5506,0.000510955
44.704,0.000499654
44.8579,0.000500383
45.0123,0.000485082
45.1672,0.000482036
45.3227,0.000476137
45.4787,0.000469059
45.6353,0.000458314
45.7923,0.000468845
45.95,0.000465862
46.1081,0.000440206
46.2669,0.00045153
46.4261,0.000450989
46.5859,0.000437064
46.7463,0.00043192
46.9072,0.000437454
47.0687,0.000436137
47.2307,0.000412001
47.3933,0.000416516
47.5564,0.000416787
47.7201,0.000402895
47.8844,0.000412782
48.0492,0.000404894
48.2146,0.000400205
48.3806,0.000387935
48.5471,0.000404346
48.7142,0.000383531
48.8819,0.000387723
49.0501,0.00038385
49.219,0.000378748
49.3884,0.00037553
49.5584,0.000363176
49.729,0.000370272
49.9002,0.000365457
50.072,0.000359546
50.2443,0.000358009
50.4173,0.000352486
50.5908,0.000345453
50.765,0.000340422
50.9397,0.000343127
51.1151,0.000335668
51.291,0.000341508
51.4676,0.000332274
51.6447,0.000324411
51.8225,0.000327275
52.0009,0.000326786
52.1799,0.000314151
52.3595,0.000317784
52.5397,0.000309654
52.7206,0.000309188
52.9021,0.000306698
53.0842,0.000301942
53.2669,0.000298581
53.4502,0.000300397
53.6342,0.000292415
53.8188,0.000296195
54.0041,0.000297154
54.19,0.00028685
54.3765,0.00028406
54.5637,0.000280969
54.7515,0.000279784
54.94,0.000276102
55.1291,0.000269884
55.3189,0.0002679
55.5093,0.000269358
55.7004,0.00026913
55.8921,0.000265825
56.0845,0.000265871
56.2776,0.000256278
56.4713,0.000260543
56.6657,0.00024843
56.8607,0.000245438
57.0565,0.000248783
57.2529,0.000241935
57.4499,0.000237027
57.6477,0.000237583
57.8461,0.000234349
58.0452,0.000239718
58.245,0.00023499
58.4455,0.000228454
58.6467,0.000219595
58.8486,0.000225567
59.0512,0.000223648
59.2544,0.000215625
59.4584,0.000216843
59.6631,0.000218664
59.8684,0.000212143
60.0745,0.000211573
60.2813,0.000204745
60.4888,0.000207828
60.697,0.000204848
60.906,0.000201639
61.1156,0.000198781
61.326,0.000194514
61.5371,0.000196325
61.7489,0.000191073
61.9615,0.000188878
62.1748,0.000184767
62.3888,0.000188719
62.6035,0.000182842
62.819,0.000184636
63.0353,0.000176853
63.2522,0.000178748
63.47,0.000175664
63.6885,0.000171988
63.9077,0.000172881
64.1277,0.000170844
64.3484,0.00016481
64.5699,0.000160765
64.7922,0.000159672
65.0152,0.000158888
65.239,0.000160367
65.4636,0.000156762
65.6889,0.000149086
65.915,0.000156978
66.1419,0.000156746
66.3696,0.000146327
66.5981,0.000146277
66.8273,0.000146454
67.0573,0.000146263
67.2882,0.000141873
67.5198,0.000138201
67.7522,0.000139207
67.9854,0.000137027
68.2194,0.000134963
68.4543,0.000133523
68.6899,0.000131621
68.9264,0.000131524
69.1636,0.000133218
69.4017,0.000130154
69.6406,0.000128549
69.8803,0.000126983
70.1209,0.000126043
70.3622,0.000122719
70.6044,0.00012029
70.8475,0.000117854
71.0913,0.000121195
71.336,0.000119126
71.5816,0.000116384
71.828,0.000114918
72.0753,0.00011288
72.3234,0.000111549
72.5723,0.000112997
72.8221,0.000112799
73.0728,0.000113884
73.3243,0.000110838
73.5767,0.000112764
73.83,0.000108147
74.0841,0.0001092
74.3391,0.000109071
74.595,0.000105411
74.8518,0.000103339
75.1095,0.000103293
75.368,0.00010309
75.6274,0.000101332
75.8878,9.97644e-05
76.149,9.94298e-05
76.4111,0.00010402
76.6741,0.000100179
76.9381,9.75165e-05
77.2029,9.80081e-05
77.4687,9.46904e-05
77.7353,9.63451e-05
78.0029,9.2779e-05
78.2714,9.15813e-05
78.5408,9.37655e-05
78.8112,9.53468e-05
79.0825,9.37486e-05
79.3547,9.11051e-05
79.6279,9.5312e-05
79.902,8.84701e-05
80.177,9.48831e-05
80.453,9.3998e-05
80.7299,9.29054e-05
81.0078,9.21279e-05
81.2867,8.49312e-05
81.5665,8.64042e-05
81.8472,8.76792e-05
82.129,8.71129e-05
82.4117,8.45261e-05
82.6954,8.18031e-05
82.98,8.15456e-05
83.2656,8.28638e-05
83.5523,8.82808e-05
83.8399,8.46077e-05
84.1285,8.58626e-05
84.4181,8.18707e-05
84.7086,8.05573e-05
85.0002,8.26676e-05
85.2928,8.3299e-05
85.5864,8.05279e-05
85.881,7.75446e-05
86.1767,8.41731e-05
86.4733,8.13735e-05
86.771,8.03614e-05
87.0696,7.81156e-05
87.3693,7.70293e-05
87.6701,8.36785e-05
87.9719,7.94666e-05
88.2747,7.85283e-05
88.5786,7.34128e-05
88.8835,7.65393e-05
89.1894,7.75058e-05
89.4964,7.37767e-05
89.8045,7.62465e-05
90.1136,7.86178e-05
90.4238,7.64796e-05
90.7351,7.55513e-05
91.0474,7.76059e-05
91.3608,7.52447e-05
91.6753,7.33324e-05
91.9909,7.20499e-05
92.3075,7.29388e-05
92.6253,7.21147e-05
92.9441,7.43154e-05
93.264,7.54834e-05
93.5851,7.43264e-05
93.9072,7.33556e-05
94.2305,7.10747e-05
94.5548,7.20869e-05
94.8803,7.18137e-05
95.2069,7.07033e-05
95.5346,7.44171e-05
95.8635,7.08901e-05
96.1935,6.90808e-05
96.5246,6.9694e-05
96.8568,6.88486e-05
97.1902,7.30834e-05
97.5248,6.92588e-05
97.8605,6.78002e-05
98.1974,6.95663e-05
98.5354,6.86427e-05
98.8746,6.58879e-05
99.2149,6.60246e-05
99.5564,6.47763e-05
99.8991,6.91953e-05
100.243,6.59558e-05
100.588,6.23631e-05
100.934,6.57684e-05
101.282,6.84763e-05
101.63,6.74554e-05
101.98,6.54877e-05
102.331,6.50137e-05
102.684,7.00225e-05
103.037,6.15853e-05
103.392,6.21835e-05
103.748,5.82009e-05
104.105,6.48535e-05
104.463,6.16773e-05
104.823,6.27717e-05
105.183,6.19166e-05
105.545,6.08278e-05
105.909,5.89837e-05
106.273,6.20831e-05
106.639,6.08028e-05
107.006,6.16482e-05
107.375,5.74216e-05
107.744,5.71634e-05
108.115,5.48075e-05
108.487,5.29228e-05
108.861,5.72683e-05
109.235,5.8133e-05
109.611,5.87128e-05
109.989,5.58741e-05
110.367,5.31768e-05
110.747,5.35623e-05
111.128,4.91971e-05
111.511,4.94649e-05
111.895,4.80082e-05
112.28,4.40187e-05
112.666,4.69998e-05
113.054,4.23714e-05
113.443,4.59413e-05
113.834,4.02927e-05
114.226,3.97289e-05
114.619,3.86389e-05
115.014,3.84249e-05
115.409,3.50865e-05
115.807,3.63108e-05
116.205,3.51409e-05
116.605,3.39348e-05
117.007,2.81435e-05
117.41,2.80074e-05
117.814,2.49572e-05
118.219,2.13298e-05
118.626,2.09215e-05
119.034,1.85584e-05
119.444,1.74017e-05
119.855,1.31488e-05
120.268,1.45045e-05
120.682,1.17496e-05
121.097,9.94779e-06
121.514,8.38718e-06
121.932,8.60776e-06
122.352,7.73109e-06
122.773,6.40607e-06
123.196,4.6155e-06
123.62,2.97667e-06
124.046,3.12748e-06
124.473,3.73101e-06
124.901,1.89445e-06
125.331,1.71486e-06
125.762,2.07278e-06
126.195,1.63758e-06
126.63,1.31062e-06
127.066,8.57585e-07
127.503,7.20859e-07
127.942,7.85624e-07
128.382,7.24926e-07
128.824,5.42209e-07
129.268,5.65361e-07
129.713,4.52101e-07
130.159,3.17879e-07
130.607,2.59684e-07
131.057,1.88037e-07
131.508,2.11189e-07
131.961,2.30274e-07
132.415,4.26133e-07
132.871,1.83969e-07
133.328,2.31213e-07
133.787,4.01729e-07
134.247,9.19846e-08
134.709,3.78576e-07
135.173,9.6052e-08
135.638,2.18072e-07
136.105,1.90852e-07
136.574,9.19846e-08
137.044,1.2202e-08
137.516,2.97855e-07
137.989,2.44041e-08
138.464,3.02861e-07
138.941,2.03367e-08
139.419,2.27146e-07
139.899,1.86785e-07
140.38,1.2202e-08
140.864,2.50298e-07
141.349,1.1107e-07
141.835,3.12873e-08
142.323,1.73332e-07
142.813,8.1347e-09
143.305,7.07093e-08
143.798,7.16479e-08
144.293,1.86785e-07
144.79,8.38499e-08
145.288,5.72557e-08
145.788,5.72557e-08
146.29,1.28591e-07
146.794,1.2202e-08
147.299,1.02935e-07
147.806,7.57152e-08
148.315,1.2202e-08
148.825,4.06735e-09
149.338,9.19846e-08
149.852,7.97826e-08
150.368,7.57152e-08
150.885,2.44979e-07
151.405,1.28904e-07
151.926,1.2202e-08
152.449,1.2202e-08
152.973,1.01684e-07
153.5,0
154.028,1.02935e-07
154.559,8.1347e-09
155.091,7.16479e-08
155.624,0
156.16,7.16479e-08
156.698,8.1347e-09
157.237,0
157.778,4.06735e-09
158.321,1.02935e-07
158.866,8.8543e-08
159.413,5.72557e-08
159.962,0
160.513,0
161.065,7.97826e-08
161.62,0
162.176,3.12873e-08
162.734,5.31884e-08
163.294,5.31884e-08
163.856,5.72557e-08
164.42,7.57152e-08
164.986,8.1347e-09
165.554,0
166.124,0
166.696,0
167.27,0
167.846,4.06735e-09
168.423,5.31884e-08
169.003,0
169.585,3.12873e-08
170.169,2.00552e-07
170.754,5.31884e-08
171.342,0
171.932,7.16479e-08
172.524,1.43296e-07
173.118,0
173.714,0
174.312,5.31884e-08
174.912,5.31884e-08
175.514,0
176.118,0
176.724,0
177.332,5.31884e-08
177.943,5.31884e-08
178.555,5.31884e-08
179.17,0
179.787,0
180.406,7.16479e-08
181.027,0
181.65,0
182.275,5.31884e-08
182.902,0
183.532,0
184.164,0
184.798,0
185.434,0
186.072,0
186.713,0
187.355,0
188,0
188.647,0
189.297,0
189.948,0
190.602,0
191.258,5.31884e-08
191.917,0
192.577,0
193.24,0
193.905,0
194.573,0
195.243,0
195.915,0
196.589,0
197.266,0
197.945,0
198.626,0
199.31,0
199.996,5.31884e-08
200.684,0
201.375,0
202.068,0
202.764,0
203.462,5.31884e-08
204.162,5.31884e-08
204.865,0
205.57,0
206.278,0
206.988,0
207.7,0
208.415,5.31884e-08
209.133,0
209.853,5.31884e-08
210.575,0
211.3,5.31884e-08
212.027,0
212.757,0
213.489,0
214.224,0
214.962,0
215.702,5.31884e-08
216.444,0
217.189,0
217.937,0
218.687,0
219.44,5.31884e-08
220.195,5.31884e-08
220.953,0
221.714,0
222.477,6.22617e-08
223.243,0
224.011,0
224.782,0
225.556,5.31884e-08
226.332,5.31884e-08
227.111,0
227.893,5.31884e-08
228.678,0
229.465,0
230.255,0
231.047,0
231.843,6.22617e-08
232.641,0
233.441,0
234.245,0
235.051,0
235.86,0
236.672,0
237.487,6.22617e-08
238.304,0
239.125,0
239.948,0
240.774,0
241.603,0
242.434,0
243.269,0
244.106,0
244.946,0
245.79,0
246.636,6.22617e-08
247.485,0
248.337,0
249.191,0
250.049,0
250.91,0
251.774,0
252.64,0
253.51,0
254.383,0
255.258,0
256.137,0
257.019,0
257.903,6.22617e-08
258.791,0
259.682,0
260.576,0
261.473,0
262.373,0
263.276,0
264.182,0
265.092,0
266.004,0
266.92,0
267.838,0
268.76,0
269.686,0
270.614,0
271.545,0
272.48,0
273.418,0
274.359,0
275.304,0
276.251,0
277.202,0
278.156,0
279.114,0
280.075,0
281.039,0
282.006,0
282.977,0
283.951,0
284.928,0
285.909,0
286.893,0
287.881,0
288.872,0
289.866,0
290.864,0
291.865,0
292.87,0
293.878,0
294.89,0
295.905,0
296.923,0
297.945,0
298.971,0
