0.01,8.59757e-06
0.0100344,1.36195e-05
0.010069,1.68095e-05
0.0101036,1.27901e-05
0.0101384,1.17737e-05
0.0101733,1.62144e-05
0.0102083,1.46198e-05
0.0102435,2.27714e-05
0.0102787,1.63424e-05
0.0103141,1.64823e-05
0.0103496,2.95956e-05
0.0103852,2.03424e-05
0.010421,3.19947e-05
0.0104568,4.36157e-05
0.0104928,6.31439e-05
0.010529,6.47697e-05
0.0105652,6.95499e-05
0.0106016,7.54687e-05
0.0106381,7.83843e-05
0.0106747,7.92954e-05
0.0107114,7.87248e-05
0.0107483,6.28368e-05
0.0107853,0.000100979
0.0108224,9.57833e-05
0.0108597,9.98301e-05
0.0108971,9.4306e-05
0.0109346,0.000120287
0.0109722,0.000224308
0.01101,0.00023991
0.0110479,0.000300818
0.0110859,0.00107815
0.0111241,0.00158194
0.0111624,0.00153693
0.0112008,0.00159927
0.0112393,0.00160145
0.011278,0.00158019
0.0113168,0.00153622
0.0113558,0.00158044
0.0113949,0.00154521
0.0114341,0.00159166
0.0114735,0.00155067
0.011513,0.00143606
0.0115526,0.00151211
0.0115924,0.0014993
0.0116323,0.00154191
0.0116723,0.00149293
0.0117125,0.00151423
0.0117528,0.00154564
0.0117933,0.00150329
0.0118339,0.00146208
0.0118746,0.00146627
0.0119155,0.00148115
0.0119565,0.00146452
0.0119976,0.00137952
0.0120389,0.00137068
0.0120804,0.00142019
0.012122,0.00145318
0.0121637,0.00140615
0.0122056,0.00141229
0.0122476,0.00140355
0.0122897,0.00148654
0.012332,0.00148432
0.0123745,0.00140456
0.0124171,0.00136839
0.0124598,0.00134833
0.0125027,0.00132923
0.0125458,0.00141057
0.0125889,0.00129027
0.0126323,0.00135553
0.0126758,0.00135154
0.0127194,0.00128293
0.0127632,0.00127777
0.0128071,0.00128037
0.0128512,0.0013019
0.0128954,0.00122186
0.0129398,0.00131728
0.0129844,0.00126052
0.0130291,0.00124831
0.0130739,0.00127229
0.0131189,0.00125631
0.0131641,0.00122846
0.0132094,0.00127987
0.0132548,0.00128002
0.0133005,0.00122407
0.0133463,0.00116403
0.0133922,0.00119268
0.0134383,0.00120916
0.0134846,0.00121817
0.013531,0.00112641
0.0135775,0.00116385
0.0136243,0.00119302
0.0136712,0.00115419
0.0137182,0.0011153
0.0137655,0.00122189
0.0138128,0.00113244
0.0138604,0.00117037
0.0139081,0.00107486
0.013956,0.00112812
0.014004,0.00116339
0.0140522,0.00114234
0.0141006,0.00110155
0.0141491,0.0010525
0.0141978,0.0010786
0.0142467,0.0010482
0.0142957,0.00104077
0.014345,0.00107803
0.0143943,0.00101625
0.0144439,0.00110312
0.0144936,0.00101383
0.0145435,0.00105324
0.0145936,0.00100892
0.0146438,0.00100997
0.0146942,0.00104483
0.0147448,0.00101375
0.0147955,0.00100854
0.0148465,0.000989709
0.0148976,0.00100011
0.0149488,0.00114376
0.0150003,0.000966776
0.0150519,0.00101933
0.0151038,0.00100943
0.0151557,0.000997045
0.0152079,0.000914932
0.0152603,0.0010013
0.0153128,0.000972764
0.0153655,0.00096932
0.0154184,0.000912113
0.0154715,0.000925146
0.0155247,0.000923247
0.0155782,0.000921039
0.0156318,0.000921943
0.0156856,0.000927152
0.0157396,0.000944117
0.0157938,0.000896651
0.0158481,0.000981379
0.0159027,0.000924969
0.0159574,0.000897014
0.0160124,0.000897662
0.0160675,0.000853403
0.0161228,0.000898746
0.0161783,0.00254399
0.016234,0.000953822
0.0162898,0.0010035
0.0163459,0.000953064
0.0164022,0.000920527
0.0164586,0.000936195
0.0165153,0.000886713
0.0165722,0.000879589
0.0166292,0.000802986
0.0166864,0.000860364
0.0167439,0.000858576
0.0168015,0.000867847
0.0168593,0.000973681
0.0169174,0.000878134
0.0169756,0.000857255
0.0170341,0.000839679
0.0170927,0.000852522
0.0171515,0.000831951
0.0172106,0.000795507
0.0172698,0.000807734
0.0173293,0.000740459
0.0173889,0.00075394
0.0174488,0.000702857
0.0175088,0.000651947
0.0175691,0.00067834
0.0176296,0.00071024
0.0176903,0.000676409
0.0177511,0.000681166
0.0178123,0.000630298
0.0178736,0.000669175
0.0179351,0.000621285
0.0179968,0.000658843
0.0180588,0.000610913
0.0181209,0.000619556
0.0181833,0.000646027
0.0182459,0.000599455
0.0183087,0.000591459
0.0183717,0.000648486
0.018435,0.000579554
0.0184984,0.000584913
0.0185621,0.000562341
0.018626,0.00054376
0.0186901,0.000564769
0.0187545,0.000584725
0.018819,0.00056421
0.0188838,0.000565869
0.0189488,0.000544777
0.019014,0.000589292
0.0190795,0.000498708
0.0191451,0.000543612
0.019211,0.000480754
0.0192772,0.000518313
0.0193435,0.000502486
0.0194101,0.000498269
0.0194769,0.000491546
0.019544,0.000477119
0.0196112,0.000506237
0.0196788,0.00049107
0.0197465,0.0004945
0.0198145,0.000477725
0.0198827,0.000471565
0.0199511,0.000450225
0.0200198,0.00150483
0.0200887,0.000520773
0.0201579,0.000526615
0.0202272,0.000481288
0.0202969,0.000499758
0.0203667,0.000452365
0.0204368,0.000451492
0.0205072,0.000420565
0.0205778,0.000455237
0.0206486,0.000466081
0.0207197,0.000416776
0.020791,0.000439623
0.0208626,0.00040497
0.0209344,0.000412489
0.0210065,0.000414154
0.0210788,0.000421621
0.0211513,0.000362829
0.0212241,0.000409146
0.0212972,0.000403435
0.0213705,0.000392756
0.0214441,0.000359397
0.0215179,0.00037013
0.0215919,0.000356773
0.0216663,0.000375121
0.0217408,0.00039137
0.0218157,0.000358559
0.0218908,0.000372192
0.0219661,0.000332706
0.0220417,0.00036311
0.0221176,0.000384557
0.0221938,0.000348539
0.0222701,0.000332314
0.0223468,0.000385883
0.0224237,0.000373166
0.0225009,0.000408473
0.0225784,0.000419957
0.0226561,0.000438673
0.0227341,0.000447253
0.0228123,0.000422457
0.0228909,0.000469003
0.0229697,0.000462849
0.0230487,0.00043685
0.0231281,0.000477547
0.0232077,0.000475411
0.0232876,0.000493479
0.0233677,0.000469426
0.0234482,0.000508015
0.0235289,0.000539136
0.0236099,0.000497771
0.0236911,0.000498579
0.0237727,0.000519749
0.0238545,0.000581742
0.0239366,0.000567128
0.024019,0.00101068
0.0241017,0.000568044
0.0241847,0.000641967
0.0242679,0.000645637
0.0243514,0.00057268
0.0244353,0.000572699
0.0245194,0.000611541
0.0246038,0.000598547
0.0246885,0.000588882
0.0247735,0.000626586
0.0248587,0.000597114
0.0249443,0.000612741
0.0250302,0.000612838
0.0251163,0.000635774
0.0252028,0.000626923
0.0252895,0.000597608
0.0253766,0.000683491
0.0254639,0.000664922
0.0255516,0.000651568
0.0256396,0.000638807
0.0257278,0.000584658
0.0258164,0.000631281
0.0259052,0.000629983
0.0259944,0.000621874
0.0260839,0.000635476
0.0261737,0.00064467
0.0262638,0.000628061
0.0263542,0.000697933
0.0264449,0.000671654
0.0265359,0.000679898
0.0266273,0.000658633
0.0267189,0.000624503
0.0268109,0.000676678
0.0269032,0.000632585
0.0269958,0.000704561
0.0270887,0.000697299
0.027182,0.000717925
0.0272755,0.000725122
0.0273694,0.00067819
0.0274636,0.000689002
0.0275582,0.000701602
0.027653,0.000725514
0.0277482,0.000703373
0.0278437,0.000696719
0.0279396,0.000711146
0.0280357,0.000760434
0.0281323,0.000686721
0.0282291,0.00068606
0.0283263,0.000697385
0.0284238,0.000699591
0.0285216,0.000701444
0.0286198,0.000699042
0.0287183,0.000690643
0.0288172,0.00070617
0.0289164,0.000698901
0.0290159,0.000686509
0.0291158,0.000717867
0.029216,0.00068038
0.0293166,0.000754736
0.0294175,0.00070555
0.0295187,0.000696213
0.0296203,0.000718234
0.0297223,0.000686508
0.0298246,0.000669223
0.0299273,0.000685566
0.0300303,0.000614469
0.0301337,0.000660913
0.0302374,0.000702551
0.0303415,0.000705966
0.0304459,0.000668059
0.0305507,0.00065335
0.0306559,0.000653973
0.0307614,0.000664705
0.0308673,0.000621097
0.0309735,0.000661308
0.0310802,0.000635911
0.0311872,0.000610281
0.0312945,0.000647317
0.0314022,0.000622917
0.0315103,0.000617015
0.0316188,0.000655731
0.0317276,0.000632807
0.0318368,0.000624937
0.0319464,0.000600732
0.0320564,0.000608924
0.0321667,0.000630564
0.0322775,0.000677349
0.0323886,0.0006268
0.0325001,0.000599729
0.0326119,0.000624992
0.0327242,0.000558911
0.0328368,0.000640994
0.0329499,0.000626071
0.0330633,0.000605234
0.0331771,0.000573044
0.0332913,0.000610774
0.0334059,0.000583995
0.0335209,0.00060153
0.0336363,0.000583397
0.0337521,0.000588996
0.0338682,0.000537046
0.0339848,0.000541538
0.0341018,0.000538587
0.0342192,0.000590802
0.034337,0.000573674
0.0344552,0.000527437
0.0345738,0.000519126
0.0346928,0.000561525
0.0348122,0.000581016
0.034932,0.00059574
0.0350523,0.000560171
0.035173,0.000566339
0.035294,0.000580355
0.0354155,0.000562227
0.0355374,0.000504475
0.0356597,0.000560026
0.0357825,0.000554486
0.0359057,0.000552609
0.0360293,0.000527847
0.0361533,0.000596478
0.0362777,0.000565551
0.0364026,0.000599609
0.0365279,0.000580914
0.0366537,0.0005312
0.0367798,0.000556466
0.0369064,0.000541739
0.0370335,0.000534876
0.0371609,0.000578353
0.0372889,0.000587294
0.0374172,0.000526687
0.037546,0.00057871
0.0376753,0.000563616
0.0378049,0.000604407
0.0379351,0.00052062
0.0380657,0.000524773
0.0381967,0.000561547
0.0383282,0.000536101
0.0384601,0.000552613
0.0385925,0.000546676
0.0387253,0.000545625
0.0388586,0.000575281
0.0389924,0.000569046
0.0391266,0.00056769
0.0392613,0.000560561
0.0393965,0.000543173
0.0395321,0.000561472
0.0396681,0.000571773
0.0398047,0.000510247
0.0399417,0.0005463
0.0400792,0.000613631
0.0402172,0.000590083
0.0403556,0.000619347
0.0404945,0.000569708
0.0406339,0.000602833
0.0407738,0.000608553
0.0409141,0.00061322
0.041055,0.000631702
0.0411963,0.000549917
0.0413381,0.00060453
0.0414804,0.000594177
0.0416232,0.000590739
0.0417664,0.000568687
0.0419102,0.00061577
0.0420545,0.000572215
0.0421992,0.00057587
0.0423445,0.000621634
0.0424903,0.000586902
0.0426365,0.000548895
0.0427833,0.000572376
0.0429306,0.000558616
0.0430783,0.000609043
0.0432266,0.000565965
0.0433754,0.000526692
0.0435247,0.00059158
0.0436745,0.000584239
0.0438249,0.000571625
0.0439757,0.000586191
0.0441271,0.000617059
0.044279,0.000613724
0.0444314,0.000594248
0.0445844,0.000624585
0.0447378,0.000584853
0.0448918,0.000568056
0.0450464,0.000580259
0.0452014,0.00058849
0.045357,0.000561518
0.0455131,0.000564928
0.0456698,0.00059263
0.045827,0.000565599
0.0459848,0.000529352
0.0461431,0.000561894
0.0463019,0.000546463
0.0464613,0.000571732
0.0466212,0.000570969
0.0467817,0.000534285
0.0469427,0.00055255
0.0471043,0.000536984
0.0472664,0.00054179
0.0474291,0.00052262
0.0475924,0.000524587
0.0477562,0.000552224
0.0479206,0.000567108
0.0480856,0.000549739
0.0482511,0.000578348
0.0484172,0.000766749
0.0485839,0.00056045
0.0487511,0.000581955
0.0489189,0.000582299
0.0490873,0.000604595
0.0492563,0.000558386
0.0494258,0.00055102
0.0495959,0.000558593
0.0497667,0.000556632
0.049938,0.000581733
0.0501099,0.000545877
0.0502824,0.000511082
0.0504554,0.00053718
0.0506291,0.000549337
0.0508034,0.00055415
0.0509783,0.000526332
0.0511538,0.000562909
0.0513298,0.000549313
0.0515065,0.000580957
0.0516838,0.000553106
0.0518617,0.000564489
0.0520403,0.000579834
0.0522194,0.00055876
0.0523991,0.000568165
0.0525795,0.000556152
0.0527605,0.000539267
0.0529421,0.000553737
0.0531244,0.000591199
0.0533072,0.000571458
0.0534907,0.000564767
0.0536748,0.000575632
0.0538596,0.000566171
0.054045,0.000552379
0.054231,0.000595368
0.0544177,0.000551771
0.054605,0.00055967
0.054793,0.000523344
0.0549816,0.000567946
0.0551709,0.000570468
0.0553608,0.000558117
0.0555513,0.000536709
0.0557426,0.000530841
0.0559344,0.000537173
0.056127,0.000545942
0.0563202,0.000537384
0.056514,0.000542247
0.0567086,0.000530704
0.0569038,0.0005089
0.0570997,0.000555304
0.0572962,0.000594319
0.0574934,0.000527693
0.0576913,0.000518133
0.0578899,0.000541037
0.0580892,0.000578764
0.0582892,0.000531106
0.0584898,0.000541196
0.0586911,0.000563331
0.0588932,0.000523585
0.0590959,0.000501553
0.0592993,0.000524444
0.0595034,0.000533384
0.0597083,0.000538773
0.0599138,0.000512971
0.06012,0.000549911
0.060327,0.000539727
0.0605346,0.000516968
0.060743,0.000585599
0.0609521,0.00054777
0.0611619,0.000562334
0.0613724,0.000578281
0.0615837,0.000569264
0.0617957,0.000546363
0.0620084,0.000569986
0.0622218,0.00054321
0.062436,0.000552341
0.0626509,0.000600752
0.0628666,0.000528986
0.063083,0.000550143
0.0633001,0.000507295
0.063518,0.000559942
0.0637367,0.00055277
0.0639561,0.000535392
0.0641762,0.000524663
0.0643971,0.00055612
0.0646188,0.000556783
0.0648412,0.000514764
0.0650644,0.000547371
0.0652884,0.00053457
0.0655131,0.000553108
0.0657387,0.000525771
0.0659649,0.000546822
0.066192,0.000524942
0.0664199,0.000568701
0.0666485,0.000553241
0.0668779,0.000544902
0.0671081,0.00056558
0.0673391,0.000524584
0.0675709,0.000534418
0.0678035,0.000563885
0.0680369,0.00056385
0.0682711,0.000553
0.0685061,0.000520328
0.0687419,0.000548503
0.0689785,0.000555396
0.069216,0.000527679
0.0694542,0.000522115
0.0696933,0.000560382
0.0699332,0.000527021
0.0701739,0.000560855
0.0704155,0.000535363
0.0706579,0.00054146
0.0709011,0.000545148
0.0711452,0.000548486
0.0713901,0.00057728
0.0716358,0.000511301
0.0718824,0.00058955
0.0721298,0.000560921
0.0723781,0.000531644
0.0726273,0.000601399
0.0728773,0.000556719
0.0731281,0.00054647
0.0733798,0.000539264
0.0736324,0.000547029
0.0738859,0.000555271
0.0741402,0.000511802
0.0743954,0.000547473
0.0746515,0.000560759
0.0749085,0.000537057
0.0751663,0.000557534
0.0754251,0.000527104
0.0756847,0.000512307
0.0759452,0.000535118
0.0762067,0.000532994
0.076469,0.000521593
0.0767322,0.000534785
0.0769963,0.000553161
0.0772614,0.000582557
0.0775273,0.000566578
0.0777942,0.000540769
0.078062,0.000507644
0.0783307,0.000579788
0.0786003,0.000547053
0.0788709,0.000539742
0.0791424,0.000556084
0.0794148,0.000534914
0.0796882,0.000544993
0.0799625,0.000523873
0.0802377,0.000536632
0.0805139,0.000529158
0.080791,0.000538032
0.0810692,0.000558221
0.0813482,0.000551513
0.0816282,0.000539288
0.0819092,0.000540851
0.0821912,0.000523051
0.0824741,0.000552871
0.082758,0.000543536
0.0830428,0.000559132
0.0833287,0.000558245
0.0836155,0.000516429
0.0839034,0.000543751
0.0841922,0.000537883
0.084482,0.000576783
0.0847728,0.000507607
0.0850646,0.000562174
0.0853574,0.000577238
0.0856512,0.000505922
0.0859461,0.000570232
0.0862419,0.000575352
0.0865388,0.000544016
0.0868367,0.000490109
0.0871356,0.000575025
0.0874355,0.000589306
0.0877365,0.000566781
0.0880385,0.000499618
0.0883415,0.000589719
0.0886456,0.000574244
0.0889508,0.000561614
0.089257,0.000542015
0.0895642,0.000589332
0.0898725,0.000588422
0.0901819,0.000574965
0.0904923,0.000537623
0.0908038,0.000562595
0.0911164,0.000536055
0.09143,0.000573995
0.0917447,0.000568595
0.0920605,0.000597007
0.0923774,0.000536964
0.0926954,0.000556625
0.0930145,0.000562154
0.0933347,0.000550338
0.0936559,0.000578564
0.0939783,0.000576422
0.0943018,0.000554854
0.0946264,0.000547667
0.0949522,0.000583872
0.095279,0.000583515
0.095607,0.000557848
0.0959361,0.000517091
0.0962663,0.000554706
0.0965977,0.000562629
0.0969302,0.000574021
0.0972638,0.000528175
0.0975986,0.0005731
0.0979346,0.000588922
0.0982717,0.000555072
0.09861,0.000597054
0.0989494,0.000572554
0.09929,0.000565648
0.0996318,0.000556332
0.0999748,0.000552085
0.100319,0.000576344
0.100664,0.000522716
0.101011,0.00060303
0.101358,0.000601569
0.101707,0.000551014
0.102057,0.000590212
0.102409,0.000552053
0.102761,0.000590348
0.103115,0.000571285
0.10347,0.000605399
0.103826,0.000568123
0.104183,0.000601432
0.104542,0.000590456
0.104902,0.000559412
0.105263,0.000630148
0.105625,0.000605353
0.105989,0.000562453
0.106354,0.000574014
0.10672,0.0005974
0.107087,0.000579874
0.107456,0.000548643
0.107826,0.000579952
0.108197,0.000547902
0.108569,0.000568327
0.108943,0.000594896
0.109318,0.000591493
0.109694,0.000581544
0.110072,0.000557026
0.110451,0.000582232
0.110831,0.000585887
0.111213,0.000605889
0.111595,0.000591361
0.11198,0.00061003
0.112365,0.000552615
0.112752,0.000597618
0.11314,0.000582572
0.113529,0.000571449
0.11392,0.000578767
0.114312,0.000612748
0.114706,0.000607046
0.115101,0.000629969
0.115497,0.000614241
0.115894,0.000632667
0.116293,0.000595861
0.116694,0.000610978
0.117095,0.000632244
0.117498,0.000611086
0.117903,0.000621072
0.118309,0.00059198
0.118716,0.000608915
0.119125,0.000593943
0.119535,0.000598726
0.119946,0.000650592
0.120359,0.000595485
0.120773,0.000628132
0.121189,0.000622242
0.121606,0.000630251
0.122025,0.000641127
0.122445,0.000613479
0.122866,0.000584659
0.123289,0.000615001
0.123714,0.000640077
0.124139,0.000605327
0.124567,0.000633183
0.124996,0.00064638
0.125426,0.000600059
0.125858,0.000587992
0.126291,0.000633877
0.126726,0.000643072
0.127162,0.000609114
0.127599,0.000649275
0.128039,0.000623588
0.128479,0.000621104
0.128922,0.000594425
0.129365,0.000719879
0.129811,0.00061358
0.130258,0.000634991
0.130706,0.000635671
0.131156,0.000628429
0.131607,0.00060917
0.13206,0.000608395
0.132515,0.000633589
0.132971,0.000655913
0.133429,0.000690187
0.133888,0.000674074
0.134349,0.000653374
0.134811,0.000673374
0.135276,0.000677057
0.135741,0.000681392
0.136208,0.000625813
0.136677,0.000664781
0.137148,0.000628708
0.13762,0.000644105
0.138094,0.000700096
0.138569,0.000691244
0.139046,0.000663652
0.139525,0.000600955
0.140005,0.000681195
0.140487,0.000710702
0.14097,0.0006799
0.141456,0.000686271
0.141943,0.000692858
0.142431,0.000694185
0.142921,0.000696159
0.143413,0.000654473
0.143907,0.000734486
0.144402,0.000698836
0.144899,0.000682711
0.145398,0.000710965
0.145899,0.000685918
0.146401,0.000683927
0.146905,0.00072116
0.147411,0.000696153
0.147918,0.000693333
0.148427,0.000671194
0.148938,0.000706262
0.149451,0.000709558
0.149965,0.000752311
0.150481,0.000688123
0.150999,0.000679765
0.151519,0.000712807
0.152041,0.00067138
0.152564,0.000685338
0.153089,0.000696392
0.153616,0.0007113
0.154145,0.000724566
0.154676,0.000693089
0.155208,0.000698954
0.155742,0.000750495
0.156278,0.000712547
0.156816,0.000713492
0.157356,0.000722172
0.157898,0.000731302
0.158441,0.000705713
0.158987,0.000735272
0.159534,0.00069724
0.160083,0.000695883
0.160634,0.000742625
0.161187,0.000765822
0.161742,0.000726413
0.162299,0.000734348
0.162857,0.000737082
0.163418,0.000735545
0.163981,0.000742989
0.164545,0.000752556
0.165111,0.000781966
0.16568,0.000708774
0.16625,0.000768077
0.166822,0.000785924
0.167397,0.000752507
0.167973,0.000817018
0.168551,0.000751842
0.169131,0.000797333
0.169713,0.000757622
0.170298,0.000766149
0.170884,0.000747964
0.171472,0.000781286
0.172062,0.000773479
0.172654,0.000792818
0.173249,0.000728456
0.173845,0.000810086
0.174444,0.00081585
0.175044,0.00080186
0.175647,0.000810668
0.176251,0.000795201
0.176858,0.000831099
0.177467,0.000872542
0.178078,0.000779037
0.178691,0.000831929
0.179306,0.000792305
0.179923,0.000807763
0.180542,0.000805418
0.181164,0.000830638
0.181787,0.000779952
0.182413,0.000837043
0.183041,0.000859648
0.183671,0.000857063
0.184303,0.000813066
0.184938,0.000806316
0.185574,0.000830004
0.186213,0.000884671
0.186854,0.000850358
0.187497,0.000914448
0.188143,0.00081797
0.18879,0.000835651
0.18944,0.000853677
0.190092,0.000826629
0.190747,0.000894798
0.191403,0.000874697
0.192062,0.000869842
0.192723,0.000880066
0.193387,0.00086967
0.194052,0.000875251
0.19472,0.0008822
0.19539,0.000886067
0.196063,0.000878408
0.196738,0.000889213
0.197415,0.000898233
0.198095,0.000933633
0.198777,0.000933151
0.199461,0.000908462
0.200147,0.000917095
0.200836,0.000867598
0.201528,0.000918429
0.202221,0.000921342
0.202917,0.000898143
0.203616,0.000890797
0.204317,0.00088883
0.20502,0.000926958
0.205726,0.000908894
0.206434,0.000916947
0.207145,0.000913679
0.207858,0.000887467
0.208573,0.000932758
0.209291,0.000888559
0.210012,0.00090156
0.210734,0.000963724
0.21146,0.00094156
0.212188,0.000959871
0.212918,0.000922317
0.213651,0.000908844
0.214386,0.000964131
0.215124,0.000911824
0.215865,0.000972674
0.216608,0.000969318
0.217354,0.00103857
0.218102,0.000992088
0.218853,0.000927744
0.219606,0.00100795
0.220362,0.000914224
0.22112,0.000970439
0.221882,0.000979443
0.222645,0.00101144
0.223412,0.000991432
0.224181,0.00095703
0.224952,0.000952593
0.225727,0.000976965
0.226504,0.00106386
0.227283,0.000964295
0.228066,0.00102337
0.228851,0.000993242
0.229639,0.000994632
0.230429,0.00105506
0.231222,0.00104953
0.232018,0.00107829
0.232817,0.00105756
0.233618,0.00104158
0.234422,0.00108731
0.235229,0.0010672
0.236039,0.00105878
0.236852,0.0010588
0.237667,0.00100047
0.238485,0.00108292
0.239306,0.00103942
0.24013,0.00106532
0.240956,0.00105021
0.241786,0.0011536
0.242618,0.00109374
0.243453,0.00107448
0.244291,0.00108984
0.245132,0.00112752
0.245976,0.00103103
0.246822,0.00109884
0.247672,0.00116079
0.248525,0.00115729
0.24938,0.00109224
0.250239,0.00112185
0.2511,0.00108326
0.251964,0.00113667
0.252832,0.00113892
0.253702,0.00112394
0.254575,0.00122595
0.255452,0.00108961
0.256331,0.00113214
0.257213,0.00114202
0.258099,0.00119996
0.258987,0.00114108
0.259878,0.00116126
0.260773,0.00113476
0.261671,0.00118614
0.262571,0.00117363
0.263475,0.00120261
0.264382,0.00114441
0.265292,0.00118663
0.266205,0.00118259
0.267122,0.00122395
0.268041,0.00118973
0.268964,0.00125493
0.26989,0.00122424
0.270819,0.00122857
0.271751,0.00122393
0.272686,0.00126987
0.273625,0.00123262
0.274567,0.00126343
0.275512,0.00125437
0.27646,0.00121233
0.277412,0.00124116
0.278367,0.00123782
0.279325,0.0012502
0.280287,0.00135471
0.281252,0.00134304
0.28222,0.00128986
0.283191,0.00127222
0.284166,0.00129909
0.285144,0.00126799
0.286126,0.00125527
0.287111,0.00129444
0.288099,0.00132944
0.289091,0.00131852
0.290086,0.00126336
0.291084,0.00133203
0.292086,0.00127609
0.293092,0.00136053
0.294101,0.00136607
0.295113,0.00136843
0.296129,0.00142407
0.297148,0.00132324
0.298171,0.00140806
0.299197,0.00140103
0.300227,0.00142771
0.301261,0.00141347
0.302298,0.00138389
0.303338,0.00138322
0.304382,0.00134323
0.30543,0.00146993
0.306482,0.00139042
0.307536,0.00143952
0.308595,0.00136004
0.309657,0.00144233
0.310723,0.00145663
0.311793,0.00142827
0.312866,0.0013797
0.313943,0.00141196
0.315024,0.00144581
0.316108,0.00160301
0.317196,0.00149393
0.318288,0.00145547
0.319384,0.00151662
0.320483,0.00148244
0.321586,0.00153368
0.322693,0.00152163
0.323804,0.00149109
0.324919,0.00149404
0.326037,0.00156283
0.327159,0.00151365
0.328286,0.00154003
0.329416,0.00153452
0.330549,0.001509
0.331687,0.00161183
0.332829,0.00155942
0.333975,0.0016088
0.335124,0.00155061
0.336278,0.00159471
0.337435,0.00160992
0.338597,0.00160034
0.339763,0.00159889
0.340932,0.00157545
0.342106,0.00165673
0.343283,0.00162808
0.344465,0.00164484
0.345651,0.0016321
0.34684,0.00163291
0.348034,0.0016227
0.349232,0.00173057
0.350434,0.00163601
0.351641,0.00164435
0.352851,0.00162663
0.354066,0.00170663
0.355285,0.00166805
0.356508,0.00170411
0.357735,0.00171062
0.358966,0.00169586
0.360202,0.00169787
0.361442,0.0017062
0.362686,0.00177548
0.363934,0.00173106
0.365187,0.00179906
0.366444,0.00171801
0.367705,0.00173737
0.368971,0.0017081
0.370241,0.00174951
0.371516,0.00176326
0.372795,0.00183507
0.374078,0.00182882
0.375365,0.00175965
0.376658,0.0018568
0.377954,0.00186519
0.379255,0.00178694
0.380561,0.00178191
0.381871,0.00180729
0.383185,0.00185226
0.384504,0.00185295
0.385828,0.00187587
0.387156,0.00187945
0.388488,0.00188739
0.389826,0.0019595
0.391168,0.00191435
0.392514,0.00190231
0.393865,0.00191281
0.395221,0.0018822
0.396581,0.00191409
0.397946,0.00188965
0.399316,0.00189443
0.400691,0.00193778
0.40207,0.00193111
0.403454,0.00197919
0.404843,0.00199113
0.406236,0.00195437
0.407635,0.00201829
0.409038,0.00200085
0.410446,0.00198826
0.411859,0.00200401
0.413277,0.00205971
0.414699,0.00203961
0.416127,0.00202933
0.417559,0.00204018
0.418996,0.00202281
0.420439,0.00212682
0.421886,0.00214807
0.423338,0.00212536
0.424795,0.0020968
0.426258,0.00213233
0.427725,0.00219887
0.429197,0.00225349
0.430675,0.00211614
0.432157,0.00218964
0.433645,0.00213935
0.435137,0.00209751
0.436635,0.00221979
0.438138,0.00218178
0.439646,0.00216121
0.44116,0.00220435
0.442678,0.00216575
0.444202,0.00230349
0.445731,0.00225102
0.447265,0.00225883
0.448805,0.00229728
0.45035,0.0022578
0.4519,0.00228483
0.453456,0.00235862
0.455017,0.00230241
0.456583,0.00228254
0.458155,0.00228088
0.459732,0.00234421
0.461314,0.0024432
0.462902,0.00229193
0.464495,0.00242857
0.466094,0.00230697
0.467699,0.00238316
0.469309,0.00243449
0.470924,0.002419
0.472545,0.00245399
0.474172,0.00240719
0.475804,0.00242754
0.477442,0.00247086
0.479085,0.00252051
0.480734,0.00246573
0.482389,0.00257135
0.48405,0.00250389
0.485716,0.00257258
0.487388,0.00262164
0.489066,0.00255858
0.490749,0.00260282
0.492438,0.00258694
0.494133,0.00255499
0.495834,0.00262457
0.497541,0.00255261
0.499254,0.00248047
0.500972,0.00264136
0.502697,0.00260355
0.504427,0.00271919
0.506164,0.00260584
0.507906,0.00263794
0.509654,0.00273595
0.511409,0.00271065
0.513169,0.00268541
0.514935,0.00273308
0.516708,0.00275783
0.518486,0.00263501
0.520271,0.00274599
0.522062,0.00277117
0.523859,0.00280373
0.525662,0.00277699
0.527472,0.0027777
0.529288,0.00291312
0.531109,0.0028225
0.532938,0.00287148
0.534772,0.0029407
0.536613,0.0028704
0.53846,0.00296071
0.540314,0.00284258
0.542174,0.00296417
0.54404,0.00282403
0.545913,0.00290593
0.547792,0.00283976
0.549677,0.00306274
0.551569,0.00290699
0.553468,0.00302037
0.555373,0.00292998
0.557285,0.00296989
0.559203,0.00305974
0.561128,0.00310399
0.56306,0.00306477
0.564998,0.00313857
0.566943,0.00312382
0.568894,0.00303148
0.570853,0.00314392
0.572818,0.00309769
0.574789,0.00320408
0.576768,0.00312807
0.578753,0.00319273
0.580745,0.00316862
0.582744,0.0031764
0.58475,0.00324891
0.586763,0.00317801
0.588783,0.00324738
0.59081,0.00326819
0.592843,0.00330806
0.594884,0.00326554
0.596932,0.00331049
0.598987,0.00323806
0.601049,0.00328069
0.603117,0.00331559
0.605194,0.00340952
0.607277,0.00335014
0.609367,0.00332875
0.611465,0.00345464
0.61357,0.00344218
0.615682,0.00349714
0.617801,0.0034749
0.619927,0.00348919
0.622061,0.00347802
0.624203,0.00347299
0.626351,0.00350765
0.628507,0.00359796
0.630671,0.00359732
0.632842,0.00366008
0.63502,0.00358176
0.637206,0.00370406
0.639399,0.00362268
0.6416,0.00374587
0.643809,0.00374771
0.646025,0.00373766
0.648249,0.00376768
0.65048,0.00367843
0.652719,0.00367175
0.654966,0.00367831
0.657221,0.00374967
0.659483,0.00377
0.661753,0.00375665
0.664031,0.00382057
0.666317,0.00385174
0.66861,0.00391067
0.670912,0.0038452
0.673221,0.0038686
0.675539,0.00386334
0.677864,0.00400716
0.680197,0.00402231
0.682539,0.00405204
0.684888,0.00402443
0.687246,0.00400287
0.689611,0.00398473
0.691985,0.00405496
0.694367,0.00402627
0.696757,0.00418684
0.699156,0.00413292
0.701562,0.00418173
0.703977,0.00414148
0.706401,0.004191
0.708832,0.00420787
0.711272,0.00426926
0.713721,0.00423983
0.716177,0.00424306
0.718643,0.00424439
0.721116,0.00425229
0.723599,0.00421497
0.726089,0.00444462
0.728589,0.00433543
0.731097,0.00430268
0.733613,0.00431925
0.736139,0.00446724
0.738673,0.00450881
0.741215,0.0100556
0.743767,0.00438785
0.746327,0.0044986
0.748896,0.00445847
0.751474,0.00451158
0.754061,0.00467644
0.756656,0.00451789
0.759261,0.00463541
0.761874,0.00681866
0.764497,0.00458246
0.767128,0.00465044
0.769769,0.00471624
0.772419,0.00470455
0.775078,0.00474198
0.777746,0.00489347
0.780423,0.00479017
0.783109,0.00479558
0.785805,0.00477569
0.78851,0.00488071
0.791224,0.00482378
0.793948,0.00493599
0.79668,0.00492238
0.799423,0.00499656
0.802175,0.00498727
0.804936,0.00499171
0.807707,0.00498005
0.810487,0.00493867
0.813277,0.00499622
0.816076,0.00513721
0.818885,0.0049969
0.821704,0.00508724
0.824533,0.00511557
0.827371,0.00509
0.830219,0.00524739
0.833077,0.00520388
0.835944,0.00528689
0.838822,0.00519367
0.841709,0.00538439
0.844607,0.00538477
0.847514,0.00521381
0.850431,0.00535454
0.853359,0.00530762
0.856296,0.00539384
0.859244,0.00553581
0.862201,0.00532998
0.865169,0.00543493
0.868147,0.00547647
0.871136,0.00549481
0.874135,0.00566597
0.877143,0.00566133
0.880163,0.00566501
0.883193,0.00561641
0.886233,0.00581564
0.889283,0.00579371
0.892344,0.00563781
0.895416,0.00583618
0.898498,0.00587395
0.901591,0.00572625
0.904695,0.0058939
0.907809,0.00594141
0.910934,0.00597802
0.914069,0.00590512
0.917216,0.00601893
0.920373,0.00598022
0.923541,0.00599437
0.92672,0.00613891
0.92991,0.00608366
0.933111,0.00614209
0.936323,0.00616827
0.939546,0.00618887
0.94278,0.00630383
0.946026,0.00630299
0.949282,0.0063707
0.95255,0.00627725
0.955829,0.00625224
0.959119,0.00638375
0.96242,0.00654309
0.965733,0.00628729
0.969057,0.00643541
0.972393,0.00647908
0.97574,0.00650794
0.979099,0.00653187
0.982469,0.00653168
0.985851,0.00659345
0.989245,0.00672587
0.99265,0.00662852
0.996067,0.00672406
0.999495,0.00668123
1.00294,0.00686316
1.00639,0.00689206
1.00985,0.00690437
1.01333,0.00694621
1.01682,0.00694572
1.02032,0.00693533
1.02383,0.00688742
1.02735,0.0070678
1.03089,0.00703202
1.03444,0.00714056
1.038,0.00707936
1.04157,0.00714259
1.04516,0.00720559
1.04876,0.00750631
1.05237,0.00715675
1.05599,0.00728172
1.05962,0.00731378
1.06327,0.00731978
1.06693,0.00754008
1.0706,0.00742265
1.07429,0.00740318
1.07799,0.00757716
1.0817,0.007488
1.08542,0.00774472
1.08916,0.00749922
1.09291,0.00769425
1.09667,0.00758119
1.10044,0.00774577
1.10423,0.0077218
1.10803,0.00780436
1.11185,0.0078108
1.11567,0.00787757
1.11951,0.00797394
1.12337,0.00788078
1.12723,0.00793463
1.13111,0.00800874
1.13501,0.00807357
1.13891,0.00814868
1.14283,0.00817937
1.14677,0.00826386
1.15072,0.00829312
1.15468,0.00821464
1.15865,0.00837592
1.16264,0.00821751
1.16664,0.00840102
1.17066,0.00844994
1.17469,0.00852059
1.17873,0.00850841
1.18279,0.00845399
1.18686,0.00856457
1.19095,0.00889032
1.19505,0.00868554
1.19916,0.00877227
1.20329,0.00881185
1.20743,0.00884379
1.21158,0.0090118
1.21576,0.00884146
1.21994,0.00908021
1.22414,0.00891443
1.22835,0.00914439
1.23258,0.009017
1.23682,0.00903893
1.24108,0.00919077
1.24535,0.0091969
1.24964,0.00939243
1.25394,0.0094719
1.25826,0.00933598
1.26259,0.00954756
1.26694,0.00961408
1.2713,0.0095201
1.27567,0.00953585
1.28006,0.00959534
1.28447,0.00952441
1.28889,0.0096565
1.29333,0.0098457
1.29778,0.00990609
1.30225,0.00998541
1.30673,0.00999105
1.31123,0.00994904
1.31574,0.010052
1.32027,0.0102391
1.32482,0.0102791
1.32938,0.0102898
1.33395,0.0101185
1.33854,0.0105094
1.34315,0.0103682
1.34777,0.0103664
1.35241,0.0103616
1.35707,0.0106229
1.36174,0.0104197
1.36643,0.0105821
1.37113,0.0107031
1.37585,0.0106239
1.38059,0.0107425
1.38534,0.0108546
1.39011,0.0109578
1.39489,0.010765
1.3997,0.010876
1.40451,0.0111001
1.40935,0.0109887
1.4142,0.0113561
1.41907,0.0111708
1.42395,0.0113032
1.42885,0.0113107
1.43377,0.0113328
1.43871,0.0114691
1.44366,0.0114071
1.44863,0.0113459
1.45362,0.0115361
1.45862,0.0116512
1.46364,0.0117815
1.46868,0.0118002
1.47373,0.0119572
1.47881,0.0118674
1.4839,0.0119915
1.48901,0.0120652
1.49413,0.0120453
1.49927,0.0122052
1.50443,0.0123573
1.50961,0.0121685
1.51481,0.0122067
1.52002,0.0124617
1.52526,0.0124493
1.53051,0.0123843
1.53577,0.0127721
1.54106,0.0127781
1.54637,0.0126054
1.55169,0.0126698
1.55703,0.0127535
1.56239,0.0127264
1.56777,0.0129213
1.57316,0.0131214
1.57858,0.0128519
1.58401,0.0130559
1.58947,0.013183
1.59494,0.0135408
1.60043,0.013409
1.60594,0.013399
1.61146,0.0134486
1.61701,0.013382
1.62258,0.0136787
1.62816,0.0136439
1.63377,0.0137476
1.63939,0.0137625
1.64503,0.0136883
1.6507,0.0139425
1.65638,0.0141705
1.66208,0.0141765
1.6678,0.0142698
1.67354,0.0141125
1.6793,0.014455
1.68508,0.0145799
1.69088,0.0145086
1.69671,0.0145983
1.70255,0.0145596
1.70841,0.0145878
1.71429,0.0147882
1.72019,0.0148307
1.72611,0.0149927
1.73205,0.014902
1.73801,0.0150431
1.744,0.0152207
1.75,0.0153038
1.75602,0.0153048
1.76207,0.0153851
1.76813,0.0154682
1.77422,0.0155205
1.78033,0.0153447
1.78645,0.0157492
1.7926,0.0157818
1.79877,0.0157991
1.80497,0.015863
1.81118,0.0160702
1.81741,0.0162245
1.82367,0.0162758
1.82995,0.0162995
1.83625,0.0164752
1.84257,0.0164336
1.84891,0.0164626
1.85527,0.0166046
1.86166,0.0168911
1.86807,0.0165481
1.8745,0.016971
1.88095,0.0170331
1.88743,0.0170633
1.89392,0.017144
1.90044,0.0171079
1.90698,0.0173812
1.91355,0.0175444
1.92014,0.017558
1.92674,0.0174014
1.93338,0.017606
1.94003,0.0178457
1.94671,0.0178853
1.95341,0.0177162
1.96014,0.0179805
1.96688,0.018328
1.97365,0.0181584
1.98045,0.0180143
1.98726,0.018654
1.9941,0.018533
2.00097,0.0187013
2.00786,0.0187245
2.01477,0.0188859
2.0217,0.0189843
2.02866,0.018891
2.03565,0.0190469
2.04265,0.0191829
2.04968,0.0194225
2.05674,0.0194896
2.06382,0.019338
2.07092,0.0194156
2.07805,0.0198791
2.08521,0.0198227
2.09238,0.0197727
2.09959,0.0201195
2.10681,0.0198976
2.11406,0.0201963
2.12134,0.0203475
2.12864,0.0203343
2.13597,0.0203619
2.14332,0.0206178
2.1507,0.0205336
2.1581,0.0208462
2.16553,0.0207841
2.17299,0.020948
2.18047,0.0211902
2.18797,0.0213691
2.19551,0.021326
2.20306,0.0216274
2.21065,0.0216878
2.21826,0.0216437
2.22589,0.0216445
2.23355,0.0217028
2.24124,0.0223578
2.24896,0.0223889
2.2567,0.0224173
2.26447,0.0223604
2.27226,0.0225988
2.28008,0.0224962
2.28793,0.0226572
2.29581,0.0229373
2.30371,0.0230312
2.31164,0.0230774
2.3196,0.0227254
2.32758,0.0233921
2.33559,0.0230755
2.34363,0.0236416
2.3517,0.0237229
2.3598,0.0236788
2.36792,0.0237347
2.37607,0.0241679
2.38425,0.0241937
2.39245,0.0242302
2.40069,0.0240935
2.40895,0.0245633
2.41725,0.0248337
2.42557,0.024751
2.43392,0.0248938
2.44229,0.0251135
2.4507,0.0251748
2.45914,0.0252985
2.4676,0.0250953
2.4761,0.025595
2.48462,0.0258131
2.49317,0.0255219
2.50175,0.0260345
2.51037,0.0262794
2.51901,0.0262578
2.52768,0.0261512
2.53638,0.0266069
2.54511,0.0265391
2.55387,0.0266269
2.56266,0.0269532
2.57148,0.0272588
2.58033,0.0270735
2.58922,0.0272874
2.59813,0.0275448
2.60707,0.0275547
2.61605,0.0280008
2.62505,0.0279282
2.63409,0.0278189
2.64315,0.0281484
2.65225,0.0284718
2.66138,0.0284463
2.67054,0.0285347
2.67974,0.0285774
2.68896,0.0287955
2.69822,0.0291881
2.7075,0.0289998
2.71682,0.0294807
2.72618,0.0297323
2.73556,0.0295809
2.74498,0.0296707
2.75443,0.0299691
2.76391,0.0299017
2.77342,0.0299475
2.78297,0.0303687
2.79255,0.0304433
2.80216,0.0306883
2.81181,0.0306694
2.82148,0.0306408
2.8312,0.030953
2.84094,0.0312804
2.85072,0.0314835
2.86053,0.0316194
2.87038,0.0316183
2.88026,0.0318052
2.89018,0.031968
2.90012,0.032268
2.91011,0.0320906
2.92013,0.0326825
2.93018,0.0329534
2.94026,0.0326913
2.95038,0.032878
2.96054,0.0331243
2.97073,0.0336878
2.98096,0.0332748
2.99122,0.0339347
3.00151,0.0336719
3.01185,0.0339602
3.02221,0.0342367
3.03262,0.0344747
3.04306,0.0346885
3.05353,0.0346434
3.06404,0.0350202
3.07459,0.0349044
3.08517,0.0354313
3.09579,0.0352034
3.10645,0.0354786
3.11714,0.0355296
3.12787,0.0358528
3.13864,0.0363626
3.14944,0.0363545
3.16028,0.0362443
3.17116,0.0367423
3.18208,0.036806
3.19303,0.0368926
3.20402,0.0370399
3.21505,0.037353
3.22612,0.037633
3.23722,0.0374267
3.24837,0.0377724
3.25955,0.0379722
3.27077,0.0379433
3.28203,0.0383021
3.29332,0.0384759
3.30466,0.0385052
3.31604,0.039
3.32745,0.0387922
3.3389,0.0392385
3.3504,0.0398346
3.36193,0.0396768
3.3735,0.0401481
3.38512,0.0396104
3.39677,0.040233
3.40846,0.0403054
3.42019,0.0406826
3.43197,0.0409783
3.44378,0.0412816
3.45563,0.0413317
3.46753,0.0412323
3.47947,0.0415534
3.49144,0.0411969
3.50346,0.0419291
3.51552,0.0420229
3.52762,0.0421749
3.53976,0.0428432
3.55195,0.0425626
3.56418,0.0432056
3.57644,0.0427417
3.58876,0.0434575
3.60111,0.0434368
3.6135,0.0435922
3.62594,0.043858
3.63842,0.0438931
3.65095,0.0442234
3.66352,0.044709
3.67613,0.0444445
3.68878,0.0446207
3.70148,0.0448395
3.71422,0.0452456
3.72701,0.0456005
3.73983,0.0452652
3.75271,0.0457756
3.76563,0.0461636
3.77859,0.0463576
3.79159,0.045949
3.80465,0.0468575
3.81774,0.0468517
3.83088,0.0470488
3.84407,0.0468745
3.8573,0.0469592
3.87058,0.0474334
3.8839,0.0474619
3.89727,0.0479112
3.91069,0.0479039
3.92415,0.047939
3.93766,0.0485456
3.95121,0.0486664
3.96481,0.0487484
3.97846,0.049064
3.99216,0.0498581
4.0059,0.0490944
4.01969,0.0494391
4.03352,0.0496991
4.04741,0.0500742
4.06134,0.0501935
4.07532,0.050443
4.08935,0.0508616
4.10342,0.0507567
4.11755,0.050847
4.13172,0.0508201
4.14595,0.0511784
4.16022,0.0513779
4.17454,0.0515322
4.18891,0.0518164
4.20333,0.0518988
4.21779,0.0521482
4.23231,0.052203
4.24688,0.052019
4.2615,0.0525684
4.27617,0.0526343
4.29089,0.0529961
4.30566,0.0533629
4.32048,0.0534626
4.33535,0.0533326
4.35028,0.0534745
4.36525,0.0538352
4.38028,0.0540635
4.39535,0.0542228
4.41048,0.0544312
4.42567,0.0546143
4.4409,0.054666
4.45619,0.0548157
4.47153,0.0554116
4.48692,0.055406
4.50236,0.0554491
4.51786,0.0560276
4.53341,0.0554661
4.54902,0.0559197
4.56468,0.056305
4.58039,0.0566751
4.59616,0.0563924
4.61198,0.0566244
4.62785,0.056795
4.64378,0.0571334
4.65977,0.0568998
4.67581,0.0571841
4.6919,0.057292
4.70805,0.057817
4.72426,0.0575074
4.74052,0.0577123
4.75684,0.0577602
4.77321,0.0582194
4.78964,0.0585989
4.80613,0.0587506
4.82268,0.0586746
4.83928,0.0592169
4.85593,0.0585522
4.87265,0.0587545
4.88942,0.0591105
4.90625,0.0596376
4.92314,0.0598126
4.94009,0.059542
4.95709,0.0589881
4.97416,0.0596004
4.99128,0.060488
5.00846,0.0601763
5.0257,0.0604559
5.043,0.0605563
5.06036,0.0604433
5.07778,0.0607224
5.09526,0.0607804
5.11279,0.0610136
5.13039,0.061403
5.14805,0.0619326
5.16578,0.061094
5.18356,0.0611199
5.2014,0.0618432
5.2193,0.062003
5.23727,0.0616141
5.2553,0.0625159
5.27339,0.0626145
5.29154,0.0621831
5.30976,0.0623365
5.32803,0.0626979
5.34637,0.0628511
5.36478,0.0627656
5.38324,0.0630521
5.40177,0.0628466
5.42037,0.0634644
5.43903,0.0632055
5.45775,0.0631275
5.47653,0.0632774
5.49539,0.0633456
5.5143,0.0637402
5.53328,0.0634133
5.55233,0.0638546
5.57144,0.0637888
5.59062,0.0638236
5.60987,0.0639765
5.62918,0.0643549
5.64855,0.0644291
5.668,0.0644489
5.68751,0.0649381
5.70708,0.06436
5.72673,0.0648255
5.74644,0.0647367
5.76622,0.064238
5.78607,0.0649888
5.80599,0.0648262
5.82597,0.0653423
5.84603,0.0648503
5.86615,0.0652401
5.88634,0.0650348
5.90661,0.0652087
5.92694,0.065275
5.94734,0.0655719
5.96781,0.0656078
5.98836,0.0646337
6.00897,0.065526
6.02965,0.0656281
6.05041,0.065577
6.07124,0.0652087
6.09213,0.0658199
6.1131,0.0659668
6.13415,0.0661248
6.15526,0.0661557
6.17645,0.0665458
6.19771,0.066061
6.21904,0.0660917
6.24045,0.066132
6.26193,0.066017
6.28349,0.0659476
6.30512,0.065803
6.32682,0.0662333
6.3486,0.0663308
6.37045,0.0665875
6.39238,0.0659355
6.41439,0.0661103
6.43647,0.0661464
6.45862,0.0662123
6.48085,0.0661664
6.50316,0.0660687
6.52555,0.0664447
6.54801,0.0665572
6.57055,0.0665267
6.59317,0.0662907
6.61586,0.0668241
6.63863,0.0663317
6.66149,0.0665836
6.68442,0.0669704
6.70743,0.06651
6.73051,0.0664432
6.75368,0.0663643
6.77693,0.0667427
6.80026,0.0658976
6.82367,0.0660889
6.84715,0.0666459
6.87072,0.0661917
6.89437,0.0662282
6.91811,0.0666465
6.94192,0.0661839
6.96582,0.066192
6.98979,0.0665421
7.01385,0.065959
7.038,0.0659938
7.06222,0.0660739
7.08653,0.0652664
7.11093,0.0658567
7.13541,0.0660709
7.15997,0.0659921
7.18461,0.0652861
7.20934,0.065489
7.23416,0.0656654
7.25906,0.0655178
7.28405,0.0655833
7.30912,0.0656598
7.33428,0.0656466
7.35953,0.0653786
7.38486,0.065143
7.41028,0.0654419
7.43579,0.0651927
7.46139,0.0655396
7.48707,0.0648279
7.51284,0.0647023
7.5387,0.0649362
7.56465,0.0649207
7.59069,0.0650226
7.61682,0.0649097
7.64304,0.0645586
7.66935,0.0643686
7.69575,0.0642819
7.72224,0.0647077
7.74882,0.0642688
7.77549,0.0645494
7.80226,0.0642105
7.82912,0.0642676
7.85607,0.0646725
7.88311,0.06379
7.91024,0.0638881
7.93747,0.0641996
7.96479,0.0641096
7.99221,0.0633795
8.01972,0.0634258
8.04733,0.0635854
8.07503,0.0634556
8.10283,0.0631224
8.13072,0.062751
8.1587,0.0628674
8.18679,0.0625384
8.21497,0.0622246
8.24325,0.0627148
8.27162,0.0622471
8.3001,0.0621057
8.32867,0.0619611
8.35734,0.0621611
8.3861,0.0612221
8.41497,0.0615895
8.44394,0.061688
8.473,0.0617665
8.50217,0.0615999
8.53143,0.0615551
8.5608,0.0611712
8.59027,0.0607867
8.61984,0.0606877
8.64951,0.0609871
8.67928,0.0605148
8.70916,0.0604199
8.73914,0.060479
8.76922,0.0603503
8.79941,0.0595506
8.8297,0.0602087
8.86009,0.0592546
8.89059,0.0597429
8.92119,0.0590859
8.9519,0.0597604
8.98272,0.0594565
9.01364,0.059294
9.04466,0.0585494
9.0758,0.0587337
9.10704,0.0584711
9.13839,0.0588112
9.16984,0.0580779
9.20141,0.0579361
9.23308,0.0576533
9.26486,0.0578958
9.29676,0.0575284
9.32876,0.0574985
9.36087,0.0572851
9.39309,0.0577931
9.42542,0.0569269
9.45787,0.0568787
9.49042,0.057022
9.52309,0.0567646
9.55587,0.0564059
9.58877,0.0560458
9.62177,0.0558697
9.65489,0.0556201
9.68813,0.0558803
9.72148,0.0555711
9.75494,0.0552801
9.78852,0.0550822
9.82221,0.0553532
9.85602,0.054734
9.88995,0.0548417
9.92399,0.0548256
9.95816,0.0543784
9.99243,0.054398
10.0268,0.0540294
10.0613,0.0536785
10.096,0.0535745
10.1307,0.0535138
10.1656,0.053425
10.2006,0.0529837
10.2357,0.0532902
10.2709,0.05297
10.3063,0.0522146
10.3418,0.0528652
10.3774,0.0521926
10.4131,0.0516006
10.4489,0.0519252
10.4849,0.0516369
10.521,0.0510822
10.5572,0.051088
10.5936,0.0513511
10.63,0.0506565
10.6666,0.0507181
10.7033,0.0506738
10.7402,0.0504634
10.7771,0.0500714
10.8142,0.0496689
10.8515,0.0498051
10.8888,0.0492462
10.9263,0.0495263
10.9639,0.049302
11.0016,0.0488539
11.0395,0.0485925
11.0775,0.0485195
11.1156,0.0489191
11.1539,0.0483554
11.1923,0.048146
11.2308,0.047795
11.2695,0.048108
11.3083,0.0473685
11.3472,0.0471727
11.3863,0.0472753
11.4255,0.046596
11.4648,0.0469203
11.5043,0.0463069
11.5439,0.0464194
11.5836,0.0457246
11.6235,0.0452188
11.6635,0.0460279
11.7036,0.0456837
11.7439,0.045205
11.7843,0.0454074
11.8249,0.0450997
11.8656,0.044731
11.9065,0.0442196
11.9474,0.0441129
11.9886,0.0443774
12.0298,0.0440247
12.0712,0.0440874
12.1128,0.043664
12.1545,0.0431504
12.1963,0.0429668
12.2383,0.0429407
12.2804,0.0424164
12.3227,0.0426712
12.3651,0.0423012
12.4077,0.041992
12.4504,0.0415955
12.4933,0.0416302
12.5363,0.0417114
12.5794,0.0417475
12.6227,0.0411252
12.6662,0.0406531
12.7098,0.0402924
12.7535,0.0401607
12.7974,0.0402952
12.8415,0.0399956
12.8857,0.0399554
12.93,0.0395988
12.9745,0.0393108
13.0192,0.0392414
13.064,0.0390754
13.109,0.0391654
13.1541,0.0390355
13.1994,0.0380508
13.2448,0.038837
13.2904,0.038199
13.3362,0.0382545
13.3821,0.0375733
13.4281,0.0372566
13.4743,0.0371863
13.5207,0.0370194
13.5673,0.0367298
13.614,0.0368039
13.6608,0.0365771
13.7079,0.0366395
13.755,0.0359304
13.8024,0.036028
13.8499,0.0354934
13.8976,0.0358756
13.9454,0.0351104
13.9934,0.035163
14.0416,0.0349754
14.0899,0.0347483
14.1384,0.0344001
14.1871,0.0344592
14.2359,0.0340253
14.2849,0.0339039
14.3341,0.0338805
14.3834,0.0336326
14.433,0.0332957
14.4826,0.0331001
14.5325,0.0328048
14.5825,0.0328185
14.6327,0.0325834
14.6831,0.0323376
14.7336,0.0322268
14.7843,0.0319887
14.8352,0.0317857
14.8863,0.0315073
14.9375,0.0309273
14.989,0.0307909
15.0406,0.030937
15.0923,0.0307197
15.1443,0.0305883
15.1964,0.0305421
15.2487,0.0302015
15.3012,0.0301019
15.3539,0.0299547
15.4067,0.0296482
15.4598,0.0294316
15.513,0.0293087
15.5664,0.0290605
15.62,0.0287031
15.6737,0.0284983
15.7277,0.028767
15.7818,0.0285455
15.8361,0.0279791
15.8907,0.0281265
15.9454,0.0276148
16.0002,0.0275942
16.0553,0.0277385
16.1106,0.0273414
16.166,0.0273373
16.2217,0.0269892
16.2775,0.0267056
16.3336,0.0265366
16.3898,0.0265707
16.4462,0.0263054
16.5028,0.0260607
16.5596,0.026141
16.6166,0.0259159
16.6738,0.0255595
16.7312,0.0254782
16.7888,0.0251094
16.8466,0.0251896
16.9046,0.0249659
16.9628,0.0247109
17.0212,0.0245758
17.0798,0.0242186
17.1385,0.0243122
17.1975,0.0239034
17.2567,0.0240294
17.3161,0.0239152
17.3757,0.0234181
17.4356,0.023519
17.4956,0.0232081
17.5558,0.0231033
17.6162,0.0227984
17.6769,0.0227538
17.7377,0.0225016
17.7988,0.0225075
17.86,0.0222912
17.9215,0.0220809
17.9832,0.0221163
18.0451,0.0217809
18.1072,0.0214492
18.1696,0.0212969
18.2321,0.0215685
18.2949,0.0210238
18.3578,0.02104
18.421,0.0208769
18.4844,0.0208199
18.5481,0.0207543
18.6119,0.0202021
18.676,0.0202511
18.7403,0.0200766
18.8048,0.0199103
18.8695,0.0200558
18.9345,0.0194736
18.9996,0.0197169
19.065,0.0196009
19.1307,0.0192634
19.1965,0.0193706
19.2626,0.0190802
19.3289,0.0189141
19.3954,0.0187991
19.4622,0.0185848
19.5292,0.0184562
19.5964,0.0184123
19.6639,0.0182763
19.7316,0.0183111
19.7995,0.0177733
19.8676,0.0175041
19.936,0.0177857
20.0046,0.0177117
20.0735,0.0173238
20.1426,0.0172642
20.2119,0.017334
20.2815,0.0171146
20.3513,0.0169269
20.4214,0.0168025
20.4917,0.01653
20.5622,0.0164331
20.633,0.0162285
20.704,0.0163108
20.7753,0.0159683
20.8468,0.0161125
20.9186,0.0160599
20.9906,0.015817
21.0628,0.0155222
21.1353,0.0155403
21.2081,0.0155247
21.2811,0.0151085
21.3543,0.015166
21.4278,0.0150569
21.5016,0.0148951
21.5756,0.0149175
21.6499,0.0145671
21.7244,0.014563
21.7992,0.0145616
21.8742,0.0143551
21.9495,0.0141367
22.0251,0.014262
22.1009,0.0142751
22.177,0.0140009
22.2533,0.013896
22.3299,0.0136748
22.4068,0.0135416
22.4839,0.0134703
22.5613,0.0132483
22.6389,0.0132518
22.7169,0.0131473
22.7951,0.0129732
22.8735,0.012936
22.9523,0.0129143
23.0313,0.0127073
23.1106,0.0125911
23.1901,0.0124897
23.2699,0.0124291
23.35,0.012403
23.4304,0.0123692
23.5111,0.0121111
23.592,0.0121262
23.6732,0.0120089
23.7547,0.0118198
23.8365,0.0118079
23.9185,0.0117167
24.0008,0.0116661
24.0835,0.0114625
24.1664,0.0113948
24.2496,0.0114045
24.333,0.0111292
24.4168,0.0113164
24.5008,0.0110529
24.5852,0.0110025
24.6698,0.0108312
24.7547,0.0107702
24.8399,0.010745
24.9254,0.0106866
25.0112,0.0106339
25.0973,0.0104948
25.1837,0.0105063
25.2704,0.0102952
25.3574,0.0102092
25.4447,0.0101294
25.5323,0.0101737
25.6202,0.00988525
25.7083,0.00984807
25.7968,0.00981865
25.8856,0.00971958
25.9747,0.00974274
26.0641,0.00955209
26.1539,0.00956757
26.2439,0.00937644
26.3342,0.00946837
26.4249,0.00919466
26.5158,0.00931087
26.6071,0.0091169
26.6987,0.00903323
26.7906,0.00901311
26.8828,0.00888924
26.9754,0.00878968
27.0682,0.00878373
27.1614,0.00871583
27.2549,0.00867301
27.3487,0.00865637
27.4428,0.00863925
27.5373,0.00853393
27.6321,0.00842058
27.7272,0.00823635
27.8227,0.00821923
27.9184,0.00825654
28.0145,0.00813163
28.111,0.00805964
28.2077,0.00798764
28.3048,0.00799231
28.4023,0.00787225
28.5,0.00776565
28.5981,0.0077151
28.6966,0.00764201
28.7954,0.00763399
28.8945,0.00763668
28.9939,0.00751908
29.0937,0.00744866
29.1939,0.00749706
29.2944,0.00731987
29.3952,0.00736572
29.4964,0.00718233
29.5979,0.00720872
29.6998,0.00705755
29.802,0.00712562
29.9046,0.00700919
30.0076,0.00698246
30.1109,0.00686481
30.2145,0.00686006
30.3185,0.00688851
30.4229,0.00674574
30.5276,0.00662345
30.6327,0.00667716
30.7381,0.00654954
30.8439,0.00641654
30.9501,0.00654201
31.0566,0.00634557
31.1636,0.00637063
31.2708,0.00624777
31.3785,0.00628124
31.4865,0.00621088
31.5949,0.00618929
31.7036,0.00614295
31.8128,0.00604812
31.9223,0.00602376
32.0321,0.00596677
32.1424,0.00590537
32.253,0.0058606
32.3641,0.00579125
32.4755,0.00580144
32.5873,0.00572074
32.6994,0.00570068
32.812,0.00551426
32.9249,0.00558291
33.0383,0.00549538
33.152,0.00561707
33.2661,0.00540632
33.3806,0.00537571
33.4955,0.005384
33.6108,0.00524316
33.7265,0.0052222
33.8426,0.00518031
33.9591,0.00522337
34.076,0.00516451
34.1933,0.00511893
34.311,0.00496881
34.4291,0.00491061
34.5476,0.00484274
34.6665,0.00492707
34.7859,0.00481061
34.9056,0.00479748
35.0258,0.00468344
35.1463,0.00471087
35.2673,0.0046469
35.3887,0.00462891
35.5105,0.0045926
35.6328,0.00459957
35.7554,0.00451984
35.8785,0.00447206
36.002,0.00436433
36.1259,0.00447052
36.2503,0.00436701
36.3751,0.00427263
36.5003,0.00429007
36.6259,0.00425874
36.752,0.00414204
36.8785,0.00420643
37.0054,0.00412191
37.1328,0.00407353
37.2606,0.00406762
37.3889,0.00398517
37.5176,0.0039585
37.6468,0.00396786
37.7763,0.00392774
37.9064,0.00381344
38.0369,0.00377432
38.1678,0.0038149
38.2992,0.00374207
38.431,0.00367832
38.5633,0.00363334
38.696,0.0035602
38.8292,0.00353715
38.9629,0.00352955
39.097,0.00357101
39.2316,0.00346186
39.3666,0.00341378
39.5022,0.00338085
39.6381,0.00338259
39.7746,0.00330126
39.9115,0.00329033
40.0489,0.00330226
40.1867,0.00321901
40.3251,0.00318995
40.4639,0.00313422
40.6032,0.00314988
40.7429,0.00310314
40.8832,0.00307312
41.0239,0.00302666
41.1651,0.00303792
41.3068,0.00296344
41.449,0.00293074
41.5917,0.00288896
41.7348,0.00287106
41.8785,0.00291045
42.0227,0.00280291
42.1673,0.00284205
42.3125,0.00275949
42.4581,0.00274826
42.6043,0.00268819
42.7509,0.00269123
42.8981,0.00266292
43.0457,0.002606
43.1939,0.00259439
43.3426,0.00254044
43.4918,0.00257503
43.6415,0.00249216
43.7917,0.00247093
43.9425,0.00251248
44.0937,0.00247943
44.2455,0.00240883
44.3978,0.00241234
44.5506,0.00240604
44.704,0.00235442
44.8579,0.00236262
45.0123,0.00228911
45.1672,0.00227424
45.3227,0.00224745
45.4787,0.00221568
45.6353,0.00216462
45.7923,0.00221222
45.95,0.0022033
46.1081,0.00208213
46.2669,0.00213553
46.4261,0.00213078
46.5859,0.00206888
46.7463,0.00204068
46.9072,0.00207363
47.0687,0.00206521
47.2307,0.0019504
47.3933,0.00197186
47.5564,0.00197447
47.7201,0.00190639
47.8844,0.00195402
48.0492,0.00191626
48.2146,0.00189531
48.3806,0.00183385
48.5471,0.00191105
48.7142,0.0018142
48.8819,0.00183091
49.0501,0.00181278
49.219,0.0017895
49.3884,0.00177436
49.5584,0.00171523
49.729,0.00174989
49.9002,0.00172557
50.072,0.0016977
50.2443,0.00168775
50.4173,0.00166158
50.5908,0.00162751
50.765,0.0016036
50.9397,0.00161611
51.1151,0.00157878
51.291,0.00160654
51.4676,0.00156209
51.6447,0.00152477
51.8225,0.001538
52.0009,0.0015332
52.1799,0.00147337
52.3595,0.00148922
52.5397,0.00145031
52.7206,0.00144713
52.9021,0.00143282
53.0842,0.00141005
53.2669,0.00139335
53.4502,0.00140314
53.6342,0.00136265
53.8188,0.00137933
54.0041,0.00138455
54.19,0.00133436
54.3765,0.00131915
54.5637,0.00130705
54.7515,0.00129972
54.94,0.00128046
55.1291,0.00124939
55.3189,0.00123978
55.5093,0.00124643
55.7004,0.00124407
55.8921,0.00122644
56.0845,0.00122583
56.2776,0.00118076
56.4713,0.00120266
56.6657,0.00114216
56.8607,0.00112649
57.0565,0.00114405
57.2529,0.00110772
57.4499,0.00108561
57.6477,0.00108727
57.8461,0.00106975
58.0452,0.00109689
58.245,0.00107263
58.4455,0.00104239
58.6467,0.000999843
58.8486,0.00102598
59.0512,0.00101738
59.2544,0.000979238
59.4584,0.000982536
59.6631,0.000992658
59.8684,0.000959942
60.0745,0.000956103
60.2813,0.000923794
60.4888,0.00093785
60.697,0.000922072
60.906,0.000907644
61.1156,0.000893301
61.326,0.000873746
61.5371,0.000881415
61.7489,0.000858339
61.9615,0.00084401
62.1748,0.000825707
62.3888,0.000843736
62.6035,0.000814926
62.819,0.000823957
63.0353,0.000788037
63.2522,0.000795535
63.47,0.000781033
63.6885,0.000762984
63.9077,0.000767416
64.1277,0.000756074
64.3484,0.000728805
64.5699,0.000709457
64.7922,0.000703854
65.0152,0.000700551
65.239,0.000705958
65.4636,0.000690138
65.6889,0.000653575
65.915,0.00068907
66.1419,0.000689032
66.3696,0.000639654
66.5981,0.000639664
66.8273,0.000640623
67.0573,0.000639443
67.2882,0.000618658
67.5198,0.00060312
67.7522,0.000606758
67.9854,0.000597614
68.2194,0.000587107
68.4543,0.000580153
68.6899,0.00057173
68.9264,0.000571544
69.1636,0.00057696
69.4017,0.000563946
69.6406,0.00055625
69.8803,0.000548925
70.1209,0.000544836
70.3622,0.000530051
70.6044,0.000517097
70.8475,0.000507184
71.0913,0.000522789
71.336,0.000513544
71.5816,0.00050082
71.828,0.000493211
72.0753,0.000484523
72.3234,0.000479612
72.5723,0.000484896
72.8221,0.000483443
73.0728,0.000489376
73.3243,0.000476259
73.5767,0.000484418
73.83,0.000462451
74.0841,0.000468481
74.3391,0.000467566
74.595,0.00045142
74.8518,0.000441813
75.1095,0.000440852
75.368,0.000440526
75.6274,0.000433524
75.8878,0.000424778
76.149,0.000424042
76.4111,0.000445772
76.6741,0.000427711
76.9381,0.000414865
77.2029,0.000418612
77.4687,0.000402601
77.7353,0.000409921
78.0029,0.000394308
78.2714,0.000390107
78.5408,0.000398173
78.8112,0.000406816
79.0825,0.000399692
79.3547,0.000388251
79.6279,0.000408083
79.902,0.000375353
80.177,0.000404851
80.453,0.000401104
80.7299,0.000396295
81.0078,0.00039327
81.2867,0.000360965
81.5665,0.000367038
81.8472,0.000372822
82.129,0.000370575
82.4117,0.000358579
82.6954,0.000346874
82.98,0.000345194
83.2656,0.000352085
83.5523,0.000378023
83.8399,0.000360118
84.1285,0.000367165
84.4181,0.000348394
84.7086,0.000343174
85.0002,0.000351934
85.2928,0.000356564
85.5864,0.000342718
85.881,0.000330304
86.1767,0.000360017
86.4733,0.000348396
86.771,0.000343877
87.0696,0.000334175
87.3693,0.000328296
87.6701,0.000359033
87.9719,0.000340776
88.2747,0.000335884
88.5786,0.00031257
88.8835,0.000326602
89.1894,0.000331665
89.4964,0.00031496
89.8045,0.000325658
90.1136,0.000338488
90.4238,0.00032756
90.7351,0.000324585
91.0474,0.000334666
91.3608,0.000323333
91.6753,0.000312603
91.9909,0.000308507
92.3075,0.000312701
92.6253,0.000309787
92.9441,0.000319218
93.264,0.000326103
93.5851,0.000320374
93.9072,0.000316062
94.2305,0.000305574
94.5548,0.000311042
94.8803,0.000309064
95.2069,0.000304952
95.5346,0.000321927
95.8635,0.000306832
96.1935,0.000298916
96.5246,0.000301377
96.8568,0.000297938
97.1902,0.00031728
97.5248,0.000300503
97.8605,0.000293857
98.1974,0.000302039
98.5354,0.000297945
98.8746,0.000285587
99.2149,0.000286544
99.5564,0.000280412
99.8991,0.000300592
100.243,0.000287459
100.588,0.000270419
100.934,0.000285944
101.282,0.000299632
101.63,0.00029424
101.98,0.000285312
102.331,0.000284329
102.684,0.00030796
103.037,0.000269512
103.392,0.000271036
103.748,0.000253031
104.105,0.000284854
104.463,0.000270036
104.823,0.000275661
105.183,0.000271838
105.545,0.00026664
105.909,0.000258432
106.273,0.000273643
106.639,0.00026733
107.006,0.000271142
107.375,0.00025241
107.744,0.00025157
108.115,0.000240856
108.487,0.000232626
108.861,0.000252028
109.235,0.000257547
109.611,0.000260035
109.989,0.000247154
110.367,0.000235066
110.747,0.000236087
111.128,0.000216803
111.511,0.000218641
111.895,0.000211388
112.28,0.000193905
112.666,0.000207111
113.054,0.000187122
113.443,0.000203248
113.834,0.000177436
114.226,0.000174757
114.619,0.00017072
115.014,0.00017054
115.409,0.000155046
115.807,0.000161589
116.205,0.000155643
116.605,0.000150761
117.007,0.00012405
117.41,0.000123812
117.814,0.000110535
118.219,9.38479e-05
118.626,9.28279e-05
119.034,8.1387e-05
119.444,7.71689e-05
119.855,5.78094e-05
120.268,6.42583e-05
120.682,5.18465e-05
121.097,4.36173e-05
121.514,3.67978e-05
121.932,3.82184e-05
122.352,3.42155e-05
122.773,2.8595e-05
123.196,2.01951e-05
123.62,1.2906e-05
124.046,1.37026e-05
124.473,1.68598e-05
124.901,8.37358e-06
125.331,7.51615e-06
125.762,9.30277e-06
126.195,7.36083e-06
126.63,5.82672e-06
127.066,3.7004e-06
127.503,3.15451e-06
127.942,3.4815e-06
128.382,3.24353e-06
128.824,2.42152e-06
129.268,2.54232e-06
129.713,2.0146e-06
130.159,1.39333e-06
130.607,1.09268e-06
131.057,7.58427e-07
131.508,8.79231e-07
131.961,9.9186e-07
132.415,1.88199e-06
132.871,7.50253e-07
133.328,1.03546e-06
133.787,1.83294e-06
134.247,3.75126e-07
134.709,1.71214e-06
135.173,3.83301e-07
135.638,9.67336e-07
136.105,8.38357e-07
136.574,3.75126e-07
137.044,2.4524e-08
137.516,1.31794e-06
137.989,4.9048e-08
138.464,1.36971e-06
138.941,4.08733e-08
139.419,1.02728e-06
139.899,8.30183e-07
140.38,2.4524e-08
140.864,1.14809e-06
141.349,4.87755e-07
141.835,1.37153e-07
142.323,7.96576e-07
142.813,1.63493e-08
143.305,2.90655e-07
143.798,3.34253e-07
144.293,8.30183e-07
144.79,3.58777e-07
145.288,2.69764e-07
145.788,2.69764e-07
146.29,6.25816e-07
146.794,2.4524e-08
147.299,4.71406e-07
147.806,3.42428e-07
148.315,2.4524e-08
148.825,8.17467e-09
149.338,3.75126e-07
149.852,3.50602e-07
150.368,3.42428e-07
150.885,1.13083e-06
151.405,6.04017e-07
151.926,2.4524e-08
152.449,2.4524e-08
152.973,4.62323e-07
153.5,0
154.028,4.71406e-07
154.559,1.63493e-08
155.091,3.34253e-07
155.624,0
156.16,3.34253e-07
156.698,1.63493e-08
157.237,0
157.778,8.17467e-09
158.321,4.71406e-07
158.866,4.06917e-07
159.413,2.69764e-07
159.962,0
160.513,0
161.065,3.50602e-07
161.62,0
162.176,1.37153e-07
162.734,2.61589e-07
163.294,2.61589e-07
163.856,2.69764e-07
164.42,3.42428e-07
164.986,1.63493e-08
165.554,0
166.124,0
166.696,0
167.27,0
167.846,8.17467e-09
168.423,2.61589e-07
169.003,0
169.585,1.37153e-07
170.169,9.3827e-07
170.754,2.61589e-07
171.342,0
171.932,3.34253e-07
172.524,6.68506e-07
173.118,0
173.714,0
174.312,2.61589e-07
174.912,2.61589e-07
175.514,0
176.118,0
176.724,0
177.332,2.61589e-07
177.943,2.61589e-07
178.555,2.61589e-07
179.17,0
179.787,0
180.406,3.34253e-07
181.027,0
181.65,0
182.275,2.61589e-07
182.902,0
183.532,0
184.164,0
184.798,0
185.434,0
186.072,0
186.713,0
187.355,0
188,0
188.647,0
189.297,0
189.948,0
190.602,0
191.258,2.61589e-07
191.917,0
192.577,0
193.24,0
193.905,0
194.573,0
195.243,0
195.915,0
196.589,0
197.266,0
197.945,0
198.626,0
199.31,0
199.996,2.61589e-07
200.684,0
201.375,0
202.068,0
202.764,0
203.462,2.61589e-07
204.162,2.61589e-07
204.865,0
205.57,0
206.278,0
206.988,0
207.7,0
208.415,2.61589e-07
209.133,0
209.853,2.61589e-07
210.575,0
211.3,2.61589e-07
212.027,0
212.757,0
213.489,0
214.224,0
214.962,0
215.702,2.61589e-07
216.444,0
217.189,0
217.937,0
218.687,0
219.44,2.61589e-07
220.195,2.61589e-07
220.953,0
221.714,0
222.477,3.08821e-07
223.243,0
224.011,0
224.782,0
225.556,2.61589e-07
226.332,2.61589e-07
227.111,0
227.893,2.61589e-07
228.678,0
229.465,0
230.255,0
231.047,0
231.843,3.08821e-07
232.641,0
233.441,0
234.245,0
235.051,0
235.86,0
236.672,0
237.487,3.08821e-07
238.304,0
239.125,0
239.948,0
240.774,0
241.603,0
242.434,0
243.269,0
244.106,0
244.946,0
245.79,0
246.636,3.08821e-07
247.485,0
248.337,0
249.191,0
250.049,0
250.91,0
251.774,0
252.64,0
253.51,0
254.383,0
255.258,0
256.137,0
257.019,0
257.903,3.08821e-07
258.791,0
259.682,0
260.576,0
261.473,0
262.373,0
263.276,0
264.182,0
265.092,0
266.004,0
266.92,0
267.838,0
268.76,0
269.686,0
270.614,0
271.545,0
272.48,0
273.418,0
274.359,0
275.304,0
276.251,0
277.202,0
278.156,0
279.114,0
280.075,0
281.039,0
282.006,0
282.977,0
283.951,0
284.928,0
285.909,0
286.893,0
287.881,0
288.872,0
289.866,0
290.864,0
291.865,0
292.87,0
293.878,0
294.89,0
295.905,0
296.923,0
297.945,0
298.971,0
