0.01,2.14E-05,5.08,0.6198787,0.856657647
0.0100344,3.56E-05,,1.239757,0.686943388
0.010069,3.89E-05,,1.859636,0.457025756
0.0101036,6.65E-05,,2.479515,0.298783227
0.0101384,2.61E-05,,3.099394,0.13511566
0.0101733,3.53E-05,,3.719272,0.078734107
0.0102083,3.08E-05,,,
0.0102435,3.94E-05,,,
0.0102787,2.89E-05,,,
0.0103141,3.95E-05,,,
0.0103496,5.91E-05,,,
0.0103852,2.61E-05,,,
0.010421,5.41E-05,,,
0.0104568,8.23E-05,,,
0.0104928,0.000133719,,,
0.010529,0.000133941,,,
0.0105652,0.000150182,,,
0.0106016,0.000170298,,,
0.0106381,0.000165369,,,
0.0106747,0.000180407,,,
0.0107114,0.000155956,,,
0.0107483,0.000180316,,,
0.0107853,0.000202003,,,
0.0108224,0.000188924,,,
0.0108597,0.000214134,,,
0.0108971,0.000181873,,,
0.0109346,0.000254767,,,
0.0109722,0.000483431,,,
0.01101,0.000528582,,,
0.0110479,0.000637339,,,
0.0110859,0.00235399,,,
0.0111241,0.00317992,,,
0.0111624,0.0032328,,,
0.0112008,0.00315183,,,
0.0112393,0.00317029,,,
0.011278,0.00310751,,,
0.0113168,0.00315959,,,
0.0113558,0.00326329,,,
0.0113949,0.00316036,,,
0.0114341,0.0031217,,,
0.0114735,0.00308935,,,
0.011513,0.00302138,,,
0.0115526,0.00306061,,,
0.0115924,0.00303334,,,
0.0116323,0.00309129,,,
0.0116723,0.00304677,,,
0.0117125,0.00319079,,,
0.0117528,0.00316729,,,
0.0117933,0.00313538,,,
0.0118339,0.00301203,,,
0.0118746,0.00300145,,,
0.0119155,0.00306648,,,
0.0119565,0.00291343,,,
0.0119976,0.00285697,,,
0.0120389,0.00293946,,,
0.0120804,0.00291536,,,
0.012122,0.002967,,,
0.0121637,0.00291577,,,
0.0122056,0.00290028,,,
0.0122476,0.00287196,,,
0.0122897,0.00303504,,,
0.012332,0.00287918,,,
0.0123745,0.00282253,,,
0.0124171,0.00281129,,,
0.0124598,0.00281215,,,
0.0125027,0.00272735,,,
0.0125458,0.00272944,,,
0.0125889,0.00267691,,,
0.0126323,0.00276017,,,
0.0126758,0.00284538,,,
0.0127194,0.00272828,,,
0.0127632,0.00252992,,,
0.0128071,0.00269644,,,
0.0128512,0.0025888,,,
0.0128954,0.00270723,,,
0.0129398,0.00259461,,,
0.0129844,0.00270005,,,
0.0130291,0.00267714,,,
0.0130739,0.00254453,,,
0.0131189,0.0024495,,,
0.0131641,0.00237431,,,
0.0132094,0.00249555,,,
0.0132548,0.0024857,,,
0.0133005,0.00239668,,,
0.0133463,0.00234507,,,
0.0133922,0.00238704,,,
0.0134383,0.00245342,,,
0.0134846,0.00245031,,,
0.013531,0.00220557,,,
0.0135775,0.00233444,,,
0.0136243,0.00232683,,,
0.0136712,0.00224236,,,
0.0137182,0.00227622,,,
0.0137655,0.00224572,,,
0.0138128,0.00231374,,,
0.0138604,0.00245087,,,
0.0139081,0.00245511,,,
0.013956,0.00229996,,,
0.014004,0.00224647,,,
0.0140522,0.00211009,,,
0.0141006,0.0022388,,,
0.0141491,0.0023336,,,
0.0141978,0.0021914,,,
0.0142467,0.00224561,,,
0.0142957,0.00209528,,,
0.014345,0.00207388,,,
0.0143943,0.00212369,,,
0.0144439,0.00208587,,,
0.0144936,0.00217567,,,
0.0145435,0.00208396,,,
0.0145936,0.00202411,,,
0.0146438,0.00203947,,,
0.0146942,0.00204017,,,
0.0147448,0.00213997,,,
0.0147955,0.00203178,,,
0.0148465,0.00205479,,,
0.0148976,0.00212839,,,
0.0149488,0.00247563,,,
0.0150003,0.00209527,,,
0.0150519,0.00194169,,,
0.0151038,0.00225712,,,
0.0151557,0.00207396,,,
0.0152079,0.00203926,,,
0.0152603,0.00204126,,,
0.0153128,0.00198176,,,
0.0153655,0.00192555,,,
0.0154184,0.00201869,,,
0.0154715,0.0019523,,,
0.0155247,0.00193202,,,
0.0155782,0.00199018,,,
0.0156318,0.00198283,,,
0.0156856,0.00199966,,,
0.0157396,0.00186779,,,
0.0157938,0.00176881,,,
0.0158481,0.00202101,,,
0.0159027,0.0018853,,,
0.0159574,0.00180965,,,
0.0160124,0.00188719,,,
0.0160675,0.00188396,,,
0.0161228,0.00180848,,,
0.0161783,0.00625078,,,
0.016234,0.00215001,,,
0.0162898,0.00225498,,,
0.0163459,0.00191974,,,
0.0164022,0.00196419,,,
0.0164586,0.00207424,,,
0.0165153,0.00201027,,,
0.0165722,0.00199361,,,
0.0166292,0.00183733,,,
0.0166864,0.0017989,,,
0.0167439,0.00181181,,,
0.0168015,0.00191711,,,
0.0168593,0.00209752,,,
0.0169174,0.00184415,,,
0.0169756,0.00187941,,,
0.0170341,0.00168203,,,
0.0170927,0.00182659,,,
0.0171515,0.00172284,,,
0.0172106,0.00179972,,,
0.0172698,0.00163748,,,
0.0173293,0.0015788,,,
0.0173889,0.00161214,,,
0.0174488,0.00164014,,,
0.0175088,0.00142567,,,
0.0175691,0.00157495,,,
0.0176296,0.00156015,,,
0.0176903,0.00145861,,,
0.0177511,0.00148957,,,
0.0178123,0.00146829,,,
0.0178736,0.00136797,,,
0.0179351,0.00140365,,,
0.0179968,0.00139214,,,
0.0180588,0.00139941,,,
0.0181209,0.00132684,,,
0.0181833,0.00143322,,,
0.0182459,0.00139752,,,
0.0183087,0.00137133,,,
0.0183717,0.00141474,,,
0.018435,0.00136102,,,
0.0184984,0.00129008,,,
0.0185621,0.00131088,,,
0.018626,0.00116769,,,
0.0186901,0.00136454,,,
0.0187545,0.00123311,,,
0.018819,0.00123655,,,
0.0188838,0.00131632,,,
0.0189488,0.00127266,,,
0.019014,0.00137871,,,
0.0190795,0.00119894,,,
0.0191451,0.00122517,,,
0.019211,0.00112195,,,
0.0192772,0.00124755,,,
0.0193435,0.00115048,,,
0.0194101,0.00114533,,,
0.0194769,0.00115875,,,
0.019544,0.00116745,,,
0.0196112,0.00107094,,,
0.0196788,0.0011788,,,
0.0197465,0.00103914,,,
0.0198145,0.00111171,,,
0.0198827,0.00104118,,,
0.0199511,0.00107675,,,
0.0200198,0.00391399,,,
0.0200887,0.00118863,,,
0.0201579,0.00148496,,,
0.0202272,0.00112886,,,
0.0202969,0.001165,,,
0.0203667,0.00113636,,,
0.0204368,0.00100496,,,
0.0205072,0.0011009,,,
0.0205778,0.00101009,,,
0.0206486,0.00127673,,,
0.0207197,0.00110363,,,
0.020791,0.00112023,,,
0.0208626,0.000992854,,,
0.0209344,0.000945082,,,
0.0210065,0.00100726,,,
0.0210788,0.00098918,,,
0.0211513,0.000887733,,,
0.0212241,0.000972282,,,
0.0212972,0.000957268,,,
0.0213705,0.000944168,,,
0.0214441,0.000902459,,,
0.0215179,0.000924187,,,
0.0215919,0.000918444,,,
0.0216663,0.000982828,,,
0.0217408,0.000830786,,,
0.0218157,0.000862271,,,
0.0218908,0.000979591,,,
0.0219661,0.000832165,,,
0.0220417,0.000954151,,,
0.0221176,0.000868242,,,
0.0221938,0.000868414,,,
0.0222701,0.000890418,,,
0.0223468,0.000921714,,,
0.0224237,0.000882101,,,
0.0225009,0.000958119,,,
0.0225784,0.000968198,,,
0.0226561,0.000989701,,,
0.0227341,0.000981121,,,
0.0228123,0.000954527,,,
0.0228909,0.00104793,,,
0.0229697,0.000917782,,,
0.0230487,0.00104518,,,
0.0231281,0.00095423,,,
0.0232077,0.0010329,,,
0.0232876,0.00103037,,,
0.0233677,0.000965265,,,
0.0234482,0.0010885,,,
0.0235289,0.0010151,,,
0.0236099,0.0011562,,,
0.0236911,0.0012121,,,
0.0237727,0.0011446,,,
0.0238545,0.0011203,,,
0.0239366,0.00123982,,,
0.024019,0.00272816,,,
0.0241017,0.00131434,,,
0.0241847,0.00132426,,,
0.0242679,0.00133181,,,
0.0243514,0.00129199,,,
0.0244353,0.00119884,,,
0.0245194,0.00122481,,,
0.0246038,0.00124751,,,
0.0246885,0.00119239,,,
0.0247735,0.00133783,,,
0.0248587,0.00130227,,,
0.0249443,0.00127358,,,
0.0250302,0.00132015,,,
0.0251163,0.00128581,,,
0.0252028,0.00123196,,,
0.0252895,0.00134956,,,
0.0253766,0.00122464,,,
0.0254639,0.00129733,,,
0.0255516,0.00129487,,,
0.0256396,0.00131958,,,
0.0257278,0.00125046,,,
0.0258164,0.00120019,,,
0.0259052,0.00131066,,,
0.0259944,0.00129662,,,
0.0260839,0.00120693,,,
0.0261737,0.00132835,,,
0.0262638,0.0013459,,,
0.0263542,0.00131044,,,
0.0264449,0.00123515,,,
0.0265359,0.00132736,,,
0.0266273,0.0013272,,,
0.0267189,0.00137083,,,
0.0268109,0.00134539,,,
0.0269032,0.00125413,,,
0.0269958,0.00129808,,,
0.0270887,0.00135568,,,
0.027182,0.00131391,,,
0.0272755,0.00130694,,,
0.0273694,0.00143413,,,
0.0274636,0.00132595,,,
0.0275582,0.00131083,,,
0.027653,0.00146681,,,
0.0277482,0.00138075,,,
0.0278437,0.00143775,,,
0.0279396,0.00145472,,,
0.0280357,0.00145854,,,
0.0281323,0.00134134,,,
0.0282291,0.00135894,,,
0.0283263,0.00142992,,,
0.0284238,0.00136968,,,
0.0285216,0.00145276,,,
0.0286198,0.00145794,,,
0.0287183,0.00149768,,,
0.0288172,0.00134634,,,
0.0289164,0.00135209,,,
0.0290159,0.00139504,,,
0.0291158,0.00141959,,,
0.029216,0.00138072,,,
0.0293166,0.0014785,,,
0.0294175,0.00126054,,,
0.0295187,0.00146878,,,
0.0296203,0.00140554,,,
0.0297223,0.00130321,,,
0.0298246,0.00123838,,,
0.0299273,0.00133115,,,
0.0300303,0.00132668,,,
0.0301337,0.00135994,,,
0.0302374,0.00143578,,,
0.0303415,0.00136645,,,
0.0304459,0.00127848,,,
0.0305507,0.00128422,,,
0.0306559,0.00135206,,,
0.0307614,0.00127386,,,
0.0308673,0.00137148,,,
0.0309735,0.00132796,,,
0.0310802,0.00132858,,,
0.0311872,0.00134446,,,
0.0312945,0.00118739,,,
0.0314022,0.00126202,,,
0.0315103,0.00128539,,,
0.0316188,0.00127755,,,
0.0317276,0.0012303,,,
0.0318368,0.00134515,,,
0.0319464,0.00129264,,,
0.0320564,0.00133114,,,
0.0321667,0.00134475,,,
0.0322775,0.00142897,,,
0.0323886,0.00139955,,,
0.0325001,0.00121025,,,
0.0326119,0.00124243,,,
0.0327242,0.00116439,,,
0.0328368,0.00125076,,,
0.0329499,0.00137126,,,
0.0330633,0.00125335,,,
0.0331771,0.00125685,,,
0.0332913,0.00122789,,,
0.0334059,0.00109657,,,
0.0335209,0.00125362,,,
0.0336363,0.00127803,,,
0.0337521,0.0011312,,,
0.0338682,0.00120474,,,
0.0339848,0.00114768,,,
0.0341018,0.00111915,,,
0.0342192,0.00121355,,,
0.034337,0.00120374,,,
0.0344552,0.00120387,,,
0.0345738,0.00118829,,,
0.0346928,0.00118339,,,
0.0348122,0.00116128,,,
0.034932,0.00120628,,,
0.0350523,0.00127828,,,
0.035173,0.00110582,,,
0.035294,0.00111148,,,
0.0354155,0.00119965,,,
0.0355374,0.0011391,,,
0.0356597,0.00113181,,,
0.0357825,0.00119852,,,
0.0359057,0.00119767,,,
0.0360293,0.00118181,,,
0.0361533,0.00123414,,,
0.0362777,0.0011496,,,
0.0364026,0.00115954,,,
0.0365279,0.00120079,,,
0.0366537,0.0011446,,,
0.0367798,0.00124233,,,
0.0369064,0.00115742,,,
0.0370335,0.0012737,,,
0.0371609,0.00117329,,,
0.0372889,0.00123136,,,
0.0374172,0.00113292,,,
0.037546,0.00116219,,,
0.0376753,0.00111561,,,
0.0378049,0.00115136,,,
0.0379351,0.00110238,,,
0.0380657,0.00118696,,,
0.0381967,0.00112545,,,
0.0383282,0.0011993,,,
0.0384601,0.00114537,,,
0.0385925,0.00110339,,,
0.0387253,0.00103464,,,
0.0388586,0.00115316,,,
0.0389924,0.00126634,,,
0.0391266,0.00119851,,,
0.0392613,0.00137147,,,
0.0393965,0.0011013,,,
0.0395321,0.00124999,,,
0.0396681,0.00114402,,,
0.0398047,0.00114667,,,
0.0399417,0.00113171,,,
0.0400792,0.00124157,,,
0.0402172,0.00124003,,,
0.0403556,0.00123167,,,
0.0404945,0.00122247,,,
0.0406339,0.00127723,,,
0.0407738,0.00123882,,,
0.0409141,0.00117682,,,
0.041055,0.00126767,,,
0.0411963,0.00130205,,,
0.0413381,0.00119032,,,
0.0414804,0.00114841,,,
0.0416232,0.0011739,,,
0.0417664,0.00127976,,,
0.0419102,0.0011319,,,
0.0420545,0.00120756,,,
0.0421992,0.00125135,,,
0.0423445,0.0012403,,,
0.0424903,0.00125483,,,
0.0426365,0.0011707,,,
0.0427833,0.00116117,,,
0.0429306,0.00116366,,,
0.0430783,0.0012109,,,
0.0432266,0.0012114,,,
0.0433754,0.00109872,,,
0.0435247,0.00116026,,,
0.0436745,0.00114561,,,
0.0438249,0.00123885,,,
0.0439757,0.00117024,,,
0.0441271,0.00126883,,,
0.044279,0.00125868,,,
0.0444314,0.00117485,,,
0.0445844,0.00123097,,,
0.0447378,0.00123839,,,
0.0448918,0.00120148,,,
0.0450464,0.00114548,,,
0.0452014,0.00131295,,,
0.045357,0.00125014,,,
0.0455131,0.00111627,,,
0.0456698,0.00125074,,,
0.045827,0.00116926,,,
0.0459848,0.00110246,,,
0.0461431,0.00122317,,,
0.0463019,0.00118565,,,
0.0464613,0.00123917,,,
0.0466212,0.00123972,,,
0.0467817,0.00117093,,,
0.0469427,0.00112832,,,
0.0471043,0.00123703,,,
0.0472664,0.00109326,,,
0.0474291,0.00125328,,,
0.0475924,0.00122803,,,
0.0477562,0.00114319,,,
0.0479206,0.00124291,,,
0.0480856,0.001332,,,
0.0482511,0.00126726,,,
0.0484172,0.0018592,,,
0.0485839,0.00130682,,,
0.0487511,0.0011986,,,
0.0489189,0.00111154,,,
0.0490873,0.00130561,,,
0.0492563,0.00126099,,,
0.0494258,0.00124636,,,
0.0495959,0.00122834,,,
0.0497667,0.00118206,,,
0.049938,0.00119072,,,
0.0501099,0.00115062,,,
0.0502824,0.0011352,,,
0.0504554,0.00121965,,,
0.0506291,0.00122446,,,
0.0508034,0.00120803,,,
0.0509783,0.00117939,,,
0.0511538,0.00117359,,,
0.0513298,0.00130674,,,
0.0515065,0.00129413,,,
0.0516838,0.00111155,,,
0.0518617,0.00124783,,,
0.0520403,0.00125323,,,
0.0522194,0.00116066,,,
0.0523991,0.00115902,,,
0.0525795,0.00108442,,,
0.0527605,0.00111332,,,
0.0529421,0.0012051,,,
0.0531244,0.00119137,,,
0.0533072,0.00116391,,,
0.0534907,0.00120101,,,
0.0536748,0.00126006,,,
0.0538596,0.00119126,,,
0.054045,0.00121312,,,
0.054231,0.00118615,,,
0.0544177,0.00111849,,,
0.054605,0.00120034,,,
0.054793,0.00114342,,,
0.0549816,0.00118388,,,
0.0551709,0.00123499,,,
0.0553608,0.00122869,,,
0.0555513,0.00115823,,,
0.0557426,0.00124355,,,
0.0559344,0.00116018,,,
0.056127,0.00116593,,,
0.0563202,0.00118599,,,
0.056514,0.00120673,,,
0.0567086,0.0012291,,,
0.0569038,0.00118895,,,
0.0570997,0.00124797,,,
0.0572962,0.00128331,,,
0.0574934,0.00125337,,,
0.0576913,0.00123395,,,
0.0578899,0.00123816,,,
0.0580892,0.00133193,,,
0.0582892,0.00116825,,,
0.0584898,0.00119681,,,
0.0586911,0.00123918,,,
0.0588932,0.00128559,,,
0.0590959,0.0012047,,,
0.0592993,0.00128623,,,
0.0595034,0.00124422,,,
0.0597083,0.00126018,,,
0.0599138,0.0012249,,,
0.06012,0.00126009,,,
0.060327,0.00130069,,,
0.0605346,0.00121362,,,
0.060743,0.00130104,,,
0.0609521,0.00126306,,,
0.0611619,0.00124672,,,
0.0613724,0.00124967,,,
0.0615837,0.00128588,,,
0.0617957,0.00124931,,,
0.0620084,0.00116456,,,
0.0622218,0.0012878,,,
0.062436,0.00131061,,,
0.0626509,0.00122442,,,
0.0628666,0.0012207,,,
0.063083,0.00136665,,,
0.0633001,0.00125248,,,
0.063518,0.00127293,,,
0.0637367,0.00130006,,,
0.0639561,0.00124666,,,
0.0641762,0.00132158,,,
0.0643971,0.00123627,,,
0.0646188,0.00128952,,,
0.0648412,0.00120077,,,
0.0650644,0.00134011,,,
0.0652884,0.00133095,,,
0.0655131,0.00125596,,,
0.0657387,0.00133577,,,
0.0659649,0.00118662,,,
0.066192,0.00123379,,,
0.0664199,0.00137605,,,
0.0666485,0.00127235,,,
0.0668779,0.00128077,,,
0.0671081,0.00128421,,,
0.0673391,0.00128178,,,
0.0675709,0.00124111,,,
0.0678035,0.00128389,,,
0.0680369,0.00128545,,,
0.0682711,0.00123069,,,
0.0685061,0.0012881,,,
0.0687419,0.00122778,,,
0.0689785,0.00122954,,,
0.069216,0.00122901,,,
0.0694542,0.00130152,,,
0.0696933,0.00136017,,,
0.0699332,0.00132694,,,
0.0701739,0.00126512,,,
0.0704155,0.00134747,,,
0.0706579,0.00130597,,,
0.0709011,0.00127917,,,
0.0711452,0.00128807,,,
0.0713901,0.00129492,,,
0.0716358,0.00135734,,,
0.0718824,0.00136803,,,
0.0721298,0.00131623,,,
0.0723781,0.00121671,,,
0.0726273,0.00132801,,,
0.0728773,0.00134815,,,
0.0731281,0.00142263,,,
0.0733798,0.0012189,,,
0.0736324,0.00135174,,,
0.0738859,0.00121514,,,
0.0741402,0.00129749,,,
0.0743954,0.00137245,,,
0.0746515,0.00130195,,,
0.0749085,0.001314,,,
0.0751663,0.00134904,,,
0.0754251,0.00126213,,,
0.0756847,0.00134723,,,
0.0759452,0.00136687,,,
0.0762067,0.00132927,,,
0.076469,0.0013401,,,
0.0767322,0.00137084,,,
0.0769963,0.00136953,,,
0.0772614,0.00142777,,,
0.0775273,0.00143298,,,
0.0777942,0.00140011,,,
0.078062,0.00132523,,,
0.0783307,0.00136295,,,
0.0786003,0.0014322,,,
0.0788709,0.00125814,,,
0.0791424,0.00145351,,,
0.0794148,0.00141088,,,
0.0796882,0.00142896,,,
0.0799625,0.00141284,,,
0.0802377,0.00136485,,,
0.0805139,0.00142262,,,
0.080791,0.00140096,,,
0.0810692,0.0013606,,,
0.0813482,0.00152544,,,
0.0816282,0.00149324,,,
0.0819092,0.00137895,,,
0.0821912,0.00149665,,,
0.0824741,0.00142856,,,
0.082758,0.00152744,,,
0.0830428,0.00145687,,,
0.0833287,0.00139235,,,
0.0836155,0.00141522,,,
0.0839034,0.0012678,,,
0.0841922,0.00127905,,,
0.084482,0.00142855,,,
0.0847728,0.00146627,,,
0.0850646,0.00153244,,,
0.0853574,0.00138614,,,
0.0856512,0.0014232,,,
0.0859461,0.00148226,,,
0.0862419,0.00144916,,,
0.0865388,0.0014115,,,
0.0868367,0.0014564,,,
0.0871356,0.00144706,,,
0.0874355,0.00142255,,,
0.0877365,0.00143242,,,
0.0880385,0.00153172,,,
0.0883415,0.00144961,,,
0.0886456,0.00145471,,,
0.0889508,0.00143083,,,
0.089257,0.00140334,,,
0.0895642,0.00148314,,,
0.0898725,0.00144305,,,
0.0901819,0.00153862,,,
0.0904923,0.00148083,,,
0.0908038,0.00148051,,,
0.0911164,0.00149879,,,
0.09143,0.0015835,,,
0.0917447,0.00161331,,,
0.0920605,0.00158643,,,
0.0923774,0.0015158,,,
0.0926954,0.00147584,,,
0.0930145,0.00138379,,,
0.0933347,0.00159192,,,
0.0936559,0.00155765,,,
0.0939783,0.00148809,,,
0.0943018,0.00160408,,,
0.0946264,0.00156383,,,
0.0949522,0.00150837,,,
0.095279,0.0014917,,,
0.095607,0.00155383,,,
0.0959361,0.00155734,,,
0.0962663,0.00157964,,,
0.0965977,0.00159164,,,
0.0969302,0.00146903,,,
0.0972638,0.00157246,,,
0.0975986,0.00164453,,,
0.0979346,0.0017108,,,
0.0982717,0.00156544,,,
0.09861,0.00165784,,,
0.0989494,0.00158011,,,
0.09929,0.0017038,,,
0.0996318,0.00165432,,,
0.0999748,0.00153469,,,
0.100319,0.00158446,,,
0.100664,0.00166773,,,
0.101011,0.00157823,,,
0.101358,0.00169487,,,
0.101707,0.00166632,,,
0.102057,0.00165441,,,
0.102409,0.00170362,,,
0.102761,0.00171501,,,
0.103115,0.00166241,,,
0.10347,0.00171274,,,
0.103826,0.00166629,,,
0.104183,0.00170654,,,
0.104542,0.00171046,,,
0.104902,0.00167192,,,
0.105263,0.00176223,,,
0.105625,0.00177123,,,
0.105989,0.00191412,,,
0.106354,0.00164212,,,
0.10672,0.00179156,,,
0.107087,0.00172017,,,
0.107456,0.00165996,,,
0.107826,0.00182478,,,
0.108197,0.00175188,,,
0.108569,0.00184951,,,
0.108943,0.00173846,,,
0.109318,0.00174923,,,
0.109694,0.00178565,,,
0.110072,0.0017922,,,
0.110451,0.00166169,,,
0.110831,0.00183872,,,
0.111213,0.00174186,,,
0.111595,0.0017206,,,
0.11198,0.00182081,,,
0.112365,0.00177766,,,
0.112752,0.00178812,,,
0.11314,0.00177312,,,
0.113529,0.00181313,,,
0.11392,0.00186046,,,
0.114312,0.00188326,,,
0.114706,0.00179131,,,
0.115101,0.00193407,,,
0.115497,0.00182873,,,
0.115894,0.00196403,,,
0.116293,0.00181051,,,
0.116694,0.00188919,,,
0.117095,0.00200785,,,
0.117498,0.00190478,,,
0.117903,0.00191785,,,
0.118309,0.00192646,,,
0.118716,0.00182653,,,
0.119125,0.00192985,,,
0.119535,0.00193164,,,
0.119946,0.00198161,,,
0.120359,0.00193302,,,
0.120773,0.00196113,,,
0.121189,0.00195557,,,
0.121606,0.00209262,,,
0.122025,0.00194513,,,
0.122445,0.0019239,,,
0.122866,0.00200621,,,
0.123289,0.00187159,,,
0.123714,0.00202115,,,
0.124139,0.00215093,,,
0.124567,0.00212774,,,
0.124996,0.00200015,,,
0.125426,0.00214717,,,
0.125858,0.00208129,,,
0.126291,0.0019047,,,
0.126726,0.00204464,,,
0.127162,0.00219055,,,
0.127599,0.00205532,,,
0.128039,0.0022885,,,
0.128479,0.0020831,,,
0.128922,0.00197011,,,
0.129365,0.0021353,,,
0.129811,0.00187238,,,
0.130258,0.00219057,,,
0.130706,0.00221339,,,
0.131156,0.00215439,,,
0.131607,0.00229524,,,
0.13206,0.00223146,,,
0.132515,0.00212897,,,
0.132971,0.0020825,,,
0.133429,0.00221603,,,
0.133888,0.00219719,,,
0.134349,0.00230237,,,
0.134811,0.00222017,,,
0.135276,0.00242917,,,
0.135741,0.00237341,,,
0.136208,0.0022969,,,
0.136677,0.0022601,,,
0.137148,0.00233226,,,
0.13762,0.00221994,,,
0.138094,0.00221684,,,
0.138569,0.00233614,,,
0.139046,0.00222215,,,
0.139525,0.00228836,,,
0.140005,0.00225893,,,
0.140487,0.00233687,,,
0.14097,0.0022384,,,
0.141456,0.00228408,,,
0.141943,0.00221297,,,
0.142431,0.00233507,,,
0.142921,0.00248329,,,
0.143413,0.00232125,,,
0.143907,0.00227393,,,
0.144402,0.0023971,,,
0.144899,0.00240952,,,
0.145398,0.00249364,,,
0.145899,0.00250189,,,
0.146401,0.00243813,,,
0.146905,0.00253144,,,
0.147411,0.00247817,,,
0.147918,0.00254625,,,
0.148427,0.0024999,,,
0.148938,0.00254885,,,
0.149451,0.00268153,,,
0.149965,0.00253461,,,
0.150481,0.00245227,,,
0.150999,0.00259631,,,
0.151519,0.00253453,,,
0.152041,0.00257928,,,
0.152564,0.00258192,,,
0.153089,0.00259565,,,
0.153616,0.002538,,,
0.154145,0.00265118,,,
0.154676,0.00255867,,,
0.155208,0.00250388,,,
0.155742,0.00269625,,,
0.156278,0.00268213,,,
0.156816,0.00275808,,,
0.157356,0.00273005,,,
0.157898,0.00260554,,,
0.158441,0.00267507,,,
0.158987,0.00281511,,,
0.159534,0.00271317,,,
0.160083,0.00271598,,,
0.160634,0.00284027,,,
0.161187,0.00283262,,,
0.161742,0.00263637,,,
0.162299,0.00281558,,,
0.162857,0.00274486,,,
0.163418,0.00274634,,,
0.163981,0.00276681,,,
0.164545,0.00288227,,,
0.165111,0.0029134,,,
0.16568,0.00288317,,,
0.16625,0.00302791,,,
0.166822,0.00289216,,,
0.167397,0.00283429,,,
0.167973,0.00280001,,,
0.168551,0.00285848,,,
0.169131,0.00278327,,,
0.169713,0.00291805,,,
0.170298,0.00293034,,,
0.170884,0.00287385,,,
0.171472,0.00286613,,,
0.172062,0.00295046,,,
0.172654,0.00299414,,,
0.173249,0.00304587,,,
0.173845,0.00309681,,,
0.174444,0.00306292,,,
0.175044,0.00297737,,,
0.175647,0.00306806,,,
0.176251,0.0030992,,,
0.176858,0.00314802,,,
0.177467,0.00315586,,,
0.178078,0.00310881,,,
0.178691,0.00321545,,,
0.179306,0.00318126,,,
0.179923,0.00310339,,,
0.180542,0.00313476,,,
0.181164,0.00329843,,,
0.181787,0.00328225,,,
0.182413,0.00325604,,,
0.183041,0.00321922,,,
0.183671,0.00325664,,,
0.184303,0.00329478,,,
0.184938,0.00329771,,,
0.185574,0.00335756,,,
0.186213,0.0032179,,,
0.186854,0.00310959,,,
0.187497,0.00342489,,,
0.188143,0.00341274,,,
0.18879,0.00342345,,,
0.18944,0.00341263,,,
0.190092,0.00341608,,,
0.190747,0.00338916,,,
0.191403,0.00347962,,,
0.192062,0.00337171,,,
0.192723,0.00361793,,,
0.193387,0.00346747,,,
0.194052,0.00363895,,,
0.19472,0.00346643,,,
0.19539,0.00348444,,,
0.196063,0.00361961,,,
0.196738,0.00377946,,,
0.197415,0.00339648,,,
0.198095,0.00353872,,,
0.198777,0.00340267,,,
0.199461,0.00353909,,,
0.200147,0.00369222,,,
0.200836,0.00391819,,,
0.201528,0.0037518,,,
0.202221,0.0038322,,,
0.202917,0.00371391,,,
0.203616,0.00381118,,,
0.204317,0.00385744,,,
0.20502,0.00364082,,,
0.205726,0.00389781,,,
0.206434,0.00381074,,,
0.207145,0.0039319,,,
0.207858,0.00393513,,,
0.208573,0.00388543,,,
0.209291,0.00385132,,,
0.210012,0.00391296,,,
0.210734,0.00400131,,,
0.21146,0.0039542,,,
0.212188,0.00398196,,,
0.212918,0.003994,,,
0.213651,0.00392077,,,
0.214386,0.00411265,,,
0.215124,0.00399583,,,
0.215865,0.00404067,,,
0.216608,0.00404213,,,
0.217354,0.00406358,,,
0.218102,0.00418688,,,
0.218853,0.00412613,,,
0.219606,0.00394134,,,
0.220362,0.00402626,,,
0.22112,0.00408382,,,
0.221882,0.00414496,,,
0.222645,0.00421934,,,
0.223412,0.00427219,,,
0.224181,0.00421197,,,
0.224952,0.00416444,,,
0.225727,0.00424906,,,
0.226504,0.00432476,,,
0.227283,0.00443943,,,
0.228066,0.00439999,,,
0.228851,0.00436123,,,
0.229639,0.00445015,,,
0.230429,0.00451998,,,
0.231222,0.00443421,,,
0.232018,0.00458284,,,
0.232817,0.00455967,,,
0.233618,0.00447593,,,
0.234422,0.00470088,,,
0.235229,0.0044813,,,
0.236039,0.00461809,,,
0.236852,0.00453369,,,
0.237667,0.00457958,,,
0.238485,0.00453038,,,
0.239306,0.00462261,,,
0.24013,0.00471159,,,
0.240956,0.00468089,,,
0.241786,0.00482365,,,
0.242618,0.00479011,,,
0.243453,0.00467476,,,
0.244291,0.00483971,,,
0.245132,0.00513383,,,
0.245976,0.00492742,,,
0.246822,0.00485705,,,
0.247672,0.00484241,,,
0.248525,0.00486704,,,
0.24938,0.00492785,,,
0.250239,0.00479616,,,
0.2511,0.00491189,,,
0.251964,0.00521863,,,
0.252832,0.00515012,,,
0.253702,0.00513081,,,
0.254575,0.0051489,,,
0.255452,0.00509934,,,
0.256331,0.00534014,,,
0.257213,0.00513677,,,
0.258099,0.00526405,,,
0.258987,0.00518871,,,
0.259878,0.00528718,,,
0.260773,0.00532656,,,
0.261671,0.00527753,,,
0.262571,0.00519135,,,
0.263475,0.00539993,,,
0.264382,0.00519504,,,
0.265292,0.0053432,,,
0.266205,0.00533052,,,
0.267122,0.0055185,,,
0.268041,0.0053207,,,
0.268964,0.00537143,,,
0.26989,0.00566601,,,
0.270819,0.00534578,,,
0.271751,0.00574125,,,
0.272686,0.00556371,,,
0.273625,0.0054654,,,
0.274567,0.00571686,,,
0.275512,0.00561053,,,
0.27646,0.00570151,,,
0.277412,0.00545608,,,
0.278367,0.00545628,,,
0.279325,0.00599994,,,
0.280287,0.00597925,,,
0.281252,0.00586259,,,
0.28222,0.00593897,,,
0.283191,0.00608324,,,
0.284166,0.00600591,,,
0.285144,0.00584005,,,
0.286126,0.00591673,,,
0.287111,0.00598818,,,
0.288099,0.00597426,,,
0.289091,0.00608623,,,
0.290086,0.00604649,,,
0.291084,0.00633768,,,
0.292086,0.00610895,,,
0.293092,0.00637444,,,
0.294101,0.00628271,,,
0.295113,0.00639724,,,
0.296129,0.00635075,,,
0.297148,0.00624804,,,
0.298171,0.00636451,,,
0.299197,0.00637588,,,
0.300227,0.00663786,,,
0.301261,0.00659995,,,
0.302298,0.00654466,,,
0.303338,0.0065731,,,
0.304382,0.00656328,,,
0.30543,0.00667283,,,
0.306482,0.00670795,,,
0.307536,0.00659431,,,
0.308595,0.00665897,,,
0.309657,0.0066901,,,
0.310723,0.00685942,,,
0.311793,0.00696588,,,
0.312866,0.00693905,,,
0.313943,0.00695807,,,
0.315024,0.00662069,,,
0.316108,0.00696939,,,
0.317196,0.00700363,,,
0.318288,0.00696827,,,
0.319384,0.00686538,,,
0.320483,0.00711252,,,
0.321586,0.0071409,,,
0.322693,0.00713093,,,
0.323804,0.00708099,,,
0.324919,0.00728687,,,
0.326037,0.00722195,,,
0.327159,0.00727239,,,
0.328286,0.00738566,,,
0.329416,0.0072142,,,
0.330549,0.00724338,,,
0.331687,0.00743919,,,
0.332829,0.00757224,,,
0.333975,0.00752509,,,
0.335124,0.0073351,,,
0.336278,0.00752113,,,
0.337435,0.00770318,,,
0.338597,0.00767463,,,
0.339763,0.00792708,,,
0.340932,0.00758421,,,
0.342106,0.00784051,,,
0.343283,0.00776259,,,
0.344465,0.00783772,,,
0.345651,0.0078449,,,
0.34684,0.007979,,,
0.348034,0.00794881,,,
0.349232,0.00828076,,,
0.350434,0.00829596,,,
0.351641,0.00806806,,,
0.352851,0.00806497,,,
0.354066,0.00817635,,,
0.355285,0.00822559,,,
0.356508,0.00825087,,,
0.357735,0.00835709,,,
0.358966,0.00857801,,,
0.360202,0.00851253,,,
0.361442,0.00838365,,,
0.362686,0.00845048,,,
0.363934,0.00874698,,,
0.365187,0.00879896,,,
0.366444,0.00830279,,,
0.367705,0.00894648,,,
0.368971,0.00858455,,,
0.370241,0.00872039,,,
0.371516,0.00886137,,,
0.372795,0.00889495,,,
0.374078,0.00891911,,,
0.375365,0.00904114,,,
0.376658,0.00890475,,,
0.377954,0.0093762,,,
0.379255,0.00926728,,,
0.380561,0.00897926,,,
0.381871,0.00908549,,,
0.383185,0.00918998,,,
0.384504,0.00937322,,,
0.385828,0.00917132,,,
0.387156,0.00924782,,,
0.388488,0.00945905,,,
0.389826,0.00945272,,,
0.391168,0.00926757,,,
0.392514,0.00963843,,,
0.393865,0.00959266,,,
0.395221,0.0095134,,,
0.396581,0.00949166,,,
0.397946,0.00976318,,,
0.399316,0.00997138,,,
0.400691,0.00991145,,,
0.40207,0.0100182,,,
0.403454,0.0102868,,,
0.404843,0.00999541,,,
0.406236,0.0102109,,,
0.407635,0.0102327,,,
0.409038,0.0100716,,,
0.410446,0.0103817,,,
0.411859,0.0103951,,,
0.413277,0.0104939,,,
0.414699,0.0101993,,,
0.416127,0.0104971,,,
0.417559,0.0103107,,,
0.418996,0.0101965,,,
0.420439,0.0104617,,,
0.421886,0.0108404,,,
0.423338,0.0106438,,,
0.424795,0.0106658,,,
0.426258,0.0110101,,,
0.427725,0.0108753,,,
0.429197,0.0109397,,,
0.430675,0.0110193,,,
0.432157,0.0110581,,,
0.433645,0.0112847,,,
0.435137,0.0112637,,,
0.436635,0.0112677,,,
0.438138,0.0112658,,,
0.439646,0.0111887,,,
0.44116,0.0114699,,,
0.442678,0.0113918,,,
0.444202,0.0115228,,,
0.445731,0.0114237,,,
0.447265,0.0118092,,,
0.448805,0.012153,,,
0.45035,0.0116973,,,
0.4519,0.0120035,,,
0.453456,0.0119873,,,
0.455017,0.0118625,,,
0.456583,0.0120799,,,
0.458155,0.0123554,,,
0.459732,0.0121245,,,
0.461314,0.0123559,,,
0.462902,0.0120238,,,
0.464495,0.0124417,,,
0.466094,0.012444,,,
0.467699,0.0124513,,,
0.469309,0.0124861,,,
0.470924,0.0125546,,,
0.472545,0.0127484,,,
0.474172,0.0128184,,,
0.475804,0.0130053,,,
0.477442,0.0128297,,,
0.479085,0.0129953,,,
0.480734,0.0130362,,,
0.482389,0.0131948,,,
0.48405,0.0132156,,,
0.485716,0.0132987,,,
0.487388,0.0134339,,,
0.489066,0.0133344,,,
0.490749,0.0136151,,,
0.492438,0.0135738,,,
0.494133,0.0136634,,,
0.495834,0.0137032,,,
0.497541,0.0137321,,,
0.499254,0.013646,,,
0.500972,0.0137968,,,
0.502697,0.014147,,,
0.504427,0.0140831,,,
0.506164,0.0140497,,,
0.507906,0.0143495,,,
0.509654,0.0144161,,,
0.511409,0.0144351,,,
0.513169,0.0142095,,,
0.514935,0.0146944,,,
0.516708,0.0144833,,,
0.518486,0.0147399,,,
0.520271,0.0150607,,,
0.522062,0.0146186,,,
0.523859,0.0150778,,,
0.525662,0.015162,,,
0.527472,0.0150322,,,
0.529288,0.0155557,,,
0.531109,0.0150445,,,
0.532938,0.015517,,,
0.534772,0.0155469,,,
0.536613,0.0155708,,,
0.53846,0.0153159,,,
0.540314,0.0156018,,,
0.542174,0.0162141,,,
0.54404,0.0159203,,,
0.545913,0.0159544,,,
0.547792,0.0159321,,,
0.549677,0.0159459,,,
0.551569,0.0160269,,,
0.553468,0.0160795,,,
0.555373,0.0159291,,,
0.557285,0.016613,,,
0.559203,0.0167725,,,
0.561128,0.0170452,,,
0.56306,0.0167804,,,
0.564998,0.0166455,,,
0.566943,0.0169048,,,
0.568894,0.0173189,,,
0.570853,0.0168397,,,
0.572818,0.0169987,,,
0.574789,0.0174609,,,
0.576768,0.0170513,,,
0.578753,0.0173289,,,
0.580745,0.0177059,,,
0.582744,0.0177212,,,
0.58475,0.0177108,,,
0.586763,0.0175916,,,
0.588783,0.017641,,,
0.59081,0.018344,,,
0.592843,0.0182775,,,
0.594884,0.0182069,,,
0.596932,0.0181879,,,
0.598987,0.018446,,,
0.601049,0.0188197,,,
0.603117,0.0185449,,,
0.605194,0.0184716,,,
0.607277,0.0189798,,,
0.609367,0.0187792,,,
0.611465,0.0191502,,,
0.61357,0.0190884,,,
0.615682,0.0194499,,,
0.617801,0.0193683,,,
0.619927,0.0190365,,,
0.622061,0.0197376,,,
0.624203,0.0193022,,,
0.626351,0.0199515,,,
0.628507,0.0197884,,,
0.630671,0.020233,,,
0.632842,0.0202079,,,
0.63502,0.0202358,,,
0.637206,0.0203571,,,
0.639399,0.0207065,,,
0.6416,0.0202876,,,
0.643809,0.0204564,,,
0.646025,0.0204657,,,
0.648249,0.0211784,,,
0.65048,0.0211163,,,
0.652719,0.0211717,,,
0.654966,0.0212042,,,
0.657221,0.021157,,,
0.659483,0.0217248,,,
0.661753,0.0212002,,,
0.664031,0.0214932,,,
0.666317,0.0212346,,,
0.66861,0.0218398,,,
0.670912,0.0220046,,,
0.673221,0.0215673,,,
0.675539,0.0220197,,,
0.677864,0.0221303,,,
0.680197,0.0229875,,,
0.682539,0.0223563,,,
0.684888,0.0227832,,,
0.687246,0.0228265,,,
0.689611,0.0228493,,,
0.691985,0.0233299,,,
0.694367,0.023092,,,
0.696757,0.0233985,,,
0.699156,0.0232264,,,
0.701562,0.024036,,,
0.703977,0.0234059,,,
0.706401,0.0235571,,,
0.708832,0.0240211,,,
0.711272,0.0244994,,,
0.713721,0.0244931,,,
0.716177,0.0243249,,,
0.718643,0.0243665,,,
0.721116,0.0246016,,,
0.723599,0.0243779,,,
0.726089,0.0249774,,,
0.728589,0.0249499,,,
0.731097,0.0251326,,,
0.733613,0.0253703,,,
0.736139,0.025168,,,
0.738673,0.0255881,,,
0.741215,0.0339596,,,
0.743767,0.0252595,,,
0.746327,0.0258245,,,
0.748896,0.025863,,,
0.751474,0.026511,,,
0.754061,0.0263743,,,
0.756656,0.0264095,,,
0.759261,0.0267074,,,
0.761874,0.0294305,,,
0.764497,0.0265603,,,
0.767128,0.0275485,,,
0.769769,0.0269786,,,
0.772419,0.0278512,,,
0.775078,0.0275011,,,
0.777746,0.0280432,,,
0.780423,0.0279123,,,
0.783109,0.0278564,,,
0.785805,0.0276437,,,
0.78851,0.0284053,,,
0.791224,0.0285661,,,
0.793948,0.0284465,,,
0.79668,0.0287926,,,
0.799423,0.0288965,,,
0.802175,0.0288073,,,
0.804936,0.0291269,,,
0.807707,0.0295957,,,
0.810487,0.029617,,,
0.813277,0.0298083,,,
0.816076,0.0297138,,,
0.818885,0.0300953,,,
0.821704,0.0302361,,,
0.824533,0.0303087,,,
0.827371,0.0307017,,,
0.830219,0.0304729,,,
0.833077,0.0308853,,,
0.835944,0.0308029,,,
0.838822,0.0311152,,,
0.841709,0.0311542,,,
0.844607,0.0315426,,,
0.847514,0.0312181,,,
0.850431,0.0318791,,,
0.853359,0.0321275,,,
0.856296,0.0321721,,,
0.859244,0.0319517,,,
0.862201,0.0324803,,,
0.865169,0.032278,,,
0.868147,0.0326633,,,
0.871136,0.0332198,,,
0.874135,0.0332446,,,
0.877143,0.0335919,,,
0.880163,0.0339624,,,
0.883193,0.0338197,,,
0.886233,0.0340918,,,
0.889283,0.0336407,,,
0.892344,0.0341523,,,
0.895416,0.0340809,,,
0.898498,0.0344831,,,
0.901591,0.0347014,,,
0.904695,0.0348228,,,
0.907809,0.0354702,,,
0.910934,0.0354903,,,
0.914069,0.0356938,,,
0.917216,0.0362391,,,
0.920373,0.0361154,,,
0.923541,0.0358794,,,
0.92672,0.036462,,,
0.92991,0.0367431,,,
0.933111,0.0373259,,,
0.936323,0.0369638,,,
0.939546,0.0369112,,,
0.94278,0.0373234,,,
0.946026,0.0375469,,,
0.949282,0.0379074,,,
0.95255,0.0380773,,,
0.955829,0.038155,,,
0.959119,0.0386559,,,
0.96242,0.0388201,,,
0.965733,0.0387754,,,
0.969057,0.0391433,,,
0.972393,0.039434,,,
0.97574,0.0396479,,,
0.979099,0.0399447,,,
0.982469,0.0403024,,,
0.985851,0.039922,,,
0.989245,0.0400744,,,
0.99265,0.0407746,,,
0.996067,0.0409401,,,
0.999495,0.0409663,,,
1.00294,0.0410447,,,
1.00639,0.0416578,,,
1.00985,0.0420414,,,
1.01333,0.0422563,,,
1.01682,0.0430873,,,
1.02032,0.0420344,,,
1.02383,0.0422763,,,
1.02735,0.0430369,,,
1.03089,0.043254,,,
1.03444,0.0434569,,,
1.038,0.0438444,,,
1.04157,0.0440181,,,
1.04516,0.0448486,,,
1.04876,0.0443549,,,
1.05237,0.0450569,,,
1.05599,0.0445964,,,
1.05962,0.045676,,,
1.06327,0.04488,,,
1.06693,0.0454538,,,
1.0706,0.045688,,,
1.07429,0.0462453,,,
1.07799,0.0461235,,,
1.0817,0.0463426,,,
1.08542,0.0470306,,,
1.08916,0.0469715,,,
1.09291,0.0473757,,,
1.09667,0.0471635,,,
1.10044,0.0480864,,,
1.10423,0.0481189,,,
1.10803,0.048734,,,
1.11185,0.0490587,,,
1.11567,0.0480139,,,
1.11951,0.0488325,,,
1.12337,0.0494877,,,
1.12723,0.0496512,,,
1.13111,0.0496821,,,
1.13501,0.0501588,,,
1.13891,0.05047,,,
1.14283,0.0512365,,,
1.14677,0.0513686,,,
1.15072,0.0512953,,,
1.15468,0.0512694,,,
1.15865,0.0519522,,,
1.16264,0.0523663,,,
1.16664,0.0524152,,,
1.17066,0.0530185,,,
1.17469,0.0532015,,,
1.17873,0.0529492,,,
1.18279,0.0536578,,,
1.18686,0.0536175,,,
1.19095,0.0538035,,,
1.19505,0.0540985,,,
1.19916,0.0540734,,,
1.20329,0.0550494,,,
1.20743,0.0553644,,,
1.21158,0.055344,,,
1.21576,0.0571199,,,
1.21994,0.0569488,,,
1.22414,0.0569887,,,
1.22835,0.0569263,,,
1.23258,0.0577464,,,
1.23682,0.0585245,,,
1.24108,0.0574868,,,
1.24535,0.0578602,,,
1.24964,0.0582779,,,
1.25394,0.0584681,,,
1.25826,0.059539,,,
1.26259,0.0597621,,,
1.26694,0.059733,,,
1.2713,0.0604475,,,
1.27567,0.0612899,,,
1.28006,0.0601449,,,
1.28447,0.0612686,,,
1.28889,0.0618833,,,
1.29333,0.0617543,,,
1.29778,0.0624035,,,
1.30225,0.0628706,,,
1.30673,0.0632322,,,
1.31123,0.0629411,,,
1.31574,0.0638672,,,
1.32027,0.0637467,,,
1.32482,0.0642771,,,
1.32938,0.0644503,,,
1.33395,0.0650157,,,
1.33854,0.06481,,,
1.34315,0.0656811,,,
1.34777,0.0660533,,,
1.35241,0.0669068,,,
1.35707,0.0663383,,,
1.36174,0.0670777,,,
1.36643,0.0672049,,,
1.37113,0.0680651,,,
1.37585,0.0678332,,,
1.38059,0.069077,,,
1.38534,0.0686253,,,
1.39011,0.0695762,,,
1.39489,0.0694568,,,
1.3997,0.0696789,,,
1.40451,0.0705495,,,
1.40935,0.0707608,,,
1.4142,0.0710369,,,
1.41907,0.0722318,,,
1.42395,0.0727663,,,
1.42885,0.0726186,,,
1.43377,0.0729483,,,
1.43871,0.0727138,,,
1.44366,0.0728874,,,
1.44863,0.073921,,,
1.45362,0.074688,,,
1.45862,0.0742988,,,
1.46364,0.0751238,,,
1.46868,0.0757657,,,
1.47373,0.0764291,,,
1.47881,0.0760118,,,
1.4839,0.0770972,,,
1.48901,0.0772086,,,
1.49413,0.0774132,,,
1.49927,0.0774931,,,
1.50443,0.0793409,,,
1.50961,0.0789304,,,
1.51481,0.0792797,,,
1.52002,0.0805714,,,
1.52526,0.0796826,,,
1.53051,0.0806576,,,
1.53577,0.0810047,,,
1.54106,0.0816439,,,
1.54637,0.0818864,,,
1.55169,0.0827444,,,
1.55703,0.0839038,,,
1.56239,0.0832302,,,
1.56777,0.0831061,,,
1.57316,0.0842509,,,
1.57858,0.0844498,,,
1.58401,0.0850272,,,
1.58947,0.0855974,,,
1.59494,0.08649,,,
1.60043,0.0864646,,,
1.60594,0.0864263,,,
1.61146,0.0875846,,,
1.61701,0.0880316,,,
1.62258,0.0888408,,,
1.62816,0.0894791,,,
1.63377,0.0891958,,,
1.63939,0.089483,,,
1.64503,0.0900631,,,
1.6507,0.0912749,,,
1.65638,0.091711,,,
1.66208,0.0916429,,,
1.6678,0.0919107,,,
1.67354,0.0922135,,,
1.6793,0.0937662,,,
1.68508,0.0930193,,,
1.69088,0.0941317,,,
1.69671,0.0946501,,,
1.70255,0.0949616,,,
1.70841,0.095053,,,
1.71429,0.0970674,,,
1.72019,0.096782,,,
1.72611,0.0970029,,,
1.73205,0.097709,,,
1.73801,0.0982461,,,
1.744,0.0980933,,,
1.75,0.0989802,,,
1.75602,0.0993289,,,
1.76207,0.100359,,,
1.76813,0.0998877,,,
1.77422,0.101691,,,
1.78033,0.101292,,,
1.78645,0.101621,,,
1.7926,0.102657,,,
1.79877,0.102691,,,
1.80497,0.104569,,,
1.81118,0.103822,,,
1.81741,0.105132,,,
1.82367,0.10507,,,
1.82995,0.105603,,,
1.83625,0.106631,,,
1.84257,0.106407,,,
1.84891,0.107769,,,
1.85527,0.108528,,,
1.86166,0.108846,,,
1.86807,0.108968,,,
1.8745,0.109273,,,
1.88095,0.109298,,,
1.88743,0.111706,,,
1.89392,0.111132,,,
1.90044,0.112267,,,
1.90698,0.112689,,,
1.91355,0.112596,,,
1.92014,0.113637,,,
1.92674,0.113198,,,
1.93338,0.115056,,,
1.94003,0.115837,,,
1.94671,0.115251,,,
1.95341,0.116133,,,
1.96014,0.11677,,,
1.96688,0.117497,,,
1.97365,0.118684,,,
1.98045,0.118392,,,
1.98726,0.119371,,,
1.9941,0.119152,,,
2.00097,0.119239,,,
2.00786,0.121259,,,
2.01477,0.122794,,,
2.0217,0.12072,,,
2.02866,0.123001,,,
2.03565,0.12242,,,
2.04265,0.123276,,,
2.04968,0.123471,,,
2.05674,0.12521,,,
2.06382,0.124578,,,
2.07092,0.125225,,,
2.07805,0.126203,,,
2.08521,0.126921,,,
2.09238,0.127168,,,
2.09959,0.128391,,,
2.10681,0.127963,,,
2.11406,0.129278,,,
2.12134,0.130803,,,
2.12864,0.130332,,,
2.13597,0.129682,,,
2.14332,0.130229,,,
2.1507,0.13166,,,
2.1581,0.131187,,,
2.16553,0.131748,,,
2.17299,0.13249,,,
2.18047,0.134161,,,
2.18797,0.13436,,,
2.19551,0.134269,,,
2.20306,0.135536,,,
2.21065,0.136065,,,
2.21826,0.137058,,,
2.22589,0.137371,,,
2.23355,0.137937,,,
2.24124,0.138465,,,
2.24896,0.137723,,,
2.2567,0.139171,,,
2.26447,0.138922,,,
2.27226,0.140401,,,
2.28008,0.140851,,,
2.28793,0.141549,,,
2.29581,0.142094,,,
2.30371,0.141922,,,
2.31164,0.142576,,,
2.3196,0.142632,,,
2.32758,0.143037,,,
2.33559,0.143458,,,
2.34363,0.144,,,
2.3517,0.145715,,,
2.3598,0.14541,,,
2.36792,0.145313,,,
2.37607,0.146386,,,
2.38425,0.145665,,,
2.39245,0.145946,,,
2.40069,0.148696,,,
2.40895,0.149394,,,
2.41725,0.149557,,,
2.42557,0.148956,,,
2.43392,0.150714,,,
2.44229,0.150339,,,
2.4507,0.150943,,,
2.45914,0.151987,,,
2.4676,0.151041,,,
2.4761,0.152091,,,
2.48462,0.152717,,,
2.49317,0.152189,,,
2.50175,0.153108,,,
2.51037,0.153146,,,
2.51901,0.154046,,,
2.52768,0.155598,,,
2.53638,0.154568,,,
2.54511,0.155467,,,
2.55387,0.154797,,,
2.56266,0.157042,,,
2.57148,0.155618,,,
2.58033,0.157681,,,
2.58922,0.158282,,,
2.59813,0.158601,,,
2.60707,0.158988,,,
2.61605,0.158626,,,
2.62505,0.15792,,,
2.63409,0.159867,,,
2.64315,0.159279,,,
2.65225,0.159993,,,
2.66138,0.161867,,,
2.67054,0.162342,,,
2.67974,0.161248,,,
2.68896,0.161393,,,
2.69822,0.161371,,,
2.7075,0.161516,,,
2.71682,0.161607,,,
2.72618,0.163265,,,
2.73556,0.163256,,,
2.74498,0.163248,,,
2.75443,0.163085,,,
2.76391,0.164616,,,
2.77342,0.165162,,,
2.78297,0.164041,,,
2.79255,0.164234,,,
2.80216,0.165237,,,
2.81181,0.165827,,,
2.82148,0.164533,,,
2.8312,0.165739,,,
2.84094,0.166841,,,
2.85072,0.164936,,,
2.86053,0.166765,,,
2.87038,0.166396,,,
2.88026,0.166589,,,
2.89018,0.166558,,,
2.90012,0.16666,,,
2.91011,0.166981,,,
2.92013,0.168259,,,
2.93018,0.168192,,,
2.94026,0.167411,,,
2.95038,0.166831,,,
2.96054,0.168639,,,
2.97073,0.168693,,,
2.98096,0.167961,,,
2.99122,0.168814,,,
3.00151,0.168561,,,
3.01185,0.168098,,,
3.02221,0.168724,,,
3.03262,0.169414,,,
3.04306,0.170248,,,
3.05353,0.1699,,,
3.06404,0.169922,,,
3.07459,0.16991,,,
3.08517,0.168883,,,
3.09579,0.169907,,,
3.10645,0.170862,,,
3.11714,0.168908,,,
3.12787,0.170207,,,
3.13864,0.171351,,,
3.14944,0.17089,,,
3.16028,0.170902,,,
3.17116,0.17139,,,
3.18208,0.171025,,,
3.19303,0.169043,,,
3.20402,0.170934,,,
3.21505,0.170389,,,
3.22612,0.170667,,,
3.23722,0.17043,,,
3.24837,0.171448,,,
3.25955,0.170428,,,
3.27077,0.171152,,,
3.28203,0.169058,,,
3.29332,0.169905,,,
3.30466,0.169696,,,
3.31604,0.17081,,,
3.32745,0.169739,,,
3.3389,0.170375,,,
3.3504,0.170337,,,
3.36193,0.169815,,,
3.3735,0.170252,,,
3.38512,0.169522,,,
3.39677,0.169492,,,
3.40846,0.170316,,,
3.42019,0.169868,,,
3.43197,0.169813,,,
3.44378,0.169492,,,
3.45563,0.168804,,,
3.46753,0.168854,,,
3.47947,0.169198,,,
3.49144,0.168394,,,
3.50346,0.169076,,,
3.51552,0.168747,,,
3.52762,0.168541,,,
3.53976,0.168665,,,
3.55195,0.168181,,,
3.56418,0.168325,,,
3.57644,0.166856,,,
3.58876,0.168248,,,
3.60111,0.165759,,,
3.6135,0.166497,,,
3.62594,0.167094,,,
3.63842,0.166436,,,
3.65095,0.165627,,,
3.66352,0.166478,,,
3.67613,0.165454,,,
3.68878,0.166103,,,
3.70148,0.165957,,,
3.71422,0.165214,,,
3.72701,0.164823,,,
3.73983,0.165334,,,
3.75271,0.164931,,,
3.76563,0.163669,,,
3.77859,0.164172,,,
3.79159,0.164079,,,
3.80465,0.163632,,,
3.81774,0.162807,,,
3.83088,0.161629,,,
3.84407,0.162117,,,
3.8573,0.160798,,,
3.87058,0.162768,,,
3.8839,0.159869,,,
3.89727,0.162412,,,
3.91069,0.159614,,,
3.92415,0.159649,,,
3.93766,0.159914,,,
3.95121,0.158973,,,
3.96481,0.159044,,,
3.97846,0.159197,,,
3.99216,0.159273,,,
4.0059,0.157549,,,
4.01969,0.157709,,,
4.03352,0.157589,,,
4.04741,0.158001,,,
4.06134,0.156575,,,
4.07532,0.156605,,,
4.08935,0.155736,,,
4.10342,0.155726,,,
4.11755,0.156122,,,
4.13172,0.153336,,,
4.14595,0.155953,,,
4.16022,0.15441,,,
4.17454,0.153914,,,
4.18891,0.153846,,,
4.20333,0.153016,,,
4.21779,0.151945,,,
4.23231,0.153069,,,
4.24688,0.15032,,,
4.2615,0.15139,,,
4.27617,0.149555,,,
4.29089,0.151045,,,
4.30566,0.150338,,,
4.32048,0.148305,,,
4.33535,0.149718,,,
4.35028,0.147697,,,
4.36525,0.148594,,,
4.38028,0.148884,,,
4.39535,0.146284,,,
4.41048,0.147409,,,
4.42567,0.146551,,,
4.4409,0.14596,,,
4.45619,0.14582,,,
4.47153,0.144315,,,
4.48692,0.14307,,,
4.50236,0.144519,,,
4.51786,0.144394,,,
4.53341,0.142903,,,
4.54902,0.142624,,,
4.56468,0.141099,,,
4.58039,0.141933,,,
4.59616,0.141343,,,
4.61198,0.140513,,,
4.62785,0.139931,,,
4.64378,0.139189,,,
4.65977,0.138411,,,
4.67581,0.137826,,,
4.6919,0.13764,,,
4.70805,0.137177,,,
4.72426,0.137171,,,
4.74052,0.135839,,,
4.75684,0.13507,,,
4.77321,0.13396,,,
4.78964,0.134655,,,
4.80613,0.134672,,,
4.82268,0.133856,,,
4.83928,0.132535,,,
4.85593,0.131861,,,
4.87265,0.131561,,,
4.88942,0.131568,,,
4.90625,0.129942,,,
4.92314,0.129583,,,
4.94009,0.129913,,,
4.95709,0.129164,,,
4.97416,0.127981,,,
4.99128,0.128634,,,
5.00846,0.127166,,,
5.0257,0.126799,,,
5.043,0.126526,,,
5.06036,0.124763,,,
5.07778,0.124995,,,
5.09526,0.124266,,,
5.11279,0.124292,,,
5.13039,0.124571,,,
5.14805,0.124109,,,
5.16578,0.121973,,,
5.18356,0.122509,,,
5.2014,0.121874,,,
5.2193,0.120001,,,
5.23727,0.120419,,,
5.2553,0.119738,,,
5.27339,0.118714,,,
5.29154,0.118529,,,
5.30976,0.11805,,,
5.32803,0.118315,,,
5.34637,0.116614,,,
5.36478,0.117525,,,
5.38324,0.116246,,,
5.40177,0.11537,,,
5.42037,0.115499,,,
5.43903,0.11489,,,
5.45775,0.113916,,,
5.47653,0.112918,,,
5.49539,0.111716,,,
5.5143,0.112697,,,
5.53328,0.111726,,,
5.55233,0.11208,,,
5.57144,0.10973,,,
5.59062,0.109826,,,
5.60987,0.109385,,,
5.62918,0.108455,,,
5.64855,0.107873,,,
5.668,0.107258,,,
5.68751,0.107593,,,
5.70708,0.105824,,,
5.72673,0.106391,,,
5.74644,0.103849,,,
5.76622,0.104869,,,
5.78607,0.103901,,,
5.80599,0.104406,,,
5.82597,0.103332,,,
5.84603,0.102008,,,
5.86615,0.102256,,,
5.88634,0.101904,,,
5.90661,0.100551,,,
5.92694,0.10074,,,
5.94734,0.100023,,,
5.96781,0.0991482,,,
5.98836,0.0990361,,,
6.00897,0.0977606,,,
6.02965,0.0973119,,,
6.05041,0.0969324,,,
6.07124,0.0959371,,,
6.09213,0.0958452,,,
6.1131,0.0956864,,,
6.13415,0.0947433,,,
6.15526,0.0939575,,,
6.17645,0.0937291,,,
6.19771,0.0932307,,,
6.21904,0.0924839,,,
6.24045,0.0920246,,,
6.26193,0.091966,,,
6.28349,0.0908795,,,
6.30512,0.0894497,,,
6.32682,0.0907352,,,
6.3486,0.0895195,,,
6.37045,0.0890895,,,
6.39238,0.0884016,,,
6.41439,0.0873376,,,
6.43647,0.0869801,,,
6.45862,0.0860609,,,
6.48085,0.0853745,,,
6.50316,0.0863,,,
6.52555,0.0847967,,,
6.54801,0.0842406,,,
6.57055,0.0845786,,,
6.59317,0.0826957,,,
6.61586,0.0831138,,,
6.63863,0.0821209,,,
6.66149,0.0816039,,,
6.68442,0.081722,,,
6.70743,0.080771,,,
6.73051,0.0801964,,,
6.75368,0.0806008,,,
6.77693,0.0799825,,,
6.80026,0.0782121,,,
6.82367,0.0780391,,,
6.84715,0.0780879,,,
6.87072,0.0769298,,,
6.89437,0.0764226,,,
6.91811,0.076515,,,
6.94192,0.0750727,,,
6.96582,0.075089,,,
6.98979,0.0746598,,,
7.01385,0.0738817,,,
7.038,0.0726479,,,
7.06222,0.0727089,,,
7.08653,0.0725403,,,
7.11093,0.0727193,,,
7.13541,0.0712846,,,
7.15997,0.0710588,,,
7.18461,0.0703093,,,
7.20934,0.0701958,,,
7.23416,0.0690905,,,
7.25906,0.0689407,,,
7.28405,0.0683184,,,
7.30912,0.0681851,,,
7.33428,0.0675752,,,
7.35953,0.0665651,,,
7.38486,0.0655451,,,
7.41028,0.0656785,,,
7.43579,0.0652424,,,
7.46139,0.0649095,,,
7.48707,0.0636469,,,
7.51284,0.0634903,,,
7.5387,0.0633095,,,
7.56465,0.0630264,,,
7.59069,0.0629894,,,
7.61682,0.0615474,,,
7.64304,0.0616168,,,
7.66935,0.0610419,,,
7.69575,0.0606542,,,
7.72224,0.0595584,,,
7.74882,0.0591857,,,
7.77549,0.0587842,,,
7.80226,0.0583001,,,
7.82912,0.0573877,,,
7.85607,0.0583505,,,
7.88311,0.0576334,,,
7.91024,0.0568743,,,
7.93747,0.0563737,,,
7.96479,0.0555047,,,
7.99221,0.0548266,,,
8.01972,0.0549121,,,
8.04733,0.0546397,,,
8.07503,0.0538228,,,
8.10283,0.0533286,,,
8.13072,0.0525755,,,
8.1587,0.0531309,,,
8.18679,0.0523721,,,
8.21497,0.051143,,,
8.24325,0.0508349,,,
8.27162,0.0509413,,,
8.3001,0.0506752,,,
8.32867,0.0498125,,,
8.35734,0.0492789,,,
8.3861,0.0488432,,,
8.41497,0.0483587,,,
8.44394,0.0484151,,,
8.473,0.0476067,,,
8.50217,0.0474347,,,
8.53143,0.0468757,,,
8.5608,0.0462038,,,
8.59027,0.0459129,,,
8.61984,0.0455148,,,
8.64951,0.0456661,,,
8.67928,0.0446569,,,
8.70916,0.0443823,,,
8.73914,0.0436123,,,
8.76922,0.0435166,,,
8.79941,0.0430212,,,
8.8297,0.0427938,,,
8.86009,0.0420098,,,
8.89059,0.0419306,,,
8.92119,0.0412546,,,
8.9519,0.0408141,,,
8.98272,0.0398532,,,
9.01364,0.040018,,,
9.04466,0.0394504,,,
9.0758,0.0395714,,,
9.10704,0.0393699,,,
9.13839,0.0384532,,,
9.16984,0.0380155,,,
9.20141,0.0380776,,,
9.23308,0.0373498,,,
9.26486,0.0371325,,,
9.29676,0.036443,,,
9.32876,0.0360364,,,
9.36087,0.0357942,,,
9.39309,0.0354206,,,
9.42542,0.0350073,,,
9.45787,0.0344536,,,
9.49042,0.0345979,,,
9.52309,0.0340556,,,
9.55587,0.033379,,,
9.58877,0.0330685,,,
9.62177,0.032742,,,
9.65489,0.0325677,,,
9.68813,0.0322438,,,
9.72148,0.0316909,,,
9.75494,0.0317668,,,
9.78852,0.0311964,,,
9.82221,0.030871,,,
9.85602,0.0299281,,,
9.88995,0.0303256,,,
9.92399,0.029707,,,
9.95816,0.0288917,,,
9.99243,0.0291352,,,
10.0268,0.0286785,,,
10.0613,0.0285962,,,
10.096,0.0280771,,,
10.1307,0.0276233,,,
10.1656,0.0273075,,,
10.2006,0.0267293,,,
10.2357,0.0266698,,,
10.2709,0.0268066,,,
10.3063,0.0258111,,,
10.3418,0.0257831,,,
10.3774,0.0257973,,,
10.4131,0.0250333,,,
10.4489,0.024477,,,
10.4849,0.0245529,,,
10.521,0.024429,,,
10.5572,0.0237896,,,
10.5936,0.0237363,,,
10.63,0.0230355,,,
10.6666,0.023159,,,
10.7033,0.0225785,,,
10.7402,0.0226349,,,
10.7771,0.0219467,,,
10.8142,0.0216421,,,
10.8515,0.0215542,,,
10.8888,0.0215276,,,
10.9263,0.0208917,,,
10.9639,0.0206517,,,
11.0016,0.0205068,,,
11.0395,0.020152,,,
11.0775,0.0198564,,,
11.1156,0.0200825,,,
11.1539,0.0196705,,,
11.1923,0.0195341,,,
11.2308,0.0189522,,,
11.2695,0.0186726,,,
11.3083,0.0182938,,,
11.3472,0.0180768,,,
11.3863,0.017884,,,
11.4255,0.0174822,,,
11.4648,0.0176515,,,
11.5043,0.017286,,,
11.5439,0.0167871,,,
11.5836,0.0165266,,,
11.6235,0.0164446,,,
11.6635,0.0164208,,,
11.7036,0.0161493,,,
11.7439,0.015557,,,
11.7843,0.0160505,,,
11.8249,0.0152756,,,
11.8656,0.0150292,,,
11.9065,0.0153221,,,
11.9474,0.0146847,,,
11.9886,0.0147479,,,
12.0298,0.0142695,,,
12.0712,0.0141546,,,
12.1128,0.0139893,,,
12.1545,0.0137961,,,
12.1963,0.013679,,,
12.2383,0.0135302,,,
12.2804,0.013392,,,
12.3227,0.0129636,,,
12.3651,0.0125429,,,
12.4077,0.0123886,,,
12.4504,0.012389,,,
12.4933,0.0122395,,,
12.5363,0.0120107,,,
12.5794,0.0120016,,,
12.6227,0.0118246,,,
12.6662,0.0116627,,,
12.7098,0.0112313,,,
12.7535,0.0112854,,,
12.7974,0.0111333,,,
12.8415,0.0106943,,,
12.8857,0.0107111,,,
12.93,0.0105785,,,
12.9745,0.0103814,,,
13.0192,0.0100051,,,
13.064,0.0100576,,,
13.109,0.00996852,,,
13.1541,0.00983849,,,
13.1994,0.00950059,,,
13.2448,0.00948653,,,
13.2904,0.00935628,,,
13.3362,0.00936349,,,
13.3821,0.00887163,,,
13.4281,0.00878034,,,
13.4743,0.00879314,,,
13.5207,0.00853141,,,
13.5673,0.00832194,,,
13.614,0.00834111,,,
13.6608,0.00821684,,,
13.7079,0.00789804,,,
13.755,0.00794424,,,
13.8024,0.00772922,,,
13.8499,0.00751884,,,
13.8976,0.00753547,,,
13.9454,0.00724857,,,
13.9934,0.00735341,,,
14.0416,0.00732229,,,
14.0899,0.00698002,,,
14.1384,0.00704783,,,
14.1871,0.00675812,,,
14.2359,0.0068005,,,
14.2849,0.0065361,,,
14.3341,0.00644163,,,
14.3834,0.00655941,,,
14.433,0.00611661,,,
14.4826,0.00612895,,,
14.5325,0.0062025,,,
14.5825,0.00597961,,,
14.6327,0.00594149,,,
14.6831,0.00588928,,,
14.7336,0.00576092,,,
14.7843,0.00557901,,,
14.8352,0.00559508,,,
14.8863,0.00545931,,,
14.9375,0.00526101,,,
14.989,0.00521584,,,
15.0406,0.00527504,,,
15.0923,0.00498181,,,
15.1443,0.00503704,,,
15.1964,0.00492357,,,
15.2487,0.00484959,,,
15.3012,0.00472704,,,
15.3539,0.00461501,,,
15.4067,0.00459712,,,
15.4598,0.00453946,,,
15.513,0.00451419,,,
15.5664,0.00443741,,,
15.62,0.00433588,,,
15.6737,0.0041905,,,
15.7277,0.00427421,,,
15.7818,0.00415993,,,
15.8361,0.00404349,,,
15.8907,0.0039996,,,
15.9454,0.00386698,,,
16.0002,0.00389919,,,
16.0553,0.00374646,,,
16.1106,0.00373862,,,
16.166,0.00368139,,,
16.2217,0.00366948,,,
16.2775,0.0036215,,,
16.3336,0.0034438,,,
16.3898,0.00344007,,,
16.4462,0.00339789,,,
16.5028,0.0033579,,,
16.5596,0.00332731,,,
16.6166,0.00322458,,,
16.6738,0.00318392,,,
16.7312,0.00307433,,,
16.7888,0.00307045,,,
16.8466,0.00303155,,,
16.9046,0.00297753,,,
16.9628,0.0029392,,,
17.0212,0.00293561,,,
17.0798,0.00287765,,,
17.1385,0.00278551,,,
17.1975,0.00268708,,,
17.2567,0.00271505,,,
17.3161,0.00273591,,,
17.3757,0.00263245,,,
17.4356,0.00252319,,,
17.4956,0.00256498,,,
17.5558,0.00245995,,,
17.6162,0.00242261,,,
17.6769,0.00248855,,,
17.7377,0.00239613,,,
17.7988,0.00233053,,,
17.86,0.00239971,,,
17.9215,0.00233728,,,
17.9832,0.00228762,,,
18.0451,0.0022201,,,
18.1072,0.00215453,,,
18.1696,0.0021512,,,
18.2321,0.00215213,,,
18.2949,0.00210476,,,
18.3578,0.00201771,,,
18.421,0.00198857,,,
18.4844,0.00204871,,,
18.5481,0.00195752,,,
18.6119,0.00187556,,,
18.676,0.00185391,,,
18.7403,0.00182496,,,
18.8048,0.00186202,,,
18.8695,0.00187026,,,
18.9345,0.00178547,,,
18.9996,0.00173806,,,
19.065,0.00173988,,,
19.1307,0.00169253,,,
19.1965,0.00171382,,,
19.2626,0.00167281,,,
19.3289,0.00164426,,,
19.3954,0.00159261,,,
19.4622,0.00160945,,,
19.5292,0.00158767,,,
19.5964,0.00156134,,,
19.6639,0.00148893,,,
19.7316,0.00152473,,,
19.7995,0.0014676,,,
19.8676,0.00149172,,,
19.936,0.00148665,,,
20.0046,0.00147848,,,
20.0735,0.00140113,,,
20.1426,0.00136045,,,
20.2119,0.00138541,,,
20.2815,0.00132055,,,
20.3513,0.00132588,,,
20.4214,0.00132056,,,
20.4917,0.00129664,,,
20.5622,0.00126292,,,
20.633,0.00128085,,,
20.704,0.00126044,,,
20.7753,0.00126294,,,
20.8468,0.00120539,,,
20.9186,0.00123037,,,
20.9906,0.00118476,,,
21.0628,0.00117453,,,
21.1353,0.00115455,,,
21.2081,0.00113926,,,
21.2811,0.00111709,,,
21.3543,0.00112968,,,
21.4278,0.00111518,,,
21.5016,0.00106962,,,
21.5756,0.00107907,,,
21.6499,0.00103805,,,
21.7244,0.00103372,,,
21.7992,0.00101773,,,
21.8742,0.00100265,,,
21.9495,0.00102227,,,
22.0251,0.00104507,,,
22.1009,0.00101208,,,
22.177,0.000985678,,,
22.2533,0.000976595,,,
22.3299,0.000940517,,,
22.4068,0.000927255,,,
22.4839,0.000916151,,,
22.5613,0.000907513,,,
22.6389,0.000890588,,,
22.7169,0.00087965,,,
22.7951,0.000892324,,,
22.8735,0.000879244,,,
22.9523,0.000870106,,,
23.0313,0.000833964,,,
23.1106,0.000829691,,,
23.1901,0.000821592,,,
23.2699,0.000811083,,,
23.35,0.0008233,,,
23.4304,0.000807519,,,
23.5111,0.000791025,,,
23.592,0.000778016,,,
23.6732,0.000776819,,,
23.7547,0.000761274,,,
23.8365,0.000772245,,,
23.9185,0.000772141,,,
24.0008,0.000765762,,,
24.0835,0.000730762,,,
24.1664,0.00072774,,,
24.2496,0.000727304,,,
24.333,0.000709796,,,
24.4168,0.000718499,,,
24.5008,0.00068744,,,
24.5852,0.000691777,,,
24.6698,0.000685837,,,
24.7547,0.000678126,,,
24.8399,0.00068833,,,
24.9254,0.000666745,,,
25.0112,0.000657655,,,
25.0973,0.000655214,,,
25.1837,0.000651598,,,
25.2704,0.000637835,,,
25.3574,0.000630649,,,
25.4447,0.000629423,,,
25.5323,0.000626208,,,
25.6202,0.000607411,,,
25.7083,0.000603042,,,
25.7968,0.000614002,,,
25.8856,0.000596236,,,
25.9747,0.000588491,,,
26.0641,0.000577566,,,
26.1539,0.000578854,,,
26.2439,0.000565275,,,
26.3342,0.000582882,,,
26.4249,0.000557219,,,
26.5158,0.000568399,,,
26.6071,0.000558204,,,
26.6987,0.000546965,,,
26.7906,0.000546999,,,
26.8828,0.00053612,,,
26.9754,0.000528306,,,
27.0682,0.000526141,,,
27.1614,0.000519773,,,
27.2549,0.000521857,,,
27.3487,0.00051738,,,
27.4428,0.000516746,,,
27.5373,0.00050927,,,
27.6321,0.000503029,,,
27.7272,0.000488978,,,
27.8227,0.000492615,,,
27.9184,0.000490168,,,
28.0145,0.000485262,,,
28.111,0.000478755,,,
28.2077,0.000472297,,,
28.3048,0.000476448,,,
28.4023,0.00046876,,,
28.5,0.000457517,,,
28.5981,0.000456092,,,
28.6966,0.000455108,,,
28.7954,0.000451339,,,
28.8945,0.000451834,,,
28.9939,0.000443823,,,
29.0937,0.000438193,,,
29.1939,0.000441606,,,
29.2944,0.000434753,,,
29.3952,0.000435405,,,
29.4964,0.000422537,,,
29.5979,0.000423248,,,
29.6998,0.00041617,,,
29.802,0.000418276,,,
29.9046,0.000412569,,,
30.0076,0.000410922,,,
30.1109,0.00040281,,,
30.2145,0.000402128,,,
30.3185,0.000403855,,,
30.4229,0.000396571,,,
30.5276,0.000389628,,,
30.6327,0.000391072,,,
30.7381,0.000383751,,,
30.8439,0.000375459,,,
30.9501,0.000383084,,,
31.0566,0.000371462,,,
31.1636,0.000374031,,,
31.2708,0.00036625,,,
31.3785,0.000367723,,,
31.4865,0.000363261,,,
31.5949,0.00036192,,,
31.7036,0.000358729,,,
31.8128,0.000353505,,,
31.9223,0.000353036,,,
32.0321,0.000349525,,,
32.1424,0.000347247,,,
32.253,0.00034307,,,
32.3641,0.000340243,,,
32.4755,0.000339784,,,
32.5873,0.000335497,,,
32.6994,0.000335526,,,
32.812,0.000322485,,,
32.9249,0.000327281,,,
33.0383,0.000322018,,,
33.152,0.000328271,,,
33.2661,0.000316805,,,
33.3806,0.000314453,,,
33.4955,0.000315809,,,
33.6108,0.000307658,,,
33.7265,0.000306181,,,
33.8426,0.000303883,,,
33.9591,0.000305971,,,
34.076,0.000302807,,,
34.1933,0.000300273,,,
34.311,0.000294993,,,
34.4291,0.0002883,,,
34.5476,0.000284325,,,
34.6665,0.000289066,,,
34.7859,0.000282042,,,
34.9056,0.000282008,,,
35.0258,0.00027558,,,
35.1463,0.000276987,,,
35.2673,0.000273072,,,
35.3887,0.000272006,,,
35.5105,0.000270649,,,
35.6328,0.000270105,,,
35.7554,0.000266608,,,
35.8785,0.00026242,,,
36.002,0.000257092,,,
36.1259,0.000263195,,,
36.2503,0.000257021,,,
36.3751,0.000252308,,,
36.5003,0.000253073,,,
36.6259,0.000251742,,,
36.752,0.000244579,,,
36.8785,0.000248416,,,
37.0054,0.000242875,,,
37.1328,0.000240576,,,
37.2606,0.000240558,,,
37.3889,0.000236175,,,
37.5176,0.000233986,,,
37.6468,0.000234767,,,
37.7763,0.000232827,,,
37.9064,0.000225559,,,
38.0369,0.00022378,,,
38.1678,0.000226171,,,
38.2992,0.000222656,,,
38.431,0.000218506,,,
38.5633,0.000216014,,,
38.696,0.000211649,,,
38.8292,0.000211085,,,
38.9629,0.000210735,,,
39.097,0.000212785,,,
39.2316,0.00020692,,,
39.3666,0.000204155,,,
39.5022,0.000201763,,,
39.6381,0.000202042,,,
39.7746,0.000198643,,,
39.9115,0.000197611,,,
40.0489,0.000197792,,,
40.1867,0.000192969,,,
40.3251,0.000190519,,,
40.4639,0.000188722,,,
40.6032,0.000188734,,,
40.7429,0.000186416,,,
40.8832,0.000185266,,,
41.0239,0.000182894,,,
41.1651,0.000183043,,,
41.3068,0.000178865,,,
41.449,0.000176291,,,
41.5917,0.000175347,,,
41.7348,0.000174026,,,
41.8785,0.000176254,,,
42.0227,0.000170151,,,
42.1673,0.000172469,,,
42.3125,0.000168025,,,
42.4581,0.000166817,,,
42.6043,0.000162692,,,
42.7509,0.000164568,,,
42.8981,0.00016202,,,
43.0457,0.000158631,,,
43.1939,0.000158571,,,
43.3426,0.000155507,,,
43.4918,0.000157266,,,
43.6415,0.000152497,,,
43.7917,0.000151737,,,
43.9425,0.000153969,,,
44.0937,0.000151743,,,
44.2455,0.000147874,,,
44.3978,0.000149027,,,
44.5506,0.000148147,,,
44.704,0.000145482,,,
44.8579,0.000145557,,,
45.0123,0.000141238,,,
45.1672,0.000141169,,,
45.3227,0.00013937,,,
45.4787,0.000138416,,,
45.6353,0.000135197,,,
45.7923,0.00013863,,,
45.95,0.000137078,,,
46.1081,0.000130212,,,
46.2669,0.00013431,,,
46.4261,0.000133586,,,
46.5859,0.000129583,,,
46.7463,0.000128084,,,
46.9072,0.00012969,,,
47.0687,0.000130199,,,
47.2307,0.000123616,,,
47.3933,0.000124716,,,
47.5564,0.000124643,,,
47.7201,0.000121465,,,
47.8844,0.000123713,,,
48.0492,0.000121744,,,
48.2146,0.000120041,,,
48.3806,0.000117758,,,
48.5471,0.000121855,,,
48.7142,0.000116106,,,
48.8819,0.00011803,,,
49.0501,0.000116982,,,
49.219,0.000115138,,,
49.3884,0.000113746,,,
49.5584,0.000111265,,,
49.729,0.000112829,,,
49.9002,0.000112019,,,
50.072,0.00011064,,,
50.2443,0.000109513,,,
50.4173,0.000108638,,,
50.5908,0.0001068,,,
50.765,0.000105852,,,
50.9397,0.000105718,,,
51.1151,0.000103923,,,
51.291,0.000106412,,,
51.4676,0.000104556,,,
51.6447,0.000101701,,,
51.8225,0.000102329,,,
52.0009,0.000101834,,,
52.1799,9.88E-05,,,
52.3595,9.96E-05,,,
52.5397,9.76E-05,,,
52.7206,9.72E-05,,,
52.9021,9.79E-05,,,
53.0842,9.58E-05,,,
53.2669,9.47E-05,,,
53.4502,9.55E-05,,,
53.6342,9.34E-05,,,
53.8188,9.46E-05,,,
54.0041,9.38E-05,,,
54.19,9.31E-05,,,
54.3765,9.19E-05,,,
54.5637,9.05E-05,,,
54.7515,9.05E-05,,,
54.94,8.92E-05,,,
55.1291,8.81E-05,,,
55.3189,8.65E-05,,,
55.5093,8.80E-05,,,
55.7004,8.71E-05,,,
55.8921,8.65E-05,,,
56.0845,8.68E-05,,,
56.2776,8.47E-05,,,
56.4713,8.41E-05,,,
56.6657,8.26E-05,,,
56.8607,8.24E-05,,,
57.0565,8.26E-05,,,
57.2529,8.14E-05,,,
57.4499,7.99E-05,,,
57.6477,8.06E-05,,,
57.8461,7.96E-05,,,
58.0452,8.08E-05,,,
58.245,7.91E-05,,,
58.4455,7.69E-05,,,
58.6467,7.56E-05,,,
58.8486,7.66E-05,,,
59.0512,7.56E-05,,,
59.2544,7.46E-05,,,
59.4584,7.52E-05,,,
59.6631,7.45E-05,,,
59.8684,7.39E-05,,,
60.0745,7.27E-05,,,
60.2813,7.16E-05,,,
60.4888,7.22E-05,,,
60.697,7.22E-05,,,
60.906,7.07E-05,,,
61.1156,7.06E-05,,,
61.326,6.86E-05,,,
61.5371,6.94E-05,,,
61.7489,6.74E-05,,,
61.9615,6.86E-05,,,
62.1748,6.69E-05,,,
62.3888,6.80E-05,,,
62.6035,6.71E-05,,,
62.819,6.68E-05,,,
63.0353,6.42E-05,,,
63.2522,6.50E-05,,,
63.47,6.42E-05,,,
63.6885,6.36E-05,,,
63.9077,6.27E-05,,,
64.1277,6.36E-05,,,
64.3484,6.11E-05,,,
64.5699,6.06E-05,,,
64.7922,6.03E-05,,,
65.0152,6.01E-05,,,
65.239,6.02E-05,,,
65.4636,5.85E-05,,,
65.6889,5.79E-05,,,
65.915,5.88E-05,,,
66.1419,5.83E-05,,,
66.3696,5.73E-05,,,
66.5981,5.66E-05,,,
66.8273,5.65E-05,,,
67.0573,5.63E-05,,,
67.2882,5.52E-05,,,
67.5198,5.34E-05,,,
67.7522,5.36E-05,,,
67.9854,5.29E-05,,,
68.2194,5.26E-05,,,
68.4543,5.25E-05,,,
68.6899,5.19E-05,,,
68.9264,5.13E-05,,,
69.1636,5.31E-05,,,
69.4017,5.16E-05,,,
69.6406,5.14E-05,,,
69.8803,5.11E-05,,,
70.1209,5.05E-05,,,
70.3622,4.94E-05,,,
70.6044,5.02E-05,,,
70.8475,4.83E-05,,,
71.0913,4.90E-05,,,
71.336,4.80E-05,,,
71.5816,4.72E-05,,,
71.828,4.76E-05,,,
72.0753,4.70E-05,,,
72.3234,4.54E-05,,,
72.5723,4.67E-05,,,
72.8221,4.72E-05,,,
73.0728,4.64E-05,,,
73.3243,4.50E-05,,,
73.5767,4.57E-05,,,
73.83,4.57E-05,,,
74.0841,4.46E-05,,,
74.3391,4.49E-05,,,
74.595,4.37E-05,,,
74.8518,4.34E-05,,,
75.1095,4.37E-05,,,
75.368,4.32E-05,,,
75.6274,4.20E-05,,,
75.8878,4.29E-05,,,
76.149,4.22E-05,,,
76.4111,4.24E-05,,,
76.6741,4.19E-05,,,
76.9381,4.21E-05,,,
77.2029,4.09E-05,,,
77.4687,4.08E-05,,,
77.7353,4.13E-05,,,
78.0029,4.00E-05,,,
78.2714,3.88E-05,,,
78.5408,4.07E-05,,,
78.8112,3.96E-05,,,
79.0825,3.93E-05,,,
79.3547,3.82E-05,,,
79.6279,3.85E-05,,,
79.902,3.85E-05,,,
80.177,3.93E-05,,,
80.453,3.89E-05,,,
80.7299,3.85E-05,,,
81.0078,3.80E-05,,,
81.2867,3.60E-05,,,
81.5665,3.68E-05,,,
81.8472,3.70E-05,,,
82.129,3.67E-05,,,
82.4117,3.64E-05,,,
82.6954,3.53E-05,,,
82.98,3.56E-05,,,
83.2656,3.52E-05,,,
83.5523,3.51E-05,,,
83.8399,3.53E-05,,,
84.1285,3.45E-05,,,
84.4181,3.43E-05,,,
84.7086,3.33E-05,,,
85.0002,3.42E-05,,,
85.2928,3.31E-05,,,
85.5864,3.34E-05,,,
85.881,3.20E-05,,,
86.1767,3.36E-05,,,
86.4733,3.21E-05,,,
86.771,3.18E-05,,,
87.0696,3.09E-05,,,
87.3693,3.14E-05,,,
87.6701,3.23E-05,,,
87.9719,3.07E-05,,,
88.2747,3.12E-05,,,
88.5786,3.02E-05,,,
88.8835,3.10E-05,,,
89.1894,3.05E-05,,,
89.4964,2.96E-05,,,
89.8045,3.05E-05,,,
90.1136,2.94E-05,,,
90.4238,2.98E-05,,,
90.7351,2.86E-05,,,
91.0474,2.85E-05,,,
91.3608,2.84E-05,,,
91.6753,2.96E-05,,,
91.9909,2.81E-05,,,
92.3075,2.81E-05,,,
92.6253,2.73E-05,,,
92.9441,2.82E-05,,,
93.264,2.71E-05,,,
93.5851,2.72E-05,,,
93.9072,2.71E-05,,,
94.2305,2.66E-05,,,
94.5548,2.61E-05,,,
94.8803,2.67E-05,,,
95.2069,2.57E-05,,,
95.5346,2.63E-05,,,
95.8635,2.50E-05,,,
96.1935,2.44E-05,,,
96.5246,2.47E-05,,,
96.8568,2.42E-05,,,
97.1902,2.50E-05,,,
97.5248,2.39E-05,,,
97.8605,2.35E-05,,,
98.1974,2.37E-05,,,
98.5354,2.35E-05,,,
98.8746,2.27E-05,,,
99.2149,2.25E-05,,,
99.5564,2.28E-05,,,
99.8991,2.34E-05,,,
100.243,2.16E-05,,,
100.588,2.15E-05,,,
100.934,2.21E-05,,,
101.282,2.15E-05,,,
101.63,2.20E-05,,,
101.98,2.16E-05,,,
102.331,2.06E-05,,,
102.684,2.08E-05,,,
103.037,1.94E-05,,,
103.392,2.03E-05,,,
103.748,1.95E-05,,,
104.105,1.95E-05,,,
104.463,1.93E-05,,,
104.823,1.90E-05,,,
105.183,1.87E-05,,,
105.545,1.88E-05,,,
105.909,1.83E-05,,,
106.273,1.80E-05,,,
106.639,1.81E-05,,,
107.006,1.83E-05,,,
107.375,1.72E-05,,,
107.744,1.68E-05,,,
108.115,1.64E-05,,,
108.487,1.58E-05,,,
108.861,1.68E-05,,,
109.235,1.58E-05,,,
109.611,1.60E-05,,,
109.989,1.55E-05,,,
110.367,1.48E-05,,,
110.747,1.55E-05,,,
111.128,1.42E-05,,,
111.511,1.38E-05,,,
111.895,1.40E-05,,,
112.28,1.28E-05,,,
112.666,1.36E-05,,,
113.054,1.20E-05,,,
113.443,1.28E-05,,,
113.834,1.18E-05,,,
114.226,1.18E-05,,,
114.619,1.08E-05,,,
115.014,1.02E-05,,,
115.409,9.81E-06,,,
115.807,9.32E-06,,,
116.205,9.56E-06,,,
116.605,8.92E-06,,,
117.007,8.20E-06,,,
117.41,7.81E-06,,,
117.814,6.79E-06,,,
118.219,6.26E-06,,,
118.626,5.60E-06,,,
119.034,5.72E-06,,,
119.444,4.65E-06,,,
119.855,3.94E-06,,,
120.268,3.95E-06,,,
120.682,3.34E-06,,,
121.097,3.06E-06,,,
121.514,2.56E-06,,,
121.932,2.32E-06,,,
122.352,2.14E-06,,,
122.773,1.65E-06,,,
123.196,1.45E-06,,,
123.62,1.04E-06,,,
124.046,9.95E-07,,,
124.473,7.68E-07,,,
124.901,5.29E-07,,,
125.331,5.32E-07,,,
125.762,4.61E-07,,,
126.195,3.67E-07,,,
126.63,3.45E-07,,,
127.066,3.10E-07,,,
127.503,2.50E-07,,,
127.942,2.13E-07,,,
128.382,1.83E-07,,,
128.824,1.40E-07,,,
129.268,1.25E-07,,,
129.713,1.34E-07,,,
130.159,1.27E-07,,,
130.607,1.24E-07,,,
131.057,1.09E-07,,,
131.508,1.06E-07,,,
131.961,8.97E-08,,,
132.415,1.24E-07,,,
132.871,9.73E-08,,,
133.328,5.22E-08,,,
133.787,7.04E-08,,,
134.247,5.07E-08,,,
134.709,7.89E-08,,,
135.173,6.03E-08,,,
135.638,5.89E-08,,,
136.105,6.01E-08,,,
136.574,4.87E-08,,,
137.044,2.49E-08,,,
137.516,8.27E-08,,,
137.989,5.17E-08,,,
138.464,6.07E-08,,,
138.941,4.61E-08,,,
139.419,4.45E-08,,,
139.899,5.04E-08,,,
140.38,2.89E-08,,,
140.864,4.18E-08,,,
141.349,3.83E-08,,,
141.835,1.04E-08,,,
142.323,5.50E-08,,,
142.813,1.52E-08,,,
143.305,3.81E-08,,,
143.798,6.56E-09,,,
144.293,4.84E-08,,,
144.79,3.34E-08,,,
145.288,2.10E-08,,,
145.788,2.30E-08,,,
146.29,4.54E-08,,,
146.794,2.49E-08,,,
147.299,1.70E-08,,,
147.806,1.62E-08,,,
148.315,2.69E-08,,,
148.825,9.63E-09,,,
149.338,5.07E-08,,,
149.852,2.38E-08,,,
150.368,1.42E-08,,,
150.885,6.15E-08,,,
151.405,2.76E-08,,,
151.926,2.49E-08,,,
152.449,2.69E-08,,,
152.973,4.64E-08,,,
153.5,0,,,
154.028,1.90E-08,,,
154.559,1.72E-08,,,
155.091,6.56E-09,,,
155.624,0,,,
156.16,6.56E-09,,,
156.698,1.93E-08,,,
157.237,0,,,
157.778,7.62E-09,,,
158.321,1.70E-08,,,
158.866,3.34E-08,,,
159.413,2.10E-08,,,
159.962,0,,,
160.513,0,,,
161.065,2.38E-08,,,
161.62,0,,,
162.176,1.24E-08,,,
162.734,1.34E-08,,,
163.294,1.34E-08,,,
163.856,2.30E-08,,,
164.42,1.62E-08,,,
164.986,1.72E-08,,,
165.554,0,,,
166.124,0,,,
166.696,0,,,
167.27,0,,,
167.846,7.62E-09,,,
168.423,1.34E-08,,,
169.003,0,,,
169.585,1.24E-08,,,
170.169,3.61E-08,,,
170.754,1.34E-08,,,
171.342,0,,,
171.932,6.56E-09,,,
172.524,1.31E-08,,,
173.118,0,,,
173.714,0,,,
174.312,1.34E-08,,,
174.912,1.34E-08,,,
175.514,0,,,
176.118,0,,,
176.724,0,,,
177.332,1.34E-08,,,
177.943,1.34E-08,,,
178.555,1.34E-08,,,
179.17,0,,,
179.787,0,,,
180.406,6.56E-09,,,
181.027,0,,,
181.65,0,,,
182.275,1.34E-08,,,
182.902,0,,,
183.532,0,,,
184.164,0,,,
184.798,0,,,
185.434,0,,,
186.072,0,,,
186.713,0,,,
187.355,0,,,
188,0,,,
188.647,0,,,
189.297,0,,,
189.948,0,,,
190.602,0,,,
191.258,1.34E-08,,,
191.917,0,,,
192.577,0,,,
193.24,0,,,
193.905,0,,,
194.573,0,,,
195.243,0,,,
195.915,0,,,
196.589,0,,,
197.266,0,,,
197.945,0,,,
198.626,0,,,
199.31,0,,,
199.996,1.34E-08,,,
200.684,0,,,
201.375,0,,,
202.068,0,,,
202.764,0,,,
203.462,1.58E-08,,,
204.162,1.58E-08,,,
204.865,0,,,
205.57,0,,,
206.278,0,,,
206.988,0,,,
207.7,0,,,
208.415,1.34E-08,,,
209.133,0,,,
209.853,1.34E-08,,,
210.575,0,,,
211.3,1.58E-08,,,
212.027,0,,,
212.757,0,,,
213.489,0,,,
214.224,0,,,
214.962,0,,,
215.702,1.34E-08,,,
216.444,0,,,
217.189,0,,,
217.937,0,,,
218.687,0,,,
219.44,1.34E-08,,,
220.195,1.58E-08,,,
220.953,0,,,
221.714,0,,,
222.477,1.87E-08,,,
223.243,0,,,
224.011,0,,,
224.782,0,,,
225.556,1.58E-08,,,
226.332,1.58E-08,,,
227.111,0,,,
227.893,1.58E-08,,,
228.678,0,,,
229.465,0,,,
230.255,0,,,
231.047,0,,,
231.843,1.87E-08,,,
232.641,0,,,
233.441,0,,,
234.245,0,,,
235.051,0,,,
235.86,0,,,
236.672,0,,,
237.487,1.87E-08,,,
238.304,0,,,
239.125,0,,,
239.948,0,,,
240.774,0,,,
241.603,0,,,
242.434,0,,,
243.269,0,,,
244.106,0,,,
244.946,0,,,
245.79,0,,,
246.636,1.87E-08,,,
247.485,0,,,
248.337,0,,,
249.191,0,,,
250.049,0,,,
250.91,0,,,
251.774,0,,,
252.64,0,,,
253.51,0,,,
254.383,0,,,
255.258,0,,,
256.137,0,,,
257.019,0,,,
257.903,1.87E-08,,,
258.791,0,,,
259.682,0,,,
260.576,0,,,
261.473,0,,,
262.373,0,,,
263.276,0,,,
264.182,0,,,
265.092,0,,,
266.004,0,,,
266.92,0,,,
267.838,0,,,
268.76,0,,,
269.686,0,,,
270.614,0,,,
271.545,0,,,
272.48,0,,,
273.418,0,,,
274.359,0,,,
275.304,0,,,
276.251,0,,,
277.202,0,,,
278.156,0,,,
279.114,0,,,
280.075,0,,,
281.039,0,,,
282.006,0,,,
282.977,0,,,
283.951,0,,,
284.928,0,,,
285.909,0,,,
286.893,0,,,
287.881,0,,,
288.872,0,,,
289.866,0,,,
290.864,0,,,
291.865,0,,,
292.87,0,,,
293.878,0,,,
294.89,0,,,
295.905,0,,,
296.923,0,,,
297.945,0,,,
298.971,0,,,
300,,,,
